sample_id,question_id,method_name,hallucinated_or_not,layer_1,layer_2,layer_3,layer_4,layer_5,layer_6,layer_7,layer_8,layer_9,layer_10,layer_11,layer_12,layer_13,layer_14,layer_15,layer_16,layer_17,layer_18,layer_19,layer_20,layer_21,layer_22,layer_23,layer_24,layer_25,layer_26,layer_27,layer_28
751,751,base,0,nan,nan,0.3203125,0.484375,0.50390625,0.30859375,0.2265625,0.31640625,0.80078125,0.73046875,1.1484375,0.95703125,1.03125,1.0,0.83203125,0.98046875,0.9453125,1.140625,1.015625,0.765625,1.140625,0.9453125,0.74609375,0.6328125,0.4296875,0.28515625,0.28515625,0.31640625
2251,2251,base,1,nan,nan,0.296875,0.45703125,0.5,0.31640625,0.2109375,0.3046875,0.75,0.703125,1.078125,1.0234375,1.09375,0.9921875,0.7421875,0.98828125,0.99609375,1.2109375,1.0078125,0.734375,1.109375,0.9140625,0.671875,0.5234375,0.38671875,0.25,0.2578125,0.328125
752,752,base,0,nan,nan,0.3203125,0.484375,0.50390625,0.30859375,0.2265625,0.31640625,0.80078125,0.73046875,1.1484375,0.95703125,1.03125,1.0,0.83203125,0.98046875,0.9453125,1.140625,1.015625,0.765625,1.140625,0.9453125,0.74609375,0.6328125,0.4296875,0.28515625,0.28515625,0.31640625
2252,2252,base,0,nan,nan,0.296875,0.45703125,0.5,0.31640625,0.2109375,0.3046875,0.75,0.703125,1.078125,1.0234375,1.09375,0.9921875,0.7421875,0.98828125,0.99609375,1.2109375,1.0078125,0.734375,1.109375,0.9140625,0.671875,0.5234375,0.38671875,0.25,0.2578125,0.328125
753,753,base,0,nan,nan,0.3203125,0.484375,0.50390625,0.30859375,0.2265625,0.31640625,0.80078125,0.73046875,1.1484375,0.95703125,1.03125,1.0,0.83203125,0.98046875,0.9453125,1.140625,1.015625,0.765625,1.140625,0.9453125,0.74609375,0.6328125,0.4296875,0.28515625,0.28515625,0.31640625
1501,1501,base,1,nan,nan,0.30078125,0.4296875,0.48046875,0.30078125,0.21484375,0.3203125,0.7421875,0.7578125,1.0625,1.015625,0.9921875,1.0,0.80078125,0.9296875,0.8671875,1.1328125,0.99609375,0.79296875,1.1640625,0.9375,0.74609375,0.5703125,0.40625,0.28125,0.29296875,0.3125
2253,2253,base,1,nan,nan,0.296875,0.45703125,0.5,0.31640625,0.2109375,0.3046875,0.75,0.703125,1.078125,1.0234375,1.09375,0.9921875,0.7421875,0.98828125,0.99609375,1.2109375,1.0078125,0.734375,1.109375,0.9140625,0.671875,0.5234375,0.38671875,0.25,0.2578125,0.328125
1,1,base,0,nan,nan,0.30859375,0.53125,0.640625,0.4140625,0.27734375,0.4609375,0.76171875,0.80859375,1.109375,1.0625,0.9609375,0.94921875,0.8828125,1.0859375,1.046875,1.2421875,1.015625,0.6796875,0.9296875,0.78125,0.57421875,0.625,0.49609375,0.3125,0.3515625,0.328125
754,754,base,0,nan,nan,0.3203125,0.484375,0.50390625,0.30859375,0.2265625,0.31640625,0.80078125,0.73046875,1.1484375,0.95703125,1.03125,1.0,0.83203125,0.98046875,0.9453125,1.140625,1.015625,0.765625,1.140625,0.9453125,0.74609375,0.6328125,0.4296875,0.28515625,0.28515625,0.31640625
1502,1502,base,0,nan,nan,0.30078125,0.4296875,0.48046875,0.30078125,0.21484375,0.3203125,0.7421875,0.7578125,1.0625,1.015625,0.9921875,1.0,0.80078125,0.9296875,0.8671875,1.1328125,0.99609375,0.79296875,1.1640625,0.9375,0.74609375,0.5703125,0.40625,0.28125,0.29296875,0.3125
2254,2254,base,0,nan,nan,0.296875,0.45703125,0.5,0.31640625,0.2109375,0.3046875,0.75,0.703125,1.078125,1.0234375,1.09375,0.9921875,0.7421875,0.98828125,0.99609375,1.2109375,1.0078125,0.734375,1.109375,0.9140625,0.671875,0.5234375,0.38671875,0.25,0.2578125,0.328125
2,2,base,0,nan,nan,0.30859375,0.53125,0.640625,0.4140625,0.27734375,0.4609375,0.76171875,0.80859375,1.109375,1.0625,0.9609375,0.94921875,0.8828125,1.0859375,1.046875,1.2421875,1.015625,0.6796875,0.9296875,0.78125,0.57421875,0.625,0.49609375,0.3125,0.3515625,0.328125
755,755,base,0,nan,nan,0.3203125,0.484375,0.50390625,0.30859375,0.2265625,0.31640625,0.80078125,0.73046875,1.1484375,0.95703125,1.03125,1.0,0.83203125,0.98046875,0.9453125,1.140625,1.015625,0.765625,1.140625,0.9453125,0.74609375,0.6328125,0.4296875,0.28515625,0.28515625,0.31640625
1503,1503,base,0,nan,nan,0.30078125,0.4296875,0.48046875,0.30078125,0.21484375,0.3203125,0.7421875,0.7578125,1.0625,1.015625,0.9921875,1.0,0.80078125,0.9296875,0.8671875,1.1328125,0.99609375,0.79296875,1.1640625,0.9375,0.74609375,0.5703125,0.40625,0.28125,0.29296875,0.3125
2255,2255,base,0,nan,nan,0.296875,0.45703125,0.5,0.31640625,0.2109375,0.3046875,0.75,0.703125,1.078125,1.0234375,1.09375,0.9921875,0.7421875,0.98828125,0.99609375,1.2109375,1.0078125,0.734375,1.109375,0.9140625,0.671875,0.5234375,0.38671875,0.25,0.2578125,0.328125
3,3,base,0,nan,nan,0.30859375,0.53125,0.640625,0.4140625,0.27734375,0.4609375,0.76171875,0.80859375,1.109375,1.0625,0.9609375,0.94921875,0.8828125,1.0859375,1.046875,1.2421875,1.015625,0.6796875,0.9296875,0.78125,0.57421875,0.625,0.49609375,0.3125,0.3515625,0.328125
756,756,base,0,nan,nan,0.3203125,0.484375,0.50390625,0.30859375,0.2265625,0.31640625,0.80078125,0.73046875,1.1484375,0.95703125,1.03125,1.0,0.83203125,0.98046875,0.9453125,1.140625,1.015625,0.765625,1.140625,0.9453125,0.74609375,0.6328125,0.4296875,0.28515625,0.28515625,0.31640625
1504,1504,base,0,nan,nan,0.30078125,0.4296875,0.48046875,0.30078125,0.21484375,0.3203125,0.7421875,0.7578125,1.0625,1.015625,0.9921875,1.0,0.80078125,0.9296875,0.8671875,1.1328125,0.99609375,0.79296875,1.1640625,0.9375,0.74609375,0.5703125,0.40625,0.28125,0.29296875,0.3125
2256,2256,base,0,nan,nan,0.296875,0.45703125,0.5,0.31640625,0.2109375,0.3046875,0.75,0.703125,1.078125,1.0234375,1.09375,0.9921875,0.7421875,0.98828125,0.99609375,1.2109375,1.0078125,0.734375,1.109375,0.9140625,0.671875,0.5234375,0.38671875,0.25,0.2578125,0.328125
4,4,base,0,nan,nan,0.30859375,0.53125,0.640625,0.4140625,0.27734375,0.4609375,0.76171875,0.80859375,1.109375,1.0625,0.9609375,0.94921875,0.8828125,1.0859375,1.046875,1.2421875,1.015625,0.6796875,0.9296875,0.78125,0.57421875,0.625,0.49609375,0.3125,0.3515625,0.328125
757,757,base,1,nan,nan,0.3125,0.48828125,0.58203125,0.32421875,0.22265625,0.32421875,0.8125,0.75,1.1015625,1.0078125,0.98046875,1.0078125,0.73828125,1.0,0.9921875,1.3046875,1.0390625,0.6640625,1.2265625,1.015625,0.63671875,0.53515625,0.3828125,0.296875,0.3046875,0.3515625
1505,1505,base,1,nan,nan,0.30078125,0.4296875,0.48046875,0.30078125,0.21484375,0.3203125,0.7421875,0.7578125,1.0625,1.015625,0.9921875,1.0,0.80078125,0.9296875,0.8671875,1.1328125,0.99609375,0.79296875,1.1640625,0.9375,0.74609375,0.5703125,0.40625,0.28125,0.29296875,0.3125
2257,2257,base,1,nan,nan,0.28125,0.4453125,0.4921875,0.2890625,0.20703125,0.34765625,0.76171875,0.75,1.1015625,0.9765625,0.99609375,0.9609375,0.828125,0.9140625,0.8671875,1.2734375,1.1015625,0.703125,1.171875,0.9765625,0.7109375,0.5546875,0.421875,0.296875,0.28515625,0.29296875
5,5,base,1,nan,nan,0.30859375,0.53125,0.640625,0.4140625,0.27734375,0.4609375,0.76171875,0.80859375,1.109375,1.0625,0.9609375,0.94921875,0.8828125,1.0859375,1.046875,1.2421875,1.015625,0.6796875,0.9296875,0.78125,0.57421875,0.625,0.49609375,0.3125,0.3515625,0.328125
758,758,base,0,nan,nan,0.3125,0.48828125,0.58203125,0.32421875,0.22265625,0.32421875,0.8125,0.75,1.1015625,1.0078125,0.98046875,1.0078125,0.73828125,1.0,0.9921875,1.3046875,1.0390625,0.6640625,1.2265625,1.015625,0.63671875,0.53515625,0.3828125,0.296875,0.3046875,0.3515625
1506,1506,base,0,nan,nan,0.30078125,0.4296875,0.48046875,0.30078125,0.21484375,0.3203125,0.7421875,0.7578125,1.0625,1.015625,0.9921875,1.0,0.80078125,0.9296875,0.8671875,1.1328125,0.99609375,0.79296875,1.1640625,0.9375,0.74609375,0.5703125,0.40625,0.28125,0.29296875,0.3125
2258,2258,base,0,nan,nan,0.28125,0.4453125,0.4921875,0.2890625,0.20703125,0.34765625,0.76171875,0.75,1.1015625,0.9765625,0.99609375,0.9609375,0.828125,0.9140625,0.8671875,1.2734375,1.1015625,0.703125,1.171875,0.9765625,0.7109375,0.5546875,0.421875,0.296875,0.28515625,0.29296875
759,759,base,1,nan,nan,0.3125,0.48828125,0.58203125,0.32421875,0.22265625,0.32421875,0.8125,0.75,1.1015625,1.0078125,0.98046875,1.0078125,0.73828125,1.0,0.9921875,1.3046875,1.0390625,0.6640625,1.2265625,1.015625,0.63671875,0.53515625,0.3828125,0.296875,0.3046875,0.3515625
6,6,base,0,nan,nan,0.30859375,0.53125,0.640625,0.4140625,0.27734375,0.4609375,0.76171875,0.80859375,1.109375,1.0625,0.9609375,0.94921875,0.8828125,1.0859375,1.046875,1.2421875,1.015625,0.6796875,0.9296875,0.78125,0.57421875,0.625,0.49609375,0.3125,0.3515625,0.328125
1507,1507,base,0,nan,nan,0.29296875,0.45703125,0.4921875,0.29296875,0.23046875,0.3203125,0.68359375,0.77734375,1.078125,1.03125,0.9296875,0.93359375,0.75,0.9453125,0.8984375,1.2109375,1.0078125,0.6796875,1.0546875,0.84375,0.671875,0.578125,0.46484375,0.33984375,0.3359375,0.33984375
2259,2259,base,0,nan,nan,0.28125,0.4453125,0.4921875,0.2890625,0.20703125,0.34765625,0.76171875,0.75,1.1015625,0.9765625,0.99609375,0.9609375,0.828125,0.9140625,0.8671875,1.2734375,1.1015625,0.703125,1.171875,0.9765625,0.7109375,0.5546875,0.421875,0.296875,0.28515625,0.29296875
760,760,base,0,nan,nan,0.3125,0.48828125,0.58203125,0.32421875,0.22265625,0.32421875,0.8125,0.75,1.1015625,1.0078125,0.98046875,1.0078125,0.73828125,1.0,0.9921875,1.3046875,1.0390625,0.6640625,1.2265625,1.015625,0.63671875,0.53515625,0.3828125,0.296875,0.3046875,0.3515625
7,7,base,0,nan,nan,0.30078125,0.46484375,0.46875,0.2734375,0.2109375,0.3515625,0.7578125,0.71875,1.1171875,1.0234375,0.99609375,1.0234375,0.7578125,1.0,0.96484375,1.203125,0.98828125,0.68359375,1.046875,0.85546875,0.609375,0.5390625,0.375,0.28125,0.296875,0.296875
1508,1508,base,0,nan,nan,0.29296875,0.45703125,0.4921875,0.29296875,0.23046875,0.3203125,0.68359375,0.77734375,1.078125,1.03125,0.9296875,0.93359375,0.75,0.9453125,0.8984375,1.2109375,1.0078125,0.6796875,1.0546875,0.84375,0.671875,0.578125,0.46484375,0.33984375,0.3359375,0.33984375
2260,2260,base,0,nan,nan,0.28125,0.4453125,0.4921875,0.2890625,0.20703125,0.34765625,0.76171875,0.75,1.1015625,0.9765625,0.99609375,0.9609375,0.828125,0.9140625,0.8671875,1.2734375,1.1015625,0.703125,1.171875,0.9765625,0.7109375,0.5546875,0.421875,0.296875,0.28515625,0.29296875
761,761,base,0,nan,nan,0.3125,0.48828125,0.58203125,0.32421875,0.22265625,0.32421875,0.8125,0.75,1.1015625,1.0078125,0.98046875,1.0078125,0.73828125,1.0,0.9921875,1.3046875,1.0390625,0.6640625,1.2265625,1.015625,0.63671875,0.53515625,0.3828125,0.296875,0.3046875,0.3515625
8,8,base,0,nan,nan,0.30078125,0.46484375,0.46875,0.2734375,0.2109375,0.3515625,0.7578125,0.71875,1.1171875,1.0234375,0.99609375,1.0234375,0.7578125,1.0,0.96484375,1.203125,0.98828125,0.68359375,1.046875,0.85546875,0.609375,0.5390625,0.375,0.28125,0.296875,0.296875
1509,1509,base,0,nan,nan,0.29296875,0.45703125,0.4921875,0.29296875,0.23046875,0.3203125,0.68359375,0.77734375,1.078125,1.03125,0.9296875,0.93359375,0.75,0.9453125,0.8984375,1.2109375,1.0078125,0.6796875,1.0546875,0.84375,0.671875,0.578125,0.46484375,0.33984375,0.3359375,0.33984375
2261,2261,base,0,nan,nan,0.28125,0.4453125,0.4921875,0.2890625,0.20703125,0.34765625,0.76171875,0.75,1.1015625,0.9765625,0.99609375,0.9609375,0.828125,0.9140625,0.8671875,1.2734375,1.1015625,0.703125,1.171875,0.9765625,0.7109375,0.5546875,0.421875,0.296875,0.28515625,0.29296875
762,762,base,0,nan,nan,0.3125,0.48828125,0.58203125,0.32421875,0.22265625,0.32421875,0.8125,0.75,1.1015625,1.0078125,0.98046875,1.0078125,0.73828125,1.0,0.9921875,1.3046875,1.0390625,0.6640625,1.2265625,1.015625,0.63671875,0.53515625,0.3828125,0.296875,0.3046875,0.3515625
9,9,base,0,nan,nan,0.30078125,0.46484375,0.46875,0.2734375,0.2109375,0.3515625,0.7578125,0.71875,1.1171875,1.0234375,0.99609375,1.0234375,0.7578125,1.0,0.96484375,1.203125,0.98828125,0.68359375,1.046875,0.85546875,0.609375,0.5390625,0.375,0.28125,0.296875,0.296875
1510,1510,base,0,nan,nan,0.29296875,0.45703125,0.4921875,0.29296875,0.23046875,0.3203125,0.68359375,0.77734375,1.078125,1.03125,0.9296875,0.93359375,0.75,0.9453125,0.8984375,1.2109375,1.0078125,0.6796875,1.0546875,0.84375,0.671875,0.578125,0.46484375,0.33984375,0.3359375,0.33984375
2262,2262,base,0,nan,nan,0.28125,0.4453125,0.4921875,0.2890625,0.20703125,0.34765625,0.76171875,0.75,1.1015625,0.9765625,0.99609375,0.9609375,0.828125,0.9140625,0.8671875,1.2734375,1.1015625,0.703125,1.171875,0.9765625,0.7109375,0.5546875,0.421875,0.296875,0.28515625,0.29296875
10,10,base,0,nan,nan,0.30078125,0.46484375,0.46875,0.2734375,0.2109375,0.3515625,0.7578125,0.71875,1.1171875,1.0234375,0.99609375,1.0234375,0.7578125,1.0,0.96484375,1.203125,0.98828125,0.68359375,1.046875,0.85546875,0.609375,0.5390625,0.375,0.28125,0.296875,0.296875
763,763,base,1,nan,nan,0.30078125,0.46875,0.5078125,0.33203125,0.2265625,0.34765625,0.7578125,0.765625,1.0859375,1.09375,1.09375,1.0234375,0.734375,0.90234375,0.84375,1.1796875,0.99609375,0.7421875,1.1328125,0.90234375,0.703125,0.578125,0.3984375,0.27734375,0.296875,0.3359375
1511,1511,base,0,nan,nan,0.29296875,0.45703125,0.4921875,0.29296875,0.23046875,0.3203125,0.68359375,0.77734375,1.078125,1.03125,0.9296875,0.93359375,0.75,0.9453125,0.8984375,1.2109375,1.0078125,0.6796875,1.0546875,0.84375,0.671875,0.578125,0.46484375,0.33984375,0.3359375,0.33984375
2263,2263,base,1,nan,nan,0.3359375,0.48046875,0.5390625,0.31640625,0.23828125,0.328125,0.72265625,0.75,1.171875,0.9453125,1.0,0.98828125,0.74609375,0.98828125,0.9453125,1.15625,1.015625,0.6953125,1.0234375,0.890625,0.5859375,0.5390625,0.37109375,0.25390625,0.28125,0.30078125
11,11,base,0,nan,nan,0.30078125,0.46484375,0.46875,0.2734375,0.2109375,0.3515625,0.7578125,0.71875,1.1171875,1.0234375,0.99609375,1.0234375,0.7578125,1.0,0.96484375,1.203125,0.98828125,0.68359375,1.046875,0.85546875,0.609375,0.5390625,0.375,0.28125,0.296875,0.296875
764,764,base,0,nan,nan,0.30078125,0.46875,0.5078125,0.33203125,0.2265625,0.34765625,0.7578125,0.765625,1.0859375,1.09375,1.09375,1.0234375,0.734375,0.90234375,0.84375,1.1796875,0.99609375,0.7421875,1.1328125,0.90234375,0.703125,0.578125,0.3984375,0.27734375,0.296875,0.3359375
1512,1512,base,0,nan,nan,0.29296875,0.45703125,0.4921875,0.29296875,0.23046875,0.3203125,0.68359375,0.77734375,1.078125,1.03125,0.9296875,0.93359375,0.75,0.9453125,0.8984375,1.2109375,1.0078125,0.6796875,1.0546875,0.84375,0.671875,0.578125,0.46484375,0.33984375,0.3359375,0.33984375
12,12,base,0,nan,nan,0.30078125,0.46484375,0.46875,0.2734375,0.2109375,0.3515625,0.7578125,0.71875,1.1171875,1.0234375,0.99609375,1.0234375,0.7578125,1.0,0.96484375,1.203125,0.98828125,0.68359375,1.046875,0.85546875,0.609375,0.5390625,0.375,0.28125,0.296875,0.296875
2264,2264,base,0,nan,nan,0.3359375,0.48046875,0.5390625,0.31640625,0.23828125,0.328125,0.72265625,0.75,1.171875,0.9453125,1.0,0.98828125,0.74609375,0.98828125,0.9453125,1.15625,1.015625,0.6953125,1.0234375,0.890625,0.5859375,0.5390625,0.37109375,0.25390625,0.28125,0.30078125
765,765,base,1,nan,nan,0.30078125,0.46875,0.5078125,0.33203125,0.2265625,0.34765625,0.7578125,0.765625,1.0859375,1.09375,1.09375,1.0234375,0.734375,0.90234375,0.84375,1.1796875,0.99609375,0.7421875,1.1328125,0.90234375,0.703125,0.578125,0.3984375,0.27734375,0.296875,0.3359375
1513,1513,base,0,nan,nan,0.28515625,0.4296875,0.48828125,0.2890625,0.2109375,0.30859375,0.73828125,0.7421875,1.125,0.984375,1.0390625,0.97265625,0.828125,0.91796875,0.8359375,1.203125,1.0703125,0.75390625,1.203125,0.98046875,0.7109375,0.515625,0.37890625,0.265625,0.26953125,0.30078125
13,13,base,0,nan,nan,0.30859375,0.42578125,0.47265625,0.296875,0.19921875,0.34375,0.796875,0.71484375,1.125,0.92578125,1.015625,1.0390625,0.80078125,0.97265625,0.94140625,1.1953125,1.0546875,0.7734375,1.234375,0.984375,0.7734375,0.5703125,0.37890625,0.265625,0.2265625,0.28125
2265,2265,base,0,nan,nan,0.3359375,0.48046875,0.5390625,0.31640625,0.23828125,0.328125,0.72265625,0.75,1.171875,0.9453125,1.0,0.98828125,0.74609375,0.98828125,0.9453125,1.15625,1.015625,0.6953125,1.0234375,0.890625,0.5859375,0.5390625,0.37109375,0.25390625,0.28125,0.30078125
766,766,base,0,nan,nan,0.30078125,0.46875,0.5078125,0.33203125,0.2265625,0.34765625,0.7578125,0.765625,1.0859375,1.09375,1.09375,1.0234375,0.734375,0.90234375,0.84375,1.1796875,0.99609375,0.7421875,1.1328125,0.90234375,0.703125,0.578125,0.3984375,0.27734375,0.296875,0.3359375
14,14,base,0,nan,nan,0.30859375,0.42578125,0.47265625,0.296875,0.19921875,0.34375,0.796875,0.71484375,1.125,0.92578125,1.015625,1.0390625,0.80078125,0.97265625,0.94140625,1.1953125,1.0546875,0.7734375,1.234375,0.984375,0.7734375,0.5703125,0.37890625,0.265625,0.2265625,0.28125
1514,1514,base,0,nan,nan,0.28515625,0.4296875,0.48828125,0.2890625,0.2109375,0.30859375,0.73828125,0.7421875,1.125,0.984375,1.0390625,0.97265625,0.828125,0.91796875,0.8359375,1.203125,1.0703125,0.75390625,1.203125,0.98046875,0.7109375,0.515625,0.37890625,0.265625,0.26953125,0.30078125
2266,2266,base,0,nan,nan,0.3359375,0.48046875,0.5390625,0.31640625,0.23828125,0.328125,0.72265625,0.75,1.171875,0.9453125,1.0,0.98828125,0.74609375,0.98828125,0.9453125,1.15625,1.015625,0.6953125,1.0234375,0.890625,0.5859375,0.5390625,0.37109375,0.25390625,0.28125,0.30078125
767,767,base,1,nan,nan,0.30078125,0.46875,0.5078125,0.33203125,0.2265625,0.34765625,0.7578125,0.765625,1.0859375,1.09375,1.09375,1.0234375,0.734375,0.90234375,0.84375,1.1796875,0.99609375,0.7421875,1.1328125,0.90234375,0.703125,0.578125,0.3984375,0.27734375,0.296875,0.3359375
15,15,base,0,nan,nan,0.30859375,0.42578125,0.47265625,0.296875,0.19921875,0.34375,0.796875,0.71484375,1.125,0.92578125,1.015625,1.0390625,0.80078125,0.97265625,0.94140625,1.1953125,1.0546875,0.7734375,1.234375,0.984375,0.7734375,0.5703125,0.37890625,0.265625,0.2265625,0.28125
768,768,base,0,nan,nan,0.30078125,0.46875,0.5078125,0.33203125,0.2265625,0.34765625,0.7578125,0.765625,1.0859375,1.09375,1.09375,1.0234375,0.734375,0.90234375,0.84375,1.1796875,0.99609375,0.7421875,1.1328125,0.90234375,0.703125,0.578125,0.3984375,0.27734375,0.296875,0.3359375
2267,2267,base,0,nan,nan,0.3359375,0.48046875,0.5390625,0.31640625,0.23828125,0.328125,0.72265625,0.75,1.171875,0.9453125,1.0,0.98828125,0.74609375,0.98828125,0.9453125,1.15625,1.015625,0.6953125,1.0234375,0.890625,0.5859375,0.5390625,0.37109375,0.25390625,0.28125,0.30078125
1515,1515,base,0,nan,nan,0.28515625,0.4296875,0.48828125,0.2890625,0.2109375,0.30859375,0.73828125,0.7421875,1.125,0.984375,1.0390625,0.97265625,0.828125,0.91796875,0.8359375,1.203125,1.0703125,0.75390625,1.203125,0.98046875,0.7109375,0.515625,0.37890625,0.265625,0.26953125,0.30078125
16,16,base,0,nan,nan,0.30859375,0.42578125,0.47265625,0.296875,0.19921875,0.34375,0.796875,0.71484375,1.125,0.92578125,1.015625,1.0390625,0.80078125,0.97265625,0.94140625,1.1953125,1.0546875,0.7734375,1.234375,0.984375,0.7734375,0.5703125,0.37890625,0.265625,0.2265625,0.28125
769,769,base,0,nan,nan,0.3125,0.5,0.55078125,0.3203125,0.21875,0.3125,0.7890625,0.7265625,1.1640625,0.94140625,1.0234375,1.015625,0.78515625,0.9296875,0.88671875,1.203125,1.0234375,0.79296875,1.125,0.91015625,0.8515625,0.6796875,0.4609375,0.3046875,0.3359375,0.37109375
2268,2268,base,0,nan,nan,0.3359375,0.48046875,0.5390625,0.31640625,0.23828125,0.328125,0.72265625,0.75,1.171875,0.9453125,1.0,0.98828125,0.74609375,0.98828125,0.9453125,1.15625,1.015625,0.6953125,1.0234375,0.890625,0.5859375,0.5390625,0.37109375,0.25390625,0.28125,0.30078125
1516,1516,base,0,nan,nan,0.28515625,0.4296875,0.48828125,0.2890625,0.2109375,0.30859375,0.73828125,0.7421875,1.125,0.984375,1.0390625,0.97265625,0.828125,0.91796875,0.8359375,1.203125,1.0703125,0.75390625,1.203125,0.98046875,0.7109375,0.515625,0.37890625,0.265625,0.26953125,0.30078125
17,17,base,1,nan,nan,0.30859375,0.42578125,0.47265625,0.296875,0.19921875,0.34375,0.796875,0.71484375,1.125,0.92578125,1.015625,1.0390625,0.80078125,0.97265625,0.94140625,1.1953125,1.0546875,0.7734375,1.234375,0.984375,0.7734375,0.5703125,0.37890625,0.265625,0.2265625,0.28125
770,770,base,0,nan,nan,0.3125,0.5,0.55078125,0.3203125,0.21875,0.3125,0.7890625,0.7265625,1.1640625,0.94140625,1.0234375,1.015625,0.78515625,0.9296875,0.88671875,1.203125,1.0234375,0.79296875,1.125,0.91015625,0.8515625,0.6796875,0.4609375,0.3046875,0.3359375,0.37109375
2269,2269,base,1,nan,nan,0.3125,0.5390625,0.6484375,0.40625,0.25,0.3828125,0.765625,0.8046875,1.046875,1.09375,0.953125,0.9375,0.890625,0.93359375,0.87890625,1.1953125,1.015625,0.671875,1.0,0.7890625,0.61328125,0.6015625,0.484375,0.4296875,0.4296875,0.3984375
1517,1517,base,0,nan,nan,0.28515625,0.4296875,0.48828125,0.2890625,0.2109375,0.30859375,0.73828125,0.7421875,1.125,0.984375,1.0390625,0.97265625,0.828125,0.91796875,0.8359375,1.203125,1.0703125,0.75390625,1.203125,0.98046875,0.7109375,0.515625,0.37890625,0.265625,0.26953125,0.30078125
18,18,base,0,nan,nan,0.30859375,0.42578125,0.47265625,0.296875,0.19921875,0.34375,0.796875,0.71484375,1.125,0.92578125,1.015625,1.0390625,0.80078125,0.97265625,0.94140625,1.1953125,1.0546875,0.7734375,1.234375,0.984375,0.7734375,0.5703125,0.37890625,0.265625,0.2265625,0.28125
771,771,base,0,nan,nan,0.3125,0.5,0.55078125,0.3203125,0.21875,0.3125,0.7890625,0.7265625,1.1640625,0.94140625,1.0234375,1.015625,0.78515625,0.9296875,0.88671875,1.203125,1.0234375,0.79296875,1.125,0.91015625,0.8515625,0.6796875,0.4609375,0.3046875,0.3359375,0.37109375
2270,2270,base,0,nan,nan,0.3125,0.5390625,0.6484375,0.40625,0.25,0.3828125,0.765625,0.8046875,1.046875,1.09375,0.953125,0.9375,0.890625,0.93359375,0.87890625,1.1953125,1.015625,0.671875,1.0,0.7890625,0.61328125,0.6015625,0.484375,0.4296875,0.4296875,0.3984375
1518,1518,base,0,nan,nan,0.28515625,0.4296875,0.48828125,0.2890625,0.2109375,0.30859375,0.73828125,0.7421875,1.125,0.984375,1.0390625,0.97265625,0.828125,0.91796875,0.8359375,1.203125,1.0703125,0.75390625,1.203125,0.98046875,0.7109375,0.515625,0.37890625,0.265625,0.26953125,0.30078125
772,772,base,0,nan,nan,0.3125,0.5,0.55078125,0.3203125,0.21875,0.3125,0.7890625,0.7265625,1.1640625,0.94140625,1.0234375,1.015625,0.78515625,0.9296875,0.88671875,1.203125,1.0234375,0.79296875,1.125,0.91015625,0.8515625,0.6796875,0.4609375,0.3046875,0.3359375,0.37109375
19,19,base,0,nan,nan,0.27734375,0.4453125,0.5,0.30078125,0.203125,0.3359375,0.75,0.7265625,1.1015625,0.99609375,1.0390625,1.0390625,0.796875,0.98046875,0.95703125,1.3125,1.1328125,0.6796875,1.2109375,0.953125,0.6875,0.609375,0.41796875,0.26953125,0.2890625,0.28515625
2271,2271,base,0,nan,nan,0.3125,0.5390625,0.6484375,0.40625,0.25,0.3828125,0.765625,0.8046875,1.046875,1.09375,0.953125,0.9375,0.890625,0.93359375,0.87890625,1.1953125,1.015625,0.671875,1.0,0.7890625,0.61328125,0.6015625,0.484375,0.4296875,0.4296875,0.3984375
1519,1519,base,1,nan,nan,0.30078125,0.44140625,0.49609375,0.32421875,0.20703125,0.33203125,0.7890625,0.69921875,1.109375,0.98046875,1.0078125,1.0546875,0.734375,0.99609375,0.96875,1.15625,1.0078125,0.77734375,1.2109375,1.03125,0.76953125,0.5703125,0.43359375,0.30078125,0.3046875,0.31640625
773,773,base,1,nan,nan,0.3125,0.5,0.55078125,0.3203125,0.21875,0.3125,0.7890625,0.7265625,1.1640625,0.94140625,1.0234375,1.015625,0.78515625,0.9296875,0.88671875,1.203125,1.0234375,0.79296875,1.125,0.91015625,0.8515625,0.6796875,0.4609375,0.3046875,0.3359375,0.37109375
20,20,base,0,nan,nan,0.27734375,0.4453125,0.5,0.30078125,0.203125,0.3359375,0.75,0.7265625,1.1015625,0.99609375,1.0390625,1.0390625,0.796875,0.98046875,0.95703125,1.3125,1.1328125,0.6796875,1.2109375,0.953125,0.6875,0.609375,0.41796875,0.26953125,0.2890625,0.28515625
2272,2272,base,0,nan,nan,0.3125,0.5390625,0.6484375,0.40625,0.25,0.3828125,0.765625,0.8046875,1.046875,1.09375,0.953125,0.9375,0.890625,0.93359375,0.87890625,1.1953125,1.015625,0.671875,1.0,0.7890625,0.61328125,0.6015625,0.484375,0.4296875,0.4296875,0.3984375
774,774,base,0,nan,nan,0.3125,0.5,0.55078125,0.3203125,0.21875,0.3125,0.7890625,0.7265625,1.1640625,0.94140625,1.0234375,1.015625,0.78515625,0.9296875,0.88671875,1.203125,1.0234375,0.79296875,1.125,0.91015625,0.8515625,0.6796875,0.4609375,0.3046875,0.3359375,0.37109375
1520,1520,base,0,nan,nan,0.30078125,0.44140625,0.49609375,0.32421875,0.20703125,0.33203125,0.7890625,0.69921875,1.109375,0.98046875,1.0078125,1.0546875,0.734375,0.99609375,0.96875,1.15625,1.0078125,0.77734375,1.2109375,1.03125,0.76953125,0.5703125,0.43359375,0.30078125,0.3046875,0.31640625
21,21,base,1,nan,nan,0.27734375,0.4453125,0.5,0.30078125,0.203125,0.3359375,0.75,0.7265625,1.1015625,0.99609375,1.0390625,1.0390625,0.796875,0.98046875,0.95703125,1.3125,1.1328125,0.6796875,1.2109375,0.953125,0.6875,0.609375,0.41796875,0.26953125,0.2890625,0.28515625
2273,2273,base,1,nan,nan,0.3125,0.5390625,0.6484375,0.40625,0.25,0.3828125,0.765625,0.8046875,1.046875,1.09375,0.953125,0.9375,0.890625,0.93359375,0.87890625,1.1953125,1.015625,0.671875,1.0,0.7890625,0.61328125,0.6015625,0.484375,0.4296875,0.4296875,0.3984375
775,775,base,0,nan,nan,0.3125,0.45703125,0.5078125,0.3125,0.203125,0.33984375,0.8046875,0.703125,1.0625,1.0234375,1.0,1.03125,0.84375,0.953125,0.890625,1.15625,1.078125,0.78125,1.1796875,0.97265625,0.7890625,0.609375,0.44921875,0.3203125,0.34765625,0.3671875
1521,1521,base,0,nan,nan,0.30078125,0.44140625,0.49609375,0.32421875,0.20703125,0.33203125,0.7890625,0.69921875,1.109375,0.98046875,1.0078125,1.0546875,0.734375,0.99609375,0.96875,1.15625,1.0078125,0.77734375,1.2109375,1.03125,0.76953125,0.5703125,0.43359375,0.30078125,0.3046875,0.31640625
22,22,base,0,nan,nan,0.27734375,0.4453125,0.5,0.30078125,0.203125,0.3359375,0.75,0.7265625,1.1015625,0.99609375,1.0390625,1.0390625,0.796875,0.98046875,0.95703125,1.3125,1.1328125,0.6796875,1.2109375,0.953125,0.6875,0.609375,0.41796875,0.26953125,0.2890625,0.28515625
2274,2274,base,0,nan,nan,0.3125,0.5390625,0.6484375,0.40625,0.25,0.3828125,0.765625,0.8046875,1.046875,1.09375,0.953125,0.9375,0.890625,0.93359375,0.87890625,1.1953125,1.015625,0.671875,1.0,0.7890625,0.61328125,0.6015625,0.484375,0.4296875,0.4296875,0.3984375
776,776,base,0,nan,nan,0.3125,0.45703125,0.5078125,0.3125,0.203125,0.33984375,0.8046875,0.703125,1.0625,1.0234375,1.0,1.03125,0.84375,0.953125,0.890625,1.15625,1.078125,0.78125,1.1796875,0.97265625,0.7890625,0.609375,0.44921875,0.3203125,0.34765625,0.3671875
23,23,base,1,nan,nan,0.27734375,0.4453125,0.5,0.30078125,0.203125,0.3359375,0.75,0.7265625,1.1015625,0.99609375,1.0390625,1.0390625,0.796875,0.98046875,0.95703125,1.3125,1.1328125,0.6796875,1.2109375,0.953125,0.6875,0.609375,0.41796875,0.26953125,0.2890625,0.28515625
1522,1522,base,0,nan,nan,0.30078125,0.44140625,0.49609375,0.32421875,0.20703125,0.33203125,0.7890625,0.69921875,1.109375,0.98046875,1.0078125,1.0546875,0.734375,0.99609375,0.96875,1.15625,1.0078125,0.77734375,1.2109375,1.03125,0.76953125,0.5703125,0.43359375,0.30078125,0.3046875,0.31640625
2275,2275,base,1,nan,nan,0.296875,0.41796875,0.51171875,0.31640625,0.2265625,0.33203125,0.7265625,0.7578125,1.09375,1.0078125,1.015625,0.9765625,0.78125,0.984375,0.9296875,1.28125,1.09375,0.71875,1.15625,0.9453125,0.7578125,0.62890625,0.44140625,0.33203125,0.36328125,0.3359375
777,777,base,0,nan,nan,0.3125,0.45703125,0.5078125,0.3125,0.203125,0.33984375,0.8046875,0.703125,1.0625,1.0234375,1.0,1.03125,0.84375,0.953125,0.890625,1.15625,1.078125,0.78125,1.1796875,0.97265625,0.7890625,0.609375,0.44921875,0.3203125,0.34765625,0.3671875
24,24,base,0,nan,nan,0.27734375,0.4453125,0.5,0.30078125,0.203125,0.3359375,0.75,0.7265625,1.1015625,0.99609375,1.0390625,1.0390625,0.796875,0.98046875,0.95703125,1.3125,1.1328125,0.6796875,1.2109375,0.953125,0.6875,0.609375,0.41796875,0.26953125,0.2890625,0.28515625
1523,1523,base,1,nan,nan,0.30078125,0.44140625,0.49609375,0.32421875,0.20703125,0.33203125,0.7890625,0.69921875,1.109375,0.98046875,1.0078125,1.0546875,0.734375,0.99609375,0.96875,1.15625,1.0078125,0.77734375,1.2109375,1.03125,0.76953125,0.5703125,0.43359375,0.30078125,0.3046875,0.31640625
2276,2276,base,0,nan,nan,0.296875,0.41796875,0.51171875,0.31640625,0.2265625,0.33203125,0.7265625,0.7578125,1.09375,1.0078125,1.015625,0.9765625,0.78125,0.984375,0.9296875,1.28125,1.09375,0.71875,1.15625,0.9453125,0.7578125,0.62890625,0.44140625,0.33203125,0.36328125,0.3359375
25,25,base,0,nan,nan,0.328125,0.4453125,0.453125,0.28125,0.20703125,0.30859375,0.8203125,0.71875,1.09375,0.99609375,1.0625,1.078125,0.796875,0.9453125,0.95703125,1.1640625,1.0546875,0.8515625,1.1484375,0.99609375,0.86328125,0.703125,0.4296875,0.33203125,0.33984375,0.3203125
778,778,base,0,nan,nan,0.3125,0.45703125,0.5078125,0.3125,0.203125,0.33984375,0.8046875,0.703125,1.0625,1.0234375,1.0,1.03125,0.84375,0.953125,0.890625,1.15625,1.078125,0.78125,1.1796875,0.97265625,0.7890625,0.609375,0.44921875,0.3203125,0.34765625,0.3671875
1524,1524,base,0,nan,nan,0.30078125,0.44140625,0.49609375,0.32421875,0.20703125,0.33203125,0.7890625,0.69921875,1.109375,0.98046875,1.0078125,1.0546875,0.734375,0.99609375,0.96875,1.15625,1.0078125,0.77734375,1.2109375,1.03125,0.76953125,0.5703125,0.43359375,0.30078125,0.3046875,0.31640625
26,26,base,0,nan,nan,0.328125,0.4453125,0.453125,0.28125,0.20703125,0.30859375,0.8203125,0.71875,1.09375,0.99609375,1.0625,1.078125,0.796875,0.9453125,0.95703125,1.1640625,1.0546875,0.8515625,1.1484375,0.99609375,0.86328125,0.703125,0.4296875,0.33203125,0.33984375,0.3203125
2277,2277,base,0,nan,nan,0.296875,0.41796875,0.51171875,0.31640625,0.2265625,0.33203125,0.7265625,0.7578125,1.09375,1.0078125,1.015625,0.9765625,0.78125,0.984375,0.9296875,1.28125,1.09375,0.71875,1.15625,0.9453125,0.7578125,0.62890625,0.44140625,0.33203125,0.36328125,0.3359375
779,779,base,1,nan,nan,0.3125,0.45703125,0.5078125,0.3125,0.203125,0.33984375,0.8046875,0.703125,1.0625,1.0234375,1.0,1.03125,0.84375,0.953125,0.890625,1.15625,1.078125,0.78125,1.1796875,0.97265625,0.7890625,0.609375,0.44921875,0.3203125,0.34765625,0.3671875
1525,1525,base,0,nan,nan,0.30078125,0.46484375,0.4921875,0.28125,0.2109375,0.30859375,0.75390625,0.734375,1.09375,1.0234375,0.95703125,0.95703125,0.78515625,1.0390625,1.0078125,1.234375,1.0078125,0.703125,1.15625,0.9921875,0.6171875,0.5390625,0.40625,0.296875,0.3046875,0.31640625
27,27,base,0,nan,nan,0.328125,0.4453125,0.453125,0.28125,0.20703125,0.30859375,0.8203125,0.71875,1.09375,0.99609375,1.0625,1.078125,0.796875,0.9453125,0.95703125,1.1640625,1.0546875,0.8515625,1.1484375,0.99609375,0.86328125,0.703125,0.4296875,0.33203125,0.33984375,0.3203125
2278,2278,base,0,nan,nan,0.296875,0.41796875,0.51171875,0.31640625,0.2265625,0.33203125,0.7265625,0.7578125,1.09375,1.0078125,1.015625,0.9765625,0.78125,0.984375,0.9296875,1.28125,1.09375,0.71875,1.15625,0.9453125,0.7578125,0.62890625,0.44140625,0.33203125,0.36328125,0.3359375
1526,1526,base,0,nan,nan,0.30078125,0.46484375,0.4921875,0.28125,0.2109375,0.30859375,0.75390625,0.734375,1.09375,1.0234375,0.95703125,0.95703125,0.78515625,1.0390625,1.0078125,1.234375,1.0078125,0.703125,1.15625,0.9921875,0.6171875,0.5390625,0.40625,0.296875,0.3046875,0.31640625
780,780,base,0,nan,nan,0.3125,0.45703125,0.5078125,0.3125,0.203125,0.33984375,0.8046875,0.703125,1.0625,1.0234375,1.0,1.03125,0.84375,0.953125,0.890625,1.15625,1.078125,0.78125,1.1796875,0.97265625,0.7890625,0.609375,0.44921875,0.3203125,0.34765625,0.3671875
28,28,base,0,nan,nan,0.328125,0.4453125,0.453125,0.28125,0.20703125,0.30859375,0.8203125,0.71875,1.09375,0.99609375,1.0625,1.078125,0.796875,0.9453125,0.95703125,1.1640625,1.0546875,0.8515625,1.1484375,0.99609375,0.86328125,0.703125,0.4296875,0.33203125,0.33984375,0.3203125
2279,2279,base,0,nan,nan,0.296875,0.41796875,0.51171875,0.31640625,0.2265625,0.33203125,0.7265625,0.7578125,1.09375,1.0078125,1.015625,0.9765625,0.78125,0.984375,0.9296875,1.28125,1.09375,0.71875,1.15625,0.9453125,0.7578125,0.62890625,0.44140625,0.33203125,0.36328125,0.3359375
29,29,base,0,nan,nan,0.328125,0.4453125,0.453125,0.28125,0.20703125,0.30859375,0.8203125,0.71875,1.09375,0.99609375,1.0625,1.078125,0.796875,0.9453125,0.95703125,1.1640625,1.0546875,0.8515625,1.1484375,0.99609375,0.86328125,0.703125,0.4296875,0.33203125,0.33984375,0.3203125
1527,1527,base,0,nan,nan,0.30078125,0.46484375,0.4921875,0.28125,0.2109375,0.30859375,0.75390625,0.734375,1.09375,1.0234375,0.95703125,0.95703125,0.78515625,1.0390625,1.0078125,1.234375,1.0078125,0.703125,1.15625,0.9921875,0.6171875,0.5390625,0.40625,0.296875,0.3046875,0.31640625
781,781,base,0,nan,nan,0.30859375,0.49609375,0.53125,0.296875,0.22265625,0.359375,0.71875,0.765625,1.1484375,1.0546875,0.95703125,1.0078125,0.7578125,0.984375,0.890625,1.28125,1.0390625,0.7265625,1.015625,0.8046875,0.69140625,0.58203125,0.40234375,0.26953125,0.328125,0.34765625
30,30,base,0,nan,nan,0.328125,0.4453125,0.453125,0.28125,0.20703125,0.30859375,0.8203125,0.71875,1.09375,0.99609375,1.0625,1.078125,0.796875,0.9453125,0.95703125,1.1640625,1.0546875,0.8515625,1.1484375,0.99609375,0.86328125,0.703125,0.4296875,0.33203125,0.33984375,0.3203125
2280,2280,base,0,nan,nan,0.296875,0.41796875,0.51171875,0.31640625,0.2265625,0.33203125,0.7265625,0.7578125,1.09375,1.0078125,1.015625,0.9765625,0.78125,0.984375,0.9296875,1.28125,1.09375,0.71875,1.15625,0.9453125,0.7578125,0.62890625,0.44140625,0.33203125,0.36328125,0.3359375
782,782,base,0,nan,nan,0.30859375,0.49609375,0.53125,0.296875,0.22265625,0.359375,0.71875,0.765625,1.1484375,1.0546875,0.95703125,1.0078125,0.7578125,0.984375,0.890625,1.28125,1.0390625,0.7265625,1.015625,0.8046875,0.69140625,0.58203125,0.40234375,0.26953125,0.328125,0.34765625
1528,1528,base,0,nan,nan,0.30078125,0.46484375,0.4921875,0.28125,0.2109375,0.30859375,0.75390625,0.734375,1.09375,1.0234375,0.95703125,0.95703125,0.78515625,1.0390625,1.0078125,1.234375,1.0078125,0.703125,1.15625,0.9921875,0.6171875,0.5390625,0.40625,0.296875,0.3046875,0.31640625
31,31,base,0,nan,nan,0.28515625,0.4453125,0.51171875,0.33984375,0.234375,0.3203125,0.765625,0.73046875,1.078125,1.0078125,1.0078125,0.98828125,0.76953125,1.03125,1.0078125,1.234375,1.0703125,0.69140625,1.1484375,0.921875,0.625,0.55859375,0.40625,0.2890625,0.30078125,0.33203125
783,783,base,0,nan,nan,0.30859375,0.49609375,0.53125,0.296875,0.22265625,0.359375,0.71875,0.765625,1.1484375,1.0546875,0.95703125,1.0078125,0.7578125,0.984375,0.890625,1.28125,1.0390625,0.7265625,1.015625,0.8046875,0.69140625,0.58203125,0.40234375,0.26953125,0.328125,0.34765625
2281,2281,base,0,nan,nan,0.296875,0.4296875,0.4609375,0.29296875,0.21484375,0.31640625,0.76953125,0.75,1.1796875,0.9140625,1.0,1.015625,0.8125,0.93359375,0.8671875,1.171875,1.0234375,0.7421875,1.140625,0.94140625,0.72265625,0.5703125,0.38671875,0.27734375,0.30859375,0.3359375
1529,1529,base,0,nan,nan,0.30078125,0.46484375,0.4921875,0.28125,0.2109375,0.30859375,0.75390625,0.734375,1.09375,1.0234375,0.95703125,0.95703125,0.78515625,1.0390625,1.0078125,1.234375,1.0078125,0.703125,1.15625,0.9921875,0.6171875,0.5390625,0.40625,0.296875,0.3046875,0.31640625
784,784,base,0,nan,nan,0.30859375,0.49609375,0.53125,0.296875,0.22265625,0.359375,0.71875,0.765625,1.1484375,1.0546875,0.95703125,1.0078125,0.7578125,0.984375,0.890625,1.28125,1.0390625,0.7265625,1.015625,0.8046875,0.69140625,0.58203125,0.40234375,0.26953125,0.328125,0.34765625
32,32,base,0,nan,nan,0.28515625,0.4453125,0.51171875,0.33984375,0.234375,0.3203125,0.765625,0.73046875,1.078125,1.0078125,1.0078125,0.98828125,0.76953125,1.03125,1.0078125,1.234375,1.0703125,0.69140625,1.1484375,0.921875,0.625,0.55859375,0.40625,0.2890625,0.30078125,0.33203125
1530,1530,base,0,nan,nan,0.30078125,0.46484375,0.4921875,0.28125,0.2109375,0.30859375,0.75390625,0.734375,1.09375,1.0234375,0.95703125,0.95703125,0.78515625,1.0390625,1.0078125,1.234375,1.0078125,0.703125,1.15625,0.9921875,0.6171875,0.5390625,0.40625,0.296875,0.3046875,0.31640625
2282,2282,base,0,nan,nan,0.296875,0.4296875,0.4609375,0.29296875,0.21484375,0.31640625,0.76953125,0.75,1.1796875,0.9140625,1.0,1.015625,0.8125,0.93359375,0.8671875,1.171875,1.0234375,0.7421875,1.140625,0.94140625,0.72265625,0.5703125,0.38671875,0.27734375,0.30859375,0.3359375
785,785,base,0,nan,nan,0.30859375,0.49609375,0.53125,0.296875,0.22265625,0.359375,0.71875,0.765625,1.1484375,1.0546875,0.95703125,1.0078125,0.7578125,0.984375,0.890625,1.28125,1.0390625,0.7265625,1.015625,0.8046875,0.69140625,0.58203125,0.40234375,0.26953125,0.328125,0.34765625
33,33,base,0,nan,nan,0.28515625,0.4453125,0.51171875,0.33984375,0.234375,0.3203125,0.765625,0.73046875,1.078125,1.0078125,1.0078125,0.98828125,0.76953125,1.03125,1.0078125,1.234375,1.0703125,0.69140625,1.1484375,0.921875,0.625,0.55859375,0.40625,0.2890625,0.30078125,0.33203125
1531,1531,base,0,nan,nan,0.3046875,0.4375,0.5078125,0.328125,0.2109375,0.3515625,0.78125,0.75,1.125,0.97265625,0.9921875,1.0234375,0.75,0.96484375,0.9140625,1.171875,1.0390625,0.7109375,1.1640625,0.94140625,0.7265625,0.59375,0.43359375,0.33203125,0.31640625,0.30859375
2283,2283,base,1,nan,nan,0.296875,0.4296875,0.4609375,0.29296875,0.21484375,0.31640625,0.76953125,0.75,1.1796875,0.9140625,1.0,1.015625,0.8125,0.93359375,0.8671875,1.171875,1.0234375,0.7421875,1.140625,0.94140625,0.72265625,0.5703125,0.38671875,0.27734375,0.30859375,0.3359375
786,786,base,0,nan,nan,0.30859375,0.49609375,0.53125,0.296875,0.22265625,0.359375,0.71875,0.765625,1.1484375,1.0546875,0.95703125,1.0078125,0.7578125,0.984375,0.890625,1.28125,1.0390625,0.7265625,1.015625,0.8046875,0.69140625,0.58203125,0.40234375,0.26953125,0.328125,0.34765625
34,34,base,0,nan,nan,0.28515625,0.4453125,0.51171875,0.33984375,0.234375,0.3203125,0.765625,0.73046875,1.078125,1.0078125,1.0078125,0.98828125,0.76953125,1.03125,1.0078125,1.234375,1.0703125,0.69140625,1.1484375,0.921875,0.625,0.55859375,0.40625,0.2890625,0.30078125,0.33203125
1532,1532,base,0,nan,nan,0.3046875,0.4375,0.5078125,0.328125,0.2109375,0.3515625,0.78125,0.75,1.125,0.97265625,0.9921875,1.0234375,0.75,0.96484375,0.9140625,1.171875,1.0390625,0.7109375,1.1640625,0.94140625,0.7265625,0.59375,0.43359375,0.33203125,0.31640625,0.30859375
2284,2284,base,0,nan,nan,0.296875,0.4296875,0.4609375,0.29296875,0.21484375,0.31640625,0.76953125,0.75,1.1796875,0.9140625,1.0,1.015625,0.8125,0.93359375,0.8671875,1.171875,1.0234375,0.7421875,1.140625,0.94140625,0.72265625,0.5703125,0.38671875,0.27734375,0.30859375,0.3359375
787,787,base,1,nan,nan,0.30078125,0.43359375,0.46875,0.30859375,0.19921875,0.3359375,0.78125,0.7109375,1.046875,1.0,0.98828125,1.046875,0.78515625,1.0,0.95703125,1.1328125,1.0625,0.71484375,1.21875,1.0078125,0.76953125,0.6328125,0.4375,0.328125,0.3125,0.31640625
35,35,base,1,nan,nan,0.28515625,0.4453125,0.51171875,0.33984375,0.234375,0.3203125,0.765625,0.73046875,1.078125,1.0078125,1.0078125,0.98828125,0.76953125,1.03125,1.0078125,1.234375,1.0703125,0.69140625,1.1484375,0.921875,0.625,0.55859375,0.40625,0.2890625,0.30078125,0.33203125
1533,1533,base,0,nan,nan,0.3046875,0.4375,0.5078125,0.328125,0.2109375,0.3515625,0.78125,0.75,1.125,0.97265625,0.9921875,1.0234375,0.75,0.96484375,0.9140625,1.171875,1.0390625,0.7109375,1.1640625,0.94140625,0.7265625,0.59375,0.43359375,0.33203125,0.31640625,0.30859375
2285,2285,base,0,nan,nan,0.296875,0.4296875,0.4609375,0.29296875,0.21484375,0.31640625,0.76953125,0.75,1.1796875,0.9140625,1.0,1.015625,0.8125,0.93359375,0.8671875,1.171875,1.0234375,0.7421875,1.140625,0.94140625,0.72265625,0.5703125,0.38671875,0.27734375,0.30859375,0.3359375
788,788,base,0,nan,nan,0.30078125,0.43359375,0.46875,0.30859375,0.19921875,0.3359375,0.78125,0.7109375,1.046875,1.0,0.98828125,1.046875,0.78515625,1.0,0.95703125,1.1328125,1.0625,0.71484375,1.21875,1.0078125,0.76953125,0.6328125,0.4375,0.328125,0.3125,0.31640625
36,36,base,0,nan,nan,0.28515625,0.4453125,0.51171875,0.33984375,0.234375,0.3203125,0.765625,0.73046875,1.078125,1.0078125,1.0078125,0.98828125,0.76953125,1.03125,1.0078125,1.234375,1.0703125,0.69140625,1.1484375,0.921875,0.625,0.55859375,0.40625,0.2890625,0.30078125,0.33203125
1534,1534,base,0,nan,nan,0.3046875,0.4375,0.5078125,0.328125,0.2109375,0.3515625,0.78125,0.75,1.125,0.97265625,0.9921875,1.0234375,0.75,0.96484375,0.9140625,1.171875,1.0390625,0.7109375,1.1640625,0.94140625,0.7265625,0.59375,0.43359375,0.33203125,0.31640625,0.30859375
2286,2286,base,0,nan,nan,0.296875,0.4296875,0.4609375,0.29296875,0.21484375,0.31640625,0.76953125,0.75,1.1796875,0.9140625,1.0,1.015625,0.8125,0.93359375,0.8671875,1.171875,1.0234375,0.7421875,1.140625,0.94140625,0.72265625,0.5703125,0.38671875,0.27734375,0.30859375,0.3359375
789,789,base,0,nan,nan,0.30078125,0.43359375,0.46875,0.30859375,0.19921875,0.3359375,0.78125,0.7109375,1.046875,1.0,0.98828125,1.046875,0.78515625,1.0,0.95703125,1.1328125,1.0625,0.71484375,1.21875,1.0078125,0.76953125,0.6328125,0.4375,0.328125,0.3125,0.31640625
37,37,base,0,nan,nan,0.29296875,0.44140625,0.44921875,0.26953125,0.2109375,0.328125,0.796875,0.703125,1.15625,0.91015625,1.03125,1.015625,0.78125,0.94921875,0.91796875,1.234375,1.0859375,0.75,1.171875,0.99609375,0.7734375,0.609375,0.37109375,0.2734375,0.30078125,0.30078125
1535,1535,base,1,nan,nan,0.3046875,0.4375,0.5078125,0.328125,0.2109375,0.3515625,0.78125,0.75,1.125,0.97265625,0.9921875,1.0234375,0.75,0.96484375,0.9140625,1.171875,1.0390625,0.7109375,1.1640625,0.94140625,0.7265625,0.59375,0.43359375,0.33203125,0.31640625,0.30859375
2287,2287,base,0,nan,nan,0.26953125,0.44921875,0.49609375,0.3125,0.23828125,0.3203125,0.71875,0.69921875,1.09375,1.0234375,1.0078125,0.98828125,0.78125,0.97265625,0.94921875,1.1953125,1.0390625,0.7109375,1.125,0.92578125,0.609375,0.48828125,0.39453125,0.2890625,0.26171875,0.28515625
790,790,base,0,nan,nan,0.30078125,0.43359375,0.46875,0.30859375,0.19921875,0.3359375,0.78125,0.7109375,1.046875,1.0,0.98828125,1.046875,0.78515625,1.0,0.95703125,1.1328125,1.0625,0.71484375,1.21875,1.0078125,0.76953125,0.6328125,0.4375,0.328125,0.3125,0.31640625
38,38,base,0,nan,nan,0.29296875,0.44140625,0.44921875,0.26953125,0.2109375,0.328125,0.796875,0.703125,1.15625,0.91015625,1.03125,1.015625,0.78125,0.94921875,0.91796875,1.234375,1.0859375,0.75,1.171875,0.99609375,0.7734375,0.609375,0.37109375,0.2734375,0.30078125,0.30078125
1536,1536,base,0,nan,nan,0.3046875,0.4375,0.5078125,0.328125,0.2109375,0.3515625,0.78125,0.75,1.125,0.97265625,0.9921875,1.0234375,0.75,0.96484375,0.9140625,1.171875,1.0390625,0.7109375,1.1640625,0.94140625,0.7265625,0.59375,0.43359375,0.33203125,0.31640625,0.30859375
2288,2288,base,0,nan,nan,0.26953125,0.44921875,0.49609375,0.3125,0.23828125,0.3203125,0.71875,0.69921875,1.09375,1.0234375,1.0078125,0.98828125,0.78125,0.97265625,0.94921875,1.1953125,1.0390625,0.7109375,1.125,0.92578125,0.609375,0.48828125,0.39453125,0.2890625,0.26171875,0.28515625
791,791,base,1,nan,nan,0.30078125,0.43359375,0.46875,0.30859375,0.19921875,0.3359375,0.78125,0.7109375,1.046875,1.0,0.98828125,1.046875,0.78515625,1.0,0.95703125,1.1328125,1.0625,0.71484375,1.21875,1.0078125,0.76953125,0.6328125,0.4375,0.328125,0.3125,0.31640625
39,39,base,1,nan,nan,0.29296875,0.44140625,0.44921875,0.26953125,0.2109375,0.328125,0.796875,0.703125,1.15625,0.91015625,1.03125,1.015625,0.78125,0.94921875,0.91796875,1.234375,1.0859375,0.75,1.171875,0.99609375,0.7734375,0.609375,0.37109375,0.2734375,0.30078125,0.30078125
2289,2289,base,0,nan,nan,0.26953125,0.44921875,0.49609375,0.3125,0.23828125,0.3203125,0.71875,0.69921875,1.09375,1.0234375,1.0078125,0.98828125,0.78125,0.97265625,0.94921875,1.1953125,1.0390625,0.7109375,1.125,0.92578125,0.609375,0.48828125,0.39453125,0.2890625,0.26171875,0.28515625
1537,1537,base,0,nan,nan,0.328125,0.5,0.5078125,0.28125,0.21484375,0.32421875,0.74609375,0.73046875,1.140625,0.97265625,1.0703125,1.0703125,0.7578125,0.91015625,0.8671875,1.078125,0.9765625,0.7734375,1.1640625,0.95703125,0.7578125,0.56640625,0.36328125,0.25,0.2578125,0.31640625
792,792,base,0,nan,nan,0.30078125,0.43359375,0.46875,0.30859375,0.19921875,0.3359375,0.78125,0.7109375,1.046875,1.0,0.98828125,1.046875,0.78515625,1.0,0.95703125,1.1328125,1.0625,0.71484375,1.21875,1.0078125,0.76953125,0.6328125,0.4375,0.328125,0.3125,0.31640625
40,40,base,0,nan,nan,0.29296875,0.44140625,0.44921875,0.26953125,0.2109375,0.328125,0.796875,0.703125,1.15625,0.91015625,1.03125,1.015625,0.78125,0.94921875,0.91796875,1.234375,1.0859375,0.75,1.171875,0.99609375,0.7734375,0.609375,0.37109375,0.2734375,0.30078125,0.30078125
2290,2290,base,0,nan,nan,0.26953125,0.44921875,0.49609375,0.3125,0.23828125,0.3203125,0.71875,0.69921875,1.09375,1.0234375,1.0078125,0.98828125,0.78125,0.97265625,0.94921875,1.1953125,1.0390625,0.7109375,1.125,0.92578125,0.609375,0.48828125,0.39453125,0.2890625,0.26171875,0.28515625
1538,1538,base,0,nan,nan,0.328125,0.5,0.5078125,0.28125,0.21484375,0.32421875,0.74609375,0.73046875,1.140625,0.97265625,1.0703125,1.0703125,0.7578125,0.91015625,0.8671875,1.078125,0.9765625,0.7734375,1.1640625,0.95703125,0.7578125,0.56640625,0.36328125,0.25,0.2578125,0.31640625
793,793,base,1,nan,nan,0.3046875,0.4921875,0.5234375,0.32421875,0.2265625,0.3203125,0.796875,0.734375,1.03125,1.1171875,1.03125,1.03125,0.8125,0.98046875,0.91796875,1.296875,1.109375,0.71875,1.25,1.0703125,0.75,0.609375,0.5,0.43359375,0.3984375,0.40625
41,41,base,0,nan,nan,0.29296875,0.44140625,0.44921875,0.26953125,0.2109375,0.328125,0.796875,0.703125,1.15625,0.91015625,1.03125,1.015625,0.78125,0.94921875,0.91796875,1.234375,1.0859375,0.75,1.171875,0.99609375,0.7734375,0.609375,0.37109375,0.2734375,0.30078125,0.30078125
2291,2291,base,0,nan,nan,0.26953125,0.44921875,0.49609375,0.3125,0.23828125,0.3203125,0.71875,0.69921875,1.09375,1.0234375,1.0078125,0.98828125,0.78125,0.97265625,0.94921875,1.1953125,1.0390625,0.7109375,1.125,0.92578125,0.609375,0.48828125,0.39453125,0.2890625,0.26171875,0.28515625
1539,1539,base,0,nan,nan,0.328125,0.5,0.5078125,0.28125,0.21484375,0.32421875,0.74609375,0.73046875,1.140625,0.97265625,1.0703125,1.0703125,0.7578125,0.91015625,0.8671875,1.078125,0.9765625,0.7734375,1.1640625,0.95703125,0.7578125,0.56640625,0.36328125,0.25,0.2578125,0.31640625
794,794,base,0,nan,nan,0.3046875,0.4921875,0.5234375,0.32421875,0.2265625,0.3203125,0.796875,0.734375,1.03125,1.1171875,1.03125,1.03125,0.8125,0.98046875,0.91796875,1.296875,1.109375,0.71875,1.25,1.0703125,0.75,0.609375,0.5,0.43359375,0.3984375,0.40625
42,42,base,0,nan,nan,0.29296875,0.44140625,0.44921875,0.26953125,0.2109375,0.328125,0.796875,0.703125,1.15625,0.91015625,1.03125,1.015625,0.78125,0.94921875,0.91796875,1.234375,1.0859375,0.75,1.171875,0.99609375,0.7734375,0.609375,0.37109375,0.2734375,0.30078125,0.30078125
2292,2292,base,0,nan,nan,0.26953125,0.44921875,0.49609375,0.3125,0.23828125,0.3203125,0.71875,0.69921875,1.09375,1.0234375,1.0078125,0.98828125,0.78125,0.97265625,0.94921875,1.1953125,1.0390625,0.7109375,1.125,0.92578125,0.609375,0.48828125,0.39453125,0.2890625,0.26171875,0.28515625
1540,1540,base,0,nan,nan,0.328125,0.5,0.5078125,0.28125,0.21484375,0.32421875,0.74609375,0.73046875,1.140625,0.97265625,1.0703125,1.0703125,0.7578125,0.91015625,0.8671875,1.078125,0.9765625,0.7734375,1.1640625,0.95703125,0.7578125,0.56640625,0.36328125,0.25,0.2578125,0.31640625
795,795,base,0,nan,nan,0.3046875,0.4921875,0.5234375,0.32421875,0.2265625,0.3203125,0.796875,0.734375,1.03125,1.1171875,1.03125,1.03125,0.8125,0.98046875,0.91796875,1.296875,1.109375,0.71875,1.25,1.0703125,0.75,0.609375,0.5,0.43359375,0.3984375,0.40625
43,43,base,1,nan,nan,0.30078125,0.4609375,0.515625,0.390625,0.265625,0.37109375,0.7109375,0.828125,1.203125,0.921875,0.9765625,0.94921875,0.75390625,0.9609375,0.8984375,1.078125,0.93359375,0.70703125,1.046875,0.8046875,0.53125,0.4765625,0.359375,0.24609375,0.296875,0.33203125
2293,2293,base,0,nan,nan,0.2890625,0.43359375,0.46875,0.28125,0.2109375,0.29296875,0.75,0.734375,1.0859375,1.0078125,0.98828125,1.0234375,0.75390625,0.95703125,0.90625,1.2265625,1.0390625,0.76171875,1.1875,1.0,0.69140625,0.5,0.40625,0.27734375,0.26953125,0.3046875
796,796,base,0,nan,nan,0.3046875,0.4921875,0.5234375,0.32421875,0.2265625,0.3203125,0.796875,0.734375,1.03125,1.1171875,1.03125,1.03125,0.8125,0.98046875,0.91796875,1.296875,1.109375,0.71875,1.25,1.0703125,0.75,0.609375,0.5,0.43359375,0.3984375,0.40625
1541,1541,base,1,nan,nan,0.328125,0.5,0.5078125,0.28125,0.21484375,0.32421875,0.74609375,0.73046875,1.140625,0.97265625,1.0703125,1.0703125,0.7578125,0.91015625,0.8671875,1.078125,0.9765625,0.7734375,1.1640625,0.95703125,0.7578125,0.56640625,0.36328125,0.25,0.2578125,0.31640625
44,44,base,0,nan,nan,0.30078125,0.4609375,0.515625,0.390625,0.265625,0.37109375,0.7109375,0.828125,1.203125,0.921875,0.9765625,0.94921875,0.75390625,0.9609375,0.8984375,1.078125,0.93359375,0.70703125,1.046875,0.8046875,0.53125,0.4765625,0.359375,0.24609375,0.296875,0.33203125
797,797,base,0,nan,nan,0.3046875,0.4921875,0.5234375,0.32421875,0.2265625,0.3203125,0.796875,0.734375,1.03125,1.1171875,1.03125,1.03125,0.8125,0.98046875,0.91796875,1.296875,1.109375,0.71875,1.25,1.0703125,0.75,0.609375,0.5,0.43359375,0.3984375,0.40625
2294,2294,base,0,nan,nan,0.2890625,0.43359375,0.46875,0.28125,0.2109375,0.29296875,0.75,0.734375,1.0859375,1.0078125,0.98828125,1.0234375,0.75390625,0.95703125,0.90625,1.2265625,1.0390625,0.76171875,1.1875,1.0,0.69140625,0.5,0.40625,0.27734375,0.26953125,0.3046875
1542,1542,base,0,nan,nan,0.328125,0.5,0.5078125,0.28125,0.21484375,0.32421875,0.74609375,0.73046875,1.140625,0.97265625,1.0703125,1.0703125,0.7578125,0.91015625,0.8671875,1.078125,0.9765625,0.7734375,1.1640625,0.95703125,0.7578125,0.56640625,0.36328125,0.25,0.2578125,0.31640625
45,45,base,1,nan,nan,0.30078125,0.4609375,0.515625,0.390625,0.265625,0.37109375,0.7109375,0.828125,1.203125,0.921875,0.9765625,0.94921875,0.75390625,0.9609375,0.8984375,1.078125,0.93359375,0.70703125,1.046875,0.8046875,0.53125,0.4765625,0.359375,0.24609375,0.296875,0.33203125
798,798,base,0,nan,nan,0.3046875,0.4921875,0.5234375,0.32421875,0.2265625,0.3203125,0.796875,0.734375,1.03125,1.1171875,1.03125,1.03125,0.8125,0.98046875,0.91796875,1.296875,1.109375,0.71875,1.25,1.0703125,0.75,0.609375,0.5,0.43359375,0.3984375,0.40625
2295,2295,base,0,nan,nan,0.2890625,0.43359375,0.46875,0.28125,0.2109375,0.29296875,0.75,0.734375,1.0859375,1.0078125,0.98828125,1.0234375,0.75390625,0.95703125,0.90625,1.2265625,1.0390625,0.76171875,1.1875,1.0,0.69140625,0.5,0.40625,0.27734375,0.26953125,0.3046875
1543,1543,base,1,nan,nan,0.2890625,0.43359375,0.484375,0.33984375,0.203125,0.32421875,0.7421875,0.71484375,1.1875,0.8671875,1.03125,1.0546875,0.80078125,0.96484375,0.9296875,1.1875,1.0703125,0.7734375,1.1875,0.96484375,0.7734375,0.58984375,0.421875,0.29296875,0.26171875,0.296875
46,46,base,0,nan,nan,0.30078125,0.4609375,0.515625,0.390625,0.265625,0.37109375,0.7109375,0.828125,1.203125,0.921875,0.9765625,0.94921875,0.75390625,0.9609375,0.8984375,1.078125,0.93359375,0.70703125,1.046875,0.8046875,0.53125,0.4765625,0.359375,0.24609375,0.296875,0.33203125
799,799,base,0,nan,nan,0.3046875,0.47265625,0.515625,0.3125,0.23046875,0.37109375,0.734375,0.7578125,1.125,0.98828125,0.98046875,0.953125,0.8125,0.9375,0.88671875,1.28125,1.1171875,0.6796875,1.171875,0.91796875,0.71875,0.53515625,0.41015625,0.2890625,0.30859375,0.3125
2296,2296,base,0,nan,nan,0.2890625,0.43359375,0.46875,0.28125,0.2109375,0.29296875,0.75,0.734375,1.0859375,1.0078125,0.98828125,1.0234375,0.75390625,0.95703125,0.90625,1.2265625,1.0390625,0.76171875,1.1875,1.0,0.69140625,0.5,0.40625,0.27734375,0.26953125,0.3046875
1544,1544,base,0,nan,nan,0.2890625,0.43359375,0.484375,0.33984375,0.203125,0.32421875,0.7421875,0.71484375,1.1875,0.8671875,1.03125,1.0546875,0.80078125,0.96484375,0.9296875,1.1875,1.0703125,0.7734375,1.1875,0.96484375,0.7734375,0.58984375,0.421875,0.29296875,0.26171875,0.296875
47,47,base,0,nan,nan,0.30078125,0.4609375,0.515625,0.390625,0.265625,0.37109375,0.7109375,0.828125,1.203125,0.921875,0.9765625,0.94921875,0.75390625,0.9609375,0.8984375,1.078125,0.93359375,0.70703125,1.046875,0.8046875,0.53125,0.4765625,0.359375,0.24609375,0.296875,0.33203125
2297,2297,base,0,nan,nan,0.2890625,0.43359375,0.46875,0.28125,0.2109375,0.29296875,0.75,0.734375,1.0859375,1.0078125,0.98828125,1.0234375,0.75390625,0.95703125,0.90625,1.2265625,1.0390625,0.76171875,1.1875,1.0,0.69140625,0.5,0.40625,0.27734375,0.26953125,0.3046875
800,800,base,0,nan,nan,0.3046875,0.47265625,0.515625,0.3125,0.23046875,0.37109375,0.734375,0.7578125,1.125,0.98828125,0.98046875,0.953125,0.8125,0.9375,0.88671875,1.28125,1.1171875,0.6796875,1.171875,0.91796875,0.71875,0.53515625,0.41015625,0.2890625,0.30859375,0.3125
1545,1545,base,0,nan,nan,0.2890625,0.43359375,0.484375,0.33984375,0.203125,0.32421875,0.7421875,0.71484375,1.1875,0.8671875,1.03125,1.0546875,0.80078125,0.96484375,0.9296875,1.1875,1.0703125,0.7734375,1.1875,0.96484375,0.7734375,0.58984375,0.421875,0.29296875,0.26171875,0.296875
48,48,base,0,nan,nan,0.30078125,0.4609375,0.515625,0.390625,0.265625,0.37109375,0.7109375,0.828125,1.203125,0.921875,0.9765625,0.94921875,0.75390625,0.9609375,0.8984375,1.078125,0.93359375,0.70703125,1.046875,0.8046875,0.53125,0.4765625,0.359375,0.24609375,0.296875,0.33203125
2298,2298,base,0,nan,nan,0.2890625,0.43359375,0.46875,0.28125,0.2109375,0.29296875,0.75,0.734375,1.0859375,1.0078125,0.98828125,1.0234375,0.75390625,0.95703125,0.90625,1.2265625,1.0390625,0.76171875,1.1875,1.0,0.69140625,0.5,0.40625,0.27734375,0.26953125,0.3046875
1546,1546,base,0,nan,nan,0.2890625,0.43359375,0.484375,0.33984375,0.203125,0.32421875,0.7421875,0.71484375,1.1875,0.8671875,1.03125,1.0546875,0.80078125,0.96484375,0.9296875,1.1875,1.0703125,0.7734375,1.1875,0.96484375,0.7734375,0.58984375,0.421875,0.29296875,0.26171875,0.296875
801,801,base,0,nan,nan,0.3046875,0.47265625,0.515625,0.3125,0.23046875,0.37109375,0.734375,0.7578125,1.125,0.98828125,0.98046875,0.953125,0.8125,0.9375,0.88671875,1.28125,1.1171875,0.6796875,1.171875,0.91796875,0.71875,0.53515625,0.41015625,0.2890625,0.30859375,0.3125
49,49,base,0,nan,nan,0.28515625,0.4375,0.44921875,0.26171875,0.1953125,0.3203125,0.76953125,0.7578125,1.109375,0.96875,1.046875,0.9921875,0.84375,0.96875,0.921875,1.234375,1.1171875,0.78125,1.2109375,0.984375,0.82421875,0.625,0.40234375,0.26953125,0.29296875,0.32421875
2299,2299,base,0,nan,nan,0.30859375,0.5234375,0.61328125,0.375,0.23046875,0.33984375,0.78125,0.76171875,1.125,1.015625,0.98828125,0.96875,0.81640625,0.99609375,0.96875,1.265625,1.015625,0.71484375,1.1015625,0.92578125,0.59765625,0.51171875,0.390625,0.2734375,0.2734375,0.31640625
1547,1547,base,0,nan,nan,0.2890625,0.43359375,0.484375,0.33984375,0.203125,0.32421875,0.7421875,0.71484375,1.1875,0.8671875,1.03125,1.0546875,0.80078125,0.96484375,0.9296875,1.1875,1.0703125,0.7734375,1.1875,0.96484375,0.7734375,0.58984375,0.421875,0.29296875,0.26171875,0.296875
802,802,base,0,nan,nan,0.3046875,0.47265625,0.515625,0.3125,0.23046875,0.37109375,0.734375,0.7578125,1.125,0.98828125,0.98046875,0.953125,0.8125,0.9375,0.88671875,1.28125,1.1171875,0.6796875,1.171875,0.91796875,0.71875,0.53515625,0.41015625,0.2890625,0.30859375,0.3125
50,50,base,0,nan,nan,0.28515625,0.4375,0.44921875,0.26171875,0.1953125,0.3203125,0.76953125,0.7578125,1.109375,0.96875,1.046875,0.9921875,0.84375,0.96875,0.921875,1.234375,1.1171875,0.78125,1.2109375,0.984375,0.82421875,0.625,0.40234375,0.26953125,0.29296875,0.32421875
2300,2300,base,0,nan,nan,0.30859375,0.5234375,0.61328125,0.375,0.23046875,0.33984375,0.78125,0.76171875,1.125,1.015625,0.98828125,0.96875,0.81640625,0.99609375,0.96875,1.265625,1.015625,0.71484375,1.1015625,0.92578125,0.59765625,0.51171875,0.390625,0.2734375,0.2734375,0.31640625
1548,1548,base,0,nan,nan,0.2890625,0.43359375,0.484375,0.33984375,0.203125,0.32421875,0.7421875,0.71484375,1.1875,0.8671875,1.03125,1.0546875,0.80078125,0.96484375,0.9296875,1.1875,1.0703125,0.7734375,1.1875,0.96484375,0.7734375,0.58984375,0.421875,0.29296875,0.26171875,0.296875
803,803,base,1,nan,nan,0.3046875,0.47265625,0.515625,0.3125,0.23046875,0.37109375,0.734375,0.7578125,1.125,0.98828125,0.98046875,0.953125,0.8125,0.9375,0.88671875,1.28125,1.1171875,0.6796875,1.171875,0.91796875,0.71875,0.53515625,0.41015625,0.2890625,0.30859375,0.3125
51,51,base,0,nan,nan,0.28515625,0.4375,0.44921875,0.26171875,0.1953125,0.3203125,0.76953125,0.7578125,1.109375,0.96875,1.046875,0.9921875,0.84375,0.96875,0.921875,1.234375,1.1171875,0.78125,1.2109375,0.984375,0.82421875,0.625,0.40234375,0.26953125,0.29296875,0.32421875
2301,2301,base,0,nan,nan,0.30859375,0.5234375,0.61328125,0.375,0.23046875,0.33984375,0.78125,0.76171875,1.125,1.015625,0.98828125,0.96875,0.81640625,0.99609375,0.96875,1.265625,1.015625,0.71484375,1.1015625,0.92578125,0.59765625,0.51171875,0.390625,0.2734375,0.2734375,0.31640625
1549,1549,base,1,nan,nan,0.3125,0.421875,0.49609375,0.31640625,0.203125,0.3515625,0.765625,0.7109375,1.0859375,0.984375,1.0234375,1.0078125,0.81640625,0.984375,0.96484375,1.25,1.0859375,0.74609375,1.1875,0.9609375,0.7578125,0.609375,0.41015625,0.28125,0.29296875,0.30078125
52,52,base,0,nan,nan,0.28515625,0.4375,0.44921875,0.26171875,0.1953125,0.3203125,0.76953125,0.7578125,1.109375,0.96875,1.046875,0.9921875,0.84375,0.96875,0.921875,1.234375,1.1171875,0.78125,1.2109375,0.984375,0.82421875,0.625,0.40234375,0.26953125,0.29296875,0.32421875
804,804,base,0,nan,nan,0.3046875,0.47265625,0.515625,0.3125,0.23046875,0.37109375,0.734375,0.7578125,1.125,0.98828125,0.98046875,0.953125,0.8125,0.9375,0.88671875,1.28125,1.1171875,0.6796875,1.171875,0.91796875,0.71875,0.53515625,0.41015625,0.2890625,0.30859375,0.3125
2302,2302,base,0,nan,nan,0.30859375,0.5234375,0.61328125,0.375,0.23046875,0.33984375,0.78125,0.76171875,1.125,1.015625,0.98828125,0.96875,0.81640625,0.99609375,0.96875,1.265625,1.015625,0.71484375,1.1015625,0.92578125,0.59765625,0.51171875,0.390625,0.2734375,0.2734375,0.31640625
1550,1550,base,0,nan,nan,0.3125,0.421875,0.49609375,0.31640625,0.203125,0.3515625,0.765625,0.7109375,1.0859375,0.984375,1.0234375,1.0078125,0.81640625,0.984375,0.96484375,1.25,1.0859375,0.74609375,1.1875,0.9609375,0.7578125,0.609375,0.41015625,0.28125,0.29296875,0.30078125
805,805,base,0,nan,nan,0.30078125,0.4609375,0.5390625,0.359375,0.22265625,0.3125,0.734375,0.7265625,1.09375,1.0703125,0.97265625,0.93359375,0.74609375,0.99609375,0.96484375,1.265625,1.0625,0.7421875,1.1875,1.03125,0.70703125,0.5703125,0.421875,0.35546875,0.37109375,0.35546875
53,53,base,0,nan,nan,0.28515625,0.4375,0.44921875,0.26171875,0.1953125,0.3203125,0.76953125,0.7578125,1.109375,0.96875,1.046875,0.9921875,0.84375,0.96875,0.921875,1.234375,1.1171875,0.78125,1.2109375,0.984375,0.82421875,0.625,0.40234375,0.26953125,0.29296875,0.32421875
2303,2303,base,0,nan,nan,0.30859375,0.5234375,0.61328125,0.375,0.23046875,0.33984375,0.78125,0.76171875,1.125,1.015625,0.98828125,0.96875,0.81640625,0.99609375,0.96875,1.265625,1.015625,0.71484375,1.1015625,0.92578125,0.59765625,0.51171875,0.390625,0.2734375,0.2734375,0.31640625
1551,1551,base,1,nan,nan,0.3125,0.421875,0.49609375,0.31640625,0.203125,0.3515625,0.765625,0.7109375,1.0859375,0.984375,1.0234375,1.0078125,0.81640625,0.984375,0.96484375,1.25,1.0859375,0.74609375,1.1875,0.9609375,0.7578125,0.609375,0.41015625,0.28125,0.29296875,0.30078125
806,806,base,0,nan,nan,0.30078125,0.4609375,0.5390625,0.359375,0.22265625,0.3125,0.734375,0.7265625,1.09375,1.0703125,0.97265625,0.93359375,0.74609375,0.99609375,0.96484375,1.265625,1.0625,0.7421875,1.1875,1.03125,0.70703125,0.5703125,0.421875,0.35546875,0.37109375,0.35546875
54,54,base,0,nan,nan,0.28515625,0.4375,0.44921875,0.26171875,0.1953125,0.3203125,0.76953125,0.7578125,1.109375,0.96875,1.046875,0.9921875,0.84375,0.96875,0.921875,1.234375,1.1171875,0.78125,1.2109375,0.984375,0.82421875,0.625,0.40234375,0.26953125,0.29296875,0.32421875
2304,2304,base,0,nan,nan,0.30859375,0.5234375,0.61328125,0.375,0.23046875,0.33984375,0.78125,0.76171875,1.125,1.015625,0.98828125,0.96875,0.81640625,0.99609375,0.96875,1.265625,1.015625,0.71484375,1.1015625,0.92578125,0.59765625,0.51171875,0.390625,0.2734375,0.2734375,0.31640625
1552,1552,base,0,nan,nan,0.3125,0.421875,0.49609375,0.31640625,0.203125,0.3515625,0.765625,0.7109375,1.0859375,0.984375,1.0234375,1.0078125,0.81640625,0.984375,0.96484375,1.25,1.0859375,0.74609375,1.1875,0.9609375,0.7578125,0.609375,0.41015625,0.28125,0.29296875,0.30078125
807,807,base,1,nan,nan,0.30078125,0.4609375,0.5390625,0.359375,0.22265625,0.3125,0.734375,0.7265625,1.09375,1.0703125,0.97265625,0.93359375,0.74609375,0.99609375,0.96484375,1.265625,1.0625,0.7421875,1.1875,1.03125,0.70703125,0.5703125,0.421875,0.35546875,0.37109375,0.35546875
55,55,base,0,nan,nan,0.296875,0.43359375,0.515625,0.33203125,0.2265625,0.359375,0.75,0.78125,1.1796875,0.89453125,0.9765625,0.99609375,0.76171875,1.0078125,0.9375,1.234375,1.0078125,0.71484375,1.1640625,0.9296875,0.67578125,0.5703125,0.40234375,0.30078125,0.29296875,0.29296875
2305,2305,base,0,nan,nan,0.30859375,0.42578125,0.4609375,0.2890625,0.203125,0.34375,0.80078125,0.71875,1.1171875,0.9375,1.046875,1.09375,0.828125,1.0078125,0.98828125,1.1328125,1.0859375,0.84375,1.1875,0.98046875,0.8671875,0.6640625,0.44140625,0.30859375,0.3203125,0.33203125
1553,1553,base,1,nan,nan,0.3125,0.421875,0.49609375,0.31640625,0.203125,0.3515625,0.765625,0.7109375,1.0859375,0.984375,1.0234375,1.0078125,0.81640625,0.984375,0.96484375,1.25,1.0859375,0.74609375,1.1875,0.9609375,0.7578125,0.609375,0.41015625,0.28125,0.29296875,0.30078125
808,808,base,0,nan,nan,0.30078125,0.4609375,0.5390625,0.359375,0.22265625,0.3125,0.734375,0.7265625,1.09375,1.0703125,0.97265625,0.93359375,0.74609375,0.99609375,0.96484375,1.265625,1.0625,0.7421875,1.1875,1.03125,0.70703125,0.5703125,0.421875,0.35546875,0.37109375,0.35546875
56,56,base,0,nan,nan,0.296875,0.43359375,0.515625,0.33203125,0.2265625,0.359375,0.75,0.78125,1.1796875,0.89453125,0.9765625,0.99609375,0.76171875,1.0078125,0.9375,1.234375,1.0078125,0.71484375,1.1640625,0.9296875,0.67578125,0.5703125,0.40234375,0.30078125,0.29296875,0.29296875
2306,2306,base,0,nan,nan,0.30859375,0.42578125,0.4609375,0.2890625,0.203125,0.34375,0.80078125,0.71875,1.1171875,0.9375,1.046875,1.09375,0.828125,1.0078125,0.98828125,1.1328125,1.0859375,0.84375,1.1875,0.98046875,0.8671875,0.6640625,0.44140625,0.30859375,0.3203125,0.33203125
1554,1554,base,0,nan,nan,0.3125,0.421875,0.49609375,0.31640625,0.203125,0.3515625,0.765625,0.7109375,1.0859375,0.984375,1.0234375,1.0078125,0.81640625,0.984375,0.96484375,1.25,1.0859375,0.74609375,1.1875,0.9609375,0.7578125,0.609375,0.41015625,0.28125,0.29296875,0.30078125
809,809,base,0,nan,nan,0.30078125,0.4609375,0.5390625,0.359375,0.22265625,0.3125,0.734375,0.7265625,1.09375,1.0703125,0.97265625,0.93359375,0.74609375,0.99609375,0.96484375,1.265625,1.0625,0.7421875,1.1875,1.03125,0.70703125,0.5703125,0.421875,0.35546875,0.37109375,0.35546875
57,57,base,0,nan,nan,0.296875,0.43359375,0.515625,0.33203125,0.2265625,0.359375,0.75,0.78125,1.1796875,0.89453125,0.9765625,0.99609375,0.76171875,1.0078125,0.9375,1.234375,1.0078125,0.71484375,1.1640625,0.9296875,0.67578125,0.5703125,0.40234375,0.30078125,0.29296875,0.29296875
2307,2307,base,0,nan,nan,0.30859375,0.42578125,0.4609375,0.2890625,0.203125,0.34375,0.80078125,0.71875,1.1171875,0.9375,1.046875,1.09375,0.828125,1.0078125,0.98828125,1.1328125,1.0859375,0.84375,1.1875,0.98046875,0.8671875,0.6640625,0.44140625,0.30859375,0.3203125,0.33203125
1555,1555,base,0,nan,nan,0.29296875,0.4296875,0.4921875,0.296875,0.21875,0.30859375,0.8203125,0.703125,1.15625,0.9140625,0.984375,0.9453125,0.84375,0.9921875,0.953125,1.25,1.078125,0.6953125,1.15625,0.9609375,0.65234375,0.5234375,0.38671875,0.2890625,0.296875,0.3046875
810,810,base,0,nan,nan,0.30078125,0.4609375,0.5390625,0.359375,0.22265625,0.3125,0.734375,0.7265625,1.09375,1.0703125,0.97265625,0.93359375,0.74609375,0.99609375,0.96484375,1.265625,1.0625,0.7421875,1.1875,1.03125,0.70703125,0.5703125,0.421875,0.35546875,0.37109375,0.35546875
58,58,base,0,nan,nan,0.296875,0.43359375,0.515625,0.33203125,0.2265625,0.359375,0.75,0.78125,1.1796875,0.89453125,0.9765625,0.99609375,0.76171875,1.0078125,0.9375,1.234375,1.0078125,0.71484375,1.1640625,0.9296875,0.67578125,0.5703125,0.40234375,0.30078125,0.29296875,0.29296875
2308,2308,base,0,nan,nan,0.30859375,0.42578125,0.4609375,0.2890625,0.203125,0.34375,0.80078125,0.71875,1.1171875,0.9375,1.046875,1.09375,0.828125,1.0078125,0.98828125,1.1328125,1.0859375,0.84375,1.1875,0.98046875,0.8671875,0.6640625,0.44140625,0.30859375,0.3203125,0.33203125
1556,1556,base,0,nan,nan,0.29296875,0.4296875,0.4921875,0.296875,0.21875,0.30859375,0.8203125,0.703125,1.15625,0.9140625,0.984375,0.9453125,0.84375,0.9921875,0.953125,1.25,1.078125,0.6953125,1.15625,0.9609375,0.65234375,0.5234375,0.38671875,0.2890625,0.296875,0.3046875
811,811,base,0,nan,nan,0.30078125,0.421875,0.47265625,0.2890625,0.21875,0.328125,0.75390625,0.7265625,1.1484375,0.93359375,0.9453125,0.953125,0.74609375,1.0,0.9609375,1.234375,1.0546875,0.65625,1.203125,1.0390625,0.60546875,0.5078125,0.35546875,0.25,0.26171875,0.28515625
59,59,base,0,nan,nan,0.296875,0.43359375,0.515625,0.33203125,0.2265625,0.359375,0.75,0.78125,1.1796875,0.89453125,0.9765625,0.99609375,0.76171875,1.0078125,0.9375,1.234375,1.0078125,0.71484375,1.1640625,0.9296875,0.67578125,0.5703125,0.40234375,0.30078125,0.29296875,0.29296875
2309,2309,base,0,nan,nan,0.30859375,0.42578125,0.4609375,0.2890625,0.203125,0.34375,0.80078125,0.71875,1.1171875,0.9375,1.046875,1.09375,0.828125,1.0078125,0.98828125,1.1328125,1.0859375,0.84375,1.1875,0.98046875,0.8671875,0.6640625,0.44140625,0.30859375,0.3203125,0.33203125
1557,1557,base,0,nan,nan,0.29296875,0.4296875,0.4921875,0.296875,0.21875,0.30859375,0.8203125,0.703125,1.15625,0.9140625,0.984375,0.9453125,0.84375,0.9921875,0.953125,1.25,1.078125,0.6953125,1.15625,0.9609375,0.65234375,0.5234375,0.38671875,0.2890625,0.296875,0.3046875
812,812,base,0,nan,nan,0.30078125,0.421875,0.47265625,0.2890625,0.21875,0.328125,0.75390625,0.7265625,1.1484375,0.93359375,0.9453125,0.953125,0.74609375,1.0,0.9609375,1.234375,1.0546875,0.65625,1.203125,1.0390625,0.60546875,0.5078125,0.35546875,0.25,0.26171875,0.28515625
60,60,base,0,nan,nan,0.296875,0.43359375,0.515625,0.33203125,0.2265625,0.359375,0.75,0.78125,1.1796875,0.89453125,0.9765625,0.99609375,0.76171875,1.0078125,0.9375,1.234375,1.0078125,0.71484375,1.1640625,0.9296875,0.67578125,0.5703125,0.40234375,0.30078125,0.29296875,0.29296875
2310,2310,base,0,nan,nan,0.30859375,0.42578125,0.4609375,0.2890625,0.203125,0.34375,0.80078125,0.71875,1.1171875,0.9375,1.046875,1.09375,0.828125,1.0078125,0.98828125,1.1328125,1.0859375,0.84375,1.1875,0.98046875,0.8671875,0.6640625,0.44140625,0.30859375,0.3203125,0.33203125
1558,1558,base,0,nan,nan,0.29296875,0.4296875,0.4921875,0.296875,0.21875,0.30859375,0.8203125,0.703125,1.15625,0.9140625,0.984375,0.9453125,0.84375,0.9921875,0.953125,1.25,1.078125,0.6953125,1.15625,0.9609375,0.65234375,0.5234375,0.38671875,0.2890625,0.296875,0.3046875
813,813,base,0,nan,nan,0.30078125,0.421875,0.47265625,0.2890625,0.21875,0.328125,0.75390625,0.7265625,1.1484375,0.93359375,0.9453125,0.953125,0.74609375,1.0,0.9609375,1.234375,1.0546875,0.65625,1.203125,1.0390625,0.60546875,0.5078125,0.35546875,0.25,0.26171875,0.28515625
61,61,base,0,nan,nan,0.3125,0.44140625,0.46875,0.33203125,0.203125,0.33203125,0.83203125,0.734375,1.203125,0.90625,1.0625,1.09375,0.86328125,0.9765625,0.97265625,1.1015625,1.0546875,0.8828125,1.1875,0.8984375,0.91796875,0.77734375,0.42578125,0.28515625,0.32421875,0.37890625
2311,2311,base,0,nan,nan,0.28515625,0.4453125,0.453125,0.2734375,0.19921875,0.328125,0.7734375,0.71875,1.109375,0.93359375,1.0390625,1.0546875,0.8203125,0.98046875,0.94140625,1.1875,1.0859375,0.80859375,1.1875,1.015625,0.76953125,0.578125,0.44140625,0.3046875,0.32421875,0.33203125
1559,1559,base,0,nan,nan,0.29296875,0.4296875,0.4921875,0.296875,0.21875,0.30859375,0.8203125,0.703125,1.15625,0.9140625,0.984375,0.9453125,0.84375,0.9921875,0.953125,1.25,1.078125,0.6953125,1.15625,0.9609375,0.65234375,0.5234375,0.38671875,0.2890625,0.296875,0.3046875
814,814,base,0,nan,nan,0.30078125,0.421875,0.47265625,0.2890625,0.21875,0.328125,0.75390625,0.7265625,1.1484375,0.93359375,0.9453125,0.953125,0.74609375,1.0,0.9609375,1.234375,1.0546875,0.65625,1.203125,1.0390625,0.60546875,0.5078125,0.35546875,0.25,0.26171875,0.28515625
62,62,base,0,nan,nan,0.3125,0.44140625,0.46875,0.33203125,0.203125,0.33203125,0.83203125,0.734375,1.203125,0.90625,1.0625,1.09375,0.86328125,0.9765625,0.97265625,1.1015625,1.0546875,0.8828125,1.1875,0.8984375,0.91796875,0.77734375,0.42578125,0.28515625,0.32421875,0.37890625
2312,2312,base,0,nan,nan,0.28515625,0.4453125,0.453125,0.2734375,0.19921875,0.328125,0.7734375,0.71875,1.109375,0.93359375,1.0390625,1.0546875,0.8203125,0.98046875,0.94140625,1.1875,1.0859375,0.80859375,1.1875,1.015625,0.76953125,0.578125,0.44140625,0.3046875,0.32421875,0.33203125
1560,1560,base,0,nan,nan,0.29296875,0.4296875,0.4921875,0.296875,0.21875,0.30859375,0.8203125,0.703125,1.15625,0.9140625,0.984375,0.9453125,0.84375,0.9921875,0.953125,1.25,1.078125,0.6953125,1.15625,0.9609375,0.65234375,0.5234375,0.38671875,0.2890625,0.296875,0.3046875
815,815,base,0,nan,nan,0.30078125,0.421875,0.47265625,0.2890625,0.21875,0.328125,0.75390625,0.7265625,1.1484375,0.93359375,0.9453125,0.953125,0.74609375,1.0,0.9609375,1.234375,1.0546875,0.65625,1.203125,1.0390625,0.60546875,0.5078125,0.35546875,0.25,0.26171875,0.28515625
63,63,base,0,nan,nan,0.3125,0.44140625,0.46875,0.33203125,0.203125,0.33203125,0.83203125,0.734375,1.203125,0.90625,1.0625,1.09375,0.86328125,0.9765625,0.97265625,1.1015625,1.0546875,0.8828125,1.1875,0.8984375,0.91796875,0.77734375,0.42578125,0.28515625,0.32421875,0.37890625
2313,2313,base,1,nan,nan,0.28515625,0.4453125,0.453125,0.2734375,0.19921875,0.328125,0.7734375,0.71875,1.109375,0.93359375,1.0390625,1.0546875,0.8203125,0.98046875,0.94140625,1.1875,1.0859375,0.80859375,1.1875,1.015625,0.76953125,0.578125,0.44140625,0.3046875,0.32421875,0.33203125
1561,1561,base,0,nan,nan,0.28515625,0.44921875,0.5234375,0.33984375,0.25390625,0.359375,0.7109375,0.79296875,1.1015625,1.0546875,0.94140625,0.94921875,0.703125,1.1328125,1.0625,1.28125,1.0234375,0.6953125,1.1328125,0.95703125,0.5390625,0.546875,0.3828125,0.2734375,0.26953125,0.2734375
816,816,base,0,nan,nan,0.30078125,0.421875,0.47265625,0.2890625,0.21875,0.328125,0.75390625,0.7265625,1.1484375,0.93359375,0.9453125,0.953125,0.74609375,1.0,0.9609375,1.234375,1.0546875,0.65625,1.203125,1.0390625,0.60546875,0.5078125,0.35546875,0.25,0.26171875,0.28515625
64,64,base,0,nan,nan,0.3125,0.44140625,0.46875,0.33203125,0.203125,0.33203125,0.83203125,0.734375,1.203125,0.90625,1.0625,1.09375,0.86328125,0.9765625,0.97265625,1.1015625,1.0546875,0.8828125,1.1875,0.8984375,0.91796875,0.77734375,0.42578125,0.28515625,0.32421875,0.37890625
2314,2314,base,0,nan,nan,0.28515625,0.4453125,0.453125,0.2734375,0.19921875,0.328125,0.7734375,0.71875,1.109375,0.93359375,1.0390625,1.0546875,0.8203125,0.98046875,0.94140625,1.1875,1.0859375,0.80859375,1.1875,1.015625,0.76953125,0.578125,0.44140625,0.3046875,0.32421875,0.33203125
1562,1562,base,0,nan,nan,0.28515625,0.44921875,0.5234375,0.33984375,0.25390625,0.359375,0.7109375,0.79296875,1.1015625,1.0546875,0.94140625,0.94921875,0.703125,1.1328125,1.0625,1.28125,1.0234375,0.6953125,1.1328125,0.95703125,0.5390625,0.546875,0.3828125,0.2734375,0.26953125,0.2734375
817,817,base,0,nan,nan,0.3125,0.42578125,0.49609375,0.33203125,0.21484375,0.33984375,0.75,0.76171875,1.140625,0.96484375,1.0625,1.0859375,0.7890625,0.9765625,0.92578125,1.078125,1.0078125,0.7890625,1.21875,1.03125,0.78125,0.5859375,0.38671875,0.26171875,0.25390625,0.30078125
65,65,base,0,nan,nan,0.3125,0.44140625,0.46875,0.33203125,0.203125,0.33203125,0.83203125,0.734375,1.203125,0.90625,1.0625,1.09375,0.86328125,0.9765625,0.97265625,1.1015625,1.0546875,0.8828125,1.1875,0.8984375,0.91796875,0.77734375,0.42578125,0.28515625,0.32421875,0.37890625
2315,2315,base,0,nan,nan,0.28515625,0.4453125,0.453125,0.2734375,0.19921875,0.328125,0.7734375,0.71875,1.109375,0.93359375,1.0390625,1.0546875,0.8203125,0.98046875,0.94140625,1.1875,1.0859375,0.80859375,1.1875,1.015625,0.76953125,0.578125,0.44140625,0.3046875,0.32421875,0.33203125
1563,1563,base,0,nan,nan,0.28515625,0.44921875,0.5234375,0.33984375,0.25390625,0.359375,0.7109375,0.79296875,1.1015625,1.0546875,0.94140625,0.94921875,0.703125,1.1328125,1.0625,1.28125,1.0234375,0.6953125,1.1328125,0.95703125,0.5390625,0.546875,0.3828125,0.2734375,0.26953125,0.2734375
818,818,base,0,nan,nan,0.3125,0.42578125,0.49609375,0.33203125,0.21484375,0.33984375,0.75,0.76171875,1.140625,0.96484375,1.0625,1.0859375,0.7890625,0.9765625,0.92578125,1.078125,1.0078125,0.7890625,1.21875,1.03125,0.78125,0.5859375,0.38671875,0.26171875,0.25390625,0.30078125
66,66,base,0,nan,nan,0.3125,0.44140625,0.46875,0.33203125,0.203125,0.33203125,0.83203125,0.734375,1.203125,0.90625,1.0625,1.09375,0.86328125,0.9765625,0.97265625,1.1015625,1.0546875,0.8828125,1.1875,0.8984375,0.91796875,0.77734375,0.42578125,0.28515625,0.32421875,0.37890625
2316,2316,base,0,nan,nan,0.28515625,0.4453125,0.453125,0.2734375,0.19921875,0.328125,0.7734375,0.71875,1.109375,0.93359375,1.0390625,1.0546875,0.8203125,0.98046875,0.94140625,1.1875,1.0859375,0.80859375,1.1875,1.015625,0.76953125,0.578125,0.44140625,0.3046875,0.32421875,0.33203125
1564,1564,base,0,nan,nan,0.28515625,0.44921875,0.5234375,0.33984375,0.25390625,0.359375,0.7109375,0.79296875,1.1015625,1.0546875,0.94140625,0.94921875,0.703125,1.1328125,1.0625,1.28125,1.0234375,0.6953125,1.1328125,0.95703125,0.5390625,0.546875,0.3828125,0.2734375,0.26953125,0.2734375
819,819,base,1,nan,nan,0.3125,0.42578125,0.49609375,0.33203125,0.21484375,0.33984375,0.75,0.76171875,1.140625,0.96484375,1.0625,1.0859375,0.7890625,0.9765625,0.92578125,1.078125,1.0078125,0.7890625,1.21875,1.03125,0.78125,0.5859375,0.38671875,0.26171875,0.25390625,0.30078125
67,67,base,0,nan,nan,0.27734375,0.4609375,0.5078125,0.33203125,0.21484375,0.3203125,0.765625,0.73046875,1.1953125,0.91015625,1.109375,1.015625,0.8125,0.94921875,0.9140625,1.1953125,1.0390625,0.7109375,1.1328125,0.90234375,0.703125,0.55859375,0.37109375,0.25390625,0.26953125,0.33984375
2317,2317,base,0,nan,nan,0.3046875,0.4609375,0.49609375,0.296875,0.19921875,0.31640625,0.7890625,0.73828125,1.125,0.984375,1.015625,1.0234375,0.78125,0.984375,0.9609375,1.25,1.0703125,0.78125,1.1796875,0.97265625,0.84765625,0.6875,0.46484375,0.3671875,0.41015625,0.41796875
1565,1565,base,0,nan,nan,0.28515625,0.44921875,0.5234375,0.33984375,0.25390625,0.359375,0.7109375,0.79296875,1.1015625,1.0546875,0.94140625,0.94921875,0.703125,1.1328125,1.0625,1.28125,1.0234375,0.6953125,1.1328125,0.95703125,0.5390625,0.546875,0.3828125,0.2734375,0.26953125,0.2734375
820,820,base,0,nan,nan,0.3125,0.42578125,0.49609375,0.33203125,0.21484375,0.33984375,0.75,0.76171875,1.140625,0.96484375,1.0625,1.0859375,0.7890625,0.9765625,0.92578125,1.078125,1.0078125,0.7890625,1.21875,1.03125,0.78125,0.5859375,0.38671875,0.26171875,0.25390625,0.30078125
2318,2318,base,0,nan,nan,0.3046875,0.4609375,0.49609375,0.296875,0.19921875,0.31640625,0.7890625,0.73828125,1.125,0.984375,1.015625,1.0234375,0.78125,0.984375,0.9609375,1.25,1.0703125,0.78125,1.1796875,0.97265625,0.84765625,0.6875,0.46484375,0.3671875,0.41015625,0.41796875
68,68,base,0,nan,nan,0.27734375,0.4609375,0.5078125,0.33203125,0.21484375,0.3203125,0.765625,0.73046875,1.1953125,0.91015625,1.109375,1.015625,0.8125,0.94921875,0.9140625,1.1953125,1.0390625,0.7109375,1.1328125,0.90234375,0.703125,0.55859375,0.37109375,0.25390625,0.26953125,0.33984375
1566,1566,base,0,nan,nan,0.28515625,0.44921875,0.5234375,0.33984375,0.25390625,0.359375,0.7109375,0.79296875,1.1015625,1.0546875,0.94140625,0.94921875,0.703125,1.1328125,1.0625,1.28125,1.0234375,0.6953125,1.1328125,0.95703125,0.5390625,0.546875,0.3828125,0.2734375,0.26953125,0.2734375
2319,2319,base,0,nan,nan,0.3046875,0.4609375,0.49609375,0.296875,0.19921875,0.31640625,0.7890625,0.73828125,1.125,0.984375,1.015625,1.0234375,0.78125,0.984375,0.9609375,1.25,1.0703125,0.78125,1.1796875,0.97265625,0.84765625,0.6875,0.46484375,0.3671875,0.41015625,0.41796875
821,821,base,0,nan,nan,0.3125,0.42578125,0.49609375,0.33203125,0.21484375,0.33984375,0.75,0.76171875,1.140625,0.96484375,1.0625,1.0859375,0.7890625,0.9765625,0.92578125,1.078125,1.0078125,0.7890625,1.21875,1.03125,0.78125,0.5859375,0.38671875,0.26171875,0.25390625,0.30078125
69,69,base,0,nan,nan,0.27734375,0.4609375,0.5078125,0.33203125,0.21484375,0.3203125,0.765625,0.73046875,1.1953125,0.91015625,1.109375,1.015625,0.8125,0.94921875,0.9140625,1.1953125,1.0390625,0.7109375,1.1328125,0.90234375,0.703125,0.55859375,0.37109375,0.25390625,0.26953125,0.33984375
1567,1567,base,0,nan,nan,0.296875,0.44921875,0.49609375,0.30859375,0.2265625,0.3359375,0.75,0.75,1.0078125,1.0703125,0.99609375,1.0234375,0.8046875,0.953125,0.91796875,1.2578125,1.046875,0.7265625,1.1953125,1.0234375,0.703125,0.55859375,0.390625,0.28125,0.24609375,0.27734375
2320,2320,base,0,nan,nan,0.3046875,0.4609375,0.49609375,0.296875,0.19921875,0.31640625,0.7890625,0.73828125,1.125,0.984375,1.015625,1.0234375,0.78125,0.984375,0.9609375,1.25,1.0703125,0.78125,1.1796875,0.97265625,0.84765625,0.6875,0.46484375,0.3671875,0.41015625,0.41796875
70,70,base,0,nan,nan,0.27734375,0.4609375,0.5078125,0.33203125,0.21484375,0.3203125,0.765625,0.73046875,1.1953125,0.91015625,1.109375,1.015625,0.8125,0.94921875,0.9140625,1.1953125,1.0390625,0.7109375,1.1328125,0.90234375,0.703125,0.55859375,0.37109375,0.25390625,0.26953125,0.33984375
822,822,base,0,nan,nan,0.3125,0.42578125,0.49609375,0.33203125,0.21484375,0.33984375,0.75,0.76171875,1.140625,0.96484375,1.0625,1.0859375,0.7890625,0.9765625,0.92578125,1.078125,1.0078125,0.7890625,1.21875,1.03125,0.78125,0.5859375,0.38671875,0.26171875,0.25390625,0.30078125
1568,1568,base,0,nan,nan,0.296875,0.44921875,0.49609375,0.30859375,0.2265625,0.3359375,0.75,0.75,1.0078125,1.0703125,0.99609375,1.0234375,0.8046875,0.953125,0.91796875,1.2578125,1.046875,0.7265625,1.1953125,1.0234375,0.703125,0.55859375,0.390625,0.28125,0.24609375,0.27734375
2321,2321,base,0,nan,nan,0.3046875,0.4609375,0.49609375,0.296875,0.19921875,0.31640625,0.7890625,0.73828125,1.125,0.984375,1.015625,1.0234375,0.78125,0.984375,0.9609375,1.25,1.0703125,0.78125,1.1796875,0.97265625,0.84765625,0.6875,0.46484375,0.3671875,0.41015625,0.41796875
71,71,base,0,nan,nan,0.27734375,0.4609375,0.5078125,0.33203125,0.21484375,0.3203125,0.765625,0.73046875,1.1953125,0.91015625,1.109375,1.015625,0.8125,0.94921875,0.9140625,1.1953125,1.0390625,0.7109375,1.1328125,0.90234375,0.703125,0.55859375,0.37109375,0.25390625,0.26953125,0.33984375
823,823,base,1,nan,nan,0.28125,0.4453125,0.49609375,0.32421875,0.20703125,0.34765625,0.765625,0.7890625,1.0859375,1.0390625,1.0703125,1.046875,0.84375,0.99609375,0.984375,1.25,1.125,0.7421875,1.25,1.015625,0.86328125,0.6796875,0.46875,0.34765625,0.30859375,0.3203125
1569,1569,base,0,nan,nan,0.296875,0.44921875,0.49609375,0.30859375,0.2265625,0.3359375,0.75,0.75,1.0078125,1.0703125,0.99609375,1.0234375,0.8046875,0.953125,0.91796875,1.2578125,1.046875,0.7265625,1.1953125,1.0234375,0.703125,0.55859375,0.390625,0.28125,0.24609375,0.27734375
2322,2322,base,0,nan,nan,0.3046875,0.4609375,0.49609375,0.296875,0.19921875,0.31640625,0.7890625,0.73828125,1.125,0.984375,1.015625,1.0234375,0.78125,0.984375,0.9609375,1.25,1.0703125,0.78125,1.1796875,0.97265625,0.84765625,0.6875,0.46484375,0.3671875,0.41015625,0.41796875
72,72,base,0,nan,nan,0.27734375,0.4609375,0.5078125,0.33203125,0.21484375,0.3203125,0.765625,0.73046875,1.1953125,0.91015625,1.109375,1.015625,0.8125,0.94921875,0.9140625,1.1953125,1.0390625,0.7109375,1.1328125,0.90234375,0.703125,0.55859375,0.37109375,0.25390625,0.26953125,0.33984375
824,824,base,0,nan,nan,0.28125,0.4453125,0.49609375,0.32421875,0.20703125,0.34765625,0.765625,0.7890625,1.0859375,1.0390625,1.0703125,1.046875,0.84375,0.99609375,0.984375,1.25,1.125,0.7421875,1.25,1.015625,0.86328125,0.6796875,0.46875,0.34765625,0.30859375,0.3203125
1570,1570,base,0,nan,nan,0.296875,0.44921875,0.49609375,0.30859375,0.2265625,0.3359375,0.75,0.75,1.0078125,1.0703125,0.99609375,1.0234375,0.8046875,0.953125,0.91796875,1.2578125,1.046875,0.7265625,1.1953125,1.0234375,0.703125,0.55859375,0.390625,0.28125,0.24609375,0.27734375
2323,2323,base,0,nan,nan,0.296875,0.44140625,0.53125,0.35546875,0.21875,0.35546875,0.75,0.734375,1.109375,0.98828125,0.96484375,1.046875,0.7421875,0.9609375,0.875,1.1796875,1.0,0.7109375,1.140625,0.921875,0.69140625,0.6015625,0.4296875,0.30859375,0.31640625,0.33203125
73,73,base,0,nan,nan,0.2890625,0.45703125,0.51171875,0.3125,0.203125,0.32421875,0.765625,0.70703125,1.1015625,1.0078125,1.0390625,0.9921875,0.765625,0.99609375,0.9609375,1.265625,1.1015625,0.765625,1.125,0.9375,0.7265625,0.5859375,0.44140625,0.328125,0.3359375,0.33203125
825,825,base,0,nan,nan,0.28125,0.4453125,0.49609375,0.32421875,0.20703125,0.34765625,0.765625,0.7890625,1.0859375,1.0390625,1.0703125,1.046875,0.84375,0.99609375,0.984375,1.25,1.125,0.7421875,1.25,1.015625,0.86328125,0.6796875,0.46875,0.34765625,0.30859375,0.3203125
1571,1571,base,0,nan,nan,0.296875,0.44921875,0.49609375,0.30859375,0.2265625,0.3359375,0.75,0.75,1.0078125,1.0703125,0.99609375,1.0234375,0.8046875,0.953125,0.91796875,1.2578125,1.046875,0.7265625,1.1953125,1.0234375,0.703125,0.55859375,0.390625,0.28125,0.24609375,0.27734375
2324,2324,base,0,nan,nan,0.296875,0.44140625,0.53125,0.35546875,0.21875,0.35546875,0.75,0.734375,1.109375,0.98828125,0.96484375,1.046875,0.7421875,0.9609375,0.875,1.1796875,1.0,0.7109375,1.140625,0.921875,0.69140625,0.6015625,0.4296875,0.30859375,0.31640625,0.33203125
826,826,base,0,nan,nan,0.28125,0.4453125,0.49609375,0.32421875,0.20703125,0.34765625,0.765625,0.7890625,1.0859375,1.0390625,1.0703125,1.046875,0.84375,0.99609375,0.984375,1.25,1.125,0.7421875,1.25,1.015625,0.86328125,0.6796875,0.46875,0.34765625,0.30859375,0.3203125
74,74,base,0,nan,nan,0.2890625,0.45703125,0.51171875,0.3125,0.203125,0.32421875,0.765625,0.70703125,1.1015625,1.0078125,1.0390625,0.9921875,0.765625,0.99609375,0.9609375,1.265625,1.1015625,0.765625,1.125,0.9375,0.7265625,0.5859375,0.44140625,0.328125,0.3359375,0.33203125
1572,1572,base,0,nan,nan,0.296875,0.44921875,0.49609375,0.30859375,0.2265625,0.3359375,0.75,0.75,1.0078125,1.0703125,0.99609375,1.0234375,0.8046875,0.953125,0.91796875,1.2578125,1.046875,0.7265625,1.1953125,1.0234375,0.703125,0.55859375,0.390625,0.28125,0.24609375,0.27734375
2325,2325,base,0,nan,nan,0.296875,0.44140625,0.53125,0.35546875,0.21875,0.35546875,0.75,0.734375,1.109375,0.98828125,0.96484375,1.046875,0.7421875,0.9609375,0.875,1.1796875,1.0,0.7109375,1.140625,0.921875,0.69140625,0.6015625,0.4296875,0.30859375,0.31640625,0.33203125
827,827,base,0,nan,nan,0.28125,0.4453125,0.49609375,0.32421875,0.20703125,0.34765625,0.765625,0.7890625,1.0859375,1.0390625,1.0703125,1.046875,0.84375,0.99609375,0.984375,1.25,1.125,0.7421875,1.25,1.015625,0.86328125,0.6796875,0.46875,0.34765625,0.30859375,0.3203125
75,75,base,0,nan,nan,0.2890625,0.45703125,0.51171875,0.3125,0.203125,0.32421875,0.765625,0.70703125,1.1015625,1.0078125,1.0390625,0.9921875,0.765625,0.99609375,0.9609375,1.265625,1.1015625,0.765625,1.125,0.9375,0.7265625,0.5859375,0.44140625,0.328125,0.3359375,0.33203125
1573,1573,base,0,nan,nan,0.33203125,0.48046875,0.48828125,0.28125,0.21484375,0.33203125,0.7578125,0.7109375,1.171875,0.94921875,1.0234375,1.0625,0.78515625,0.9453125,0.90625,1.21875,1.0625,0.6953125,1.203125,0.96484375,0.734375,0.59375,0.38671875,0.2734375,0.29296875,0.30859375
2326,2326,base,0,nan,nan,0.296875,0.44140625,0.53125,0.35546875,0.21875,0.35546875,0.75,0.734375,1.109375,0.98828125,0.96484375,1.046875,0.7421875,0.9609375,0.875,1.1796875,1.0,0.7109375,1.140625,0.921875,0.69140625,0.6015625,0.4296875,0.30859375,0.31640625,0.33203125
1574,1574,base,0,nan,nan,0.33203125,0.48046875,0.48828125,0.28125,0.21484375,0.33203125,0.7578125,0.7109375,1.171875,0.94921875,1.0234375,1.0625,0.78515625,0.9453125,0.90625,1.21875,1.0625,0.6953125,1.203125,0.96484375,0.734375,0.59375,0.38671875,0.2734375,0.29296875,0.30859375
828,828,base,0,nan,nan,0.28125,0.4453125,0.49609375,0.32421875,0.20703125,0.34765625,0.765625,0.7890625,1.0859375,1.0390625,1.0703125,1.046875,0.84375,0.99609375,0.984375,1.25,1.125,0.7421875,1.25,1.015625,0.86328125,0.6796875,0.46875,0.34765625,0.30859375,0.3203125
76,76,base,0,nan,nan,0.2890625,0.45703125,0.51171875,0.3125,0.203125,0.32421875,0.765625,0.70703125,1.1015625,1.0078125,1.0390625,0.9921875,0.765625,0.99609375,0.9609375,1.265625,1.1015625,0.765625,1.125,0.9375,0.7265625,0.5859375,0.44140625,0.328125,0.3359375,0.33203125
1575,1575,base,0,nan,nan,0.33203125,0.48046875,0.48828125,0.28125,0.21484375,0.33203125,0.7578125,0.7109375,1.171875,0.94921875,1.0234375,1.0625,0.78515625,0.9453125,0.90625,1.21875,1.0625,0.6953125,1.203125,0.96484375,0.734375,0.59375,0.38671875,0.2734375,0.29296875,0.30859375
2327,2327,base,0,nan,nan,0.296875,0.44140625,0.53125,0.35546875,0.21875,0.35546875,0.75,0.734375,1.109375,0.98828125,0.96484375,1.046875,0.7421875,0.9609375,0.875,1.1796875,1.0,0.7109375,1.140625,0.921875,0.69140625,0.6015625,0.4296875,0.30859375,0.31640625,0.33203125
829,829,base,1,nan,nan,0.296875,0.48828125,0.515625,0.28125,0.20703125,0.359375,0.7578125,0.765625,1.1328125,0.9609375,0.9765625,0.98046875,0.7890625,1.0,0.97265625,1.265625,1.0703125,0.66796875,1.203125,0.921875,0.7578125,0.5859375,0.3984375,0.296875,0.3046875,0.328125
77,77,base,0,nan,nan,0.2890625,0.45703125,0.51171875,0.3125,0.203125,0.32421875,0.765625,0.70703125,1.1015625,1.0078125,1.0390625,0.9921875,0.765625,0.99609375,0.9609375,1.265625,1.1015625,0.765625,1.125,0.9375,0.7265625,0.5859375,0.44140625,0.328125,0.3359375,0.33203125
1576,1576,base,0,nan,nan,0.33203125,0.48046875,0.48828125,0.28125,0.21484375,0.33203125,0.7578125,0.7109375,1.171875,0.94921875,1.0234375,1.0625,0.78515625,0.9453125,0.90625,1.21875,1.0625,0.6953125,1.203125,0.96484375,0.734375,0.59375,0.38671875,0.2734375,0.29296875,0.30859375
2328,2328,base,0,nan,nan,0.296875,0.44140625,0.53125,0.35546875,0.21875,0.35546875,0.75,0.734375,1.109375,0.98828125,0.96484375,1.046875,0.7421875,0.9609375,0.875,1.1796875,1.0,0.7109375,1.140625,0.921875,0.69140625,0.6015625,0.4296875,0.30859375,0.31640625,0.33203125
830,830,base,0,nan,nan,0.296875,0.48828125,0.515625,0.28125,0.20703125,0.359375,0.7578125,0.765625,1.1328125,0.9609375,0.9765625,0.98046875,0.7890625,1.0,0.97265625,1.265625,1.0703125,0.66796875,1.203125,0.921875,0.7578125,0.5859375,0.3984375,0.296875,0.3046875,0.328125
78,78,base,0,nan,nan,0.2890625,0.45703125,0.51171875,0.3125,0.203125,0.32421875,0.765625,0.70703125,1.1015625,1.0078125,1.0390625,0.9921875,0.765625,0.99609375,0.9609375,1.265625,1.1015625,0.765625,1.125,0.9375,0.7265625,0.5859375,0.44140625,0.328125,0.3359375,0.33203125
1577,1577,base,0,nan,nan,0.33203125,0.48046875,0.48828125,0.28125,0.21484375,0.33203125,0.7578125,0.7109375,1.171875,0.94921875,1.0234375,1.0625,0.78515625,0.9453125,0.90625,1.21875,1.0625,0.6953125,1.203125,0.96484375,0.734375,0.59375,0.38671875,0.2734375,0.29296875,0.30859375
2329,2329,base,0,nan,nan,0.28515625,0.43359375,0.4765625,0.30859375,0.21875,0.32421875,0.7578125,0.74609375,1.1328125,0.96875,1.0078125,0.9921875,0.77734375,0.98828125,0.9609375,1.21875,1.03125,0.80078125,1.15625,0.93359375,0.73828125,0.5625,0.40625,0.30078125,0.3359375,0.34765625
831,831,base,0,nan,nan,0.296875,0.48828125,0.515625,0.28125,0.20703125,0.359375,0.7578125,0.765625,1.1328125,0.9609375,0.9765625,0.98046875,0.7890625,1.0,0.97265625,1.265625,1.0703125,0.66796875,1.203125,0.921875,0.7578125,0.5859375,0.3984375,0.296875,0.3046875,0.328125
79,79,base,0,nan,nan,0.30078125,0.4375,0.453125,0.28125,0.20703125,0.30859375,0.765625,0.71484375,1.1328125,0.9921875,1.0390625,1.0234375,0.78515625,1.0078125,0.99609375,1.140625,0.984375,0.80078125,1.1484375,1.015625,0.75,0.6015625,0.453125,0.32421875,0.31640625,0.32421875
1578,1578,base,0,nan,nan,0.33203125,0.48046875,0.48828125,0.28125,0.21484375,0.33203125,0.7578125,0.7109375,1.171875,0.94921875,1.0234375,1.0625,0.78515625,0.9453125,0.90625,1.21875,1.0625,0.6953125,1.203125,0.96484375,0.734375,0.59375,0.38671875,0.2734375,0.29296875,0.30859375
2330,2330,base,0,nan,nan,0.28515625,0.43359375,0.4765625,0.30859375,0.21875,0.32421875,0.7578125,0.74609375,1.1328125,0.96875,1.0078125,0.9921875,0.77734375,0.98828125,0.9609375,1.21875,1.03125,0.80078125,1.15625,0.93359375,0.73828125,0.5625,0.40625,0.30078125,0.3359375,0.34765625
80,80,base,0,nan,nan,0.30078125,0.4375,0.453125,0.28125,0.20703125,0.30859375,0.765625,0.71484375,1.1328125,0.9921875,1.0390625,1.0234375,0.78515625,1.0078125,0.99609375,1.140625,0.984375,0.80078125,1.1484375,1.015625,0.75,0.6015625,0.453125,0.32421875,0.31640625,0.32421875
832,832,base,0,nan,nan,0.296875,0.48828125,0.515625,0.28125,0.20703125,0.359375,0.7578125,0.765625,1.1328125,0.9609375,0.9765625,0.98046875,0.7890625,1.0,0.97265625,1.265625,1.0703125,0.66796875,1.203125,0.921875,0.7578125,0.5859375,0.3984375,0.296875,0.3046875,0.328125
1579,1579,base,0,nan,nan,0.296875,0.4375,0.4921875,0.29296875,0.20703125,0.28515625,0.7421875,0.80078125,1.078125,1.078125,1.0,0.98046875,0.765625,0.97265625,0.921875,1.234375,1.046875,0.734375,1.234375,1.0234375,0.7578125,0.6015625,0.48046875,0.3671875,0.37109375,0.37890625
81,81,base,1,nan,nan,0.30078125,0.4375,0.453125,0.28125,0.20703125,0.30859375,0.765625,0.71484375,1.1328125,0.9921875,1.0390625,1.0234375,0.78515625,1.0078125,0.99609375,1.140625,0.984375,0.80078125,1.1484375,1.015625,0.75,0.6015625,0.453125,0.32421875,0.31640625,0.32421875
2331,2331,base,0,nan,nan,0.28515625,0.43359375,0.4765625,0.30859375,0.21875,0.32421875,0.7578125,0.74609375,1.1328125,0.96875,1.0078125,0.9921875,0.77734375,0.98828125,0.9609375,1.21875,1.03125,0.80078125,1.15625,0.93359375,0.73828125,0.5625,0.40625,0.30078125,0.3359375,0.34765625
833,833,base,0,nan,nan,0.296875,0.48828125,0.515625,0.28125,0.20703125,0.359375,0.7578125,0.765625,1.1328125,0.9609375,0.9765625,0.98046875,0.7890625,1.0,0.97265625,1.265625,1.0703125,0.66796875,1.203125,0.921875,0.7578125,0.5859375,0.3984375,0.296875,0.3046875,0.328125
1580,1580,base,0,nan,nan,0.296875,0.4375,0.4921875,0.29296875,0.20703125,0.28515625,0.7421875,0.80078125,1.078125,1.078125,1.0,0.98046875,0.765625,0.97265625,0.921875,1.234375,1.046875,0.734375,1.234375,1.0234375,0.7578125,0.6015625,0.48046875,0.3671875,0.37109375,0.37890625
82,82,base,0,nan,nan,0.30078125,0.4375,0.453125,0.28125,0.20703125,0.30859375,0.765625,0.71484375,1.1328125,0.9921875,1.0390625,1.0234375,0.78515625,1.0078125,0.99609375,1.140625,0.984375,0.80078125,1.1484375,1.015625,0.75,0.6015625,0.453125,0.32421875,0.31640625,0.32421875
2332,2332,base,0,nan,nan,0.28515625,0.43359375,0.4765625,0.30859375,0.21875,0.32421875,0.7578125,0.74609375,1.1328125,0.96875,1.0078125,0.9921875,0.77734375,0.98828125,0.9609375,1.21875,1.03125,0.80078125,1.15625,0.93359375,0.73828125,0.5625,0.40625,0.30078125,0.3359375,0.34765625
834,834,base,0,nan,nan,0.296875,0.48828125,0.515625,0.28125,0.20703125,0.359375,0.7578125,0.765625,1.1328125,0.9609375,0.9765625,0.98046875,0.7890625,1.0,0.97265625,1.265625,1.0703125,0.66796875,1.203125,0.921875,0.7578125,0.5859375,0.3984375,0.296875,0.3046875,0.328125
1581,1581,base,0,nan,nan,0.296875,0.4375,0.4921875,0.29296875,0.20703125,0.28515625,0.7421875,0.80078125,1.078125,1.078125,1.0,0.98046875,0.765625,0.97265625,0.921875,1.234375,1.046875,0.734375,1.234375,1.0234375,0.7578125,0.6015625,0.48046875,0.3671875,0.37109375,0.37890625
83,83,base,1,nan,nan,0.30078125,0.4375,0.453125,0.28125,0.20703125,0.30859375,0.765625,0.71484375,1.1328125,0.9921875,1.0390625,1.0234375,0.78515625,1.0078125,0.99609375,1.140625,0.984375,0.80078125,1.1484375,1.015625,0.75,0.6015625,0.453125,0.32421875,0.31640625,0.32421875
2333,2333,base,0,nan,nan,0.28515625,0.43359375,0.4765625,0.30859375,0.21875,0.32421875,0.7578125,0.74609375,1.1328125,0.96875,1.0078125,0.9921875,0.77734375,0.98828125,0.9609375,1.21875,1.03125,0.80078125,1.15625,0.93359375,0.73828125,0.5625,0.40625,0.30078125,0.3359375,0.34765625
1582,1582,base,0,nan,nan,0.296875,0.4375,0.4921875,0.29296875,0.20703125,0.28515625,0.7421875,0.80078125,1.078125,1.078125,1.0,0.98046875,0.765625,0.97265625,0.921875,1.234375,1.046875,0.734375,1.234375,1.0234375,0.7578125,0.6015625,0.48046875,0.3671875,0.37109375,0.37890625
835,835,base,0,nan,nan,0.28125,0.4375,0.4453125,0.2734375,0.1875,0.3046875,0.80078125,0.703125,1.1328125,0.93359375,1.015625,0.98046875,0.8359375,0.97265625,0.92578125,1.15625,1.0546875,0.8125,1.203125,1.0078125,0.78125,0.5703125,0.3984375,0.2578125,0.27734375,0.29296875
84,84,base,0,nan,nan,0.30078125,0.4375,0.453125,0.28125,0.20703125,0.30859375,0.765625,0.71484375,1.1328125,0.9921875,1.0390625,1.0234375,0.78515625,1.0078125,0.99609375,1.140625,0.984375,0.80078125,1.1484375,1.015625,0.75,0.6015625,0.453125,0.32421875,0.31640625,0.32421875
2334,2334,base,0,nan,nan,0.28515625,0.43359375,0.4765625,0.30859375,0.21875,0.32421875,0.7578125,0.74609375,1.1328125,0.96875,1.0078125,0.9921875,0.77734375,0.98828125,0.9609375,1.21875,1.03125,0.80078125,1.15625,0.93359375,0.73828125,0.5625,0.40625,0.30078125,0.3359375,0.34765625
1583,1583,base,0,nan,nan,0.296875,0.4375,0.4921875,0.29296875,0.20703125,0.28515625,0.7421875,0.80078125,1.078125,1.078125,1.0,0.98046875,0.765625,0.97265625,0.921875,1.234375,1.046875,0.734375,1.234375,1.0234375,0.7578125,0.6015625,0.48046875,0.3671875,0.37109375,0.37890625
85,85,base,0,nan,nan,0.296875,0.4765625,0.5078125,0.29296875,0.20703125,0.328125,0.78125,0.734375,1.1328125,0.98046875,1.0390625,1.046875,0.796875,0.91796875,0.859375,1.2421875,1.0546875,0.7734375,1.203125,0.97265625,0.8671875,0.6796875,0.42578125,0.328125,0.34375,0.34765625
836,836,base,0,nan,nan,0.28125,0.4375,0.4453125,0.2734375,0.1875,0.3046875,0.80078125,0.703125,1.1328125,0.93359375,1.015625,0.98046875,0.8359375,0.97265625,0.92578125,1.15625,1.0546875,0.8125,1.203125,1.0078125,0.78125,0.5703125,0.3984375,0.2578125,0.27734375,0.29296875
2335,2335,base,0,nan,nan,0.29296875,0.484375,0.55078125,0.3203125,0.23046875,0.3671875,0.76953125,0.73828125,1.1328125,0.95703125,0.9921875,0.94921875,0.76171875,1.0390625,1.0,1.296875,1.078125,0.66015625,1.1328125,0.9375,0.6015625,0.5390625,0.37109375,0.26953125,0.296875,0.2890625
86,86,base,0,nan,nan,0.296875,0.4765625,0.5078125,0.29296875,0.20703125,0.328125,0.78125,0.734375,1.1328125,0.98046875,1.0390625,1.046875,0.796875,0.91796875,0.859375,1.2421875,1.0546875,0.7734375,1.203125,0.97265625,0.8671875,0.6796875,0.42578125,0.328125,0.34375,0.34765625
1584,1584,base,0,nan,nan,0.296875,0.4375,0.4921875,0.29296875,0.20703125,0.28515625,0.7421875,0.80078125,1.078125,1.078125,1.0,0.98046875,0.765625,0.97265625,0.921875,1.234375,1.046875,0.734375,1.234375,1.0234375,0.7578125,0.6015625,0.48046875,0.3671875,0.37109375,0.37890625
837,837,base,1,nan,nan,0.28125,0.4375,0.4453125,0.2734375,0.1875,0.3046875,0.80078125,0.703125,1.1328125,0.93359375,1.015625,0.98046875,0.8359375,0.97265625,0.92578125,1.15625,1.0546875,0.8125,1.203125,1.0078125,0.78125,0.5703125,0.3984375,0.2578125,0.27734375,0.29296875
87,87,base,0,nan,nan,0.296875,0.4765625,0.5078125,0.29296875,0.20703125,0.328125,0.78125,0.734375,1.1328125,0.98046875,1.0390625,1.046875,0.796875,0.91796875,0.859375,1.2421875,1.0546875,0.7734375,1.203125,0.97265625,0.8671875,0.6796875,0.42578125,0.328125,0.34375,0.34765625
2336,2336,base,0,nan,nan,0.29296875,0.484375,0.55078125,0.3203125,0.23046875,0.3671875,0.76953125,0.73828125,1.1328125,0.95703125,0.9921875,0.94921875,0.76171875,1.0390625,1.0,1.296875,1.078125,0.66015625,1.1328125,0.9375,0.6015625,0.5390625,0.37109375,0.26953125,0.296875,0.2890625
1585,1585,base,1,nan,nan,0.28125,0.4375,0.5078125,0.30859375,0.1953125,0.3359375,0.75390625,0.71875,1.078125,0.984375,0.99609375,1.0234375,0.8203125,0.9765625,0.93359375,1.140625,1.046875,0.7421875,1.203125,0.98828125,0.80078125,0.62890625,0.4453125,0.3046875,0.3046875,0.30859375
88,88,base,0,nan,nan,0.296875,0.4765625,0.5078125,0.29296875,0.20703125,0.328125,0.78125,0.734375,1.1328125,0.98046875,1.0390625,1.046875,0.796875,0.91796875,0.859375,1.2421875,1.0546875,0.7734375,1.203125,0.97265625,0.8671875,0.6796875,0.42578125,0.328125,0.34375,0.34765625
838,838,base,0,nan,nan,0.28125,0.4375,0.4453125,0.2734375,0.1875,0.3046875,0.80078125,0.703125,1.1328125,0.93359375,1.015625,0.98046875,0.8359375,0.97265625,0.92578125,1.15625,1.0546875,0.8125,1.203125,1.0078125,0.78125,0.5703125,0.3984375,0.2578125,0.27734375,0.29296875
2337,2337,base,1,nan,nan,0.29296875,0.484375,0.55078125,0.3203125,0.23046875,0.3671875,0.76953125,0.73828125,1.1328125,0.95703125,0.9921875,0.94921875,0.76171875,1.0390625,1.0,1.296875,1.078125,0.66015625,1.1328125,0.9375,0.6015625,0.5390625,0.37109375,0.26953125,0.296875,0.2890625
1586,1586,base,0,nan,nan,0.28125,0.4375,0.5078125,0.30859375,0.1953125,0.3359375,0.75390625,0.71875,1.078125,0.984375,0.99609375,1.0234375,0.8203125,0.9765625,0.93359375,1.140625,1.046875,0.7421875,1.203125,0.98828125,0.80078125,0.62890625,0.4453125,0.3046875,0.3046875,0.30859375
89,89,base,0,nan,nan,0.296875,0.4765625,0.5078125,0.29296875,0.20703125,0.328125,0.78125,0.734375,1.1328125,0.98046875,1.0390625,1.046875,0.796875,0.91796875,0.859375,1.2421875,1.0546875,0.7734375,1.203125,0.97265625,0.8671875,0.6796875,0.42578125,0.328125,0.34375,0.34765625
2338,2338,base,0,nan,nan,0.29296875,0.484375,0.55078125,0.3203125,0.23046875,0.3671875,0.76953125,0.73828125,1.1328125,0.95703125,0.9921875,0.94921875,0.76171875,1.0390625,1.0,1.296875,1.078125,0.66015625,1.1328125,0.9375,0.6015625,0.5390625,0.37109375,0.26953125,0.296875,0.2890625
839,839,base,1,nan,nan,0.28125,0.4375,0.4453125,0.2734375,0.1875,0.3046875,0.80078125,0.703125,1.1328125,0.93359375,1.015625,0.98046875,0.8359375,0.97265625,0.92578125,1.15625,1.0546875,0.8125,1.203125,1.0078125,0.78125,0.5703125,0.3984375,0.2578125,0.27734375,0.29296875
1587,1587,base,0,nan,nan,0.28125,0.4375,0.5078125,0.30859375,0.1953125,0.3359375,0.75390625,0.71875,1.078125,0.984375,0.99609375,1.0234375,0.8203125,0.9765625,0.93359375,1.140625,1.046875,0.7421875,1.203125,0.98828125,0.80078125,0.62890625,0.4453125,0.3046875,0.3046875,0.30859375
90,90,base,0,nan,nan,0.296875,0.4765625,0.5078125,0.29296875,0.20703125,0.328125,0.78125,0.734375,1.1328125,0.98046875,1.0390625,1.046875,0.796875,0.91796875,0.859375,1.2421875,1.0546875,0.7734375,1.203125,0.97265625,0.8671875,0.6796875,0.42578125,0.328125,0.34375,0.34765625
2339,2339,base,0,nan,nan,0.29296875,0.484375,0.55078125,0.3203125,0.23046875,0.3671875,0.76953125,0.73828125,1.1328125,0.95703125,0.9921875,0.94921875,0.76171875,1.0390625,1.0,1.296875,1.078125,0.66015625,1.1328125,0.9375,0.6015625,0.5390625,0.37109375,0.26953125,0.296875,0.2890625
840,840,base,0,nan,nan,0.28125,0.4375,0.4453125,0.2734375,0.1875,0.3046875,0.80078125,0.703125,1.1328125,0.93359375,1.015625,0.98046875,0.8359375,0.97265625,0.92578125,1.15625,1.0546875,0.8125,1.203125,1.0078125,0.78125,0.5703125,0.3984375,0.2578125,0.27734375,0.29296875
1588,1588,base,0,nan,nan,0.28125,0.4375,0.5078125,0.30859375,0.1953125,0.3359375,0.75390625,0.71875,1.078125,0.984375,0.99609375,1.0234375,0.8203125,0.9765625,0.93359375,1.140625,1.046875,0.7421875,1.203125,0.98828125,0.80078125,0.62890625,0.4453125,0.3046875,0.3046875,0.30859375
91,91,base,0,nan,nan,0.28515625,0.42578125,0.48046875,0.30078125,0.2109375,0.32421875,0.7265625,0.765625,1.140625,0.984375,0.9609375,0.9921875,0.79296875,0.9375,0.8671875,1.265625,1.078125,0.6875,1.171875,0.953125,0.71875,0.6015625,0.40234375,0.2890625,0.3125,0.33203125
2340,2340,base,0,nan,nan,0.29296875,0.484375,0.55078125,0.3203125,0.23046875,0.3671875,0.76953125,0.73828125,1.1328125,0.95703125,0.9921875,0.94921875,0.76171875,1.0390625,1.0,1.296875,1.078125,0.66015625,1.1328125,0.9375,0.6015625,0.5390625,0.37109375,0.26953125,0.296875,0.2890625
841,841,base,0,nan,nan,0.2890625,0.45703125,0.5078125,0.31640625,0.22265625,0.3359375,0.75390625,0.7109375,1.140625,0.9453125,0.95703125,1.015625,0.7734375,0.9453125,0.9140625,1.265625,1.1171875,0.6328125,1.09375,0.90234375,0.6484375,0.56640625,0.42578125,0.29296875,0.32421875,0.33203125
1589,1589,base,1,nan,nan,0.28125,0.4375,0.5078125,0.30859375,0.1953125,0.3359375,0.75390625,0.71875,1.078125,0.984375,0.99609375,1.0234375,0.8203125,0.9765625,0.93359375,1.140625,1.046875,0.7421875,1.203125,0.98828125,0.80078125,0.62890625,0.4453125,0.3046875,0.3046875,0.30859375
92,92,base,0,nan,nan,0.28515625,0.42578125,0.48046875,0.30078125,0.2109375,0.32421875,0.7265625,0.765625,1.140625,0.984375,0.9609375,0.9921875,0.79296875,0.9375,0.8671875,1.265625,1.078125,0.6875,1.171875,0.953125,0.71875,0.6015625,0.40234375,0.2890625,0.3125,0.33203125
2341,2341,base,1,nan,nan,0.30078125,0.4296875,0.5078125,0.35546875,0.21875,0.35546875,0.78515625,0.71875,1.140625,0.9609375,0.953125,1.0,0.8203125,0.9453125,0.8984375,1.1328125,1.0234375,0.671875,1.125,0.90234375,0.6953125,0.5859375,0.43359375,0.30859375,0.296875,0.29296875
842,842,base,0,nan,nan,0.2890625,0.45703125,0.5078125,0.31640625,0.22265625,0.3359375,0.75390625,0.7109375,1.140625,0.9453125,0.95703125,1.015625,0.7734375,0.9453125,0.9140625,1.265625,1.1171875,0.6328125,1.09375,0.90234375,0.6484375,0.56640625,0.42578125,0.29296875,0.32421875,0.33203125
1590,1590,base,0,nan,nan,0.28125,0.4375,0.5078125,0.30859375,0.1953125,0.3359375,0.75390625,0.71875,1.078125,0.984375,0.99609375,1.0234375,0.8203125,0.9765625,0.93359375,1.140625,1.046875,0.7421875,1.203125,0.98828125,0.80078125,0.62890625,0.4453125,0.3046875,0.3046875,0.30859375
93,93,base,0,nan,nan,0.28515625,0.42578125,0.48046875,0.30078125,0.2109375,0.32421875,0.7265625,0.765625,1.140625,0.984375,0.9609375,0.9921875,0.79296875,0.9375,0.8671875,1.265625,1.078125,0.6875,1.171875,0.953125,0.71875,0.6015625,0.40234375,0.2890625,0.3125,0.33203125
2342,2342,base,0,nan,nan,0.30078125,0.4296875,0.5078125,0.35546875,0.21875,0.35546875,0.78515625,0.71875,1.140625,0.9609375,0.953125,1.0,0.8203125,0.9453125,0.8984375,1.1328125,1.0234375,0.671875,1.125,0.90234375,0.6953125,0.5859375,0.43359375,0.30859375,0.296875,0.29296875
843,843,base,1,nan,nan,0.2890625,0.45703125,0.5078125,0.31640625,0.22265625,0.3359375,0.75390625,0.7109375,1.140625,0.9453125,0.95703125,1.015625,0.7734375,0.9453125,0.9140625,1.265625,1.1171875,0.6328125,1.09375,0.90234375,0.6484375,0.56640625,0.42578125,0.29296875,0.32421875,0.33203125
1591,1591,base,1,nan,nan,0.28125,0.43359375,0.56640625,0.3984375,0.25390625,0.37109375,0.78515625,0.76171875,1.1328125,0.921875,0.96875,0.953125,0.859375,1.0078125,0.9609375,1.28125,1.109375,0.6171875,1.1171875,0.953125,0.5546875,0.54296875,0.41796875,0.30078125,0.28125,0.29296875
94,94,base,0,nan,nan,0.28515625,0.42578125,0.48046875,0.30078125,0.2109375,0.32421875,0.7265625,0.765625,1.140625,0.984375,0.9609375,0.9921875,0.79296875,0.9375,0.8671875,1.265625,1.078125,0.6875,1.171875,0.953125,0.71875,0.6015625,0.40234375,0.2890625,0.3125,0.33203125
2343,2343,base,1,nan,nan,0.30078125,0.4296875,0.5078125,0.35546875,0.21875,0.35546875,0.78515625,0.71875,1.140625,0.9609375,0.953125,1.0,0.8203125,0.9453125,0.8984375,1.1328125,1.0234375,0.671875,1.125,0.90234375,0.6953125,0.5859375,0.43359375,0.30859375,0.296875,0.29296875
844,844,base,0,nan,nan,0.2890625,0.45703125,0.5078125,0.31640625,0.22265625,0.3359375,0.75390625,0.7109375,1.140625,0.9453125,0.95703125,1.015625,0.7734375,0.9453125,0.9140625,1.265625,1.1171875,0.6328125,1.09375,0.90234375,0.6484375,0.56640625,0.42578125,0.29296875,0.32421875,0.33203125
1592,1592,base,0,nan,nan,0.28125,0.43359375,0.56640625,0.3984375,0.25390625,0.37109375,0.78515625,0.76171875,1.1328125,0.921875,0.96875,0.953125,0.859375,1.0078125,0.9609375,1.28125,1.109375,0.6171875,1.1171875,0.953125,0.5546875,0.54296875,0.41796875,0.30078125,0.28125,0.29296875
95,95,base,0,nan,nan,0.28515625,0.42578125,0.48046875,0.30078125,0.2109375,0.32421875,0.7265625,0.765625,1.140625,0.984375,0.9609375,0.9921875,0.79296875,0.9375,0.8671875,1.265625,1.078125,0.6875,1.171875,0.953125,0.71875,0.6015625,0.40234375,0.2890625,0.3125,0.33203125
2344,2344,base,0,nan,nan,0.30078125,0.4296875,0.5078125,0.35546875,0.21875,0.35546875,0.78515625,0.71875,1.140625,0.9609375,0.953125,1.0,0.8203125,0.9453125,0.8984375,1.1328125,1.0234375,0.671875,1.125,0.90234375,0.6953125,0.5859375,0.43359375,0.30859375,0.296875,0.29296875
845,845,base,0,nan,nan,0.2890625,0.45703125,0.5078125,0.31640625,0.22265625,0.3359375,0.75390625,0.7109375,1.140625,0.9453125,0.95703125,1.015625,0.7734375,0.9453125,0.9140625,1.265625,1.1171875,0.6328125,1.09375,0.90234375,0.6484375,0.56640625,0.42578125,0.29296875,0.32421875,0.33203125
1593,1593,base,1,nan,nan,0.28125,0.43359375,0.56640625,0.3984375,0.25390625,0.37109375,0.78515625,0.76171875,1.1328125,0.921875,0.96875,0.953125,0.859375,1.0078125,0.9609375,1.28125,1.109375,0.6171875,1.1171875,0.953125,0.5546875,0.54296875,0.41796875,0.30078125,0.28125,0.29296875
96,96,base,1,nan,nan,0.28515625,0.42578125,0.48046875,0.30078125,0.2109375,0.32421875,0.7265625,0.765625,1.140625,0.984375,0.9609375,0.9921875,0.79296875,0.9375,0.8671875,1.265625,1.078125,0.6875,1.171875,0.953125,0.71875,0.6015625,0.40234375,0.2890625,0.3125,0.33203125
2345,2345,base,0,nan,nan,0.30078125,0.4296875,0.5078125,0.35546875,0.21875,0.35546875,0.78515625,0.71875,1.140625,0.9609375,0.953125,1.0,0.8203125,0.9453125,0.8984375,1.1328125,1.0234375,0.671875,1.125,0.90234375,0.6953125,0.5859375,0.43359375,0.30859375,0.296875,0.29296875
846,846,base,0,nan,nan,0.2890625,0.45703125,0.5078125,0.31640625,0.22265625,0.3359375,0.75390625,0.7109375,1.140625,0.9453125,0.95703125,1.015625,0.7734375,0.9453125,0.9140625,1.265625,1.1171875,0.6328125,1.09375,0.90234375,0.6484375,0.56640625,0.42578125,0.29296875,0.32421875,0.33203125
97,97,base,0,nan,nan,0.29296875,0.4609375,0.4921875,0.30078125,0.2265625,0.32421875,0.7421875,0.734375,1.171875,0.93359375,0.98828125,0.97265625,0.8046875,0.96875,0.97265625,1.2578125,1.0390625,0.75,1.109375,0.9296875,0.6015625,0.51953125,0.37890625,0.30078125,0.29296875,0.30078125
1594,1594,base,0,nan,nan,0.28125,0.43359375,0.56640625,0.3984375,0.25390625,0.37109375,0.78515625,0.76171875,1.1328125,0.921875,0.96875,0.953125,0.859375,1.0078125,0.9609375,1.28125,1.109375,0.6171875,1.1171875,0.953125,0.5546875,0.54296875,0.41796875,0.30078125,0.28125,0.29296875
2346,2346,base,0,nan,nan,0.30078125,0.4296875,0.5078125,0.35546875,0.21875,0.35546875,0.78515625,0.71875,1.140625,0.9609375,0.953125,1.0,0.8203125,0.9453125,0.8984375,1.1328125,1.0234375,0.671875,1.125,0.90234375,0.6953125,0.5859375,0.43359375,0.30859375,0.296875,0.29296875
847,847,base,1,nan,nan,0.29296875,0.453125,0.51953125,0.3203125,0.2265625,0.34765625,0.78125,0.71875,1.1328125,0.87890625,0.97265625,1.03125,0.7421875,0.98828125,0.95703125,1.203125,1.0390625,0.69140625,1.1875,0.9921875,0.60546875,0.50390625,0.3515625,0.2578125,0.265625,0.27734375
98,98,base,0,nan,nan,0.29296875,0.4609375,0.4921875,0.30078125,0.2265625,0.32421875,0.7421875,0.734375,1.171875,0.93359375,0.98828125,0.97265625,0.8046875,0.96875,0.97265625,1.2578125,1.0390625,0.75,1.109375,0.9296875,0.6015625,0.51953125,0.37890625,0.30078125,0.29296875,0.30078125
1595,1595,base,0,nan,nan,0.28125,0.43359375,0.56640625,0.3984375,0.25390625,0.37109375,0.78515625,0.76171875,1.1328125,0.921875,0.96875,0.953125,0.859375,1.0078125,0.9609375,1.28125,1.109375,0.6171875,1.1171875,0.953125,0.5546875,0.54296875,0.41796875,0.30078125,0.28125,0.29296875
2347,2347,base,0,nan,nan,0.29296875,0.4609375,0.52734375,0.34375,0.23828125,0.32421875,0.71875,0.75,1.1015625,1.0625,0.94140625,0.95703125,0.8046875,0.94921875,0.9140625,1.2734375,1.078125,0.69140625,1.046875,0.859375,0.6484375,0.578125,0.41796875,0.296875,0.328125,0.34375
2348,2348,base,0,nan,nan,0.29296875,0.4609375,0.52734375,0.34375,0.23828125,0.32421875,0.71875,0.75,1.1015625,1.0625,0.94140625,0.95703125,0.8046875,0.94921875,0.9140625,1.2734375,1.078125,0.69140625,1.046875,0.859375,0.6484375,0.578125,0.41796875,0.296875,0.328125,0.34375
848,848,base,0,nan,nan,0.29296875,0.453125,0.51953125,0.3203125,0.2265625,0.34765625,0.78125,0.71875,1.1328125,0.87890625,0.97265625,1.03125,0.7421875,0.98828125,0.95703125,1.203125,1.0390625,0.69140625,1.1875,0.9921875,0.60546875,0.50390625,0.3515625,0.2578125,0.265625,0.27734375
1596,1596,base,0,nan,nan,0.28125,0.43359375,0.56640625,0.3984375,0.25390625,0.37109375,0.78515625,0.76171875,1.1328125,0.921875,0.96875,0.953125,0.859375,1.0078125,0.9609375,1.28125,1.109375,0.6171875,1.1171875,0.953125,0.5546875,0.54296875,0.41796875,0.30078125,0.28125,0.29296875
99,99,base,1,nan,nan,0.29296875,0.4609375,0.4921875,0.30078125,0.2265625,0.32421875,0.7421875,0.734375,1.171875,0.93359375,0.98828125,0.97265625,0.8046875,0.96875,0.97265625,1.2578125,1.0390625,0.75,1.109375,0.9296875,0.6015625,0.51953125,0.37890625,0.30078125,0.29296875,0.30078125
1597,1597,base,0,nan,nan,0.3125,0.4609375,0.453125,0.27734375,0.2109375,0.31640625,0.7578125,0.75,1.1640625,0.95703125,1.0234375,1.0234375,0.8125,0.953125,0.921875,1.1875,1.0546875,0.65234375,1.171875,0.98828125,0.61328125,0.515625,0.37109375,0.25390625,0.27734375,0.30078125
2349,2349,base,0,nan,nan,0.29296875,0.4609375,0.52734375,0.34375,0.23828125,0.32421875,0.71875,0.75,1.1015625,1.0625,0.94140625,0.95703125,0.8046875,0.94921875,0.9140625,1.2734375,1.078125,0.69140625,1.046875,0.859375,0.6484375,0.578125,0.41796875,0.296875,0.328125,0.34375
100,100,base,0,nan,nan,0.29296875,0.4609375,0.4921875,0.30078125,0.2265625,0.32421875,0.7421875,0.734375,1.171875,0.93359375,0.98828125,0.97265625,0.8046875,0.96875,0.97265625,1.2578125,1.0390625,0.75,1.109375,0.9296875,0.6015625,0.51953125,0.37890625,0.30078125,0.29296875,0.30078125
849,849,base,0,nan,nan,0.29296875,0.453125,0.51953125,0.3203125,0.2265625,0.34765625,0.78125,0.71875,1.1328125,0.87890625,0.97265625,1.03125,0.7421875,0.98828125,0.95703125,1.203125,1.0390625,0.69140625,1.1875,0.9921875,0.60546875,0.50390625,0.3515625,0.2578125,0.265625,0.27734375
2350,2350,base,0,nan,nan,0.29296875,0.4609375,0.52734375,0.34375,0.23828125,0.32421875,0.71875,0.75,1.1015625,1.0625,0.94140625,0.95703125,0.8046875,0.94921875,0.9140625,1.2734375,1.078125,0.69140625,1.046875,0.859375,0.6484375,0.578125,0.41796875,0.296875,0.328125,0.34375
1598,1598,base,0,nan,nan,0.3125,0.4609375,0.453125,0.27734375,0.2109375,0.31640625,0.7578125,0.75,1.1640625,0.95703125,1.0234375,1.0234375,0.8125,0.953125,0.921875,1.1875,1.0546875,0.65234375,1.171875,0.98828125,0.61328125,0.515625,0.37109375,0.25390625,0.27734375,0.30078125
101,101,base,0,nan,nan,0.29296875,0.4609375,0.4921875,0.30078125,0.2265625,0.32421875,0.7421875,0.734375,1.171875,0.93359375,0.98828125,0.97265625,0.8046875,0.96875,0.97265625,1.2578125,1.0390625,0.75,1.109375,0.9296875,0.6015625,0.51953125,0.37890625,0.30078125,0.29296875,0.30078125
850,850,base,0,nan,nan,0.29296875,0.453125,0.51953125,0.3203125,0.2265625,0.34765625,0.78125,0.71875,1.1328125,0.87890625,0.97265625,1.03125,0.7421875,0.98828125,0.95703125,1.203125,1.0390625,0.69140625,1.1875,0.9921875,0.60546875,0.50390625,0.3515625,0.2578125,0.265625,0.27734375
2351,2351,base,0,nan,nan,0.29296875,0.4609375,0.52734375,0.34375,0.23828125,0.32421875,0.71875,0.75,1.1015625,1.0625,0.94140625,0.95703125,0.8046875,0.94921875,0.9140625,1.2734375,1.078125,0.69140625,1.046875,0.859375,0.6484375,0.578125,0.41796875,0.296875,0.328125,0.34375
102,102,base,0,nan,nan,0.29296875,0.4609375,0.4921875,0.30078125,0.2265625,0.32421875,0.7421875,0.734375,1.171875,0.93359375,0.98828125,0.97265625,0.8046875,0.96875,0.97265625,1.2578125,1.0390625,0.75,1.109375,0.9296875,0.6015625,0.51953125,0.37890625,0.30078125,0.29296875,0.30078125
851,851,base,0,nan,nan,0.29296875,0.453125,0.51953125,0.3203125,0.2265625,0.34765625,0.78125,0.71875,1.1328125,0.87890625,0.97265625,1.03125,0.7421875,0.98828125,0.95703125,1.203125,1.0390625,0.69140625,1.1875,0.9921875,0.60546875,0.50390625,0.3515625,0.2578125,0.265625,0.27734375
2352,2352,base,0,nan,nan,0.29296875,0.4609375,0.52734375,0.34375,0.23828125,0.32421875,0.71875,0.75,1.1015625,1.0625,0.94140625,0.95703125,0.8046875,0.94921875,0.9140625,1.2734375,1.078125,0.69140625,1.046875,0.859375,0.6484375,0.578125,0.41796875,0.296875,0.328125,0.34375
1599,1599,base,0,nan,nan,0.3125,0.4609375,0.453125,0.27734375,0.2109375,0.31640625,0.7578125,0.75,1.1640625,0.95703125,1.0234375,1.0234375,0.8125,0.953125,0.921875,1.1875,1.0546875,0.65234375,1.171875,0.98828125,0.61328125,0.515625,0.37109375,0.25390625,0.27734375,0.30078125
103,103,base,0,nan,nan,0.28515625,0.44140625,0.484375,0.3046875,0.20703125,0.30078125,0.796875,0.75,1.0703125,1.015625,1.0625,1.0546875,0.828125,0.99609375,1.0078125,1.25,1.09375,0.7734375,1.2421875,0.99609375,0.8359375,0.6640625,0.47265625,0.33984375,0.33984375,0.359375
2353,2353,base,0,nan,nan,0.3203125,0.4453125,0.5234375,0.359375,0.2421875,0.328125,0.76953125,0.76171875,1.125,0.99609375,1.0078125,1.03125,0.82421875,0.9296875,0.828125,1.125,1.0234375,0.77734375,1.1875,0.9765625,0.7578125,0.546875,0.39453125,0.26953125,0.30859375,0.35546875
852,852,base,0,nan,nan,0.29296875,0.453125,0.51953125,0.3203125,0.2265625,0.34765625,0.78125,0.71875,1.1328125,0.87890625,0.97265625,1.03125,0.7421875,0.98828125,0.95703125,1.203125,1.0390625,0.69140625,1.1875,0.9921875,0.60546875,0.50390625,0.3515625,0.2578125,0.265625,0.27734375
1600,1600,base,0,nan,nan,0.3125,0.4609375,0.453125,0.27734375,0.2109375,0.31640625,0.7578125,0.75,1.1640625,0.95703125,1.0234375,1.0234375,0.8125,0.953125,0.921875,1.1875,1.0546875,0.65234375,1.171875,0.98828125,0.61328125,0.515625,0.37109375,0.25390625,0.27734375,0.30078125
104,104,base,0,nan,nan,0.28515625,0.44140625,0.484375,0.3046875,0.20703125,0.30078125,0.796875,0.75,1.0703125,1.015625,1.0625,1.0546875,0.828125,0.99609375,1.0078125,1.25,1.09375,0.7734375,1.2421875,0.99609375,0.8359375,0.6640625,0.47265625,0.33984375,0.33984375,0.359375
2354,2354,base,0,nan,nan,0.3203125,0.4453125,0.5234375,0.359375,0.2421875,0.328125,0.76953125,0.76171875,1.125,0.99609375,1.0078125,1.03125,0.82421875,0.9296875,0.828125,1.125,1.0234375,0.77734375,1.1875,0.9765625,0.7578125,0.546875,0.39453125,0.26953125,0.30859375,0.35546875
853,853,base,0,nan,nan,0.30078125,0.4609375,0.46484375,0.296875,0.21875,0.3125,0.7578125,0.73828125,1.140625,0.953125,0.98046875,0.98828125,0.80859375,0.9609375,0.9296875,1.203125,1.03125,0.734375,1.1796875,0.98046875,0.6796875,0.59375,0.3984375,0.28125,0.30078125,0.3046875
1601,1601,base,0,nan,nan,0.3125,0.4609375,0.453125,0.27734375,0.2109375,0.31640625,0.7578125,0.75,1.1640625,0.95703125,1.0234375,1.0234375,0.8125,0.953125,0.921875,1.1875,1.0546875,0.65234375,1.171875,0.98828125,0.61328125,0.515625,0.37109375,0.25390625,0.27734375,0.30078125
105,105,base,0,nan,nan,0.28515625,0.44140625,0.484375,0.3046875,0.20703125,0.30078125,0.796875,0.75,1.0703125,1.015625,1.0625,1.0546875,0.828125,0.99609375,1.0078125,1.25,1.09375,0.7734375,1.2421875,0.99609375,0.8359375,0.6640625,0.47265625,0.33984375,0.33984375,0.359375
2355,2355,base,1,nan,nan,0.3203125,0.4453125,0.5234375,0.359375,0.2421875,0.328125,0.76953125,0.76171875,1.125,0.99609375,1.0078125,1.03125,0.82421875,0.9296875,0.828125,1.125,1.0234375,0.77734375,1.1875,0.9765625,0.7578125,0.546875,0.39453125,0.26953125,0.30859375,0.35546875
854,854,base,0,nan,nan,0.30078125,0.4609375,0.46484375,0.296875,0.21875,0.3125,0.7578125,0.73828125,1.140625,0.953125,0.98046875,0.98828125,0.80859375,0.9609375,0.9296875,1.203125,1.03125,0.734375,1.1796875,0.98046875,0.6796875,0.59375,0.3984375,0.28125,0.30078125,0.3046875
1602,1602,base,0,nan,nan,0.3125,0.4609375,0.453125,0.27734375,0.2109375,0.31640625,0.7578125,0.75,1.1640625,0.95703125,1.0234375,1.0234375,0.8125,0.953125,0.921875,1.1875,1.0546875,0.65234375,1.171875,0.98828125,0.61328125,0.515625,0.37109375,0.25390625,0.27734375,0.30078125
106,106,base,0,nan,nan,0.28515625,0.44140625,0.484375,0.3046875,0.20703125,0.30078125,0.796875,0.75,1.0703125,1.015625,1.0625,1.0546875,0.828125,0.99609375,1.0078125,1.25,1.09375,0.7734375,1.2421875,0.99609375,0.8359375,0.6640625,0.47265625,0.33984375,0.33984375,0.359375
2356,2356,base,0,nan,nan,0.3203125,0.4453125,0.5234375,0.359375,0.2421875,0.328125,0.76953125,0.76171875,1.125,0.99609375,1.0078125,1.03125,0.82421875,0.9296875,0.828125,1.125,1.0234375,0.77734375,1.1875,0.9765625,0.7578125,0.546875,0.39453125,0.26953125,0.30859375,0.35546875
855,855,base,0,nan,nan,0.30078125,0.4609375,0.46484375,0.296875,0.21875,0.3125,0.7578125,0.73828125,1.140625,0.953125,0.98046875,0.98828125,0.80859375,0.9609375,0.9296875,1.203125,1.03125,0.734375,1.1796875,0.98046875,0.6796875,0.59375,0.3984375,0.28125,0.30078125,0.3046875
1603,1603,base,0,nan,nan,0.28515625,0.43359375,0.484375,0.32421875,0.19140625,0.3359375,0.75390625,0.74609375,1.203125,0.87890625,1.046875,1.0390625,0.82421875,0.953125,0.93359375,1.125,1.046875,0.8046875,1.15625,0.92578125,0.8125,0.6015625,0.421875,0.28515625,0.2734375,0.296875
107,107,base,0,nan,nan,0.28515625,0.44140625,0.484375,0.3046875,0.20703125,0.30078125,0.796875,0.75,1.0703125,1.015625,1.0625,1.0546875,0.828125,0.99609375,1.0078125,1.25,1.09375,0.7734375,1.2421875,0.99609375,0.8359375,0.6640625,0.47265625,0.33984375,0.33984375,0.359375
2357,2357,base,0,nan,nan,0.3203125,0.4453125,0.5234375,0.359375,0.2421875,0.328125,0.76953125,0.76171875,1.125,0.99609375,1.0078125,1.03125,0.82421875,0.9296875,0.828125,1.125,1.0234375,0.77734375,1.1875,0.9765625,0.7578125,0.546875,0.39453125,0.26953125,0.30859375,0.35546875
856,856,base,0,nan,nan,0.30078125,0.4609375,0.46484375,0.296875,0.21875,0.3125,0.7578125,0.73828125,1.140625,0.953125,0.98046875,0.98828125,0.80859375,0.9609375,0.9296875,1.203125,1.03125,0.734375,1.1796875,0.98046875,0.6796875,0.59375,0.3984375,0.28125,0.30078125,0.3046875
108,108,base,0,nan,nan,0.28515625,0.44140625,0.484375,0.3046875,0.20703125,0.30078125,0.796875,0.75,1.0703125,1.015625,1.0625,1.0546875,0.828125,0.99609375,1.0078125,1.25,1.09375,0.7734375,1.2421875,0.99609375,0.8359375,0.6640625,0.47265625,0.33984375,0.33984375,0.359375
1604,1604,base,0,nan,nan,0.28515625,0.43359375,0.484375,0.32421875,0.19140625,0.3359375,0.75390625,0.74609375,1.203125,0.87890625,1.046875,1.0390625,0.82421875,0.953125,0.93359375,1.125,1.046875,0.8046875,1.15625,0.92578125,0.8125,0.6015625,0.421875,0.28515625,0.2734375,0.296875
2358,2358,base,0,nan,nan,0.3203125,0.4453125,0.5234375,0.359375,0.2421875,0.328125,0.76953125,0.76171875,1.125,0.99609375,1.0078125,1.03125,0.82421875,0.9296875,0.828125,1.125,1.0234375,0.77734375,1.1875,0.9765625,0.7578125,0.546875,0.39453125,0.26953125,0.30859375,0.35546875
857,857,base,0,nan,nan,0.30078125,0.4609375,0.46484375,0.296875,0.21875,0.3125,0.7578125,0.73828125,1.140625,0.953125,0.98046875,0.98828125,0.80859375,0.9609375,0.9296875,1.203125,1.03125,0.734375,1.1796875,0.98046875,0.6796875,0.59375,0.3984375,0.28125,0.30078125,0.3046875
109,109,base,0,nan,nan,0.3125,0.45703125,0.546875,0.33203125,0.20703125,0.3515625,0.76953125,0.75,1.0703125,1.109375,0.94921875,0.98828125,0.77734375,1.0,0.921875,1.1484375,0.9921875,0.640625,1.2109375,1.015625,0.6875,0.5859375,0.4140625,0.30859375,0.3046875,0.3203125
2359,2359,base,0,nan,nan,0.29296875,0.4765625,0.61328125,0.58203125,0.39453125,0.39453125,0.73828125,0.76171875,1.140625,1.015625,0.984375,1.0,0.78515625,0.94140625,0.859375,1.125,1.0078125,0.67578125,1.1171875,0.83203125,0.73046875,0.5625,0.4296875,0.2734375,0.31640625,0.37109375
1605,1605,base,0,nan,nan,0.28515625,0.43359375,0.484375,0.32421875,0.19140625,0.3359375,0.75390625,0.74609375,1.203125,0.87890625,1.046875,1.0390625,0.82421875,0.953125,0.93359375,1.125,1.046875,0.8046875,1.15625,0.92578125,0.8125,0.6015625,0.421875,0.28515625,0.2734375,0.296875
858,858,base,0,nan,nan,0.30078125,0.4609375,0.46484375,0.296875,0.21875,0.3125,0.7578125,0.73828125,1.140625,0.953125,0.98046875,0.98828125,0.80859375,0.9609375,0.9296875,1.203125,1.03125,0.734375,1.1796875,0.98046875,0.6796875,0.59375,0.3984375,0.28125,0.30078125,0.3046875
2360,2360,base,0,nan,nan,0.29296875,0.4765625,0.61328125,0.58203125,0.39453125,0.39453125,0.73828125,0.76171875,1.140625,1.015625,0.984375,1.0,0.78515625,0.94140625,0.859375,1.125,1.0078125,0.67578125,1.1171875,0.83203125,0.73046875,0.5625,0.4296875,0.2734375,0.31640625,0.37109375
110,110,base,0,nan,nan,0.3125,0.45703125,0.546875,0.33203125,0.20703125,0.3515625,0.76953125,0.75,1.0703125,1.109375,0.94921875,0.98828125,0.77734375,1.0,0.921875,1.1484375,0.9921875,0.640625,1.2109375,1.015625,0.6875,0.5859375,0.4140625,0.30859375,0.3046875,0.3203125
859,859,base,0,nan,nan,0.3203125,0.484375,0.5625,0.37109375,0.25,0.35546875,0.734375,0.78125,1.09375,1.03125,0.99609375,1.015625,0.85546875,0.96484375,0.91796875,1.1328125,1.0234375,0.78515625,1.2578125,0.94921875,0.73828125,0.59375,0.42578125,0.30078125,0.328125,0.3515625
1606,1606,base,1,nan,nan,0.28515625,0.43359375,0.484375,0.32421875,0.19140625,0.3359375,0.75390625,0.74609375,1.203125,0.87890625,1.046875,1.0390625,0.82421875,0.953125,0.93359375,1.125,1.046875,0.8046875,1.15625,0.92578125,0.8125,0.6015625,0.421875,0.28515625,0.2734375,0.296875
2361,2361,base,0,nan,nan,0.29296875,0.4765625,0.61328125,0.58203125,0.39453125,0.39453125,0.73828125,0.76171875,1.140625,1.015625,0.984375,1.0,0.78515625,0.94140625,0.859375,1.125,1.0078125,0.67578125,1.1171875,0.83203125,0.73046875,0.5625,0.4296875,0.2734375,0.31640625,0.37109375
111,111,base,0,nan,nan,0.3125,0.45703125,0.546875,0.33203125,0.20703125,0.3515625,0.76953125,0.75,1.0703125,1.109375,0.94921875,0.98828125,0.77734375,1.0,0.921875,1.1484375,0.9921875,0.640625,1.2109375,1.015625,0.6875,0.5859375,0.4140625,0.30859375,0.3046875,0.3203125
860,860,base,0,nan,nan,0.3203125,0.484375,0.5625,0.37109375,0.25,0.35546875,0.734375,0.78125,1.09375,1.03125,0.99609375,1.015625,0.85546875,0.96484375,0.91796875,1.1328125,1.0234375,0.78515625,1.2578125,0.94921875,0.73828125,0.59375,0.42578125,0.30078125,0.328125,0.3515625
2362,2362,base,0,nan,nan,0.29296875,0.4765625,0.61328125,0.58203125,0.39453125,0.39453125,0.73828125,0.76171875,1.140625,1.015625,0.984375,1.0,0.78515625,0.94140625,0.859375,1.125,1.0078125,0.67578125,1.1171875,0.83203125,0.73046875,0.5625,0.4296875,0.2734375,0.31640625,0.37109375
1607,1607,base,0,nan,nan,0.28515625,0.43359375,0.484375,0.32421875,0.19140625,0.3359375,0.75390625,0.74609375,1.203125,0.87890625,1.046875,1.0390625,0.82421875,0.953125,0.93359375,1.125,1.046875,0.8046875,1.15625,0.92578125,0.8125,0.6015625,0.421875,0.28515625,0.2734375,0.296875
112,112,base,0,nan,nan,0.3125,0.45703125,0.546875,0.33203125,0.20703125,0.3515625,0.76953125,0.75,1.0703125,1.109375,0.94921875,0.98828125,0.77734375,1.0,0.921875,1.1484375,0.9921875,0.640625,1.2109375,1.015625,0.6875,0.5859375,0.4140625,0.30859375,0.3046875,0.3203125
861,861,base,0,nan,nan,0.3203125,0.484375,0.5625,0.37109375,0.25,0.35546875,0.734375,0.78125,1.09375,1.03125,0.99609375,1.015625,0.85546875,0.96484375,0.91796875,1.1328125,1.0234375,0.78515625,1.2578125,0.94921875,0.73828125,0.59375,0.42578125,0.30078125,0.328125,0.3515625
2363,2363,base,0,nan,nan,0.29296875,0.4765625,0.61328125,0.58203125,0.39453125,0.39453125,0.73828125,0.76171875,1.140625,1.015625,0.984375,1.0,0.78515625,0.94140625,0.859375,1.125,1.0078125,0.67578125,1.1171875,0.83203125,0.73046875,0.5625,0.4296875,0.2734375,0.31640625,0.37109375
1608,1608,base,0,nan,nan,0.28515625,0.43359375,0.484375,0.32421875,0.19140625,0.3359375,0.75390625,0.74609375,1.203125,0.87890625,1.046875,1.0390625,0.82421875,0.953125,0.93359375,1.125,1.046875,0.8046875,1.15625,0.92578125,0.8125,0.6015625,0.421875,0.28515625,0.2734375,0.296875
113,113,base,0,nan,nan,0.3125,0.45703125,0.546875,0.33203125,0.20703125,0.3515625,0.76953125,0.75,1.0703125,1.109375,0.94921875,0.98828125,0.77734375,1.0,0.921875,1.1484375,0.9921875,0.640625,1.2109375,1.015625,0.6875,0.5859375,0.4140625,0.30859375,0.3046875,0.3203125
2364,2364,base,0,nan,nan,0.29296875,0.4765625,0.61328125,0.58203125,0.39453125,0.39453125,0.73828125,0.76171875,1.140625,1.015625,0.984375,1.0,0.78515625,0.94140625,0.859375,1.125,1.0078125,0.67578125,1.1171875,0.83203125,0.73046875,0.5625,0.4296875,0.2734375,0.31640625,0.37109375
862,862,base,0,nan,nan,0.3203125,0.484375,0.5625,0.37109375,0.25,0.35546875,0.734375,0.78125,1.09375,1.03125,0.99609375,1.015625,0.85546875,0.96484375,0.91796875,1.1328125,1.0234375,0.78515625,1.2578125,0.94921875,0.73828125,0.59375,0.42578125,0.30078125,0.328125,0.3515625
1609,1609,base,0,nan,nan,0.30859375,0.484375,0.48828125,0.31640625,0.20703125,0.3125,0.8515625,0.69921875,1.1484375,0.92578125,1.046875,1.015625,0.8203125,0.95703125,0.9453125,1.203125,1.0546875,0.84375,1.171875,0.9765625,0.87890625,0.68359375,0.484375,0.33984375,0.32421875,0.34375
114,114,base,0,nan,nan,0.3125,0.45703125,0.546875,0.33203125,0.20703125,0.3515625,0.76953125,0.75,1.0703125,1.109375,0.94921875,0.98828125,0.77734375,1.0,0.921875,1.1484375,0.9921875,0.640625,1.2109375,1.015625,0.6875,0.5859375,0.4140625,0.30859375,0.3046875,0.3203125
2365,2365,base,0,nan,nan,0.29296875,0.51953125,0.5546875,0.30078125,0.20703125,0.35546875,0.765625,0.7421875,1.0546875,1.0859375,1.046875,1.0,0.83984375,0.92578125,0.8125,1.1953125,1.0546875,0.7109375,1.125,0.87890625,0.703125,0.5859375,0.44921875,0.36328125,0.30859375,0.33203125
863,863,base,1,nan,nan,0.3203125,0.484375,0.5625,0.37109375,0.25,0.35546875,0.734375,0.78125,1.09375,1.03125,0.99609375,1.015625,0.85546875,0.96484375,0.91796875,1.1328125,1.0234375,0.78515625,1.2578125,0.94921875,0.73828125,0.59375,0.42578125,0.30078125,0.328125,0.3515625
1610,1610,base,0,nan,nan,0.30859375,0.484375,0.48828125,0.31640625,0.20703125,0.3125,0.8515625,0.69921875,1.1484375,0.92578125,1.046875,1.015625,0.8203125,0.95703125,0.9453125,1.203125,1.0546875,0.84375,1.171875,0.9765625,0.87890625,0.68359375,0.484375,0.33984375,0.32421875,0.34375
115,115,base,0,nan,nan,0.31640625,0.4453125,0.5078125,0.32421875,0.23046875,0.31640625,0.74609375,0.75390625,1.1484375,0.98828125,1.0703125,1.03125,0.75,0.9765625,0.9453125,1.1796875,0.99609375,0.71875,1.109375,0.890625,0.6328125,0.5703125,0.390625,0.25390625,0.28125,0.32421875
2366,2366,base,0,nan,nan,0.29296875,0.51953125,0.5546875,0.30078125,0.20703125,0.35546875,0.765625,0.7421875,1.0546875,1.0859375,1.046875,1.0,0.83984375,0.92578125,0.8125,1.1953125,1.0546875,0.7109375,1.125,0.87890625,0.703125,0.5859375,0.44921875,0.36328125,0.30859375,0.33203125
864,864,base,0,nan,nan,0.3203125,0.484375,0.5625,0.37109375,0.25,0.35546875,0.734375,0.78125,1.09375,1.03125,0.99609375,1.015625,0.85546875,0.96484375,0.91796875,1.1328125,1.0234375,0.78515625,1.2578125,0.94921875,0.73828125,0.59375,0.42578125,0.30078125,0.328125,0.3515625
1611,1611,base,0,nan,nan,0.30859375,0.484375,0.48828125,0.31640625,0.20703125,0.3125,0.8515625,0.69921875,1.1484375,0.92578125,1.046875,1.015625,0.8203125,0.95703125,0.9453125,1.203125,1.0546875,0.84375,1.171875,0.9765625,0.87890625,0.68359375,0.484375,0.33984375,0.32421875,0.34375
116,116,base,0,nan,nan,0.31640625,0.4453125,0.5078125,0.32421875,0.23046875,0.31640625,0.74609375,0.75390625,1.1484375,0.98828125,1.0703125,1.03125,0.75,0.9765625,0.9453125,1.1796875,0.99609375,0.71875,1.109375,0.890625,0.6328125,0.5703125,0.390625,0.25390625,0.28125,0.32421875
2367,2367,base,1,nan,nan,0.29296875,0.51953125,0.5546875,0.30078125,0.20703125,0.35546875,0.765625,0.7421875,1.0546875,1.0859375,1.046875,1.0,0.83984375,0.92578125,0.8125,1.1953125,1.0546875,0.7109375,1.125,0.87890625,0.703125,0.5859375,0.44921875,0.36328125,0.30859375,0.33203125
865,865,base,0,nan,nan,0.296875,0.44140625,0.48046875,0.30078125,0.21875,0.33203125,0.703125,0.75390625,1.1328125,0.98828125,0.9765625,0.96484375,0.796875,0.96875,0.921875,1.109375,0.953125,0.6953125,1.109375,0.93359375,0.59765625,0.53515625,0.390625,0.26953125,0.28515625,0.30859375
117,117,base,0,nan,nan,0.31640625,0.4453125,0.5078125,0.32421875,0.23046875,0.31640625,0.74609375,0.75390625,1.1484375,0.98828125,1.0703125,1.03125,0.75,0.9765625,0.9453125,1.1796875,0.99609375,0.71875,1.109375,0.890625,0.6328125,0.5703125,0.390625,0.25390625,0.28125,0.32421875
1612,1612,base,0,nan,nan,0.30859375,0.484375,0.48828125,0.31640625,0.20703125,0.3125,0.8515625,0.69921875,1.1484375,0.92578125,1.046875,1.015625,0.8203125,0.95703125,0.9453125,1.203125,1.0546875,0.84375,1.171875,0.9765625,0.87890625,0.68359375,0.484375,0.33984375,0.32421875,0.34375
2368,2368,base,0,nan,nan,0.29296875,0.51953125,0.5546875,0.30078125,0.20703125,0.35546875,0.765625,0.7421875,1.0546875,1.0859375,1.046875,1.0,0.83984375,0.92578125,0.8125,1.1953125,1.0546875,0.7109375,1.125,0.87890625,0.703125,0.5859375,0.44921875,0.36328125,0.30859375,0.33203125
118,118,base,0,nan,nan,0.31640625,0.4453125,0.5078125,0.32421875,0.23046875,0.31640625,0.74609375,0.75390625,1.1484375,0.98828125,1.0703125,1.03125,0.75,0.9765625,0.9453125,1.1796875,0.99609375,0.71875,1.109375,0.890625,0.6328125,0.5703125,0.390625,0.25390625,0.28125,0.32421875
866,866,base,0,nan,nan,0.296875,0.44140625,0.48046875,0.30078125,0.21875,0.33203125,0.703125,0.75390625,1.1328125,0.98828125,0.9765625,0.96484375,0.796875,0.96875,0.921875,1.109375,0.953125,0.6953125,1.109375,0.93359375,0.59765625,0.53515625,0.390625,0.26953125,0.28515625,0.30859375
1613,1613,base,0,nan,nan,0.30859375,0.484375,0.48828125,0.31640625,0.20703125,0.3125,0.8515625,0.69921875,1.1484375,0.92578125,1.046875,1.015625,0.8203125,0.95703125,0.9453125,1.203125,1.0546875,0.84375,1.171875,0.9765625,0.87890625,0.68359375,0.484375,0.33984375,0.32421875,0.34375
119,119,base,1,nan,nan,0.31640625,0.4453125,0.5078125,0.32421875,0.23046875,0.31640625,0.74609375,0.75390625,1.1484375,0.98828125,1.0703125,1.03125,0.75,0.9765625,0.9453125,1.1796875,0.99609375,0.71875,1.109375,0.890625,0.6328125,0.5703125,0.390625,0.25390625,0.28125,0.32421875
2369,2369,base,0,nan,nan,0.29296875,0.51953125,0.5546875,0.30078125,0.20703125,0.35546875,0.765625,0.7421875,1.0546875,1.0859375,1.046875,1.0,0.83984375,0.92578125,0.8125,1.1953125,1.0546875,0.7109375,1.125,0.87890625,0.703125,0.5859375,0.44921875,0.36328125,0.30859375,0.33203125
867,867,base,0,nan,nan,0.296875,0.44140625,0.48046875,0.30078125,0.21875,0.33203125,0.703125,0.75390625,1.1328125,0.98828125,0.9765625,0.96484375,0.796875,0.96875,0.921875,1.109375,0.953125,0.6953125,1.109375,0.93359375,0.59765625,0.53515625,0.390625,0.26953125,0.28515625,0.30859375
1614,1614,base,0,nan,nan,0.30859375,0.484375,0.48828125,0.31640625,0.20703125,0.3125,0.8515625,0.69921875,1.1484375,0.92578125,1.046875,1.015625,0.8203125,0.95703125,0.9453125,1.203125,1.0546875,0.84375,1.171875,0.9765625,0.87890625,0.68359375,0.484375,0.33984375,0.32421875,0.34375
120,120,base,0,nan,nan,0.31640625,0.4453125,0.5078125,0.32421875,0.23046875,0.31640625,0.74609375,0.75390625,1.1484375,0.98828125,1.0703125,1.03125,0.75,0.9765625,0.9453125,1.1796875,0.99609375,0.71875,1.109375,0.890625,0.6328125,0.5703125,0.390625,0.25390625,0.28125,0.32421875
2370,2370,base,0,nan,nan,0.29296875,0.51953125,0.5546875,0.30078125,0.20703125,0.35546875,0.765625,0.7421875,1.0546875,1.0859375,1.046875,1.0,0.83984375,0.92578125,0.8125,1.1953125,1.0546875,0.7109375,1.125,0.87890625,0.703125,0.5859375,0.44921875,0.36328125,0.30859375,0.33203125
868,868,base,0,nan,nan,0.296875,0.44140625,0.48046875,0.30078125,0.21875,0.33203125,0.703125,0.75390625,1.1328125,0.98828125,0.9765625,0.96484375,0.796875,0.96875,0.921875,1.109375,0.953125,0.6953125,1.109375,0.93359375,0.59765625,0.53515625,0.390625,0.26953125,0.28515625,0.30859375
1615,1615,base,1,nan,nan,0.3046875,0.4921875,0.51171875,0.296875,0.203125,0.33984375,0.8125,0.734375,1.109375,1.03125,0.9609375,0.94921875,0.78125,0.9609375,0.93359375,1.203125,1.046875,0.75,1.1640625,0.97265625,0.66796875,0.53125,0.37890625,0.265625,0.265625,0.3046875
121,121,base,1,nan,nan,0.296875,0.4921875,0.515625,0.32421875,0.23046875,0.3515625,0.73828125,0.765625,1.09375,1.03125,0.98828125,1.015625,0.8046875,0.953125,0.87890625,1.203125,1.0625,0.68359375,1.171875,0.90625,0.734375,0.56640625,0.390625,0.29296875,0.328125,0.34765625
2371,2371,base,0,nan,nan,0.2890625,0.44921875,0.4921875,0.3046875,0.21875,0.32421875,0.734375,0.8203125,1.0703125,1.0546875,1.046875,0.98828125,0.796875,0.98046875,0.94140625,1.25,1.0703125,0.71875,1.15625,0.95703125,0.75390625,0.61328125,0.4375,0.3515625,0.34375,0.3359375
869,869,base,0,nan,nan,0.296875,0.44140625,0.48046875,0.30078125,0.21875,0.33203125,0.703125,0.75390625,1.1328125,0.98828125,0.9765625,0.96484375,0.796875,0.96875,0.921875,1.109375,0.953125,0.6953125,1.109375,0.93359375,0.59765625,0.53515625,0.390625,0.26953125,0.28515625,0.30859375
1616,1616,base,0,nan,nan,0.3046875,0.4921875,0.51171875,0.296875,0.203125,0.33984375,0.8125,0.734375,1.109375,1.03125,0.9609375,0.94921875,0.78125,0.9609375,0.93359375,1.203125,1.046875,0.75,1.1640625,0.97265625,0.66796875,0.53125,0.37890625,0.265625,0.265625,0.3046875
122,122,base,0,nan,nan,0.296875,0.4921875,0.515625,0.32421875,0.23046875,0.3515625,0.73828125,0.765625,1.09375,1.03125,0.98828125,1.015625,0.8046875,0.953125,0.87890625,1.203125,1.0625,0.68359375,1.171875,0.90625,0.734375,0.56640625,0.390625,0.29296875,0.328125,0.34765625
2372,2372,base,0,nan,nan,0.2890625,0.44921875,0.4921875,0.3046875,0.21875,0.32421875,0.734375,0.8203125,1.0703125,1.0546875,1.046875,0.98828125,0.796875,0.98046875,0.94140625,1.25,1.0703125,0.71875,1.15625,0.95703125,0.75390625,0.61328125,0.4375,0.3515625,0.34375,0.3359375
870,870,base,0,nan,nan,0.296875,0.44140625,0.48046875,0.30078125,0.21875,0.33203125,0.703125,0.75390625,1.1328125,0.98828125,0.9765625,0.96484375,0.796875,0.96875,0.921875,1.109375,0.953125,0.6953125,1.109375,0.93359375,0.59765625,0.53515625,0.390625,0.26953125,0.28515625,0.30859375
1617,1617,base,0,nan,nan,0.3046875,0.4921875,0.51171875,0.296875,0.203125,0.33984375,0.8125,0.734375,1.109375,1.03125,0.9609375,0.94921875,0.78125,0.9609375,0.93359375,1.203125,1.046875,0.75,1.1640625,0.97265625,0.66796875,0.53125,0.37890625,0.265625,0.265625,0.3046875
123,123,base,1,nan,nan,0.296875,0.4921875,0.515625,0.32421875,0.23046875,0.3515625,0.73828125,0.765625,1.09375,1.03125,0.98828125,1.015625,0.8046875,0.953125,0.87890625,1.203125,1.0625,0.68359375,1.171875,0.90625,0.734375,0.56640625,0.390625,0.29296875,0.328125,0.34765625
2373,2373,base,0,nan,nan,0.2890625,0.44921875,0.4921875,0.3046875,0.21875,0.32421875,0.734375,0.8203125,1.0703125,1.0546875,1.046875,0.98828125,0.796875,0.98046875,0.94140625,1.25,1.0703125,0.71875,1.15625,0.95703125,0.75390625,0.61328125,0.4375,0.3515625,0.34375,0.3359375
871,871,base,0,nan,nan,0.30078125,0.484375,0.54296875,0.296875,0.21875,0.3203125,0.80859375,0.7109375,1.15625,1.0625,0.97265625,0.94921875,0.78125,0.9921875,0.98046875,1.3046875,1.046875,0.68359375,1.1171875,0.921875,0.69140625,0.578125,0.41796875,0.3515625,0.37109375,0.375
1618,1618,base,0,nan,nan,0.3046875,0.4921875,0.51171875,0.296875,0.203125,0.33984375,0.8125,0.734375,1.109375,1.03125,0.9609375,0.94921875,0.78125,0.9609375,0.93359375,1.203125,1.046875,0.75,1.1640625,0.97265625,0.66796875,0.53125,0.37890625,0.265625,0.265625,0.3046875
2374,2374,base,0,nan,nan,0.2890625,0.44921875,0.4921875,0.3046875,0.21875,0.32421875,0.734375,0.8203125,1.0703125,1.0546875,1.046875,0.98828125,0.796875,0.98046875,0.94140625,1.25,1.0703125,0.71875,1.15625,0.95703125,0.75390625,0.61328125,0.4375,0.3515625,0.34375,0.3359375
124,124,base,0,nan,nan,0.296875,0.4921875,0.515625,0.32421875,0.23046875,0.3515625,0.73828125,0.765625,1.09375,1.03125,0.98828125,1.015625,0.8046875,0.953125,0.87890625,1.203125,1.0625,0.68359375,1.171875,0.90625,0.734375,0.56640625,0.390625,0.29296875,0.328125,0.34765625
872,872,base,0,nan,nan,0.30078125,0.484375,0.54296875,0.296875,0.21875,0.3203125,0.80859375,0.7109375,1.15625,1.0625,0.97265625,0.94921875,0.78125,0.9921875,0.98046875,1.3046875,1.046875,0.68359375,1.1171875,0.921875,0.69140625,0.578125,0.41796875,0.3515625,0.37109375,0.375
1619,1619,base,0,nan,nan,0.3046875,0.4921875,0.51171875,0.296875,0.203125,0.33984375,0.8125,0.734375,1.109375,1.03125,0.9609375,0.94921875,0.78125,0.9609375,0.93359375,1.203125,1.046875,0.75,1.1640625,0.97265625,0.66796875,0.53125,0.37890625,0.265625,0.265625,0.3046875
2375,2375,base,1,nan,nan,0.2890625,0.44921875,0.4921875,0.3046875,0.21875,0.32421875,0.734375,0.8203125,1.0703125,1.0546875,1.046875,0.98828125,0.796875,0.98046875,0.94140625,1.25,1.0703125,0.71875,1.15625,0.95703125,0.75390625,0.61328125,0.4375,0.3515625,0.34375,0.3359375
873,873,base,1,nan,nan,0.30078125,0.484375,0.54296875,0.296875,0.21875,0.3203125,0.80859375,0.7109375,1.15625,1.0625,0.97265625,0.94921875,0.78125,0.9921875,0.98046875,1.3046875,1.046875,0.68359375,1.1171875,0.921875,0.69140625,0.578125,0.41796875,0.3515625,0.37109375,0.375
125,125,base,0,nan,nan,0.296875,0.4921875,0.515625,0.32421875,0.23046875,0.3515625,0.73828125,0.765625,1.09375,1.03125,0.98828125,1.015625,0.8046875,0.953125,0.87890625,1.203125,1.0625,0.68359375,1.171875,0.90625,0.734375,0.56640625,0.390625,0.29296875,0.328125,0.34765625
1620,1620,base,0,nan,nan,0.3046875,0.4921875,0.51171875,0.296875,0.203125,0.33984375,0.8125,0.734375,1.109375,1.03125,0.9609375,0.94921875,0.78125,0.9609375,0.93359375,1.203125,1.046875,0.75,1.1640625,0.97265625,0.66796875,0.53125,0.37890625,0.265625,0.265625,0.3046875
2376,2376,base,0,nan,nan,0.2890625,0.44921875,0.4921875,0.3046875,0.21875,0.32421875,0.734375,0.8203125,1.0703125,1.0546875,1.046875,0.98828125,0.796875,0.98046875,0.94140625,1.25,1.0703125,0.71875,1.15625,0.95703125,0.75390625,0.61328125,0.4375,0.3515625,0.34375,0.3359375
874,874,base,0,nan,nan,0.30078125,0.484375,0.54296875,0.296875,0.21875,0.3203125,0.80859375,0.7109375,1.15625,1.0625,0.97265625,0.94921875,0.78125,0.9921875,0.98046875,1.3046875,1.046875,0.68359375,1.1171875,0.921875,0.69140625,0.578125,0.41796875,0.3515625,0.37109375,0.375
126,126,base,0,nan,nan,0.296875,0.4921875,0.515625,0.32421875,0.23046875,0.3515625,0.73828125,0.765625,1.09375,1.03125,0.98828125,1.015625,0.8046875,0.953125,0.87890625,1.203125,1.0625,0.68359375,1.171875,0.90625,0.734375,0.56640625,0.390625,0.29296875,0.328125,0.34765625
1621,1621,base,0,nan,nan,0.2890625,0.42578125,0.46484375,0.28125,0.1953125,0.3046875,0.828125,0.71875,1.1328125,0.92578125,1.0546875,1.078125,0.83984375,0.9765625,0.9453125,1.0859375,1.0234375,0.8671875,1.15625,0.9921875,0.84375,0.625,0.484375,0.3359375,0.3203125,0.3125
875,875,base,0,nan,nan,0.30078125,0.484375,0.54296875,0.296875,0.21875,0.3203125,0.80859375,0.7109375,1.15625,1.0625,0.97265625,0.94921875,0.78125,0.9921875,0.98046875,1.3046875,1.046875,0.68359375,1.1171875,0.921875,0.69140625,0.578125,0.41796875,0.3515625,0.37109375,0.375
2377,2377,base,1,nan,nan,0.30078125,0.4296875,0.4765625,0.28125,0.21484375,0.34375,0.75390625,0.75,1.0390625,1.0078125,1.0234375,1.015625,0.82421875,0.9609375,0.9375,1.21875,1.0390625,0.6953125,1.1796875,0.984375,0.6640625,0.56640625,0.41015625,0.29296875,0.25,0.28515625
1622,1622,base,0,nan,nan,0.2890625,0.42578125,0.46484375,0.28125,0.1953125,0.3046875,0.828125,0.71875,1.1328125,0.92578125,1.0546875,1.078125,0.83984375,0.9765625,0.9453125,1.0859375,1.0234375,0.8671875,1.15625,0.9921875,0.84375,0.625,0.484375,0.3359375,0.3203125,0.3125
127,127,base,0,nan,nan,0.296875,0.42578125,0.49609375,0.35546875,0.234375,0.33984375,0.765625,0.7421875,1.1640625,0.94140625,1.0234375,1.0078125,0.86328125,0.95703125,0.875,1.171875,1.0703125,0.7265625,1.1640625,0.9140625,0.76953125,0.5390625,0.4375,0.32421875,0.3203125,0.3515625
876,876,base,0,nan,nan,0.30078125,0.484375,0.54296875,0.296875,0.21875,0.3203125,0.80859375,0.7109375,1.15625,1.0625,0.97265625,0.94921875,0.78125,0.9921875,0.98046875,1.3046875,1.046875,0.68359375,1.1171875,0.921875,0.69140625,0.578125,0.41796875,0.3515625,0.37109375,0.375
2378,2378,base,0,nan,nan,0.30078125,0.4296875,0.4765625,0.28125,0.21484375,0.34375,0.75390625,0.75,1.0390625,1.0078125,1.0234375,1.015625,0.82421875,0.9609375,0.9375,1.21875,1.0390625,0.6953125,1.1796875,0.984375,0.6640625,0.56640625,0.41015625,0.29296875,0.25,0.28515625
1623,1623,base,0,nan,nan,0.2890625,0.42578125,0.46484375,0.28125,0.1953125,0.3046875,0.828125,0.71875,1.1328125,0.92578125,1.0546875,1.078125,0.83984375,0.9765625,0.9453125,1.0859375,1.0234375,0.8671875,1.15625,0.9921875,0.84375,0.625,0.484375,0.3359375,0.3203125,0.3125
128,128,base,0,nan,nan,0.296875,0.42578125,0.49609375,0.35546875,0.234375,0.33984375,0.765625,0.7421875,1.1640625,0.94140625,1.0234375,1.0078125,0.86328125,0.95703125,0.875,1.171875,1.0703125,0.7265625,1.1640625,0.9140625,0.76953125,0.5390625,0.4375,0.32421875,0.3203125,0.3515625
877,877,base,0,nan,nan,0.27734375,0.4375,0.48046875,0.3359375,0.1953125,0.3203125,0.76171875,0.7265625,1.125,0.953125,1.046875,1.015625,0.83984375,0.9921875,0.96875,1.203125,1.09375,0.80078125,1.171875,0.98828125,0.8203125,0.6328125,0.44921875,0.33203125,0.37890625,0.3828125
2379,2379,base,0,nan,nan,0.30078125,0.4296875,0.4765625,0.28125,0.21484375,0.34375,0.75390625,0.75,1.0390625,1.0078125,1.0234375,1.015625,0.82421875,0.9609375,0.9375,1.21875,1.0390625,0.6953125,1.1796875,0.984375,0.6640625,0.56640625,0.41015625,0.29296875,0.25,0.28515625
1624,1624,base,0,nan,nan,0.2890625,0.42578125,0.46484375,0.28125,0.1953125,0.3046875,0.828125,0.71875,1.1328125,0.92578125,1.0546875,1.078125,0.83984375,0.9765625,0.9453125,1.0859375,1.0234375,0.8671875,1.15625,0.9921875,0.84375,0.625,0.484375,0.3359375,0.3203125,0.3125
129,129,base,0,nan,nan,0.296875,0.42578125,0.49609375,0.35546875,0.234375,0.33984375,0.765625,0.7421875,1.1640625,0.94140625,1.0234375,1.0078125,0.86328125,0.95703125,0.875,1.171875,1.0703125,0.7265625,1.1640625,0.9140625,0.76953125,0.5390625,0.4375,0.32421875,0.3203125,0.3515625
878,878,base,0,nan,nan,0.27734375,0.4375,0.48046875,0.3359375,0.1953125,0.3203125,0.76171875,0.7265625,1.125,0.953125,1.046875,1.015625,0.83984375,0.9921875,0.96875,1.203125,1.09375,0.80078125,1.171875,0.98828125,0.8203125,0.6328125,0.44921875,0.33203125,0.37890625,0.3828125
2380,2380,base,0,nan,nan,0.30078125,0.4296875,0.4765625,0.28125,0.21484375,0.34375,0.75390625,0.75,1.0390625,1.0078125,1.0234375,1.015625,0.82421875,0.9609375,0.9375,1.21875,1.0390625,0.6953125,1.1796875,0.984375,0.6640625,0.56640625,0.41015625,0.29296875,0.25,0.28515625
1625,1625,base,0,nan,nan,0.2890625,0.42578125,0.46484375,0.28125,0.1953125,0.3046875,0.828125,0.71875,1.1328125,0.92578125,1.0546875,1.078125,0.83984375,0.9765625,0.9453125,1.0859375,1.0234375,0.8671875,1.15625,0.9921875,0.84375,0.625,0.484375,0.3359375,0.3203125,0.3125
2381,2381,base,1,nan,nan,0.30078125,0.4296875,0.4765625,0.28125,0.21484375,0.34375,0.75390625,0.75,1.0390625,1.0078125,1.0234375,1.015625,0.82421875,0.9609375,0.9375,1.21875,1.0390625,0.6953125,1.1796875,0.984375,0.6640625,0.56640625,0.41015625,0.29296875,0.25,0.28515625
879,879,base,0,nan,nan,0.27734375,0.4375,0.48046875,0.3359375,0.1953125,0.3203125,0.76171875,0.7265625,1.125,0.953125,1.046875,1.015625,0.83984375,0.9921875,0.96875,1.203125,1.09375,0.80078125,1.171875,0.98828125,0.8203125,0.6328125,0.44921875,0.33203125,0.37890625,0.3828125
130,130,base,0,nan,nan,0.296875,0.42578125,0.49609375,0.35546875,0.234375,0.33984375,0.765625,0.7421875,1.1640625,0.94140625,1.0234375,1.0078125,0.86328125,0.95703125,0.875,1.171875,1.0703125,0.7265625,1.1640625,0.9140625,0.76953125,0.5390625,0.4375,0.32421875,0.3203125,0.3515625
1626,1626,base,0,nan,nan,0.2890625,0.42578125,0.46484375,0.28125,0.1953125,0.3046875,0.828125,0.71875,1.1328125,0.92578125,1.0546875,1.078125,0.83984375,0.9765625,0.9453125,1.0859375,1.0234375,0.8671875,1.15625,0.9921875,0.84375,0.625,0.484375,0.3359375,0.3203125,0.3125
2382,2382,base,0,nan,nan,0.30078125,0.4296875,0.4765625,0.28125,0.21484375,0.34375,0.75390625,0.75,1.0390625,1.0078125,1.0234375,1.015625,0.82421875,0.9609375,0.9375,1.21875,1.0390625,0.6953125,1.1796875,0.984375,0.6640625,0.56640625,0.41015625,0.29296875,0.25,0.28515625
880,880,base,0,nan,nan,0.27734375,0.4375,0.48046875,0.3359375,0.1953125,0.3203125,0.76171875,0.7265625,1.125,0.953125,1.046875,1.015625,0.83984375,0.9921875,0.96875,1.203125,1.09375,0.80078125,1.171875,0.98828125,0.8203125,0.6328125,0.44921875,0.33203125,0.37890625,0.3828125
1627,1627,base,1,nan,nan,0.296875,0.41796875,0.47265625,0.3046875,0.234375,0.33984375,0.734375,0.77734375,1.0859375,1.0078125,0.97265625,0.98828125,0.71484375,0.90625,0.83203125,1.09375,0.9296875,0.7109375,1.0703125,0.8515625,0.6328125,0.546875,0.4375,0.296875,0.29296875,0.3125
131,131,base,0,nan,nan,0.296875,0.42578125,0.49609375,0.35546875,0.234375,0.33984375,0.765625,0.7421875,1.1640625,0.94140625,1.0234375,1.0078125,0.86328125,0.95703125,0.875,1.171875,1.0703125,0.7265625,1.1640625,0.9140625,0.76953125,0.5390625,0.4375,0.32421875,0.3203125,0.3515625
2383,2383,base,0,nan,nan,0.296875,0.42578125,0.47265625,0.30859375,0.21484375,0.33203125,0.78125,0.7421875,1.140625,0.9140625,1.0546875,1.078125,0.8125,1.0234375,1.0,1.21875,1.140625,0.77734375,1.1875,1.015625,0.8125,0.62890625,0.4453125,0.30859375,0.2890625,0.28515625
881,881,base,0,nan,nan,0.27734375,0.4375,0.48046875,0.3359375,0.1953125,0.3203125,0.76171875,0.7265625,1.125,0.953125,1.046875,1.015625,0.83984375,0.9921875,0.96875,1.203125,1.09375,0.80078125,1.171875,0.98828125,0.8203125,0.6328125,0.44921875,0.33203125,0.37890625,0.3828125
1628,1628,base,0,nan,nan,0.296875,0.41796875,0.47265625,0.3046875,0.234375,0.33984375,0.734375,0.77734375,1.0859375,1.0078125,0.97265625,0.98828125,0.71484375,0.90625,0.83203125,1.09375,0.9296875,0.7109375,1.0703125,0.8515625,0.6328125,0.546875,0.4375,0.296875,0.29296875,0.3125
132,132,base,0,nan,nan,0.296875,0.42578125,0.49609375,0.35546875,0.234375,0.33984375,0.765625,0.7421875,1.1640625,0.94140625,1.0234375,1.0078125,0.86328125,0.95703125,0.875,1.171875,1.0703125,0.7265625,1.1640625,0.9140625,0.76953125,0.5390625,0.4375,0.32421875,0.3203125,0.3515625
882,882,base,0,nan,nan,0.27734375,0.4375,0.48046875,0.3359375,0.1953125,0.3203125,0.76171875,0.7265625,1.125,0.953125,1.046875,1.015625,0.83984375,0.9921875,0.96875,1.203125,1.09375,0.80078125,1.171875,0.98828125,0.8203125,0.6328125,0.44921875,0.33203125,0.37890625,0.3828125
2384,2384,base,0,nan,nan,0.296875,0.42578125,0.47265625,0.30859375,0.21484375,0.33203125,0.78125,0.7421875,1.140625,0.9140625,1.0546875,1.078125,0.8125,1.0234375,1.0,1.21875,1.140625,0.77734375,1.1875,1.015625,0.8125,0.62890625,0.4453125,0.30859375,0.2890625,0.28515625
1629,1629,base,1,nan,nan,0.296875,0.41796875,0.47265625,0.3046875,0.234375,0.33984375,0.734375,0.77734375,1.0859375,1.0078125,0.97265625,0.98828125,0.71484375,0.90625,0.83203125,1.09375,0.9296875,0.7109375,1.0703125,0.8515625,0.6328125,0.546875,0.4375,0.296875,0.29296875,0.3125
133,133,base,1,nan,nan,0.296875,0.44921875,0.49609375,0.33203125,0.21484375,0.34375,0.8125,0.71875,1.125,0.953125,1.03125,1.0390625,0.8359375,0.94921875,0.88671875,1.203125,1.0859375,0.8125,1.1875,1.0,0.828125,0.640625,0.453125,0.32421875,0.359375,0.37109375
883,883,base,0,nan,nan,0.29296875,0.48828125,0.53125,0.328125,0.21484375,0.34375,0.703125,0.75390625,1.125,0.953125,1.1015625,1.0546875,0.6953125,1.0,0.97265625,1.1953125,0.98828125,0.71484375,1.171875,0.9453125,0.5859375,0.48828125,0.31640625,0.21484375,0.2265625,0.28125
2385,2385,base,1,nan,nan,0.296875,0.42578125,0.47265625,0.30859375,0.21484375,0.33203125,0.78125,0.7421875,1.140625,0.9140625,1.0546875,1.078125,0.8125,1.0234375,1.0,1.21875,1.140625,0.77734375,1.1875,1.015625,0.8125,0.62890625,0.4453125,0.30859375,0.2890625,0.28515625
1630,1630,base,0,nan,nan,0.296875,0.41796875,0.47265625,0.3046875,0.234375,0.33984375,0.734375,0.77734375,1.0859375,1.0078125,0.97265625,0.98828125,0.71484375,0.90625,0.83203125,1.09375,0.9296875,0.7109375,1.0703125,0.8515625,0.6328125,0.546875,0.4375,0.296875,0.29296875,0.3125
134,134,base,0,nan,nan,0.296875,0.44921875,0.49609375,0.33203125,0.21484375,0.34375,0.8125,0.71875,1.125,0.953125,1.03125,1.0390625,0.8359375,0.94921875,0.88671875,1.203125,1.0859375,0.8125,1.1875,1.0,0.828125,0.640625,0.453125,0.32421875,0.359375,0.37109375
884,884,base,0,nan,nan,0.29296875,0.48828125,0.53125,0.328125,0.21484375,0.34375,0.703125,0.75390625,1.125,0.953125,1.1015625,1.0546875,0.6953125,1.0,0.97265625,1.1953125,0.98828125,0.71484375,1.171875,0.9453125,0.5859375,0.48828125,0.31640625,0.21484375,0.2265625,0.28125
2386,2386,base,0,nan,nan,0.296875,0.42578125,0.47265625,0.30859375,0.21484375,0.33203125,0.78125,0.7421875,1.140625,0.9140625,1.0546875,1.078125,0.8125,1.0234375,1.0,1.21875,1.140625,0.77734375,1.1875,1.015625,0.8125,0.62890625,0.4453125,0.30859375,0.2890625,0.28515625
1631,1631,base,1,nan,nan,0.296875,0.41796875,0.47265625,0.3046875,0.234375,0.33984375,0.734375,0.77734375,1.0859375,1.0078125,0.97265625,0.98828125,0.71484375,0.90625,0.83203125,1.09375,0.9296875,0.7109375,1.0703125,0.8515625,0.6328125,0.546875,0.4375,0.296875,0.29296875,0.3125
135,135,base,0,nan,nan,0.296875,0.44921875,0.49609375,0.33203125,0.21484375,0.34375,0.8125,0.71875,1.125,0.953125,1.03125,1.0390625,0.8359375,0.94921875,0.88671875,1.203125,1.0859375,0.8125,1.1875,1.0,0.828125,0.640625,0.453125,0.32421875,0.359375,0.37109375
885,885,base,1,nan,nan,0.29296875,0.48828125,0.53125,0.328125,0.21484375,0.34375,0.703125,0.75390625,1.125,0.953125,1.1015625,1.0546875,0.6953125,1.0,0.97265625,1.1953125,0.98828125,0.71484375,1.171875,0.9453125,0.5859375,0.48828125,0.31640625,0.21484375,0.2265625,0.28125
2387,2387,base,1,nan,nan,0.296875,0.42578125,0.47265625,0.30859375,0.21484375,0.33203125,0.78125,0.7421875,1.140625,0.9140625,1.0546875,1.078125,0.8125,1.0234375,1.0,1.21875,1.140625,0.77734375,1.1875,1.015625,0.8125,0.62890625,0.4453125,0.30859375,0.2890625,0.28515625
1632,1632,base,0,nan,nan,0.296875,0.41796875,0.47265625,0.3046875,0.234375,0.33984375,0.734375,0.77734375,1.0859375,1.0078125,0.97265625,0.98828125,0.71484375,0.90625,0.83203125,1.09375,0.9296875,0.7109375,1.0703125,0.8515625,0.6328125,0.546875,0.4375,0.296875,0.29296875,0.3125
136,136,base,0,nan,nan,0.296875,0.44921875,0.49609375,0.33203125,0.21484375,0.34375,0.8125,0.71875,1.125,0.953125,1.03125,1.0390625,0.8359375,0.94921875,0.88671875,1.203125,1.0859375,0.8125,1.1875,1.0,0.828125,0.640625,0.453125,0.32421875,0.359375,0.37109375
886,886,base,0,nan,nan,0.29296875,0.48828125,0.53125,0.328125,0.21484375,0.34375,0.703125,0.75390625,1.125,0.953125,1.1015625,1.0546875,0.6953125,1.0,0.97265625,1.1953125,0.98828125,0.71484375,1.171875,0.9453125,0.5859375,0.48828125,0.31640625,0.21484375,0.2265625,0.28125
2388,2388,base,0,nan,nan,0.296875,0.42578125,0.47265625,0.30859375,0.21484375,0.33203125,0.78125,0.7421875,1.140625,0.9140625,1.0546875,1.078125,0.8125,1.0234375,1.0,1.21875,1.140625,0.77734375,1.1875,1.015625,0.8125,0.62890625,0.4453125,0.30859375,0.2890625,0.28515625
1633,1633,base,0,nan,nan,0.30859375,0.46875,0.5625,0.37109375,0.23046875,0.33203125,0.796875,0.80859375,1.109375,1.078125,0.99609375,0.97265625,0.76953125,0.98828125,0.9375,1.28125,1.0078125,0.7421875,1.140625,0.94921875,0.7265625,0.58984375,0.46484375,0.36328125,0.328125,0.3359375
137,137,base,0,nan,nan,0.296875,0.44921875,0.49609375,0.33203125,0.21484375,0.34375,0.8125,0.71875,1.125,0.953125,1.03125,1.0390625,0.8359375,0.94921875,0.88671875,1.203125,1.0859375,0.8125,1.1875,1.0,0.828125,0.640625,0.453125,0.32421875,0.359375,0.37109375
887,887,base,1,nan,nan,0.29296875,0.48828125,0.53125,0.328125,0.21484375,0.34375,0.703125,0.75390625,1.125,0.953125,1.1015625,1.0546875,0.6953125,1.0,0.97265625,1.1953125,0.98828125,0.71484375,1.171875,0.9453125,0.5859375,0.48828125,0.31640625,0.21484375,0.2265625,0.28125
2389,2389,base,1,nan,nan,0.33984375,0.5078125,0.546875,0.3828125,0.234375,0.42578125,0.7109375,0.875,1.21875,0.8828125,1.015625,0.953125,0.7109375,1.015625,0.984375,1.1015625,0.94921875,0.67578125,1.0625,0.8828125,0.52734375,0.5078125,0.36328125,0.19921875,0.234375,0.3125
1634,1634,base,0,nan,nan,0.30859375,0.46875,0.5625,0.37109375,0.23046875,0.33203125,0.796875,0.80859375,1.109375,1.078125,0.99609375,0.97265625,0.76953125,0.98828125,0.9375,1.28125,1.0078125,0.7421875,1.140625,0.94921875,0.7265625,0.58984375,0.46484375,0.36328125,0.328125,0.3359375
138,138,base,0,nan,nan,0.296875,0.44921875,0.49609375,0.33203125,0.21484375,0.34375,0.8125,0.71875,1.125,0.953125,1.03125,1.0390625,0.8359375,0.94921875,0.88671875,1.203125,1.0859375,0.8125,1.1875,1.0,0.828125,0.640625,0.453125,0.32421875,0.359375,0.37109375
888,888,base,0,nan,nan,0.29296875,0.48828125,0.53125,0.328125,0.21484375,0.34375,0.703125,0.75390625,1.125,0.953125,1.1015625,1.0546875,0.6953125,1.0,0.97265625,1.1953125,0.98828125,0.71484375,1.171875,0.9453125,0.5859375,0.48828125,0.31640625,0.21484375,0.2265625,0.28125
1635,1635,base,0,nan,nan,0.30859375,0.46875,0.5625,0.37109375,0.23046875,0.33203125,0.796875,0.80859375,1.109375,1.078125,0.99609375,0.97265625,0.76953125,0.98828125,0.9375,1.28125,1.0078125,0.7421875,1.140625,0.94921875,0.7265625,0.58984375,0.46484375,0.36328125,0.328125,0.3359375
2390,2390,base,0,nan,nan,0.33984375,0.5078125,0.546875,0.3828125,0.234375,0.42578125,0.7109375,0.875,1.21875,0.8828125,1.015625,0.953125,0.7109375,1.015625,0.984375,1.1015625,0.94921875,0.67578125,1.0625,0.8828125,0.52734375,0.5078125,0.36328125,0.19921875,0.234375,0.3125
139,139,base,0,nan,nan,0.31640625,0.4765625,0.58203125,0.375,0.2265625,0.33203125,0.76953125,0.7265625,1.109375,1.0625,0.95703125,1.015625,0.7265625,0.984375,0.9140625,1.25,1.0546875,0.65625,1.109375,0.94140625,0.6953125,0.6015625,0.453125,0.3828125,0.3828125,0.3828125
889,889,base,0,nan,nan,0.3125,0.4765625,0.5078125,0.3125,0.2265625,0.33984375,0.82421875,0.71875,1.0390625,1.0625,0.98828125,1.015625,0.796875,0.96875,0.88671875,1.21875,1.0390625,0.75,1.2109375,1.03125,0.7890625,0.64453125,0.47265625,0.37109375,0.34765625,0.3671875
1636,1636,base,0,nan,nan,0.30859375,0.46875,0.5625,0.37109375,0.23046875,0.33203125,0.796875,0.80859375,1.109375,1.078125,0.99609375,0.97265625,0.76953125,0.98828125,0.9375,1.28125,1.0078125,0.7421875,1.140625,0.94921875,0.7265625,0.58984375,0.46484375,0.36328125,0.328125,0.3359375
2391,2391,base,1,nan,nan,0.33984375,0.5078125,0.546875,0.3828125,0.234375,0.42578125,0.7109375,0.875,1.21875,0.8828125,1.015625,0.953125,0.7109375,1.015625,0.984375,1.1015625,0.94921875,0.67578125,1.0625,0.8828125,0.52734375,0.5078125,0.36328125,0.19921875,0.234375,0.3125
140,140,base,0,nan,nan,0.31640625,0.4765625,0.58203125,0.375,0.2265625,0.33203125,0.76953125,0.7265625,1.109375,1.0625,0.95703125,1.015625,0.7265625,0.984375,0.9140625,1.25,1.0546875,0.65625,1.109375,0.94140625,0.6953125,0.6015625,0.453125,0.3828125,0.3828125,0.3828125
890,890,base,0,nan,nan,0.3125,0.4765625,0.5078125,0.3125,0.2265625,0.33984375,0.82421875,0.71875,1.0390625,1.0625,0.98828125,1.015625,0.796875,0.96875,0.88671875,1.21875,1.0390625,0.75,1.2109375,1.03125,0.7890625,0.64453125,0.47265625,0.37109375,0.34765625,0.3671875
1637,1637,base,0,nan,nan,0.30859375,0.46875,0.5625,0.37109375,0.23046875,0.33203125,0.796875,0.80859375,1.109375,1.078125,0.99609375,0.97265625,0.76953125,0.98828125,0.9375,1.28125,1.0078125,0.7421875,1.140625,0.94921875,0.7265625,0.58984375,0.46484375,0.36328125,0.328125,0.3359375
2392,2392,base,0,nan,nan,0.33984375,0.5078125,0.546875,0.3828125,0.234375,0.42578125,0.7109375,0.875,1.21875,0.8828125,1.015625,0.953125,0.7109375,1.015625,0.984375,1.1015625,0.94921875,0.67578125,1.0625,0.8828125,0.52734375,0.5078125,0.36328125,0.19921875,0.234375,0.3125
141,141,base,1,nan,nan,0.31640625,0.4765625,0.58203125,0.375,0.2265625,0.33203125,0.76953125,0.7265625,1.109375,1.0625,0.95703125,1.015625,0.7265625,0.984375,0.9140625,1.25,1.0546875,0.65625,1.109375,0.94140625,0.6953125,0.6015625,0.453125,0.3828125,0.3828125,0.3828125
891,891,base,0,nan,nan,0.3125,0.4765625,0.5078125,0.3125,0.2265625,0.33984375,0.82421875,0.71875,1.0390625,1.0625,0.98828125,1.015625,0.796875,0.96875,0.88671875,1.21875,1.0390625,0.75,1.2109375,1.03125,0.7890625,0.64453125,0.47265625,0.37109375,0.34765625,0.3671875
1638,1638,base,0,nan,nan,0.30859375,0.46875,0.5625,0.37109375,0.23046875,0.33203125,0.796875,0.80859375,1.109375,1.078125,0.99609375,0.97265625,0.76953125,0.98828125,0.9375,1.28125,1.0078125,0.7421875,1.140625,0.94921875,0.7265625,0.58984375,0.46484375,0.36328125,0.328125,0.3359375
2393,2393,base,1,nan,nan,0.33984375,0.5078125,0.546875,0.3828125,0.234375,0.42578125,0.7109375,0.875,1.21875,0.8828125,1.015625,0.953125,0.7109375,1.015625,0.984375,1.1015625,0.94921875,0.67578125,1.0625,0.8828125,0.52734375,0.5078125,0.36328125,0.19921875,0.234375,0.3125
142,142,base,0,nan,nan,0.31640625,0.4765625,0.58203125,0.375,0.2265625,0.33203125,0.76953125,0.7265625,1.109375,1.0625,0.95703125,1.015625,0.7265625,0.984375,0.9140625,1.25,1.0546875,0.65625,1.109375,0.94140625,0.6953125,0.6015625,0.453125,0.3828125,0.3828125,0.3828125
892,892,base,0,nan,nan,0.3125,0.4765625,0.5078125,0.3125,0.2265625,0.33984375,0.82421875,0.71875,1.0390625,1.0625,0.98828125,1.015625,0.796875,0.96875,0.88671875,1.21875,1.0390625,0.75,1.2109375,1.03125,0.7890625,0.64453125,0.47265625,0.37109375,0.34765625,0.3671875
1639,1639,base,0,nan,nan,0.28125,0.453125,0.4765625,0.28125,0.20703125,0.32421875,0.7578125,0.78125,1.046875,1.046875,1.015625,0.9921875,0.8203125,0.97265625,0.953125,1.3125,1.125,0.69921875,1.21875,0.9609375,0.79296875,0.64453125,0.47265625,0.359375,0.34375,0.34765625
143,143,base,0,nan,nan,0.31640625,0.4765625,0.58203125,0.375,0.2265625,0.33203125,0.76953125,0.7265625,1.109375,1.0625,0.95703125,1.015625,0.7265625,0.984375,0.9140625,1.25,1.0546875,0.65625,1.109375,0.94140625,0.6953125,0.6015625,0.453125,0.3828125,0.3828125,0.3828125
2394,2394,base,0,nan,nan,0.33984375,0.5078125,0.546875,0.3828125,0.234375,0.42578125,0.7109375,0.875,1.21875,0.8828125,1.015625,0.953125,0.7109375,1.015625,0.984375,1.1015625,0.94921875,0.67578125,1.0625,0.8828125,0.52734375,0.5078125,0.36328125,0.19921875,0.234375,0.3125
893,893,base,0,nan,nan,0.3125,0.4765625,0.5078125,0.3125,0.2265625,0.33984375,0.82421875,0.71875,1.0390625,1.0625,0.98828125,1.015625,0.796875,0.96875,0.88671875,1.21875,1.0390625,0.75,1.2109375,1.03125,0.7890625,0.64453125,0.47265625,0.37109375,0.34765625,0.3671875
1640,1640,base,0,nan,nan,0.28125,0.453125,0.4765625,0.28125,0.20703125,0.32421875,0.7578125,0.78125,1.046875,1.046875,1.015625,0.9921875,0.8203125,0.97265625,0.953125,1.3125,1.125,0.69921875,1.21875,0.9609375,0.79296875,0.64453125,0.47265625,0.359375,0.34375,0.34765625
144,144,base,0,nan,nan,0.31640625,0.4765625,0.58203125,0.375,0.2265625,0.33203125,0.76953125,0.7265625,1.109375,1.0625,0.95703125,1.015625,0.7265625,0.984375,0.9140625,1.25,1.0546875,0.65625,1.109375,0.94140625,0.6953125,0.6015625,0.453125,0.3828125,0.3828125,0.3828125
2395,2395,base,0,nan,nan,0.30078125,0.48046875,0.5078125,0.3125,0.24609375,0.36328125,0.75390625,0.765625,1.15625,0.95703125,0.984375,0.94921875,0.73828125,0.94140625,0.8984375,1.2109375,1.0390625,0.6796875,1.1171875,0.890625,0.7265625,0.56640625,0.39453125,0.29296875,0.328125,0.32421875
894,894,base,0,nan,nan,0.3125,0.4765625,0.5078125,0.3125,0.2265625,0.33984375,0.82421875,0.71875,1.0390625,1.0625,0.98828125,1.015625,0.796875,0.96875,0.88671875,1.21875,1.0390625,0.75,1.2109375,1.03125,0.7890625,0.64453125,0.47265625,0.37109375,0.34765625,0.3671875
1641,1641,base,0,nan,nan,0.28125,0.453125,0.4765625,0.28125,0.20703125,0.32421875,0.7578125,0.78125,1.046875,1.046875,1.015625,0.9921875,0.8203125,0.97265625,0.953125,1.3125,1.125,0.69921875,1.21875,0.9609375,0.79296875,0.64453125,0.47265625,0.359375,0.34375,0.34765625
145,145,base,1,nan,nan,0.29296875,0.46484375,0.546875,0.33984375,0.234375,0.33203125,0.65625,0.79296875,1.015625,1.1171875,1.0,0.96875,0.8046875,0.96875,0.8984375,1.296875,0.9765625,0.73828125,1.1328125,0.9453125,0.6171875,0.59375,0.4140625,0.27734375,0.296875,0.3515625
2396,2396,base,0,nan,nan,0.30078125,0.48046875,0.5078125,0.3125,0.24609375,0.36328125,0.75390625,0.765625,1.15625,0.95703125,0.984375,0.94921875,0.73828125,0.94140625,0.8984375,1.2109375,1.0390625,0.6796875,1.1171875,0.890625,0.7265625,0.56640625,0.39453125,0.29296875,0.328125,0.32421875
895,895,base,0,nan,nan,0.30859375,0.4453125,0.5078125,0.3046875,0.21484375,0.34765625,0.703125,0.72265625,1.1015625,1.0,1.015625,0.98046875,0.8515625,1.015625,0.9765625,1.265625,1.0703125,0.6796875,1.0859375,0.8828125,0.59765625,0.5703125,0.4296875,0.3125,0.31640625,0.3046875
1642,1642,base,0,nan,nan,0.28125,0.453125,0.4765625,0.28125,0.20703125,0.32421875,0.7578125,0.78125,1.046875,1.046875,1.015625,0.9921875,0.8203125,0.97265625,0.953125,1.3125,1.125,0.69921875,1.21875,0.9609375,0.79296875,0.64453125,0.47265625,0.359375,0.34375,0.34765625
146,146,base,0,nan,nan,0.29296875,0.46484375,0.546875,0.33984375,0.234375,0.33203125,0.65625,0.79296875,1.015625,1.1171875,1.0,0.96875,0.8046875,0.96875,0.8984375,1.296875,0.9765625,0.73828125,1.1328125,0.9453125,0.6171875,0.59375,0.4140625,0.27734375,0.296875,0.3515625
2397,2397,base,0,nan,nan,0.30078125,0.48046875,0.5078125,0.3125,0.24609375,0.36328125,0.75390625,0.765625,1.15625,0.95703125,0.984375,0.94921875,0.73828125,0.94140625,0.8984375,1.2109375,1.0390625,0.6796875,1.1171875,0.890625,0.7265625,0.56640625,0.39453125,0.29296875,0.328125,0.32421875
896,896,base,0,nan,nan,0.30859375,0.4453125,0.5078125,0.3046875,0.21484375,0.34765625,0.703125,0.72265625,1.1015625,1.0,1.015625,0.98046875,0.8515625,1.015625,0.9765625,1.265625,1.0703125,0.6796875,1.0859375,0.8828125,0.59765625,0.5703125,0.4296875,0.3125,0.31640625,0.3046875
1643,1643,base,1,nan,nan,0.28125,0.453125,0.4765625,0.28125,0.20703125,0.32421875,0.7578125,0.78125,1.046875,1.046875,1.015625,0.9921875,0.8203125,0.97265625,0.953125,1.3125,1.125,0.69921875,1.21875,0.9609375,0.79296875,0.64453125,0.47265625,0.359375,0.34375,0.34765625
147,147,base,0,nan,nan,0.29296875,0.46484375,0.546875,0.33984375,0.234375,0.33203125,0.65625,0.79296875,1.015625,1.1171875,1.0,0.96875,0.8046875,0.96875,0.8984375,1.296875,0.9765625,0.73828125,1.1328125,0.9453125,0.6171875,0.59375,0.4140625,0.27734375,0.296875,0.3515625
2398,2398,base,0,nan,nan,0.30078125,0.48046875,0.5078125,0.3125,0.24609375,0.36328125,0.75390625,0.765625,1.15625,0.95703125,0.984375,0.94921875,0.73828125,0.94140625,0.8984375,1.2109375,1.0390625,0.6796875,1.1171875,0.890625,0.7265625,0.56640625,0.39453125,0.29296875,0.328125,0.32421875
897,897,base,0,nan,nan,0.30859375,0.4453125,0.5078125,0.3046875,0.21484375,0.34765625,0.703125,0.72265625,1.1015625,1.0,1.015625,0.98046875,0.8515625,1.015625,0.9765625,1.265625,1.0703125,0.6796875,1.0859375,0.8828125,0.59765625,0.5703125,0.4296875,0.3125,0.31640625,0.3046875
1644,1644,base,0,nan,nan,0.28125,0.453125,0.4765625,0.28125,0.20703125,0.32421875,0.7578125,0.78125,1.046875,1.046875,1.015625,0.9921875,0.8203125,0.97265625,0.953125,1.3125,1.125,0.69921875,1.21875,0.9609375,0.79296875,0.64453125,0.47265625,0.359375,0.34375,0.34765625
148,148,base,0,nan,nan,0.29296875,0.46484375,0.546875,0.33984375,0.234375,0.33203125,0.65625,0.79296875,1.015625,1.1171875,1.0,0.96875,0.8046875,0.96875,0.8984375,1.296875,0.9765625,0.73828125,1.1328125,0.9453125,0.6171875,0.59375,0.4140625,0.27734375,0.296875,0.3515625
2399,2399,base,0,nan,nan,0.30078125,0.48046875,0.5078125,0.3125,0.24609375,0.36328125,0.75390625,0.765625,1.15625,0.95703125,0.984375,0.94921875,0.73828125,0.94140625,0.8984375,1.2109375,1.0390625,0.6796875,1.1171875,0.890625,0.7265625,0.56640625,0.39453125,0.29296875,0.328125,0.32421875
898,898,base,0,nan,nan,0.30859375,0.4453125,0.5078125,0.3046875,0.21484375,0.34765625,0.703125,0.72265625,1.1015625,1.0,1.015625,0.98046875,0.8515625,1.015625,0.9765625,1.265625,1.0703125,0.6796875,1.0859375,0.8828125,0.59765625,0.5703125,0.4296875,0.3125,0.31640625,0.3046875
1645,1645,base,0,nan,nan,0.30859375,0.4140625,0.47265625,0.31640625,0.21484375,0.36328125,0.77734375,0.7421875,1.171875,1.0,0.984375,1.0625,0.86328125,0.96875,0.9140625,1.21875,1.1015625,0.75,1.1875,1.03125,0.8046875,0.6484375,0.484375,0.375,0.36328125,0.37890625
149,149,base,1,nan,nan,0.29296875,0.46484375,0.546875,0.33984375,0.234375,0.33203125,0.65625,0.79296875,1.015625,1.1171875,1.0,0.96875,0.8046875,0.96875,0.8984375,1.296875,0.9765625,0.73828125,1.1328125,0.9453125,0.6171875,0.59375,0.4140625,0.27734375,0.296875,0.3515625
2400,2400,base,0,nan,nan,0.30078125,0.48046875,0.5078125,0.3125,0.24609375,0.36328125,0.75390625,0.765625,1.15625,0.95703125,0.984375,0.94921875,0.73828125,0.94140625,0.8984375,1.2109375,1.0390625,0.6796875,1.1171875,0.890625,0.7265625,0.56640625,0.39453125,0.29296875,0.328125,0.32421875
899,899,base,0,nan,nan,0.30859375,0.4453125,0.5078125,0.3046875,0.21484375,0.34765625,0.703125,0.72265625,1.1015625,1.0,1.015625,0.98046875,0.8515625,1.015625,0.9765625,1.265625,1.0703125,0.6796875,1.0859375,0.8828125,0.59765625,0.5703125,0.4296875,0.3125,0.31640625,0.3046875
1646,1646,base,0,nan,nan,0.30859375,0.4140625,0.47265625,0.31640625,0.21484375,0.36328125,0.77734375,0.7421875,1.171875,1.0,0.984375,1.0625,0.86328125,0.96875,0.9140625,1.21875,1.1015625,0.75,1.1875,1.03125,0.8046875,0.6484375,0.484375,0.375,0.36328125,0.37890625
150,150,base,0,nan,nan,0.29296875,0.46484375,0.546875,0.33984375,0.234375,0.33203125,0.65625,0.79296875,1.015625,1.1171875,1.0,0.96875,0.8046875,0.96875,0.8984375,1.296875,0.9765625,0.73828125,1.1328125,0.9453125,0.6171875,0.59375,0.4140625,0.27734375,0.296875,0.3515625
2401,2401,base,0,nan,nan,0.296875,0.44140625,0.48046875,0.28515625,0.21484375,0.3359375,0.71875,0.7109375,1.0859375,1.015625,0.98828125,0.9921875,0.7265625,0.94140625,0.8984375,1.234375,1.0625,0.65625,1.1484375,0.94921875,0.625,0.5390625,0.375,0.265625,0.26171875,0.29296875
900,900,base,0,nan,nan,0.30859375,0.4453125,0.5078125,0.3046875,0.21484375,0.34765625,0.703125,0.72265625,1.1015625,1.0,1.015625,0.98046875,0.8515625,1.015625,0.9765625,1.265625,1.0703125,0.6796875,1.0859375,0.8828125,0.59765625,0.5703125,0.4296875,0.3125,0.31640625,0.3046875
151,151,base,0,nan,nan,0.3125,0.49609375,0.53125,0.33984375,0.23046875,0.34765625,0.8046875,0.7265625,1.1015625,1.0078125,0.99609375,0.96875,0.78125,0.98828125,0.9921875,1.265625,1.0390625,0.73828125,1.15625,0.92578125,0.734375,0.59375,0.43359375,0.30859375,0.30078125,0.32421875
1647,1647,base,1,nan,nan,0.30859375,0.4140625,0.47265625,0.31640625,0.21484375,0.36328125,0.77734375,0.7421875,1.171875,1.0,0.984375,1.0625,0.86328125,0.96875,0.9140625,1.21875,1.1015625,0.75,1.1875,1.03125,0.8046875,0.6484375,0.484375,0.375,0.36328125,0.37890625
2402,2402,base,0,nan,nan,0.296875,0.44140625,0.48046875,0.28515625,0.21484375,0.3359375,0.71875,0.7109375,1.0859375,1.015625,0.98828125,0.9921875,0.7265625,0.94140625,0.8984375,1.234375,1.0625,0.65625,1.1484375,0.94921875,0.625,0.5390625,0.375,0.265625,0.26171875,0.29296875
152,152,base,0,nan,nan,0.3125,0.49609375,0.53125,0.33984375,0.23046875,0.34765625,0.8046875,0.7265625,1.1015625,1.0078125,0.99609375,0.96875,0.78125,0.98828125,0.9921875,1.265625,1.0390625,0.73828125,1.15625,0.92578125,0.734375,0.59375,0.43359375,0.30859375,0.30078125,0.32421875
901,901,base,0,nan,nan,0.31640625,0.48046875,0.5234375,0.3671875,0.28515625,0.40234375,0.7109375,0.7890625,1.125,1.0,0.9921875,0.984375,0.703125,0.96875,0.93359375,1.28125,0.99609375,0.68359375,1.0234375,0.80078125,0.51953125,0.53125,0.37890625,0.23828125,0.28125,0.3046875
1648,1648,base,0,nan,nan,0.30859375,0.4140625,0.47265625,0.31640625,0.21484375,0.36328125,0.77734375,0.7421875,1.171875,1.0,0.984375,1.0625,0.86328125,0.96875,0.9140625,1.21875,1.1015625,0.75,1.1875,1.03125,0.8046875,0.6484375,0.484375,0.375,0.36328125,0.37890625
2403,2403,base,0,nan,nan,0.296875,0.44140625,0.48046875,0.28515625,0.21484375,0.3359375,0.71875,0.7109375,1.0859375,1.015625,0.98828125,0.9921875,0.7265625,0.94140625,0.8984375,1.234375,1.0625,0.65625,1.1484375,0.94921875,0.625,0.5390625,0.375,0.265625,0.26171875,0.29296875
153,153,base,0,nan,nan,0.3125,0.49609375,0.53125,0.33984375,0.23046875,0.34765625,0.8046875,0.7265625,1.1015625,1.0078125,0.99609375,0.96875,0.78125,0.98828125,0.9921875,1.265625,1.0390625,0.73828125,1.15625,0.92578125,0.734375,0.59375,0.43359375,0.30859375,0.30078125,0.32421875
902,902,base,0,nan,nan,0.31640625,0.48046875,0.5234375,0.3671875,0.28515625,0.40234375,0.7109375,0.7890625,1.125,1.0,0.9921875,0.984375,0.703125,0.96875,0.93359375,1.28125,0.99609375,0.68359375,1.0234375,0.80078125,0.51953125,0.53125,0.37890625,0.23828125,0.28125,0.3046875
1649,1649,base,0,nan,nan,0.30859375,0.4140625,0.47265625,0.31640625,0.21484375,0.36328125,0.77734375,0.7421875,1.171875,1.0,0.984375,1.0625,0.86328125,0.96875,0.9140625,1.21875,1.1015625,0.75,1.1875,1.03125,0.8046875,0.6484375,0.484375,0.375,0.36328125,0.37890625
2404,2404,base,0,nan,nan,0.296875,0.44140625,0.48046875,0.28515625,0.21484375,0.3359375,0.71875,0.7109375,1.0859375,1.015625,0.98828125,0.9921875,0.7265625,0.94140625,0.8984375,1.234375,1.0625,0.65625,1.1484375,0.94921875,0.625,0.5390625,0.375,0.265625,0.26171875,0.29296875
154,154,base,0,nan,nan,0.3125,0.49609375,0.53125,0.33984375,0.23046875,0.34765625,0.8046875,0.7265625,1.1015625,1.0078125,0.99609375,0.96875,0.78125,0.98828125,0.9921875,1.265625,1.0390625,0.73828125,1.15625,0.92578125,0.734375,0.59375,0.43359375,0.30859375,0.30078125,0.32421875
903,903,base,1,nan,nan,0.31640625,0.48046875,0.5234375,0.3671875,0.28515625,0.40234375,0.7109375,0.7890625,1.125,1.0,0.9921875,0.984375,0.703125,0.96875,0.93359375,1.28125,0.99609375,0.68359375,1.0234375,0.80078125,0.51953125,0.53125,0.37890625,0.23828125,0.28125,0.3046875
1650,1650,base,0,nan,nan,0.30859375,0.4140625,0.47265625,0.31640625,0.21484375,0.36328125,0.77734375,0.7421875,1.171875,1.0,0.984375,1.0625,0.86328125,0.96875,0.9140625,1.21875,1.1015625,0.75,1.1875,1.03125,0.8046875,0.6484375,0.484375,0.375,0.36328125,0.37890625
2405,2405,base,0,nan,nan,0.296875,0.44140625,0.48046875,0.28515625,0.21484375,0.3359375,0.71875,0.7109375,1.0859375,1.015625,0.98828125,0.9921875,0.7265625,0.94140625,0.8984375,1.234375,1.0625,0.65625,1.1484375,0.94921875,0.625,0.5390625,0.375,0.265625,0.26171875,0.29296875
155,155,base,0,nan,nan,0.3125,0.49609375,0.53125,0.33984375,0.23046875,0.34765625,0.8046875,0.7265625,1.1015625,1.0078125,0.99609375,0.96875,0.78125,0.98828125,0.9921875,1.265625,1.0390625,0.73828125,1.15625,0.92578125,0.734375,0.59375,0.43359375,0.30859375,0.30078125,0.32421875
904,904,base,0,nan,nan,0.31640625,0.48046875,0.5234375,0.3671875,0.28515625,0.40234375,0.7109375,0.7890625,1.125,1.0,0.9921875,0.984375,0.703125,0.96875,0.93359375,1.28125,0.99609375,0.68359375,1.0234375,0.80078125,0.51953125,0.53125,0.37890625,0.23828125,0.28125,0.3046875
1651,1651,base,0,nan,nan,0.30078125,0.453125,0.48828125,0.31640625,0.2109375,0.3359375,0.80859375,0.79296875,1.0546875,0.984375,1.0390625,1.046875,0.8203125,1.0,0.99609375,1.2734375,1.1484375,0.7109375,1.25,1.015625,0.8203125,0.671875,0.49609375,0.375,0.37890625,0.35546875
2406,2406,base,0,nan,nan,0.296875,0.44140625,0.48046875,0.28515625,0.21484375,0.3359375,0.71875,0.7109375,1.0859375,1.015625,0.98828125,0.9921875,0.7265625,0.94140625,0.8984375,1.234375,1.0625,0.65625,1.1484375,0.94921875,0.625,0.5390625,0.375,0.265625,0.26171875,0.29296875
156,156,base,0,nan,nan,0.3125,0.49609375,0.53125,0.33984375,0.23046875,0.34765625,0.8046875,0.7265625,1.1015625,1.0078125,0.99609375,0.96875,0.78125,0.98828125,0.9921875,1.265625,1.0390625,0.73828125,1.15625,0.92578125,0.734375,0.59375,0.43359375,0.30859375,0.30078125,0.32421875
1652,1652,base,0,nan,nan,0.30078125,0.453125,0.48828125,0.31640625,0.2109375,0.3359375,0.80859375,0.79296875,1.0546875,0.984375,1.0390625,1.046875,0.8203125,1.0,0.99609375,1.2734375,1.1484375,0.7109375,1.25,1.015625,0.8203125,0.671875,0.49609375,0.375,0.37890625,0.35546875
905,905,base,0,nan,nan,0.31640625,0.48046875,0.5234375,0.3671875,0.28515625,0.40234375,0.7109375,0.7890625,1.125,1.0,0.9921875,0.984375,0.703125,0.96875,0.93359375,1.28125,0.99609375,0.68359375,1.0234375,0.80078125,0.51953125,0.53125,0.37890625,0.23828125,0.28125,0.3046875
2407,2407,base,0,nan,nan,0.32421875,0.53125,0.609375,0.4140625,0.23828125,0.4140625,0.73046875,0.87890625,1.171875,0.953125,0.9453125,0.96484375,0.84375,0.8203125,0.76953125,1.09375,0.9765625,0.6875,1.078125,0.8203125,0.70703125,0.5859375,0.44140625,0.359375,0.3671875,0.33203125
157,157,base,0,nan,nan,0.31640625,0.4765625,0.5078125,0.31640625,0.1953125,0.3359375,0.765625,0.71484375,1.1484375,0.9609375,0.98046875,1.078125,0.75,1.0234375,0.98046875,1.1484375,1.046875,0.78125,1.2109375,1.0078125,0.74609375,0.5859375,0.43359375,0.30859375,0.30859375,0.3359375
1653,1653,base,0,nan,nan,0.30078125,0.453125,0.48828125,0.31640625,0.2109375,0.3359375,0.80859375,0.79296875,1.0546875,0.984375,1.0390625,1.046875,0.8203125,1.0,0.99609375,1.2734375,1.1484375,0.7109375,1.25,1.015625,0.8203125,0.671875,0.49609375,0.375,0.37890625,0.35546875
906,906,base,0,nan,nan,0.31640625,0.48046875,0.5234375,0.3671875,0.28515625,0.40234375,0.7109375,0.7890625,1.125,1.0,0.9921875,0.984375,0.703125,0.96875,0.93359375,1.28125,0.99609375,0.68359375,1.0234375,0.80078125,0.51953125,0.53125,0.37890625,0.23828125,0.28125,0.3046875
2408,2408,base,0,nan,nan,0.32421875,0.53125,0.609375,0.4140625,0.23828125,0.4140625,0.73046875,0.87890625,1.171875,0.953125,0.9453125,0.96484375,0.84375,0.8203125,0.76953125,1.09375,0.9765625,0.6875,1.078125,0.8203125,0.70703125,0.5859375,0.44140625,0.359375,0.3671875,0.33203125
158,158,base,0,nan,nan,0.31640625,0.4765625,0.5078125,0.31640625,0.1953125,0.3359375,0.765625,0.71484375,1.1484375,0.9609375,0.98046875,1.078125,0.75,1.0234375,0.98046875,1.1484375,1.046875,0.78125,1.2109375,1.0078125,0.74609375,0.5859375,0.43359375,0.30859375,0.30859375,0.3359375
1654,1654,base,0,nan,nan,0.30078125,0.453125,0.48828125,0.31640625,0.2109375,0.3359375,0.80859375,0.79296875,1.0546875,0.984375,1.0390625,1.046875,0.8203125,1.0,0.99609375,1.2734375,1.1484375,0.7109375,1.25,1.015625,0.8203125,0.671875,0.49609375,0.375,0.37890625,0.35546875
907,907,base,0,nan,nan,0.31640625,0.484375,0.49609375,0.296875,0.23046875,0.3359375,0.76171875,0.7578125,1.171875,0.96875,0.98828125,1.0234375,0.78515625,0.92578125,0.8359375,1.1875,1.0078125,0.7578125,1.0859375,0.890625,0.78125,0.65625,0.45703125,0.359375,0.41015625,0.41015625
159,159,base,0,nan,nan,0.31640625,0.4765625,0.5078125,0.31640625,0.1953125,0.3359375,0.765625,0.71484375,1.1484375,0.9609375,0.98046875,1.078125,0.75,1.0234375,0.98046875,1.1484375,1.046875,0.78125,1.2109375,1.0078125,0.74609375,0.5859375,0.43359375,0.30859375,0.30859375,0.3359375
2409,2409,base,1,nan,nan,0.32421875,0.53125,0.609375,0.4140625,0.23828125,0.4140625,0.73046875,0.87890625,1.171875,0.953125,0.9453125,0.96484375,0.84375,0.8203125,0.76953125,1.09375,0.9765625,0.6875,1.078125,0.8203125,0.70703125,0.5859375,0.44140625,0.359375,0.3671875,0.33203125
1655,1655,base,1,nan,nan,0.30078125,0.453125,0.48828125,0.31640625,0.2109375,0.3359375,0.80859375,0.79296875,1.0546875,0.984375,1.0390625,1.046875,0.8203125,1.0,0.99609375,1.2734375,1.1484375,0.7109375,1.25,1.015625,0.8203125,0.671875,0.49609375,0.375,0.37890625,0.35546875
908,908,base,0,nan,nan,0.31640625,0.484375,0.49609375,0.296875,0.23046875,0.3359375,0.76171875,0.7578125,1.171875,0.96875,0.98828125,1.0234375,0.78515625,0.92578125,0.8359375,1.1875,1.0078125,0.7578125,1.0859375,0.890625,0.78125,0.65625,0.45703125,0.359375,0.41015625,0.41015625
160,160,base,0,nan,nan,0.31640625,0.4765625,0.5078125,0.31640625,0.1953125,0.3359375,0.765625,0.71484375,1.1484375,0.9609375,0.98046875,1.078125,0.75,1.0234375,0.98046875,1.1484375,1.046875,0.78125,1.2109375,1.0078125,0.74609375,0.5859375,0.43359375,0.30859375,0.30859375,0.3359375
1656,1656,base,0,nan,nan,0.30078125,0.453125,0.48828125,0.31640625,0.2109375,0.3359375,0.80859375,0.79296875,1.0546875,0.984375,1.0390625,1.046875,0.8203125,1.0,0.99609375,1.2734375,1.1484375,0.7109375,1.25,1.015625,0.8203125,0.671875,0.49609375,0.375,0.37890625,0.35546875
2410,2410,base,0,nan,nan,0.32421875,0.53125,0.609375,0.4140625,0.23828125,0.4140625,0.73046875,0.87890625,1.171875,0.953125,0.9453125,0.96484375,0.84375,0.8203125,0.76953125,1.09375,0.9765625,0.6875,1.078125,0.8203125,0.70703125,0.5859375,0.44140625,0.359375,0.3671875,0.33203125
909,909,base,0,nan,nan,0.31640625,0.484375,0.49609375,0.296875,0.23046875,0.3359375,0.76171875,0.7578125,1.171875,0.96875,0.98828125,1.0234375,0.78515625,0.92578125,0.8359375,1.1875,1.0078125,0.7578125,1.0859375,0.890625,0.78125,0.65625,0.45703125,0.359375,0.41015625,0.41015625
161,161,base,0,nan,nan,0.31640625,0.4765625,0.5078125,0.31640625,0.1953125,0.3359375,0.765625,0.71484375,1.1484375,0.9609375,0.98046875,1.078125,0.75,1.0234375,0.98046875,1.1484375,1.046875,0.78125,1.2109375,1.0078125,0.74609375,0.5859375,0.43359375,0.30859375,0.30859375,0.3359375
1657,1657,base,1,nan,nan,0.30859375,0.45703125,0.46875,0.2890625,0.20703125,0.3359375,0.80078125,0.7109375,1.15625,0.921875,1.0625,1.0859375,0.78125,0.95703125,0.92578125,1.109375,1.0078125,0.8125,1.203125,0.96875,0.79296875,0.5859375,0.39453125,0.2578125,0.2734375,0.3359375
910,910,base,0,nan,nan,0.31640625,0.484375,0.49609375,0.296875,0.23046875,0.3359375,0.76171875,0.7578125,1.171875,0.96875,0.98828125,1.0234375,0.78515625,0.92578125,0.8359375,1.1875,1.0078125,0.7578125,1.0859375,0.890625,0.78125,0.65625,0.45703125,0.359375,0.41015625,0.41015625
2411,2411,base,1,nan,nan,0.32421875,0.53125,0.609375,0.4140625,0.23828125,0.4140625,0.73046875,0.87890625,1.171875,0.953125,0.9453125,0.96484375,0.84375,0.8203125,0.76953125,1.09375,0.9765625,0.6875,1.078125,0.8203125,0.70703125,0.5859375,0.44140625,0.359375,0.3671875,0.33203125
162,162,base,0,nan,nan,0.31640625,0.4765625,0.5078125,0.31640625,0.1953125,0.3359375,0.765625,0.71484375,1.1484375,0.9609375,0.98046875,1.078125,0.75,1.0234375,0.98046875,1.1484375,1.046875,0.78125,1.2109375,1.0078125,0.74609375,0.5859375,0.43359375,0.30859375,0.30859375,0.3359375
911,911,base,0,nan,nan,0.31640625,0.484375,0.49609375,0.296875,0.23046875,0.3359375,0.76171875,0.7578125,1.171875,0.96875,0.98828125,1.0234375,0.78515625,0.92578125,0.8359375,1.1875,1.0078125,0.7578125,1.0859375,0.890625,0.78125,0.65625,0.45703125,0.359375,0.41015625,0.41015625
1658,1658,base,0,nan,nan,0.30859375,0.45703125,0.46875,0.2890625,0.20703125,0.3359375,0.80078125,0.7109375,1.15625,0.921875,1.0625,1.0859375,0.78125,0.95703125,0.92578125,1.109375,1.0078125,0.8125,1.203125,0.96875,0.79296875,0.5859375,0.39453125,0.2578125,0.2734375,0.3359375
2412,2412,base,0,nan,nan,0.32421875,0.53125,0.609375,0.4140625,0.23828125,0.4140625,0.73046875,0.87890625,1.171875,0.953125,0.9453125,0.96484375,0.84375,0.8203125,0.76953125,1.09375,0.9765625,0.6875,1.078125,0.8203125,0.70703125,0.5859375,0.44140625,0.359375,0.3671875,0.33203125
163,163,base,1,nan,nan,0.3203125,0.4375,0.5,0.35546875,0.265625,0.35546875,0.71875,0.765625,1.140625,0.953125,0.98046875,0.95703125,0.80078125,0.953125,0.8828125,1.265625,1.09375,0.62109375,0.9921875,0.83203125,0.55859375,0.5390625,0.40625,0.2890625,0.3125,0.3125
912,912,base,0,nan,nan,0.31640625,0.484375,0.49609375,0.296875,0.23046875,0.3359375,0.76171875,0.7578125,1.171875,0.96875,0.98828125,1.0234375,0.78515625,0.92578125,0.8359375,1.1875,1.0078125,0.7578125,1.0859375,0.890625,0.78125,0.65625,0.45703125,0.359375,0.41015625,0.41015625
1659,1659,base,0,nan,nan,0.30859375,0.45703125,0.46875,0.2890625,0.20703125,0.3359375,0.80078125,0.7109375,1.15625,0.921875,1.0625,1.0859375,0.78125,0.95703125,0.92578125,1.109375,1.0078125,0.8125,1.203125,0.96875,0.79296875,0.5859375,0.39453125,0.2578125,0.2734375,0.3359375
2413,2413,base,0,nan,nan,0.3359375,0.45703125,0.4921875,0.3515625,0.25390625,0.328125,0.7421875,0.8359375,1.15625,1.0,0.9921875,0.98828125,0.7734375,0.97265625,0.8671875,1.1640625,1.0546875,0.640625,1.140625,0.96875,0.609375,0.5703125,0.42578125,0.265625,0.3125,0.3125
164,164,base,0,nan,nan,0.3203125,0.4375,0.5,0.35546875,0.265625,0.35546875,0.71875,0.765625,1.140625,0.953125,0.98046875,0.95703125,0.80078125,0.953125,0.8828125,1.265625,1.09375,0.62109375,0.9921875,0.83203125,0.55859375,0.5390625,0.40625,0.2890625,0.3125,0.3125
913,913,base,0,nan,nan,0.3203125,0.4453125,0.578125,0.42578125,0.2265625,0.3359375,0.71875,0.76171875,1.0703125,1.09375,0.96484375,1.015625,0.76171875,1.0234375,0.9765625,1.1953125,1.046875,0.625,1.2265625,1.0625,0.6875,0.609375,0.4375,0.31640625,0.328125,0.34375
1660,1660,base,0,nan,nan,0.30859375,0.45703125,0.46875,0.2890625,0.20703125,0.3359375,0.80078125,0.7109375,1.15625,0.921875,1.0625,1.0859375,0.78125,0.95703125,0.92578125,1.109375,1.0078125,0.8125,1.203125,0.96875,0.79296875,0.5859375,0.39453125,0.2578125,0.2734375,0.3359375
2414,2414,base,0,nan,nan,0.3359375,0.45703125,0.4921875,0.3515625,0.25390625,0.328125,0.7421875,0.8359375,1.15625,1.0,0.9921875,0.98828125,0.7734375,0.97265625,0.8671875,1.1640625,1.0546875,0.640625,1.140625,0.96875,0.609375,0.5703125,0.42578125,0.265625,0.3125,0.3125
165,165,base,0,nan,nan,0.3203125,0.4375,0.5,0.35546875,0.265625,0.35546875,0.71875,0.765625,1.140625,0.953125,0.98046875,0.95703125,0.80078125,0.953125,0.8828125,1.265625,1.09375,0.62109375,0.9921875,0.83203125,0.55859375,0.5390625,0.40625,0.2890625,0.3125,0.3125
914,914,base,0,nan,nan,0.3203125,0.4453125,0.578125,0.42578125,0.2265625,0.3359375,0.71875,0.76171875,1.0703125,1.09375,0.96484375,1.015625,0.76171875,1.0234375,0.9765625,1.1953125,1.046875,0.625,1.2265625,1.0625,0.6875,0.609375,0.4375,0.31640625,0.328125,0.34375
1661,1661,base,1,nan,nan,0.30859375,0.45703125,0.46875,0.2890625,0.20703125,0.3359375,0.80078125,0.7109375,1.15625,0.921875,1.0625,1.0859375,0.78125,0.95703125,0.92578125,1.109375,1.0078125,0.8125,1.203125,0.96875,0.79296875,0.5859375,0.39453125,0.2578125,0.2734375,0.3359375
2415,2415,base,0,nan,nan,0.3359375,0.45703125,0.4921875,0.3515625,0.25390625,0.328125,0.7421875,0.8359375,1.15625,1.0,0.9921875,0.98828125,0.7734375,0.97265625,0.8671875,1.1640625,1.0546875,0.640625,1.140625,0.96875,0.609375,0.5703125,0.42578125,0.265625,0.3125,0.3125
166,166,base,0,nan,nan,0.3203125,0.4375,0.5,0.35546875,0.265625,0.35546875,0.71875,0.765625,1.140625,0.953125,0.98046875,0.95703125,0.80078125,0.953125,0.8828125,1.265625,1.09375,0.62109375,0.9921875,0.83203125,0.55859375,0.5390625,0.40625,0.2890625,0.3125,0.3125
915,915,base,0,nan,nan,0.3203125,0.4453125,0.578125,0.42578125,0.2265625,0.3359375,0.71875,0.76171875,1.0703125,1.09375,0.96484375,1.015625,0.76171875,1.0234375,0.9765625,1.1953125,1.046875,0.625,1.2265625,1.0625,0.6875,0.609375,0.4375,0.31640625,0.328125,0.34375
1662,1662,base,0,nan,nan,0.30859375,0.45703125,0.46875,0.2890625,0.20703125,0.3359375,0.80078125,0.7109375,1.15625,0.921875,1.0625,1.0859375,0.78125,0.95703125,0.92578125,1.109375,1.0078125,0.8125,1.203125,0.96875,0.79296875,0.5859375,0.39453125,0.2578125,0.2734375,0.3359375
2416,2416,base,0,nan,nan,0.3359375,0.45703125,0.4921875,0.3515625,0.25390625,0.328125,0.7421875,0.8359375,1.15625,1.0,0.9921875,0.98828125,0.7734375,0.97265625,0.8671875,1.1640625,1.0546875,0.640625,1.140625,0.96875,0.609375,0.5703125,0.42578125,0.265625,0.3125,0.3125
916,916,base,0,nan,nan,0.3203125,0.4453125,0.578125,0.42578125,0.2265625,0.3359375,0.71875,0.76171875,1.0703125,1.09375,0.96484375,1.015625,0.76171875,1.0234375,0.9765625,1.1953125,1.046875,0.625,1.2265625,1.0625,0.6875,0.609375,0.4375,0.31640625,0.328125,0.34375
167,167,base,1,nan,nan,0.3203125,0.4375,0.5,0.35546875,0.265625,0.35546875,0.71875,0.765625,1.140625,0.953125,0.98046875,0.95703125,0.80078125,0.953125,0.8828125,1.265625,1.09375,0.62109375,0.9921875,0.83203125,0.55859375,0.5390625,0.40625,0.2890625,0.3125,0.3125
1663,1663,base,0,nan,nan,0.2890625,0.51953125,0.5390625,0.33984375,0.25,0.30859375,0.6875,0.78125,1.0546875,1.0859375,1.0625,0.984375,0.8046875,1.046875,1.046875,1.2421875,1.0390625,0.671875,1.1015625,0.9296875,0.57421875,0.5078125,0.375,0.265625,0.26953125,0.328125
2417,2417,base,1,nan,nan,0.3359375,0.45703125,0.4921875,0.3515625,0.25390625,0.328125,0.7421875,0.8359375,1.15625,1.0,0.9921875,0.98828125,0.7734375,0.97265625,0.8671875,1.1640625,1.0546875,0.640625,1.140625,0.96875,0.609375,0.5703125,0.42578125,0.265625,0.3125,0.3125
917,917,base,1,nan,nan,0.3203125,0.4453125,0.578125,0.42578125,0.2265625,0.3359375,0.71875,0.76171875,1.0703125,1.09375,0.96484375,1.015625,0.76171875,1.0234375,0.9765625,1.1953125,1.046875,0.625,1.2265625,1.0625,0.6875,0.609375,0.4375,0.31640625,0.328125,0.34375
168,168,base,0,nan,nan,0.3203125,0.4375,0.5,0.35546875,0.265625,0.35546875,0.71875,0.765625,1.140625,0.953125,0.98046875,0.95703125,0.80078125,0.953125,0.8828125,1.265625,1.09375,0.62109375,0.9921875,0.83203125,0.55859375,0.5390625,0.40625,0.2890625,0.3125,0.3125
1664,1664,base,0,nan,nan,0.2890625,0.51953125,0.5390625,0.33984375,0.25,0.30859375,0.6875,0.78125,1.0546875,1.0859375,1.0625,0.984375,0.8046875,1.046875,1.046875,1.2421875,1.0390625,0.671875,1.1015625,0.9296875,0.57421875,0.5078125,0.375,0.265625,0.26953125,0.328125
2418,2418,base,0,nan,nan,0.3359375,0.45703125,0.4921875,0.3515625,0.25390625,0.328125,0.7421875,0.8359375,1.15625,1.0,0.9921875,0.98828125,0.7734375,0.97265625,0.8671875,1.1640625,1.0546875,0.640625,1.140625,0.96875,0.609375,0.5703125,0.42578125,0.265625,0.3125,0.3125
918,918,base,0,nan,nan,0.3203125,0.4453125,0.578125,0.42578125,0.2265625,0.3359375,0.71875,0.76171875,1.0703125,1.09375,0.96484375,1.015625,0.76171875,1.0234375,0.9765625,1.1953125,1.046875,0.625,1.2265625,1.0625,0.6875,0.609375,0.4375,0.31640625,0.328125,0.34375
169,169,base,0,nan,nan,0.30859375,0.41796875,0.515625,0.3359375,0.22265625,0.33203125,0.7890625,0.71875,1.078125,1.0390625,0.99609375,1.03125,0.87109375,0.9140625,0.87109375,1.3125,1.109375,0.6640625,0.9921875,0.828125,0.765625,0.67578125,0.484375,0.37109375,0.37109375,0.33203125
1665,1665,base,0,nan,nan,0.2890625,0.51953125,0.5390625,0.33984375,0.25,0.30859375,0.6875,0.78125,1.0546875,1.0859375,1.0625,0.984375,0.8046875,1.046875,1.046875,1.2421875,1.0390625,0.671875,1.1015625,0.9296875,0.57421875,0.5078125,0.375,0.265625,0.26953125,0.328125
2419,2419,base,0,nan,nan,0.30078125,0.5234375,0.5859375,0.34765625,0.2265625,0.3359375,0.765625,0.78515625,1.046875,1.09375,0.9921875,1.0625,0.8515625,0.9609375,0.84765625,1.140625,1.046875,0.765625,1.171875,0.859375,0.8125,0.6015625,0.47265625,0.3828125,0.32421875,0.34765625
919,919,base,0,nan,nan,0.28125,0.42578125,0.46875,0.37890625,0.296875,0.3515625,0.7890625,0.765625,1.09375,1.0078125,1.0234375,1.0546875,0.82421875,0.92578125,0.8203125,1.1640625,1.015625,0.80859375,1.1875,0.875,0.84375,0.6015625,0.4140625,0.296875,0.3203125,0.37890625
170,170,base,0,nan,nan,0.30859375,0.41796875,0.515625,0.3359375,0.22265625,0.33203125,0.7890625,0.71875,1.078125,1.0390625,0.99609375,1.03125,0.87109375,0.9140625,0.87109375,1.3125,1.109375,0.6640625,0.9921875,0.828125,0.765625,0.67578125,0.484375,0.37109375,0.37109375,0.33203125
1666,1666,base,0,nan,nan,0.2890625,0.51953125,0.5390625,0.33984375,0.25,0.30859375,0.6875,0.78125,1.0546875,1.0859375,1.0625,0.984375,0.8046875,1.046875,1.046875,1.2421875,1.0390625,0.671875,1.1015625,0.9296875,0.57421875,0.5078125,0.375,0.265625,0.26953125,0.328125
2420,2420,base,0,nan,nan,0.30078125,0.5234375,0.5859375,0.34765625,0.2265625,0.3359375,0.765625,0.78515625,1.046875,1.09375,0.9921875,1.0625,0.8515625,0.9609375,0.84765625,1.140625,1.046875,0.765625,1.171875,0.859375,0.8125,0.6015625,0.47265625,0.3828125,0.32421875,0.34765625
171,171,base,1,nan,nan,0.30859375,0.41796875,0.515625,0.3359375,0.22265625,0.33203125,0.7890625,0.71875,1.078125,1.0390625,0.99609375,1.03125,0.87109375,0.9140625,0.87109375,1.3125,1.109375,0.6640625,0.9921875,0.828125,0.765625,0.67578125,0.484375,0.37109375,0.37109375,0.33203125
920,920,base,0,nan,nan,0.28125,0.42578125,0.46875,0.37890625,0.296875,0.3515625,0.7890625,0.765625,1.09375,1.0078125,1.0234375,1.0546875,0.82421875,0.92578125,0.8203125,1.1640625,1.015625,0.80859375,1.1875,0.875,0.84375,0.6015625,0.4140625,0.296875,0.3203125,0.37890625
1667,1667,base,0,nan,nan,0.2890625,0.51953125,0.5390625,0.33984375,0.25,0.30859375,0.6875,0.78125,1.0546875,1.0859375,1.0625,0.984375,0.8046875,1.046875,1.046875,1.2421875,1.0390625,0.671875,1.1015625,0.9296875,0.57421875,0.5078125,0.375,0.265625,0.26953125,0.328125
2421,2421,base,0,nan,nan,0.30078125,0.5234375,0.5859375,0.34765625,0.2265625,0.3359375,0.765625,0.78515625,1.046875,1.09375,0.9921875,1.0625,0.8515625,0.9609375,0.84765625,1.140625,1.046875,0.765625,1.171875,0.859375,0.8125,0.6015625,0.47265625,0.3828125,0.32421875,0.34765625
172,172,base,0,nan,nan,0.30859375,0.41796875,0.515625,0.3359375,0.22265625,0.33203125,0.7890625,0.71875,1.078125,1.0390625,0.99609375,1.03125,0.87109375,0.9140625,0.87109375,1.3125,1.109375,0.6640625,0.9921875,0.828125,0.765625,0.67578125,0.484375,0.37109375,0.37109375,0.33203125
921,921,base,0,nan,nan,0.28125,0.42578125,0.46875,0.37890625,0.296875,0.3515625,0.7890625,0.765625,1.09375,1.0078125,1.0234375,1.0546875,0.82421875,0.92578125,0.8203125,1.1640625,1.015625,0.80859375,1.1875,0.875,0.84375,0.6015625,0.4140625,0.296875,0.3203125,0.37890625
1668,1668,base,0,nan,nan,0.2890625,0.51953125,0.5390625,0.33984375,0.25,0.30859375,0.6875,0.78125,1.0546875,1.0859375,1.0625,0.984375,0.8046875,1.046875,1.046875,1.2421875,1.0390625,0.671875,1.1015625,0.9296875,0.57421875,0.5078125,0.375,0.265625,0.26953125,0.328125
2422,2422,base,0,nan,nan,0.30078125,0.5234375,0.5859375,0.34765625,0.2265625,0.3359375,0.765625,0.78515625,1.046875,1.09375,0.9921875,1.0625,0.8515625,0.9609375,0.84765625,1.140625,1.046875,0.765625,1.171875,0.859375,0.8125,0.6015625,0.47265625,0.3828125,0.32421875,0.34765625
173,173,base,0,nan,nan,0.30859375,0.41796875,0.515625,0.3359375,0.22265625,0.33203125,0.7890625,0.71875,1.078125,1.0390625,0.99609375,1.03125,0.87109375,0.9140625,0.87109375,1.3125,1.109375,0.6640625,0.9921875,0.828125,0.765625,0.67578125,0.484375,0.37109375,0.37109375,0.33203125
922,922,base,0,nan,nan,0.28125,0.42578125,0.46875,0.37890625,0.296875,0.3515625,0.7890625,0.765625,1.09375,1.0078125,1.0234375,1.0546875,0.82421875,0.92578125,0.8203125,1.1640625,1.015625,0.80859375,1.1875,0.875,0.84375,0.6015625,0.4140625,0.296875,0.3203125,0.37890625
1669,1669,base,0,nan,nan,0.29296875,0.4296875,0.4609375,0.3125,0.20703125,0.33984375,0.7890625,0.6953125,1.1171875,0.95703125,1.0,1.03125,0.7734375,1.0078125,0.9921875,1.1796875,1.0625,0.75,1.21875,1.015625,0.796875,0.6171875,0.42578125,0.30078125,0.3359375,0.3515625
2423,2423,base,0,nan,nan,0.30078125,0.5234375,0.5859375,0.34765625,0.2265625,0.3359375,0.765625,0.78515625,1.046875,1.09375,0.9921875,1.0625,0.8515625,0.9609375,0.84765625,1.140625,1.046875,0.765625,1.171875,0.859375,0.8125,0.6015625,0.47265625,0.3828125,0.32421875,0.34765625
174,174,base,0,nan,nan,0.30859375,0.41796875,0.515625,0.3359375,0.22265625,0.33203125,0.7890625,0.71875,1.078125,1.0390625,0.99609375,1.03125,0.87109375,0.9140625,0.87109375,1.3125,1.109375,0.6640625,0.9921875,0.828125,0.765625,0.67578125,0.484375,0.37109375,0.37109375,0.33203125
923,923,base,1,nan,nan,0.28125,0.42578125,0.46875,0.37890625,0.296875,0.3515625,0.7890625,0.765625,1.09375,1.0078125,1.0234375,1.0546875,0.82421875,0.92578125,0.8203125,1.1640625,1.015625,0.80859375,1.1875,0.875,0.84375,0.6015625,0.4140625,0.296875,0.3203125,0.37890625
1670,1670,base,0,nan,nan,0.29296875,0.4296875,0.4609375,0.3125,0.20703125,0.33984375,0.7890625,0.6953125,1.1171875,0.95703125,1.0,1.03125,0.7734375,1.0078125,0.9921875,1.1796875,1.0625,0.75,1.21875,1.015625,0.796875,0.6171875,0.42578125,0.30078125,0.3359375,0.3515625
2424,2424,base,0,nan,nan,0.30078125,0.5234375,0.5859375,0.34765625,0.2265625,0.3359375,0.765625,0.78515625,1.046875,1.09375,0.9921875,1.0625,0.8515625,0.9609375,0.84765625,1.140625,1.046875,0.765625,1.171875,0.859375,0.8125,0.6015625,0.47265625,0.3828125,0.32421875,0.34765625
175,175,base,0,nan,nan,0.296875,0.45703125,0.49609375,0.31640625,0.21484375,0.31640625,0.75,0.74609375,1.0546875,1.0390625,0.984375,0.99609375,0.8359375,0.94921875,0.8828125,1.203125,1.0703125,0.703125,1.203125,0.9609375,0.7265625,0.58984375,0.4140625,0.3125,0.34765625,0.3828125
924,924,base,0,nan,nan,0.28125,0.42578125,0.46875,0.37890625,0.296875,0.3515625,0.7890625,0.765625,1.09375,1.0078125,1.0234375,1.0546875,0.82421875,0.92578125,0.8203125,1.1640625,1.015625,0.80859375,1.1875,0.875,0.84375,0.6015625,0.4140625,0.296875,0.3203125,0.37890625
1671,1671,base,0,nan,nan,0.29296875,0.4296875,0.4609375,0.3125,0.20703125,0.33984375,0.7890625,0.6953125,1.1171875,0.95703125,1.0,1.03125,0.7734375,1.0078125,0.9921875,1.1796875,1.0625,0.75,1.21875,1.015625,0.796875,0.6171875,0.42578125,0.30078125,0.3359375,0.3515625
2425,2425,base,0,nan,nan,0.2734375,0.43359375,0.5,0.30078125,0.2265625,0.33203125,0.69921875,0.7890625,1.109375,1.0078125,1.046875,0.984375,0.8046875,0.91015625,0.84375,1.1796875,1.046875,0.734375,1.1640625,0.89453125,0.7265625,0.515625,0.39453125,0.26171875,0.29296875,0.3359375
176,176,base,0,nan,nan,0.296875,0.45703125,0.49609375,0.31640625,0.21484375,0.31640625,0.75,0.74609375,1.0546875,1.0390625,0.984375,0.99609375,0.8359375,0.94921875,0.8828125,1.203125,1.0703125,0.703125,1.203125,0.9609375,0.7265625,0.58984375,0.4140625,0.3125,0.34765625,0.3828125
925,925,base,0,nan,nan,0.3125,0.46484375,0.5234375,0.33203125,0.2109375,0.359375,0.765625,0.734375,1.078125,0.9921875,0.984375,1.046875,0.78125,1.0078125,0.97265625,1.265625,1.1015625,0.6640625,1.28125,1.0390625,0.72265625,0.609375,0.44921875,0.33984375,0.3125,0.30078125
1672,1672,base,0,nan,nan,0.29296875,0.4296875,0.4609375,0.3125,0.20703125,0.33984375,0.7890625,0.6953125,1.1171875,0.95703125,1.0,1.03125,0.7734375,1.0078125,0.9921875,1.1796875,1.0625,0.75,1.21875,1.015625,0.796875,0.6171875,0.42578125,0.30078125,0.3359375,0.3515625
2426,2426,base,0,nan,nan,0.2734375,0.43359375,0.5,0.30078125,0.2265625,0.33203125,0.69921875,0.7890625,1.109375,1.0078125,1.046875,0.984375,0.8046875,0.91015625,0.84375,1.1796875,1.046875,0.734375,1.1640625,0.89453125,0.7265625,0.515625,0.39453125,0.26171875,0.29296875,0.3359375
177,177,base,1,nan,nan,0.296875,0.45703125,0.49609375,0.31640625,0.21484375,0.31640625,0.75,0.74609375,1.0546875,1.0390625,0.984375,0.99609375,0.8359375,0.94921875,0.8828125,1.203125,1.0703125,0.703125,1.203125,0.9609375,0.7265625,0.58984375,0.4140625,0.3125,0.34765625,0.3828125
926,926,base,0,nan,nan,0.3125,0.46484375,0.5234375,0.33203125,0.2109375,0.359375,0.765625,0.734375,1.078125,0.9921875,0.984375,1.046875,0.78125,1.0078125,0.97265625,1.265625,1.1015625,0.6640625,1.28125,1.0390625,0.72265625,0.609375,0.44921875,0.33984375,0.3125,0.30078125
1673,1673,base,1,nan,nan,0.29296875,0.4296875,0.4609375,0.3125,0.20703125,0.33984375,0.7890625,0.6953125,1.1171875,0.95703125,1.0,1.03125,0.7734375,1.0078125,0.9921875,1.1796875,1.0625,0.75,1.21875,1.015625,0.796875,0.6171875,0.42578125,0.30078125,0.3359375,0.3515625
2427,2427,base,0,nan,nan,0.2734375,0.43359375,0.5,0.30078125,0.2265625,0.33203125,0.69921875,0.7890625,1.109375,1.0078125,1.046875,0.984375,0.8046875,0.91015625,0.84375,1.1796875,1.046875,0.734375,1.1640625,0.89453125,0.7265625,0.515625,0.39453125,0.26171875,0.29296875,0.3359375
178,178,base,0,nan,nan,0.296875,0.45703125,0.49609375,0.31640625,0.21484375,0.31640625,0.75,0.74609375,1.0546875,1.0390625,0.984375,0.99609375,0.8359375,0.94921875,0.8828125,1.203125,1.0703125,0.703125,1.203125,0.9609375,0.7265625,0.58984375,0.4140625,0.3125,0.34765625,0.3828125
927,927,base,1,nan,nan,0.3125,0.46484375,0.5234375,0.33203125,0.2109375,0.359375,0.765625,0.734375,1.078125,0.9921875,0.984375,1.046875,0.78125,1.0078125,0.97265625,1.265625,1.1015625,0.6640625,1.28125,1.0390625,0.72265625,0.609375,0.44921875,0.33984375,0.3125,0.30078125
1674,1674,base,0,nan,nan,0.29296875,0.4296875,0.4609375,0.3125,0.20703125,0.33984375,0.7890625,0.6953125,1.1171875,0.95703125,1.0,1.03125,0.7734375,1.0078125,0.9921875,1.1796875,1.0625,0.75,1.21875,1.015625,0.796875,0.6171875,0.42578125,0.30078125,0.3359375,0.3515625
2428,2428,base,0,nan,nan,0.2734375,0.43359375,0.5,0.30078125,0.2265625,0.33203125,0.69921875,0.7890625,1.109375,1.0078125,1.046875,0.984375,0.8046875,0.91015625,0.84375,1.1796875,1.046875,0.734375,1.1640625,0.89453125,0.7265625,0.515625,0.39453125,0.26171875,0.29296875,0.3359375
179,179,base,1,nan,nan,0.296875,0.45703125,0.49609375,0.31640625,0.21484375,0.31640625,0.75,0.74609375,1.0546875,1.0390625,0.984375,0.99609375,0.8359375,0.94921875,0.8828125,1.203125,1.0703125,0.703125,1.203125,0.9609375,0.7265625,0.58984375,0.4140625,0.3125,0.34765625,0.3828125
928,928,base,0,nan,nan,0.3125,0.46484375,0.5234375,0.33203125,0.2109375,0.359375,0.765625,0.734375,1.078125,0.9921875,0.984375,1.046875,0.78125,1.0078125,0.97265625,1.265625,1.1015625,0.6640625,1.28125,1.0390625,0.72265625,0.609375,0.44921875,0.33984375,0.3125,0.30078125
1675,1675,base,0,nan,nan,0.30859375,0.43359375,0.5,0.34375,0.19921875,0.31640625,0.8203125,0.71875,1.1328125,0.96484375,0.9921875,1.078125,0.7890625,1.0078125,0.97265625,1.2109375,1.1015625,0.7578125,1.21875,0.98828125,0.81640625,0.640625,0.4296875,0.296875,0.28515625,0.33203125
180,180,base,0,nan,nan,0.296875,0.45703125,0.49609375,0.31640625,0.21484375,0.31640625,0.75,0.74609375,1.0546875,1.0390625,0.984375,0.99609375,0.8359375,0.94921875,0.8828125,1.203125,1.0703125,0.703125,1.203125,0.9609375,0.7265625,0.58984375,0.4140625,0.3125,0.34765625,0.3828125
929,929,base,0,nan,nan,0.3125,0.46484375,0.5234375,0.33203125,0.2109375,0.359375,0.765625,0.734375,1.078125,0.9921875,0.984375,1.046875,0.78125,1.0078125,0.97265625,1.265625,1.1015625,0.6640625,1.28125,1.0390625,0.72265625,0.609375,0.44921875,0.33984375,0.3125,0.30078125
2429,2429,base,1,nan,nan,0.2734375,0.43359375,0.5,0.30078125,0.2265625,0.33203125,0.69921875,0.7890625,1.109375,1.0078125,1.046875,0.984375,0.8046875,0.91015625,0.84375,1.1796875,1.046875,0.734375,1.1640625,0.89453125,0.7265625,0.515625,0.39453125,0.26171875,0.29296875,0.3359375
1676,1676,base,0,nan,nan,0.30859375,0.43359375,0.5,0.34375,0.19921875,0.31640625,0.8203125,0.71875,1.1328125,0.96484375,0.9921875,1.078125,0.7890625,1.0078125,0.97265625,1.2109375,1.1015625,0.7578125,1.21875,0.98828125,0.81640625,0.640625,0.4296875,0.296875,0.28515625,0.33203125
181,181,base,0,nan,nan,0.3046875,0.44921875,0.484375,0.3046875,0.19140625,0.33203125,0.796875,0.7421875,1.171875,0.89453125,1.078125,1.0546875,0.796875,0.9765625,0.953125,1.140625,1.03125,0.796875,1.203125,0.9765625,0.796875,0.5859375,0.37109375,0.25390625,0.25390625,0.2890625
1677,1677,base,1,nan,nan,0.30859375,0.43359375,0.5,0.34375,0.19921875,0.31640625,0.8203125,0.71875,1.1328125,0.96484375,0.9921875,1.078125,0.7890625,1.0078125,0.97265625,1.2109375,1.1015625,0.7578125,1.21875,0.98828125,0.81640625,0.640625,0.4296875,0.296875,0.28515625,0.33203125
930,930,base,0,nan,nan,0.3125,0.46484375,0.5234375,0.33203125,0.2109375,0.359375,0.765625,0.734375,1.078125,0.9921875,0.984375,1.046875,0.78125,1.0078125,0.97265625,1.265625,1.1015625,0.6640625,1.28125,1.0390625,0.72265625,0.609375,0.44921875,0.33984375,0.3125,0.30078125
2430,2430,base,0,nan,nan,0.2734375,0.43359375,0.5,0.30078125,0.2265625,0.33203125,0.69921875,0.7890625,1.109375,1.0078125,1.046875,0.984375,0.8046875,0.91015625,0.84375,1.1796875,1.046875,0.734375,1.1640625,0.89453125,0.7265625,0.515625,0.39453125,0.26171875,0.29296875,0.3359375
182,182,base,0,nan,nan,0.3046875,0.44921875,0.484375,0.3046875,0.19140625,0.33203125,0.796875,0.7421875,1.171875,0.89453125,1.078125,1.0546875,0.796875,0.9765625,0.953125,1.140625,1.03125,0.796875,1.203125,0.9765625,0.796875,0.5859375,0.37109375,0.25390625,0.25390625,0.2890625
1678,1678,base,0,nan,nan,0.30859375,0.43359375,0.5,0.34375,0.19921875,0.31640625,0.8203125,0.71875,1.1328125,0.96484375,0.9921875,1.078125,0.7890625,1.0078125,0.97265625,1.2109375,1.1015625,0.7578125,1.21875,0.98828125,0.81640625,0.640625,0.4296875,0.296875,0.28515625,0.33203125
931,931,base,0,nan,nan,0.3125,0.47265625,0.5078125,0.3125,0.23046875,0.34375,0.7421875,0.734375,1.1015625,1.046875,1.0546875,1.0,0.7890625,0.9765625,0.92578125,1.234375,1.0234375,0.7421875,1.203125,0.95703125,0.703125,0.55859375,0.40234375,0.31640625,0.30078125,0.33203125
2431,2431,base,0,nan,nan,0.29296875,0.4453125,0.47265625,0.28515625,0.21875,0.3125,0.75,0.70703125,1.078125,1.0546875,1.015625,0.984375,0.84375,0.97265625,0.94140625,1.28125,1.0859375,0.7578125,1.1015625,0.90625,0.71484375,0.546875,0.4140625,0.2890625,0.30859375,0.3125
183,183,base,0,nan,nan,0.3046875,0.44921875,0.484375,0.3046875,0.19140625,0.33203125,0.796875,0.7421875,1.171875,0.89453125,1.078125,1.0546875,0.796875,0.9765625,0.953125,1.140625,1.03125,0.796875,1.203125,0.9765625,0.796875,0.5859375,0.37109375,0.25390625,0.25390625,0.2890625
1679,1679,base,1,nan,nan,0.30859375,0.43359375,0.5,0.34375,0.19921875,0.31640625,0.8203125,0.71875,1.1328125,0.96484375,0.9921875,1.078125,0.7890625,1.0078125,0.97265625,1.2109375,1.1015625,0.7578125,1.21875,0.98828125,0.81640625,0.640625,0.4296875,0.296875,0.28515625,0.33203125
2432,2432,base,0,nan,nan,0.29296875,0.4453125,0.47265625,0.28515625,0.21875,0.3125,0.75,0.70703125,1.078125,1.0546875,1.015625,0.984375,0.84375,0.97265625,0.94140625,1.28125,1.0859375,0.7578125,1.1015625,0.90625,0.71484375,0.546875,0.4140625,0.2890625,0.30859375,0.3125
932,932,base,0,nan,nan,0.3125,0.47265625,0.5078125,0.3125,0.23046875,0.34375,0.7421875,0.734375,1.1015625,1.046875,1.0546875,1.0,0.7890625,0.9765625,0.92578125,1.234375,1.0234375,0.7421875,1.203125,0.95703125,0.703125,0.55859375,0.40234375,0.31640625,0.30078125,0.33203125
184,184,base,0,nan,nan,0.3046875,0.44921875,0.484375,0.3046875,0.19140625,0.33203125,0.796875,0.7421875,1.171875,0.89453125,1.078125,1.0546875,0.796875,0.9765625,0.953125,1.140625,1.03125,0.796875,1.203125,0.9765625,0.796875,0.5859375,0.37109375,0.25390625,0.25390625,0.2890625
1680,1680,base,0,nan,nan,0.30859375,0.43359375,0.5,0.34375,0.19921875,0.31640625,0.8203125,0.71875,1.1328125,0.96484375,0.9921875,1.078125,0.7890625,1.0078125,0.97265625,1.2109375,1.1015625,0.7578125,1.21875,0.98828125,0.81640625,0.640625,0.4296875,0.296875,0.28515625,0.33203125
2433,2433,base,0,nan,nan,0.29296875,0.4453125,0.47265625,0.28515625,0.21875,0.3125,0.75,0.70703125,1.078125,1.0546875,1.015625,0.984375,0.84375,0.97265625,0.94140625,1.28125,1.0859375,0.7578125,1.1015625,0.90625,0.71484375,0.546875,0.4140625,0.2890625,0.30859375,0.3125
933,933,base,0,nan,nan,0.3125,0.47265625,0.5078125,0.3125,0.23046875,0.34375,0.7421875,0.734375,1.1015625,1.046875,1.0546875,1.0,0.7890625,0.9765625,0.92578125,1.234375,1.0234375,0.7421875,1.203125,0.95703125,0.703125,0.55859375,0.40234375,0.31640625,0.30078125,0.33203125
185,185,base,0,nan,nan,0.3046875,0.44921875,0.484375,0.3046875,0.19140625,0.33203125,0.796875,0.7421875,1.171875,0.89453125,1.078125,1.0546875,0.796875,0.9765625,0.953125,1.140625,1.03125,0.796875,1.203125,0.9765625,0.796875,0.5859375,0.37109375,0.25390625,0.25390625,0.2890625
1681,1681,base,0,nan,nan,0.30859375,0.48046875,0.51171875,0.2890625,0.20703125,0.3203125,0.79296875,0.71484375,1.1328125,0.96875,1.015625,0.9765625,0.7578125,1.0078125,1.0,1.2734375,1.046875,0.75390625,1.1640625,0.98828125,0.7109375,0.5703125,0.39453125,0.27734375,0.2890625,0.296875
2434,2434,base,0,nan,nan,0.29296875,0.4453125,0.47265625,0.28515625,0.21875,0.3125,0.75,0.70703125,1.078125,1.0546875,1.015625,0.984375,0.84375,0.97265625,0.94140625,1.28125,1.0859375,0.7578125,1.1015625,0.90625,0.71484375,0.546875,0.4140625,0.2890625,0.30859375,0.3125
934,934,base,0,nan,nan,0.3125,0.47265625,0.5078125,0.3125,0.23046875,0.34375,0.7421875,0.734375,1.1015625,1.046875,1.0546875,1.0,0.7890625,0.9765625,0.92578125,1.234375,1.0234375,0.7421875,1.203125,0.95703125,0.703125,0.55859375,0.40234375,0.31640625,0.30078125,0.33203125
1682,1682,base,0,nan,nan,0.30859375,0.48046875,0.51171875,0.2890625,0.20703125,0.3203125,0.79296875,0.71484375,1.1328125,0.96875,1.015625,0.9765625,0.7578125,1.0078125,1.0,1.2734375,1.046875,0.75390625,1.1640625,0.98828125,0.7109375,0.5703125,0.39453125,0.27734375,0.2890625,0.296875
186,186,base,0,nan,nan,0.3046875,0.44921875,0.484375,0.3046875,0.19140625,0.33203125,0.796875,0.7421875,1.171875,0.89453125,1.078125,1.0546875,0.796875,0.9765625,0.953125,1.140625,1.03125,0.796875,1.203125,0.9765625,0.796875,0.5859375,0.37109375,0.25390625,0.25390625,0.2890625
2435,2435,base,0,nan,nan,0.29296875,0.4453125,0.47265625,0.28515625,0.21875,0.3125,0.75,0.70703125,1.078125,1.0546875,1.015625,0.984375,0.84375,0.97265625,0.94140625,1.28125,1.0859375,0.7578125,1.1015625,0.90625,0.71484375,0.546875,0.4140625,0.2890625,0.30859375,0.3125
935,935,base,1,nan,nan,0.3125,0.47265625,0.5078125,0.3125,0.23046875,0.34375,0.7421875,0.734375,1.1015625,1.046875,1.0546875,1.0,0.7890625,0.9765625,0.92578125,1.234375,1.0234375,0.7421875,1.203125,0.95703125,0.703125,0.55859375,0.40234375,0.31640625,0.30078125,0.33203125
1683,1683,base,0,nan,nan,0.30859375,0.48046875,0.51171875,0.2890625,0.20703125,0.3203125,0.79296875,0.71484375,1.1328125,0.96875,1.015625,0.9765625,0.7578125,1.0078125,1.0,1.2734375,1.046875,0.75390625,1.1640625,0.98828125,0.7109375,0.5703125,0.39453125,0.27734375,0.2890625,0.296875
187,187,base,0,nan,nan,0.3203125,0.46875,0.48046875,0.296875,0.203125,0.31640625,0.84375,0.7109375,1.1484375,0.91015625,1.0703125,1.0234375,0.8046875,0.96875,1.0,1.2734375,1.09375,0.80859375,1.1953125,0.95703125,0.921875,0.76953125,0.46484375,0.33203125,0.32421875,0.31640625
2436,2436,base,0,nan,nan,0.29296875,0.4453125,0.47265625,0.28515625,0.21875,0.3125,0.75,0.70703125,1.078125,1.0546875,1.015625,0.984375,0.84375,0.97265625,0.94140625,1.28125,1.0859375,0.7578125,1.1015625,0.90625,0.71484375,0.546875,0.4140625,0.2890625,0.30859375,0.3125
936,936,base,0,nan,nan,0.3125,0.47265625,0.5078125,0.3125,0.23046875,0.34375,0.7421875,0.734375,1.1015625,1.046875,1.0546875,1.0,0.7890625,0.9765625,0.92578125,1.234375,1.0234375,0.7421875,1.203125,0.95703125,0.703125,0.55859375,0.40234375,0.31640625,0.30078125,0.33203125
188,188,base,0,nan,nan,0.3203125,0.46875,0.48046875,0.296875,0.203125,0.31640625,0.84375,0.7109375,1.1484375,0.91015625,1.0703125,1.0234375,0.8046875,0.96875,1.0,1.2734375,1.09375,0.80859375,1.1953125,0.95703125,0.921875,0.76953125,0.46484375,0.33203125,0.32421875,0.31640625
1684,1684,base,0,nan,nan,0.30859375,0.48046875,0.51171875,0.2890625,0.20703125,0.3203125,0.79296875,0.71484375,1.1328125,0.96875,1.015625,0.9765625,0.7578125,1.0078125,1.0,1.2734375,1.046875,0.75390625,1.1640625,0.98828125,0.7109375,0.5703125,0.39453125,0.27734375,0.2890625,0.296875
2437,2437,base,0,nan,nan,0.30078125,0.4375,0.515625,0.33203125,0.24609375,0.375,0.76171875,0.7578125,1.1171875,0.99609375,0.9921875,0.98046875,0.77734375,1.0859375,1.0390625,1.328125,1.109375,0.65234375,1.234375,1.03125,0.59375,0.546875,0.41796875,0.2734375,0.265625,0.28515625
937,937,base,0,nan,nan,0.29296875,0.48046875,0.5390625,0.328125,0.21875,0.35546875,0.74609375,0.76171875,1.03125,1.09375,1.015625,1.03125,0.84375,0.9140625,0.8125,1.1796875,1.0390625,0.734375,1.1328125,0.90625,0.7265625,0.56640625,0.45703125,0.375,0.3046875,0.32421875
189,189,base,0,nan,nan,0.3203125,0.46875,0.48046875,0.296875,0.203125,0.31640625,0.84375,0.7109375,1.1484375,0.91015625,1.0703125,1.0234375,0.8046875,0.96875,1.0,1.2734375,1.09375,0.80859375,1.1953125,0.95703125,0.921875,0.76953125,0.46484375,0.33203125,0.32421875,0.31640625
1685,1685,base,0,nan,nan,0.30859375,0.48046875,0.51171875,0.2890625,0.20703125,0.3203125,0.79296875,0.71484375,1.1328125,0.96875,1.015625,0.9765625,0.7578125,1.0078125,1.0,1.2734375,1.046875,0.75390625,1.1640625,0.98828125,0.7109375,0.5703125,0.39453125,0.27734375,0.2890625,0.296875
2438,2438,base,0,nan,nan,0.30078125,0.4375,0.515625,0.33203125,0.24609375,0.375,0.76171875,0.7578125,1.1171875,0.99609375,0.9921875,0.98046875,0.77734375,1.0859375,1.0390625,1.328125,1.109375,0.65234375,1.234375,1.03125,0.59375,0.546875,0.41796875,0.2734375,0.265625,0.28515625
938,938,base,0,nan,nan,0.29296875,0.48046875,0.5390625,0.328125,0.21875,0.35546875,0.74609375,0.76171875,1.03125,1.09375,1.015625,1.03125,0.84375,0.9140625,0.8125,1.1796875,1.0390625,0.734375,1.1328125,0.90625,0.7265625,0.56640625,0.45703125,0.375,0.3046875,0.32421875
190,190,base,0,nan,nan,0.3203125,0.46875,0.48046875,0.296875,0.203125,0.31640625,0.84375,0.7109375,1.1484375,0.91015625,1.0703125,1.0234375,0.8046875,0.96875,1.0,1.2734375,1.09375,0.80859375,1.1953125,0.95703125,0.921875,0.76953125,0.46484375,0.33203125,0.32421875,0.31640625
1686,1686,base,0,nan,nan,0.30859375,0.48046875,0.51171875,0.2890625,0.20703125,0.3203125,0.79296875,0.71484375,1.1328125,0.96875,1.015625,0.9765625,0.7578125,1.0078125,1.0,1.2734375,1.046875,0.75390625,1.1640625,0.98828125,0.7109375,0.5703125,0.39453125,0.27734375,0.2890625,0.296875
191,191,base,0,nan,nan,0.3203125,0.46875,0.48046875,0.296875,0.203125,0.31640625,0.84375,0.7109375,1.1484375,0.91015625,1.0703125,1.0234375,0.8046875,0.96875,1.0,1.2734375,1.09375,0.80859375,1.1953125,0.95703125,0.921875,0.76953125,0.46484375,0.33203125,0.32421875,0.31640625
2439,2439,base,0,nan,nan,0.30078125,0.4375,0.515625,0.33203125,0.24609375,0.375,0.76171875,0.7578125,1.1171875,0.99609375,0.9921875,0.98046875,0.77734375,1.0859375,1.0390625,1.328125,1.109375,0.65234375,1.234375,1.03125,0.59375,0.546875,0.41796875,0.2734375,0.265625,0.28515625
939,939,base,1,nan,nan,0.29296875,0.48046875,0.5390625,0.328125,0.21875,0.35546875,0.74609375,0.76171875,1.03125,1.09375,1.015625,1.03125,0.84375,0.9140625,0.8125,1.1796875,1.0390625,0.734375,1.1328125,0.90625,0.7265625,0.56640625,0.45703125,0.375,0.3046875,0.32421875
1687,1687,base,1,nan,nan,0.296875,0.4375,0.4609375,0.28125,0.2109375,0.3203125,0.78515625,0.703125,1.15625,0.953125,1.0390625,1.015625,0.8203125,0.9296875,0.90625,1.203125,1.09375,0.79296875,1.15625,0.9609375,0.76953125,0.578125,0.3984375,0.2890625,0.28515625,0.28515625
192,192,base,0,nan,nan,0.3203125,0.46875,0.48046875,0.296875,0.203125,0.31640625,0.84375,0.7109375,1.1484375,0.91015625,1.0703125,1.0234375,0.8046875,0.96875,1.0,1.2734375,1.09375,0.80859375,1.1953125,0.95703125,0.921875,0.76953125,0.46484375,0.33203125,0.32421875,0.31640625
2440,2440,base,0,nan,nan,0.30078125,0.4375,0.515625,0.33203125,0.24609375,0.375,0.76171875,0.7578125,1.1171875,0.99609375,0.9921875,0.98046875,0.77734375,1.0859375,1.0390625,1.328125,1.109375,0.65234375,1.234375,1.03125,0.59375,0.546875,0.41796875,0.2734375,0.265625,0.28515625
940,940,base,0,nan,nan,0.29296875,0.48046875,0.5390625,0.328125,0.21875,0.35546875,0.74609375,0.76171875,1.03125,1.09375,1.015625,1.03125,0.84375,0.9140625,0.8125,1.1796875,1.0390625,0.734375,1.1328125,0.90625,0.7265625,0.56640625,0.45703125,0.375,0.3046875,0.32421875
1688,1688,base,0,nan,nan,0.296875,0.4375,0.4609375,0.28125,0.2109375,0.3203125,0.78515625,0.703125,1.15625,0.953125,1.0390625,1.015625,0.8203125,0.9296875,0.90625,1.203125,1.09375,0.79296875,1.15625,0.9609375,0.76953125,0.578125,0.3984375,0.2890625,0.28515625,0.28515625
193,193,base,0,nan,nan,0.328125,0.47265625,0.49609375,0.34765625,0.22265625,0.35546875,0.8203125,0.703125,1.109375,0.9453125,1.0390625,1.046875,0.76953125,0.9609375,0.96875,1.140625,0.99609375,0.828125,1.203125,1.0234375,0.8515625,0.65234375,0.4453125,0.328125,0.3671875,0.375
2441,2441,base,0,nan,nan,0.30078125,0.4375,0.515625,0.33203125,0.24609375,0.375,0.76171875,0.7578125,1.1171875,0.99609375,0.9921875,0.98046875,0.77734375,1.0859375,1.0390625,1.328125,1.109375,0.65234375,1.234375,1.03125,0.59375,0.546875,0.41796875,0.2734375,0.265625,0.28515625
941,941,base,0,nan,nan,0.29296875,0.48046875,0.5390625,0.328125,0.21875,0.35546875,0.74609375,0.76171875,1.03125,1.09375,1.015625,1.03125,0.84375,0.9140625,0.8125,1.1796875,1.0390625,0.734375,1.1328125,0.90625,0.7265625,0.56640625,0.45703125,0.375,0.3046875,0.32421875
194,194,base,0,nan,nan,0.328125,0.47265625,0.49609375,0.34765625,0.22265625,0.35546875,0.8203125,0.703125,1.109375,0.9453125,1.0390625,1.046875,0.76953125,0.9609375,0.96875,1.140625,0.99609375,0.828125,1.203125,1.0234375,0.8515625,0.65234375,0.4453125,0.328125,0.3671875,0.375
1689,1689,base,0,nan,nan,0.296875,0.4375,0.4609375,0.28125,0.2109375,0.3203125,0.78515625,0.703125,1.15625,0.953125,1.0390625,1.015625,0.8203125,0.9296875,0.90625,1.203125,1.09375,0.79296875,1.15625,0.9609375,0.76953125,0.578125,0.3984375,0.2890625,0.28515625,0.28515625
2442,2442,base,0,nan,nan,0.30078125,0.4375,0.515625,0.33203125,0.24609375,0.375,0.76171875,0.7578125,1.1171875,0.99609375,0.9921875,0.98046875,0.77734375,1.0859375,1.0390625,1.328125,1.109375,0.65234375,1.234375,1.03125,0.59375,0.546875,0.41796875,0.2734375,0.265625,0.28515625
942,942,base,0,nan,nan,0.29296875,0.48046875,0.5390625,0.328125,0.21875,0.35546875,0.74609375,0.76171875,1.03125,1.09375,1.015625,1.03125,0.84375,0.9140625,0.8125,1.1796875,1.0390625,0.734375,1.1328125,0.90625,0.7265625,0.56640625,0.45703125,0.375,0.3046875,0.32421875
195,195,base,1,nan,nan,0.328125,0.47265625,0.49609375,0.34765625,0.22265625,0.35546875,0.8203125,0.703125,1.109375,0.9453125,1.0390625,1.046875,0.76953125,0.9609375,0.96875,1.140625,0.99609375,0.828125,1.203125,1.0234375,0.8515625,0.65234375,0.4453125,0.328125,0.3671875,0.375
1690,1690,base,0,nan,nan,0.296875,0.4375,0.4609375,0.28125,0.2109375,0.3203125,0.78515625,0.703125,1.15625,0.953125,1.0390625,1.015625,0.8203125,0.9296875,0.90625,1.203125,1.09375,0.79296875,1.15625,0.9609375,0.76953125,0.578125,0.3984375,0.2890625,0.28515625,0.28515625
196,196,base,0,nan,nan,0.328125,0.47265625,0.49609375,0.34765625,0.22265625,0.35546875,0.8203125,0.703125,1.109375,0.9453125,1.0390625,1.046875,0.76953125,0.9609375,0.96875,1.140625,0.99609375,0.828125,1.203125,1.0234375,0.8515625,0.65234375,0.4453125,0.328125,0.3671875,0.375
2443,2443,base,1,nan,nan,0.3046875,0.47265625,0.5234375,0.328125,0.23046875,0.3359375,0.7578125,0.7578125,1.0703125,1.03125,0.9765625,0.96875,0.828125,0.93359375,0.8359375,1.140625,0.9921875,0.765625,1.1640625,0.89453125,0.765625,0.59375,0.4609375,0.3125,0.30078125,0.32421875
943,943,base,1,nan,nan,0.31640625,0.4765625,0.515625,0.3046875,0.23046875,0.34375,0.75,0.75390625,1.1015625,1.03125,1.0078125,1.015625,0.8515625,0.9375,0.8515625,1.15625,1.0,0.70703125,1.2421875,0.95703125,0.71875,0.546875,0.41015625,0.27734375,0.26171875,0.3359375
1691,1691,base,0,nan,nan,0.296875,0.4375,0.4609375,0.28125,0.2109375,0.3203125,0.78515625,0.703125,1.15625,0.953125,1.0390625,1.015625,0.8203125,0.9296875,0.90625,1.203125,1.09375,0.79296875,1.15625,0.9609375,0.76953125,0.578125,0.3984375,0.2890625,0.28515625,0.28515625
197,197,base,1,nan,nan,0.328125,0.47265625,0.49609375,0.34765625,0.22265625,0.35546875,0.8203125,0.703125,1.109375,0.9453125,1.0390625,1.046875,0.76953125,0.9609375,0.96875,1.140625,0.99609375,0.828125,1.203125,1.0234375,0.8515625,0.65234375,0.4453125,0.328125,0.3671875,0.375
2444,2444,base,0,nan,nan,0.3046875,0.47265625,0.5234375,0.328125,0.23046875,0.3359375,0.7578125,0.7578125,1.0703125,1.03125,0.9765625,0.96875,0.828125,0.93359375,0.8359375,1.140625,0.9921875,0.765625,1.1640625,0.89453125,0.765625,0.59375,0.4609375,0.3125,0.30078125,0.32421875
944,944,base,0,nan,nan,0.31640625,0.4765625,0.515625,0.3046875,0.23046875,0.34375,0.75,0.75390625,1.1015625,1.03125,1.0078125,1.015625,0.8515625,0.9375,0.8515625,1.15625,1.0,0.70703125,1.2421875,0.95703125,0.71875,0.546875,0.41015625,0.27734375,0.26171875,0.3359375
1692,1692,base,0,nan,nan,0.296875,0.4375,0.4609375,0.28125,0.2109375,0.3203125,0.78515625,0.703125,1.15625,0.953125,1.0390625,1.015625,0.8203125,0.9296875,0.90625,1.203125,1.09375,0.79296875,1.15625,0.9609375,0.76953125,0.578125,0.3984375,0.2890625,0.28515625,0.28515625
198,198,base,0,nan,nan,0.328125,0.47265625,0.49609375,0.34765625,0.22265625,0.35546875,0.8203125,0.703125,1.109375,0.9453125,1.0390625,1.046875,0.76953125,0.9609375,0.96875,1.140625,0.99609375,0.828125,1.203125,1.0234375,0.8515625,0.65234375,0.4453125,0.328125,0.3671875,0.375
2445,2445,base,0,nan,nan,0.3046875,0.47265625,0.5234375,0.328125,0.23046875,0.3359375,0.7578125,0.7578125,1.0703125,1.03125,0.9765625,0.96875,0.828125,0.93359375,0.8359375,1.140625,0.9921875,0.765625,1.1640625,0.89453125,0.765625,0.59375,0.4609375,0.3125,0.30078125,0.32421875
945,945,base,1,nan,nan,0.31640625,0.4765625,0.515625,0.3046875,0.23046875,0.34375,0.75,0.75390625,1.1015625,1.03125,1.0078125,1.015625,0.8515625,0.9375,0.8515625,1.15625,1.0,0.70703125,1.2421875,0.95703125,0.71875,0.546875,0.41015625,0.27734375,0.26171875,0.3359375
1693,1693,base,0,nan,nan,0.2890625,0.4296875,0.5,0.30859375,0.23046875,0.35546875,0.796875,0.78515625,1.1015625,1.0546875,0.9609375,0.94140625,0.83203125,1.0,0.92578125,1.2890625,1.078125,0.6796875,1.1875,0.9609375,0.6796875,0.56640625,0.43359375,0.296875,0.30859375,0.31640625
199,199,base,1,nan,nan,0.30078125,0.5,0.5546875,0.3359375,0.2421875,0.328125,0.6875,0.8125,1.0234375,1.1484375,0.95703125,0.96484375,0.83203125,1.0546875,1.015625,1.2578125,1.0390625,0.68359375,0.984375,0.8125,0.65625,0.59375,0.43359375,0.31640625,0.34375,0.3515625
2446,2446,base,0,nan,nan,0.3046875,0.47265625,0.5234375,0.328125,0.23046875,0.3359375,0.7578125,0.7578125,1.0703125,1.03125,0.9765625,0.96875,0.828125,0.93359375,0.8359375,1.140625,0.9921875,0.765625,1.1640625,0.89453125,0.765625,0.59375,0.4609375,0.3125,0.30078125,0.32421875
1694,1694,base,0,nan,nan,0.2890625,0.4296875,0.5,0.30859375,0.23046875,0.35546875,0.796875,0.78515625,1.1015625,1.0546875,0.9609375,0.94140625,0.83203125,1.0,0.92578125,1.2890625,1.078125,0.6796875,1.1875,0.9609375,0.6796875,0.56640625,0.43359375,0.296875,0.30859375,0.31640625
946,946,base,0,nan,nan,0.31640625,0.4765625,0.515625,0.3046875,0.23046875,0.34375,0.75,0.75390625,1.1015625,1.03125,1.0078125,1.015625,0.8515625,0.9375,0.8515625,1.15625,1.0,0.70703125,1.2421875,0.95703125,0.71875,0.546875,0.41015625,0.27734375,0.26171875,0.3359375
200,200,base,0,nan,nan,0.30078125,0.5,0.5546875,0.3359375,0.2421875,0.328125,0.6875,0.8125,1.0234375,1.1484375,0.95703125,0.96484375,0.83203125,1.0546875,1.015625,1.2578125,1.0390625,0.68359375,0.984375,0.8125,0.65625,0.59375,0.43359375,0.31640625,0.34375,0.3515625
2447,2447,base,0,nan,nan,0.3046875,0.47265625,0.5234375,0.328125,0.23046875,0.3359375,0.7578125,0.7578125,1.0703125,1.03125,0.9765625,0.96875,0.828125,0.93359375,0.8359375,1.140625,0.9921875,0.765625,1.1640625,0.89453125,0.765625,0.59375,0.4609375,0.3125,0.30078125,0.32421875
1695,1695,base,0,nan,nan,0.2890625,0.4296875,0.5,0.30859375,0.23046875,0.35546875,0.796875,0.78515625,1.1015625,1.0546875,0.9609375,0.94140625,0.83203125,1.0,0.92578125,1.2890625,1.078125,0.6796875,1.1875,0.9609375,0.6796875,0.56640625,0.43359375,0.296875,0.30859375,0.31640625
947,947,base,0,nan,nan,0.31640625,0.4765625,0.515625,0.3046875,0.23046875,0.34375,0.75,0.75390625,1.1015625,1.03125,1.0078125,1.015625,0.8515625,0.9375,0.8515625,1.15625,1.0,0.70703125,1.2421875,0.95703125,0.71875,0.546875,0.41015625,0.27734375,0.26171875,0.3359375
201,201,base,0,nan,nan,0.30078125,0.5,0.5546875,0.3359375,0.2421875,0.328125,0.6875,0.8125,1.0234375,1.1484375,0.95703125,0.96484375,0.83203125,1.0546875,1.015625,1.2578125,1.0390625,0.68359375,0.984375,0.8125,0.65625,0.59375,0.43359375,0.31640625,0.34375,0.3515625
2448,2448,base,0,nan,nan,0.3046875,0.47265625,0.5234375,0.328125,0.23046875,0.3359375,0.7578125,0.7578125,1.0703125,1.03125,0.9765625,0.96875,0.828125,0.93359375,0.8359375,1.140625,0.9921875,0.765625,1.1640625,0.89453125,0.765625,0.59375,0.4609375,0.3125,0.30078125,0.32421875
1696,1696,base,0,nan,nan,0.2890625,0.4296875,0.5,0.30859375,0.23046875,0.35546875,0.796875,0.78515625,1.1015625,1.0546875,0.9609375,0.94140625,0.83203125,1.0,0.92578125,1.2890625,1.078125,0.6796875,1.1875,0.9609375,0.6796875,0.56640625,0.43359375,0.296875,0.30859375,0.31640625
948,948,base,0,nan,nan,0.31640625,0.4765625,0.515625,0.3046875,0.23046875,0.34375,0.75,0.75390625,1.1015625,1.03125,1.0078125,1.015625,0.8515625,0.9375,0.8515625,1.15625,1.0,0.70703125,1.2421875,0.95703125,0.71875,0.546875,0.41015625,0.27734375,0.26171875,0.3359375
202,202,base,0,nan,nan,0.30078125,0.5,0.5546875,0.3359375,0.2421875,0.328125,0.6875,0.8125,1.0234375,1.1484375,0.95703125,0.96484375,0.83203125,1.0546875,1.015625,1.2578125,1.0390625,0.68359375,0.984375,0.8125,0.65625,0.59375,0.43359375,0.31640625,0.34375,0.3515625
2449,2449,base,1,nan,nan,0.296875,0.45703125,0.5,0.31640625,0.2109375,0.3359375,0.75,0.7421875,1.1015625,1.0,0.98046875,0.984375,0.74609375,0.9296875,0.84375,1.1015625,0.9921875,0.70703125,1.109375,0.8984375,0.671875,0.5390625,0.38671875,0.28125,0.2578125,0.28515625
1697,1697,base,1,nan,nan,0.2890625,0.4296875,0.5,0.30859375,0.23046875,0.35546875,0.796875,0.78515625,1.1015625,1.0546875,0.9609375,0.94140625,0.83203125,1.0,0.92578125,1.2890625,1.078125,0.6796875,1.1875,0.9609375,0.6796875,0.56640625,0.43359375,0.296875,0.30859375,0.31640625
949,949,base,0,nan,nan,0.30078125,0.4609375,0.4921875,0.3359375,0.203125,0.2890625,0.78125,0.7578125,1.109375,0.99609375,1.0625,1.0390625,0.83203125,0.95703125,0.921875,1.2421875,1.078125,0.796875,1.203125,0.98046875,0.796875,0.59375,0.41796875,0.3125,0.2890625,0.3359375
203,203,base,1,nan,nan,0.30078125,0.5,0.5546875,0.3359375,0.2421875,0.328125,0.6875,0.8125,1.0234375,1.1484375,0.95703125,0.96484375,0.83203125,1.0546875,1.015625,1.2578125,1.0390625,0.68359375,0.984375,0.8125,0.65625,0.59375,0.43359375,0.31640625,0.34375,0.3515625
1698,1698,base,0,nan,nan,0.2890625,0.4296875,0.5,0.30859375,0.23046875,0.35546875,0.796875,0.78515625,1.1015625,1.0546875,0.9609375,0.94140625,0.83203125,1.0,0.92578125,1.2890625,1.078125,0.6796875,1.1875,0.9609375,0.6796875,0.56640625,0.43359375,0.296875,0.30859375,0.31640625
2450,2450,base,0,nan,nan,0.296875,0.45703125,0.5,0.31640625,0.2109375,0.3359375,0.75,0.7421875,1.1015625,1.0,0.98046875,0.984375,0.74609375,0.9296875,0.84375,1.1015625,0.9921875,0.70703125,1.109375,0.8984375,0.671875,0.5390625,0.38671875,0.28125,0.2578125,0.28515625
950,950,base,0,nan,nan,0.30078125,0.4609375,0.4921875,0.3359375,0.203125,0.2890625,0.78125,0.7578125,1.109375,0.99609375,1.0625,1.0390625,0.83203125,0.95703125,0.921875,1.2421875,1.078125,0.796875,1.203125,0.98046875,0.796875,0.59375,0.41796875,0.3125,0.2890625,0.3359375
204,204,base,0,nan,nan,0.30078125,0.5,0.5546875,0.3359375,0.2421875,0.328125,0.6875,0.8125,1.0234375,1.1484375,0.95703125,0.96484375,0.83203125,1.0546875,1.015625,1.2578125,1.0390625,0.68359375,0.984375,0.8125,0.65625,0.59375,0.43359375,0.31640625,0.34375,0.3515625
1699,1699,base,0,nan,nan,0.30078125,0.48828125,0.515625,0.29296875,0.23046875,0.3359375,0.74609375,0.765625,1.09375,1.015625,0.99609375,0.97265625,0.8203125,0.95703125,0.8828125,1.1328125,0.99609375,0.7421875,1.15625,0.9296875,0.71875,0.53515625,0.38671875,0.265625,0.28125,0.3203125
205,205,base,0,nan,nan,0.302734375,0.439453125,0.55859375,0.357421875,0.25390625,0.3984375,0.751953125,0.767578125,1.09375,1.01171875,0.939453125,0.986328125,0.71875,1.04296875,1.01171875,1.3125,1.05859375,0.65625,1.1015625,0.908203125,0.5859375,0.607421875,0.43359375,0.279296875,0.26953125,0.26953125
2451,2451,base,0,nan,nan,0.296875,0.45703125,0.5,0.31640625,0.2109375,0.3359375,0.75,0.7421875,1.1015625,1.0,0.98046875,0.984375,0.74609375,0.9296875,0.84375,1.1015625,0.9921875,0.70703125,1.109375,0.8984375,0.671875,0.5390625,0.38671875,0.28125,0.2578125,0.28515625
951,951,base,1,nan,nan,0.30078125,0.4609375,0.4921875,0.3359375,0.203125,0.2890625,0.78125,0.7578125,1.109375,0.99609375,1.0625,1.0390625,0.83203125,0.95703125,0.921875,1.2421875,1.078125,0.796875,1.203125,0.98046875,0.796875,0.59375,0.41796875,0.3125,0.2890625,0.3359375
206,206,base,0,nan,nan,0.302734375,0.439453125,0.55859375,0.357421875,0.25390625,0.3984375,0.751953125,0.767578125,1.09375,1.01171875,0.939453125,0.986328125,0.71875,1.04296875,1.01171875,1.3125,1.05859375,0.65625,1.1015625,0.908203125,0.5859375,0.607421875,0.43359375,0.279296875,0.26953125,0.26953125
1700,1700,base,0,nan,nan,0.30078125,0.48828125,0.515625,0.29296875,0.23046875,0.3359375,0.74609375,0.765625,1.09375,1.015625,0.99609375,0.97265625,0.8203125,0.95703125,0.8828125,1.1328125,0.99609375,0.7421875,1.15625,0.9296875,0.71875,0.53515625,0.38671875,0.265625,0.28125,0.3203125
952,952,base,0,nan,nan,0.30078125,0.4609375,0.4921875,0.3359375,0.203125,0.2890625,0.78125,0.7578125,1.109375,0.99609375,1.0625,1.0390625,0.83203125,0.95703125,0.921875,1.2421875,1.078125,0.796875,1.203125,0.98046875,0.796875,0.59375,0.41796875,0.3125,0.2890625,0.3359375
2452,2452,base,0,nan,nan,0.296875,0.45703125,0.5,0.31640625,0.2109375,0.3359375,0.75,0.7421875,1.1015625,1.0,0.98046875,0.984375,0.74609375,0.9296875,0.84375,1.1015625,0.9921875,0.70703125,1.109375,0.8984375,0.671875,0.5390625,0.38671875,0.28125,0.2578125,0.28515625
207,207,base,0,nan,nan,0.302734375,0.439453125,0.55859375,0.357421875,0.25390625,0.3984375,0.751953125,0.767578125,1.09375,1.01171875,0.939453125,0.986328125,0.71875,1.04296875,1.01171875,1.3125,1.05859375,0.65625,1.1015625,0.908203125,0.5859375,0.607421875,0.43359375,0.279296875,0.26953125,0.26953125
1701,1701,base,0,nan,nan,0.30078125,0.48828125,0.515625,0.29296875,0.23046875,0.3359375,0.74609375,0.765625,1.09375,1.015625,0.99609375,0.97265625,0.8203125,0.95703125,0.8828125,1.1328125,0.99609375,0.7421875,1.15625,0.9296875,0.71875,0.53515625,0.38671875,0.265625,0.28125,0.3203125
953,953,base,0,nan,nan,0.30078125,0.4609375,0.4921875,0.3359375,0.203125,0.2890625,0.78125,0.7578125,1.109375,0.99609375,1.0625,1.0390625,0.83203125,0.95703125,0.921875,1.2421875,1.078125,0.796875,1.203125,0.98046875,0.796875,0.59375,0.41796875,0.3125,0.2890625,0.3359375
2453,2453,base,0,nan,nan,0.296875,0.45703125,0.5,0.31640625,0.2109375,0.3359375,0.75,0.7421875,1.1015625,1.0,0.98046875,0.984375,0.74609375,0.9296875,0.84375,1.1015625,0.9921875,0.70703125,1.109375,0.8984375,0.671875,0.5390625,0.38671875,0.28125,0.2578125,0.28515625
208,208,base,0,nan,nan,0.302734375,0.439453125,0.55859375,0.357421875,0.25390625,0.3984375,0.751953125,0.767578125,1.09375,1.01171875,0.939453125,0.986328125,0.71875,1.04296875,1.01171875,1.3125,1.05859375,0.65625,1.1015625,0.908203125,0.5859375,0.607421875,0.43359375,0.279296875,0.26953125,0.26953125
1702,1702,base,0,nan,nan,0.30078125,0.48828125,0.515625,0.29296875,0.23046875,0.3359375,0.74609375,0.765625,1.09375,1.015625,0.99609375,0.97265625,0.8203125,0.95703125,0.8828125,1.1328125,0.99609375,0.7421875,1.15625,0.9296875,0.71875,0.53515625,0.38671875,0.265625,0.28125,0.3203125
954,954,base,0,nan,nan,0.30078125,0.4609375,0.4921875,0.3359375,0.203125,0.2890625,0.78125,0.7578125,1.109375,0.99609375,1.0625,1.0390625,0.83203125,0.95703125,0.921875,1.2421875,1.078125,0.796875,1.203125,0.98046875,0.796875,0.59375,0.41796875,0.3125,0.2890625,0.3359375
2454,2454,base,0,nan,nan,0.296875,0.45703125,0.5,0.31640625,0.2109375,0.3359375,0.75,0.7421875,1.1015625,1.0,0.98046875,0.984375,0.74609375,0.9296875,0.84375,1.1015625,0.9921875,0.70703125,1.109375,0.8984375,0.671875,0.5390625,0.38671875,0.28125,0.2578125,0.28515625
209,209,base,0,nan,nan,0.302734375,0.439453125,0.55859375,0.357421875,0.25390625,0.3984375,0.751953125,0.767578125,1.09375,1.01171875,0.939453125,0.986328125,0.71875,1.04296875,1.01171875,1.3125,1.05859375,0.65625,1.1015625,0.908203125,0.5859375,0.607421875,0.43359375,0.279296875,0.26953125,0.26953125
1703,1703,base,0,nan,nan,0.30078125,0.48828125,0.515625,0.29296875,0.23046875,0.3359375,0.74609375,0.765625,1.09375,1.015625,0.99609375,0.97265625,0.8203125,0.95703125,0.8828125,1.1328125,0.99609375,0.7421875,1.15625,0.9296875,0.71875,0.53515625,0.38671875,0.265625,0.28125,0.3203125
210,210,base,0,nan,nan,0.30078125,0.44140625,0.5625,0.35546875,0.25,0.40234375,0.75390625,0.765625,1.09375,1.0078125,0.9375,0.984375,0.71875,1.046875,1.015625,1.3125,1.0546875,0.6640625,1.109375,0.91796875,0.578125,0.60546875,0.4375,0.27734375,0.26953125,0.26953125
955,955,base,0,nan,nan,0.2890625,0.4296875,0.46484375,0.30859375,0.22265625,0.32421875,0.7578125,0.70703125,1.1640625,0.90625,1.0234375,1.0078125,0.765625,0.98046875,0.94921875,1.2109375,1.0703125,0.7265625,1.15625,0.9296875,0.734375,0.5703125,0.390625,0.265625,0.32421875,0.35546875
2455,2455,base,0,nan,nan,0.28125,0.46875,0.54296875,0.34375,0.25,0.35546875,0.734375,0.734375,1.15625,0.921875,0.94140625,0.984375,0.76171875,1.0390625,1.015625,1.3203125,1.1015625,0.65625,1.125,0.9140625,0.58203125,0.58203125,0.39453125,0.2578125,0.28515625,0.2734375
211,211,base,0,nan,nan,0.30859375,0.46484375,0.49609375,0.296875,0.22265625,0.32421875,0.77734375,0.71875,1.1328125,0.9296875,1.0,0.94140625,0.796875,0.94140625,0.9296875,1.2109375,1.0390625,0.7265625,1.0625,0.8515625,0.69140625,0.578125,0.37109375,0.29296875,0.296875,0.296875
1704,1704,base,0,nan,nan,0.30078125,0.48828125,0.515625,0.29296875,0.23046875,0.3359375,0.74609375,0.765625,1.09375,1.015625,0.99609375,0.97265625,0.8203125,0.95703125,0.8828125,1.1328125,0.99609375,0.7421875,1.15625,0.9296875,0.71875,0.53515625,0.38671875,0.265625,0.28125,0.3203125
2456,2456,base,0,nan,nan,0.28125,0.46875,0.54296875,0.34375,0.25,0.35546875,0.734375,0.734375,1.15625,0.921875,0.94140625,0.984375,0.76171875,1.0390625,1.015625,1.3203125,1.1015625,0.65625,1.125,0.9140625,0.58203125,0.58203125,0.39453125,0.2578125,0.28515625,0.2734375
956,956,base,0,nan,nan,0.2890625,0.4296875,0.46484375,0.30859375,0.22265625,0.32421875,0.7578125,0.70703125,1.1640625,0.90625,1.0234375,1.0078125,0.765625,0.98046875,0.94921875,1.2109375,1.0703125,0.7265625,1.15625,0.9296875,0.734375,0.5703125,0.390625,0.265625,0.32421875,0.35546875
212,212,base,0,nan,nan,0.30859375,0.46484375,0.49609375,0.296875,0.22265625,0.32421875,0.77734375,0.71875,1.1328125,0.9296875,1.0,0.94140625,0.796875,0.94140625,0.9296875,1.2109375,1.0390625,0.7265625,1.0625,0.8515625,0.69140625,0.578125,0.37109375,0.29296875,0.296875,0.296875
2457,2457,base,0,nan,nan,0.28125,0.46875,0.54296875,0.34375,0.25,0.35546875,0.734375,0.734375,1.15625,0.921875,0.94140625,0.984375,0.76171875,1.0390625,1.015625,1.3203125,1.1015625,0.65625,1.125,0.9140625,0.58203125,0.58203125,0.39453125,0.2578125,0.28515625,0.2734375
1705,1705,base,0,nan,nan,0.2890625,0.484375,0.5703125,0.45703125,0.29296875,0.37890625,0.76171875,0.78515625,1.1640625,0.94140625,1.1171875,1.015625,0.734375,1.03125,1.015625,1.1875,0.98828125,0.7890625,1.265625,1.0,0.65625,0.4609375,0.359375,0.25390625,0.2578125,0.3203125
957,957,base,1,nan,nan,0.2890625,0.4296875,0.46484375,0.30859375,0.22265625,0.32421875,0.7578125,0.70703125,1.1640625,0.90625,1.0234375,1.0078125,0.765625,0.98046875,0.94921875,1.2109375,1.0703125,0.7265625,1.15625,0.9296875,0.734375,0.5703125,0.390625,0.265625,0.32421875,0.35546875
213,213,base,0,nan,nan,0.30859375,0.46484375,0.49609375,0.296875,0.22265625,0.32421875,0.77734375,0.71875,1.1328125,0.9296875,1.0,0.94140625,0.796875,0.94140625,0.9296875,1.2109375,1.0390625,0.7265625,1.0625,0.8515625,0.69140625,0.578125,0.37109375,0.29296875,0.296875,0.296875
2458,2458,base,0,nan,nan,0.28125,0.46875,0.54296875,0.34375,0.25,0.35546875,0.734375,0.734375,1.15625,0.921875,0.94140625,0.984375,0.76171875,1.0390625,1.015625,1.3203125,1.1015625,0.65625,1.125,0.9140625,0.58203125,0.58203125,0.39453125,0.2578125,0.28515625,0.2734375
1706,1706,base,0,nan,nan,0.2890625,0.484375,0.5703125,0.45703125,0.29296875,0.37890625,0.76171875,0.78515625,1.1640625,0.94140625,1.1171875,1.015625,0.734375,1.03125,1.015625,1.1875,0.98828125,0.7890625,1.265625,1.0,0.65625,0.4609375,0.359375,0.25390625,0.2578125,0.3203125
214,214,base,0,nan,nan,0.30859375,0.46484375,0.49609375,0.296875,0.22265625,0.32421875,0.77734375,0.71875,1.1328125,0.9296875,1.0,0.94140625,0.796875,0.94140625,0.9296875,1.2109375,1.0390625,0.7265625,1.0625,0.8515625,0.69140625,0.578125,0.37109375,0.29296875,0.296875,0.296875
958,958,base,0,nan,nan,0.2890625,0.4296875,0.46484375,0.30859375,0.22265625,0.32421875,0.7578125,0.70703125,1.1640625,0.90625,1.0234375,1.0078125,0.765625,0.98046875,0.94921875,1.2109375,1.0703125,0.7265625,1.15625,0.9296875,0.734375,0.5703125,0.390625,0.265625,0.32421875,0.35546875
2459,2459,base,1,nan,nan,0.28125,0.46875,0.54296875,0.34375,0.25,0.35546875,0.734375,0.734375,1.15625,0.921875,0.94140625,0.984375,0.76171875,1.0390625,1.015625,1.3203125,1.1015625,0.65625,1.125,0.9140625,0.58203125,0.58203125,0.39453125,0.2578125,0.28515625,0.2734375
215,215,base,1,nan,nan,0.30859375,0.46484375,0.49609375,0.296875,0.22265625,0.32421875,0.77734375,0.71875,1.1328125,0.9296875,1.0,0.94140625,0.796875,0.94140625,0.9296875,1.2109375,1.0390625,0.7265625,1.0625,0.8515625,0.69140625,0.578125,0.37109375,0.29296875,0.296875,0.296875
1707,1707,base,1,nan,nan,0.2890625,0.484375,0.5703125,0.45703125,0.29296875,0.37890625,0.76171875,0.78515625,1.1640625,0.94140625,1.1171875,1.015625,0.734375,1.03125,1.015625,1.1875,0.98828125,0.7890625,1.265625,1.0,0.65625,0.4609375,0.359375,0.25390625,0.2578125,0.3203125
959,959,base,0,nan,nan,0.2890625,0.4296875,0.46484375,0.30859375,0.22265625,0.32421875,0.7578125,0.70703125,1.1640625,0.90625,1.0234375,1.0078125,0.765625,0.98046875,0.94921875,1.2109375,1.0703125,0.7265625,1.15625,0.9296875,0.734375,0.5703125,0.390625,0.265625,0.32421875,0.35546875
216,216,base,0,nan,nan,0.30859375,0.46484375,0.49609375,0.296875,0.22265625,0.32421875,0.77734375,0.71875,1.1328125,0.9296875,1.0,0.94140625,0.796875,0.94140625,0.9296875,1.2109375,1.0390625,0.7265625,1.0625,0.8515625,0.69140625,0.578125,0.37109375,0.29296875,0.296875,0.296875
2460,2460,base,0,nan,nan,0.28125,0.46875,0.54296875,0.34375,0.25,0.35546875,0.734375,0.734375,1.15625,0.921875,0.94140625,0.984375,0.76171875,1.0390625,1.015625,1.3203125,1.1015625,0.65625,1.125,0.9140625,0.58203125,0.58203125,0.39453125,0.2578125,0.28515625,0.2734375
1708,1708,base,0,nan,nan,0.2890625,0.484375,0.5703125,0.45703125,0.29296875,0.37890625,0.76171875,0.78515625,1.1640625,0.94140625,1.1171875,1.015625,0.734375,1.03125,1.015625,1.1875,0.98828125,0.7890625,1.265625,1.0,0.65625,0.4609375,0.359375,0.25390625,0.2578125,0.3203125
960,960,base,0,nan,nan,0.2890625,0.4296875,0.46484375,0.30859375,0.22265625,0.32421875,0.7578125,0.70703125,1.1640625,0.90625,1.0234375,1.0078125,0.765625,0.98046875,0.94921875,1.2109375,1.0703125,0.7265625,1.15625,0.9296875,0.734375,0.5703125,0.390625,0.265625,0.32421875,0.35546875
217,217,base,0,nan,nan,0.2890625,0.453125,0.5,0.3359375,0.234375,0.359375,0.72265625,0.7578125,1.078125,1.015625,0.9609375,0.9609375,0.8359375,0.97265625,0.90625,1.265625,1.078125,0.66796875,0.95703125,0.76953125,0.671875,0.55078125,0.40625,0.3125,0.32421875,0.3125
2461,2461,base,0,nan,nan,0.296875,0.41015625,0.453125,0.2890625,0.1953125,0.3046875,0.765625,0.6953125,1.125,0.94921875,1.0390625,1.0390625,0.7734375,0.953125,0.8984375,1.1640625,1.0390625,0.80078125,1.1796875,1.03125,0.75390625,0.5703125,0.390625,0.26953125,0.2890625,0.30859375
1709,1709,base,1,nan,nan,0.2890625,0.484375,0.5703125,0.45703125,0.29296875,0.37890625,0.76171875,0.78515625,1.1640625,0.94140625,1.1171875,1.015625,0.734375,1.03125,1.015625,1.1875,0.98828125,0.7890625,1.265625,1.0,0.65625,0.4609375,0.359375,0.25390625,0.2578125,0.3203125
961,961,base,0,nan,nan,0.265625,0.45703125,0.5078125,0.3203125,0.19921875,0.32421875,0.7734375,0.75390625,1.09375,0.9609375,1.125,1.0078125,0.8046875,0.984375,0.98828125,1.21875,1.0546875,0.74609375,1.2265625,0.953125,0.75390625,0.5703125,0.41015625,0.29296875,0.27734375,0.3125
218,218,base,0,nan,nan,0.2890625,0.453125,0.5,0.3359375,0.234375,0.359375,0.72265625,0.7578125,1.078125,1.015625,0.9609375,0.9609375,0.8359375,0.97265625,0.90625,1.265625,1.078125,0.66796875,0.95703125,0.76953125,0.671875,0.55078125,0.40625,0.3125,0.32421875,0.3125
2462,2462,base,0,nan,nan,0.296875,0.41015625,0.453125,0.2890625,0.1953125,0.3046875,0.765625,0.6953125,1.125,0.94921875,1.0390625,1.0390625,0.7734375,0.953125,0.8984375,1.1640625,1.0390625,0.80078125,1.1796875,1.03125,0.75390625,0.5703125,0.390625,0.26953125,0.2890625,0.30859375
1710,1710,base,0,nan,nan,0.2890625,0.484375,0.5703125,0.45703125,0.29296875,0.37890625,0.76171875,0.78515625,1.1640625,0.94140625,1.1171875,1.015625,0.734375,1.03125,1.015625,1.1875,0.98828125,0.7890625,1.265625,1.0,0.65625,0.4609375,0.359375,0.25390625,0.2578125,0.3203125
962,962,base,0,nan,nan,0.265625,0.45703125,0.5078125,0.3203125,0.19921875,0.32421875,0.7734375,0.75390625,1.09375,0.9609375,1.125,1.0078125,0.8046875,0.984375,0.98828125,1.21875,1.0546875,0.74609375,1.2265625,0.953125,0.75390625,0.5703125,0.41015625,0.29296875,0.27734375,0.3125
219,219,base,0,nan,nan,0.2890625,0.453125,0.5,0.3359375,0.234375,0.359375,0.72265625,0.7578125,1.078125,1.015625,0.9609375,0.9609375,0.8359375,0.97265625,0.90625,1.265625,1.078125,0.66796875,0.95703125,0.76953125,0.671875,0.55078125,0.40625,0.3125,0.32421875,0.3125
2463,2463,base,1,nan,nan,0.296875,0.41015625,0.453125,0.2890625,0.1953125,0.3046875,0.765625,0.6953125,1.125,0.94921875,1.0390625,1.0390625,0.7734375,0.953125,0.8984375,1.1640625,1.0390625,0.80078125,1.1796875,1.03125,0.75390625,0.5703125,0.390625,0.26953125,0.2890625,0.30859375
1711,1711,base,0,nan,nan,0.3046875,0.48828125,0.54296875,0.3359375,0.23828125,0.32421875,0.7734375,0.8046875,1.0078125,1.078125,1.0546875,0.99609375,0.734375,0.98046875,0.96484375,1.3046875,1.03125,0.75,1.203125,0.9921875,0.6484375,0.5546875,0.4375,0.33203125,0.3203125,0.3359375
963,963,base,0,nan,nan,0.265625,0.45703125,0.5078125,0.3203125,0.19921875,0.32421875,0.7734375,0.75390625,1.09375,0.9609375,1.125,1.0078125,0.8046875,0.984375,0.98828125,1.21875,1.0546875,0.74609375,1.2265625,0.953125,0.75390625,0.5703125,0.41015625,0.29296875,0.27734375,0.3125
220,220,base,0,nan,nan,0.2890625,0.453125,0.5,0.3359375,0.234375,0.359375,0.72265625,0.7578125,1.078125,1.015625,0.9609375,0.9609375,0.8359375,0.97265625,0.90625,1.265625,1.078125,0.66796875,0.95703125,0.76953125,0.671875,0.55078125,0.40625,0.3125,0.32421875,0.3125
2464,2464,base,0,nan,nan,0.296875,0.41015625,0.453125,0.2890625,0.1953125,0.3046875,0.765625,0.6953125,1.125,0.94921875,1.0390625,1.0390625,0.7734375,0.953125,0.8984375,1.1640625,1.0390625,0.80078125,1.1796875,1.03125,0.75390625,0.5703125,0.390625,0.26953125,0.2890625,0.30859375
1712,1712,base,0,nan,nan,0.3046875,0.48828125,0.54296875,0.3359375,0.23828125,0.32421875,0.7734375,0.8046875,1.0078125,1.078125,1.0546875,0.99609375,0.734375,0.98046875,0.96484375,1.3046875,1.03125,0.75,1.203125,0.9921875,0.6484375,0.5546875,0.4375,0.33203125,0.3203125,0.3359375
964,964,base,0,nan,nan,0.265625,0.45703125,0.5078125,0.3203125,0.19921875,0.32421875,0.7734375,0.75390625,1.09375,0.9609375,1.125,1.0078125,0.8046875,0.984375,0.98828125,1.21875,1.0546875,0.74609375,1.2265625,0.953125,0.75390625,0.5703125,0.41015625,0.29296875,0.27734375,0.3125
1713,1713,base,0,nan,nan,0.3046875,0.48828125,0.54296875,0.3359375,0.23828125,0.32421875,0.7734375,0.8046875,1.0078125,1.078125,1.0546875,0.99609375,0.734375,0.98046875,0.96484375,1.3046875,1.03125,0.75,1.203125,0.9921875,0.6484375,0.5546875,0.4375,0.33203125,0.3203125,0.3359375
221,221,base,0,nan,nan,0.2890625,0.453125,0.5,0.3359375,0.234375,0.359375,0.72265625,0.7578125,1.078125,1.015625,0.9609375,0.9609375,0.8359375,0.97265625,0.90625,1.265625,1.078125,0.66796875,0.95703125,0.76953125,0.671875,0.55078125,0.40625,0.3125,0.32421875,0.3125
2465,2465,base,1,nan,nan,0.296875,0.41015625,0.453125,0.2890625,0.1953125,0.3046875,0.765625,0.6953125,1.125,0.94921875,1.0390625,1.0390625,0.7734375,0.953125,0.8984375,1.1640625,1.0390625,0.80078125,1.1796875,1.03125,0.75390625,0.5703125,0.390625,0.26953125,0.2890625,0.30859375
965,965,base,0,nan,nan,0.265625,0.45703125,0.5078125,0.3203125,0.19921875,0.32421875,0.7734375,0.75390625,1.09375,0.9609375,1.125,1.0078125,0.8046875,0.984375,0.98828125,1.21875,1.0546875,0.74609375,1.2265625,0.953125,0.75390625,0.5703125,0.41015625,0.29296875,0.27734375,0.3125
1714,1714,base,0,nan,nan,0.3046875,0.48828125,0.54296875,0.3359375,0.23828125,0.32421875,0.7734375,0.8046875,1.0078125,1.078125,1.0546875,0.99609375,0.734375,0.98046875,0.96484375,1.3046875,1.03125,0.75,1.203125,0.9921875,0.6484375,0.5546875,0.4375,0.33203125,0.3203125,0.3359375
2466,2466,base,0,nan,nan,0.296875,0.41015625,0.453125,0.2890625,0.1953125,0.3046875,0.765625,0.6953125,1.125,0.94921875,1.0390625,1.0390625,0.7734375,0.953125,0.8984375,1.1640625,1.0390625,0.80078125,1.1796875,1.03125,0.75390625,0.5703125,0.390625,0.26953125,0.2890625,0.30859375
222,222,base,0,nan,nan,0.2890625,0.453125,0.5,0.3359375,0.234375,0.359375,0.72265625,0.7578125,1.078125,1.015625,0.9609375,0.9609375,0.8359375,0.97265625,0.90625,1.265625,1.078125,0.66796875,0.95703125,0.76953125,0.671875,0.55078125,0.40625,0.3125,0.32421875,0.3125
966,966,base,0,nan,nan,0.265625,0.45703125,0.5078125,0.3203125,0.19921875,0.32421875,0.7734375,0.75390625,1.09375,0.9609375,1.125,1.0078125,0.8046875,0.984375,0.98828125,1.21875,1.0546875,0.74609375,1.2265625,0.953125,0.75390625,0.5703125,0.41015625,0.29296875,0.27734375,0.3125
1715,1715,base,0,nan,nan,0.3046875,0.48828125,0.54296875,0.3359375,0.23828125,0.32421875,0.7734375,0.8046875,1.0078125,1.078125,1.0546875,0.99609375,0.734375,0.98046875,0.96484375,1.3046875,1.03125,0.75,1.203125,0.9921875,0.6484375,0.5546875,0.4375,0.33203125,0.3203125,0.3359375
2467,2467,base,0,nan,nan,0.296875,0.44140625,0.5,0.328125,0.1953125,0.3671875,0.73828125,0.734375,1.140625,0.94921875,1.0390625,1.0390625,0.859375,0.95703125,0.9375,1.1328125,1.0859375,0.81640625,1.1875,1.0,0.828125,0.66796875,0.44140625,0.31640625,0.30078125,0.3203125
223,223,base,0,nan,nan,0.30078125,0.4609375,0.48046875,0.27734375,0.20703125,0.31640625,0.765625,0.734375,1.1015625,1.015625,1.015625,0.97265625,0.7890625,0.9375,0.8671875,1.171875,1.0390625,0.7734375,1.1484375,0.9609375,0.67578125,0.52734375,0.390625,0.2890625,0.2734375,0.2890625
967,967,base,0,nan,nan,0.328125,0.5,0.5078125,0.296875,0.21484375,0.3515625,0.78515625,0.703125,1.109375,1.046875,1.0078125,1.0625,0.7421875,1.03125,0.99609375,1.1796875,1.0,0.7265625,1.1484375,0.96484375,0.76171875,0.6484375,0.4453125,0.35546875,0.359375,0.3515625
1716,1716,base,0,nan,nan,0.3046875,0.48828125,0.54296875,0.3359375,0.23828125,0.32421875,0.7734375,0.8046875,1.0078125,1.078125,1.0546875,0.99609375,0.734375,0.98046875,0.96484375,1.3046875,1.03125,0.75,1.203125,0.9921875,0.6484375,0.5546875,0.4375,0.33203125,0.3203125,0.3359375
2468,2468,base,0,nan,nan,0.296875,0.44140625,0.5,0.328125,0.1953125,0.3671875,0.73828125,0.734375,1.140625,0.94921875,1.0390625,1.0390625,0.859375,0.95703125,0.9375,1.1328125,1.0859375,0.81640625,1.1875,1.0,0.828125,0.66796875,0.44140625,0.31640625,0.30078125,0.3203125
224,224,base,0,nan,nan,0.30078125,0.4609375,0.48046875,0.27734375,0.20703125,0.31640625,0.765625,0.734375,1.1015625,1.015625,1.015625,0.97265625,0.7890625,0.9375,0.8671875,1.171875,1.0390625,0.7734375,1.1484375,0.9609375,0.67578125,0.52734375,0.390625,0.2890625,0.2734375,0.2890625
968,968,base,0,nan,nan,0.328125,0.5,0.5078125,0.296875,0.21484375,0.3515625,0.78515625,0.703125,1.109375,1.046875,1.0078125,1.0625,0.7421875,1.03125,0.99609375,1.1796875,1.0,0.7265625,1.1484375,0.96484375,0.76171875,0.6484375,0.4453125,0.35546875,0.359375,0.3515625
1717,1717,base,0,nan,nan,0.30078125,0.44140625,0.4921875,0.32421875,0.20703125,0.3515625,0.7734375,0.73828125,1.140625,0.9140625,1.0546875,1.0390625,0.75390625,0.984375,0.9609375,1.140625,1.046875,0.78125,1.1953125,1.0234375,0.78125,0.609375,0.421875,0.28515625,0.3203125,0.33203125
2469,2469,base,0,nan,nan,0.296875,0.44140625,0.5,0.328125,0.1953125,0.3671875,0.73828125,0.734375,1.140625,0.94921875,1.0390625,1.0390625,0.859375,0.95703125,0.9375,1.1328125,1.0859375,0.81640625,1.1875,1.0,0.828125,0.66796875,0.44140625,0.31640625,0.30078125,0.3203125
969,969,base,1,nan,nan,0.328125,0.5,0.5078125,0.296875,0.21484375,0.3515625,0.78515625,0.703125,1.109375,1.046875,1.0078125,1.0625,0.7421875,1.03125,0.99609375,1.1796875,1.0,0.7265625,1.1484375,0.96484375,0.76171875,0.6484375,0.4453125,0.35546875,0.359375,0.3515625
225,225,base,1,nan,nan,0.30078125,0.4609375,0.48046875,0.27734375,0.20703125,0.31640625,0.765625,0.734375,1.1015625,1.015625,1.015625,0.97265625,0.7890625,0.9375,0.8671875,1.171875,1.0390625,0.7734375,1.1484375,0.9609375,0.67578125,0.52734375,0.390625,0.2890625,0.2734375,0.2890625
1718,1718,base,0,nan,nan,0.30078125,0.44140625,0.4921875,0.32421875,0.20703125,0.3515625,0.7734375,0.73828125,1.140625,0.9140625,1.0546875,1.0390625,0.75390625,0.984375,0.9609375,1.140625,1.046875,0.78125,1.1953125,1.0234375,0.78125,0.609375,0.421875,0.28515625,0.3203125,0.33203125
970,970,base,0,nan,nan,0.328125,0.5,0.5078125,0.296875,0.21484375,0.3515625,0.78515625,0.703125,1.109375,1.046875,1.0078125,1.0625,0.7421875,1.03125,0.99609375,1.1796875,1.0,0.7265625,1.1484375,0.96484375,0.76171875,0.6484375,0.4453125,0.35546875,0.359375,0.3515625
2470,2470,base,0,nan,nan,0.296875,0.44140625,0.5,0.328125,0.1953125,0.3671875,0.73828125,0.734375,1.140625,0.94921875,1.0390625,1.0390625,0.859375,0.95703125,0.9375,1.1328125,1.0859375,0.81640625,1.1875,1.0,0.828125,0.66796875,0.44140625,0.31640625,0.30078125,0.3203125
226,226,base,0,nan,nan,0.30078125,0.4609375,0.48046875,0.27734375,0.20703125,0.31640625,0.765625,0.734375,1.1015625,1.015625,1.015625,0.97265625,0.7890625,0.9375,0.8671875,1.171875,1.0390625,0.7734375,1.1484375,0.9609375,0.67578125,0.52734375,0.390625,0.2890625,0.2734375,0.2890625
1719,1719,base,1,nan,nan,0.30078125,0.44140625,0.4921875,0.32421875,0.20703125,0.3515625,0.7734375,0.73828125,1.140625,0.9140625,1.0546875,1.0390625,0.75390625,0.984375,0.9609375,1.140625,1.046875,0.78125,1.1953125,1.0234375,0.78125,0.609375,0.421875,0.28515625,0.3203125,0.33203125
971,971,base,0,nan,nan,0.328125,0.5,0.5078125,0.296875,0.21484375,0.3515625,0.78515625,0.703125,1.109375,1.046875,1.0078125,1.0625,0.7421875,1.03125,0.99609375,1.1796875,1.0,0.7265625,1.1484375,0.96484375,0.76171875,0.6484375,0.4453125,0.35546875,0.359375,0.3515625
2471,2471,base,0,nan,nan,0.296875,0.44140625,0.5,0.328125,0.1953125,0.3671875,0.73828125,0.734375,1.140625,0.94921875,1.0390625,1.0390625,0.859375,0.95703125,0.9375,1.1328125,1.0859375,0.81640625,1.1875,1.0,0.828125,0.66796875,0.44140625,0.31640625,0.30078125,0.3203125
227,227,base,0,nan,nan,0.30078125,0.4609375,0.48046875,0.27734375,0.20703125,0.31640625,0.765625,0.734375,1.1015625,1.015625,1.015625,0.97265625,0.7890625,0.9375,0.8671875,1.171875,1.0390625,0.7734375,1.1484375,0.9609375,0.67578125,0.52734375,0.390625,0.2890625,0.2734375,0.2890625
972,972,base,0,nan,nan,0.328125,0.5,0.5078125,0.296875,0.21484375,0.3515625,0.78515625,0.703125,1.109375,1.046875,1.0078125,1.0625,0.7421875,1.03125,0.99609375,1.1796875,1.0,0.7265625,1.1484375,0.96484375,0.76171875,0.6484375,0.4453125,0.35546875,0.359375,0.3515625
1720,1720,base,0,nan,nan,0.30078125,0.44140625,0.4921875,0.32421875,0.20703125,0.3515625,0.7734375,0.73828125,1.140625,0.9140625,1.0546875,1.0390625,0.75390625,0.984375,0.9609375,1.140625,1.046875,0.78125,1.1953125,1.0234375,0.78125,0.609375,0.421875,0.28515625,0.3203125,0.33203125
2472,2472,base,0,nan,nan,0.296875,0.44140625,0.5,0.328125,0.1953125,0.3671875,0.73828125,0.734375,1.140625,0.94921875,1.0390625,1.0390625,0.859375,0.95703125,0.9375,1.1328125,1.0859375,0.81640625,1.1875,1.0,0.828125,0.66796875,0.44140625,0.31640625,0.30078125,0.3203125
973,973,base,0,nan,nan,0.30078125,0.46484375,0.5,0.265625,0.2109375,0.32421875,0.78515625,0.71875,1.0703125,1.0703125,1.0546875,1.03125,0.8203125,0.953125,0.87890625,1.2578125,1.0390625,0.8125,1.15625,0.9609375,0.76953125,0.64453125,0.4765625,0.38671875,0.41015625,0.375
228,228,base,0,nan,nan,0.30078125,0.4609375,0.48046875,0.27734375,0.20703125,0.31640625,0.765625,0.734375,1.1015625,1.015625,1.015625,0.97265625,0.7890625,0.9375,0.8671875,1.171875,1.0390625,0.7734375,1.1484375,0.9609375,0.67578125,0.52734375,0.390625,0.2890625,0.2734375,0.2890625
1721,1721,base,0,nan,nan,0.30078125,0.44140625,0.4921875,0.32421875,0.20703125,0.3515625,0.7734375,0.73828125,1.140625,0.9140625,1.0546875,1.0390625,0.75390625,0.984375,0.9609375,1.140625,1.046875,0.78125,1.1953125,1.0234375,0.78125,0.609375,0.421875,0.28515625,0.3203125,0.33203125
2473,2473,base,1,nan,nan,0.29296875,0.47265625,0.51171875,0.3125,0.2109375,0.33984375,0.734375,0.76171875,1.15625,0.890625,0.984375,1.0,0.74609375,0.96484375,0.94140625,1.25,1.0703125,0.6953125,1.2109375,1.015625,0.67578125,0.5390625,0.39453125,0.265625,0.27734375,0.28515625
974,974,base,0,nan,nan,0.30078125,0.46484375,0.5,0.265625,0.2109375,0.32421875,0.78515625,0.71875,1.0703125,1.0703125,1.0546875,1.03125,0.8203125,0.953125,0.87890625,1.2578125,1.0390625,0.8125,1.15625,0.9609375,0.76953125,0.64453125,0.4765625,0.38671875,0.41015625,0.375
229,229,base,1,nan,nan,0.29296875,0.46484375,0.49609375,0.328125,0.21484375,0.36328125,0.796875,0.71875,1.1328125,0.9375,0.97265625,1.0,0.75,0.9765625,0.9375,1.1875,1.03125,0.76953125,1.1796875,0.98828125,0.82421875,0.6328125,0.44140625,0.31640625,0.33984375,0.34765625
1722,1722,base,0,nan,nan,0.30078125,0.44140625,0.4921875,0.32421875,0.20703125,0.3515625,0.7734375,0.73828125,1.140625,0.9140625,1.0546875,1.0390625,0.75390625,0.984375,0.9609375,1.140625,1.046875,0.78125,1.1953125,1.0234375,0.78125,0.609375,0.421875,0.28515625,0.3203125,0.33203125
2474,2474,base,0,nan,nan,0.29296875,0.47265625,0.51171875,0.3125,0.2109375,0.33984375,0.734375,0.76171875,1.15625,0.890625,0.984375,1.0,0.74609375,0.96484375,0.94140625,1.25,1.0703125,0.6953125,1.2109375,1.015625,0.67578125,0.5390625,0.39453125,0.265625,0.27734375,0.28515625
975,975,base,0,nan,nan,0.30078125,0.46484375,0.5,0.265625,0.2109375,0.32421875,0.78515625,0.71875,1.0703125,1.0703125,1.0546875,1.03125,0.8203125,0.953125,0.87890625,1.2578125,1.0390625,0.8125,1.15625,0.9609375,0.76953125,0.64453125,0.4765625,0.38671875,0.41015625,0.375
230,230,base,0,nan,nan,0.29296875,0.46484375,0.49609375,0.328125,0.21484375,0.36328125,0.796875,0.71875,1.1328125,0.9375,0.97265625,1.0,0.75,0.9765625,0.9375,1.1875,1.03125,0.76953125,1.1796875,0.98828125,0.82421875,0.6328125,0.44140625,0.31640625,0.33984375,0.34765625
1723,1723,base,0,nan,nan,0.3125,0.44921875,0.484375,0.2890625,0.203125,0.35546875,0.78125,0.7421875,1.1484375,0.921875,1.0234375,1.0625,0.78125,0.9765625,0.9375,1.203125,1.0703125,0.74609375,1.21875,1.0546875,0.7265625,0.55078125,0.375,0.2421875,0.234375,0.27734375
2475,2475,base,0,nan,nan,0.29296875,0.47265625,0.51171875,0.3125,0.2109375,0.33984375,0.734375,0.76171875,1.15625,0.890625,0.984375,1.0,0.74609375,0.96484375,0.94140625,1.25,1.0703125,0.6953125,1.2109375,1.015625,0.67578125,0.5390625,0.39453125,0.265625,0.27734375,0.28515625
976,976,base,0,nan,nan,0.30078125,0.46484375,0.5,0.265625,0.2109375,0.32421875,0.78515625,0.71875,1.0703125,1.0703125,1.0546875,1.03125,0.8203125,0.953125,0.87890625,1.2578125,1.0390625,0.8125,1.15625,0.9609375,0.76953125,0.64453125,0.4765625,0.38671875,0.41015625,0.375
231,231,base,0,nan,nan,0.29296875,0.46484375,0.49609375,0.328125,0.21484375,0.36328125,0.796875,0.71875,1.1328125,0.9375,0.97265625,1.0,0.75,0.9765625,0.9375,1.1875,1.03125,0.76953125,1.1796875,0.98828125,0.82421875,0.6328125,0.44140625,0.31640625,0.33984375,0.34765625
1724,1724,base,0,nan,nan,0.3125,0.44921875,0.484375,0.2890625,0.203125,0.35546875,0.78125,0.7421875,1.1484375,0.921875,1.0234375,1.0625,0.78125,0.9765625,0.9375,1.203125,1.0703125,0.74609375,1.21875,1.0546875,0.7265625,0.55078125,0.375,0.2421875,0.234375,0.27734375
2476,2476,base,0,nan,nan,0.29296875,0.47265625,0.51171875,0.3125,0.2109375,0.33984375,0.734375,0.76171875,1.15625,0.890625,0.984375,1.0,0.74609375,0.96484375,0.94140625,1.25,1.0703125,0.6953125,1.2109375,1.015625,0.67578125,0.5390625,0.39453125,0.265625,0.27734375,0.28515625
977,977,base,1,nan,nan,0.30078125,0.46484375,0.5,0.265625,0.2109375,0.32421875,0.78515625,0.71875,1.0703125,1.0703125,1.0546875,1.03125,0.8203125,0.953125,0.87890625,1.2578125,1.0390625,0.8125,1.15625,0.9609375,0.76953125,0.64453125,0.4765625,0.38671875,0.41015625,0.375
232,232,base,0,nan,nan,0.29296875,0.46484375,0.49609375,0.328125,0.21484375,0.36328125,0.796875,0.71875,1.1328125,0.9375,0.97265625,1.0,0.75,0.9765625,0.9375,1.1875,1.03125,0.76953125,1.1796875,0.98828125,0.82421875,0.6328125,0.44140625,0.31640625,0.33984375,0.34765625
1725,1725,base,0,nan,nan,0.3125,0.44921875,0.484375,0.2890625,0.203125,0.35546875,0.78125,0.7421875,1.1484375,0.921875,1.0234375,1.0625,0.78125,0.9765625,0.9375,1.203125,1.0703125,0.74609375,1.21875,1.0546875,0.7265625,0.55078125,0.375,0.2421875,0.234375,0.27734375
2477,2477,base,0,nan,nan,0.29296875,0.47265625,0.51171875,0.3125,0.2109375,0.33984375,0.734375,0.76171875,1.15625,0.890625,0.984375,1.0,0.74609375,0.96484375,0.94140625,1.25,1.0703125,0.6953125,1.2109375,1.015625,0.67578125,0.5390625,0.39453125,0.265625,0.27734375,0.28515625
978,978,base,0,nan,nan,0.30078125,0.46484375,0.5,0.265625,0.2109375,0.32421875,0.78515625,0.71875,1.0703125,1.0703125,1.0546875,1.03125,0.8203125,0.953125,0.87890625,1.2578125,1.0390625,0.8125,1.15625,0.9609375,0.76953125,0.64453125,0.4765625,0.38671875,0.41015625,0.375
233,233,base,0,nan,nan,0.29296875,0.46484375,0.49609375,0.328125,0.21484375,0.36328125,0.796875,0.71875,1.1328125,0.9375,0.97265625,1.0,0.75,0.9765625,0.9375,1.1875,1.03125,0.76953125,1.1796875,0.98828125,0.82421875,0.6328125,0.44140625,0.31640625,0.33984375,0.34765625
2478,2478,base,0,nan,nan,0.29296875,0.47265625,0.51171875,0.3125,0.2109375,0.33984375,0.734375,0.76171875,1.15625,0.890625,0.984375,1.0,0.74609375,0.96484375,0.94140625,1.25,1.0703125,0.6953125,1.2109375,1.015625,0.67578125,0.5390625,0.39453125,0.265625,0.27734375,0.28515625
1726,1726,base,0,nan,nan,0.3125,0.44921875,0.484375,0.2890625,0.203125,0.35546875,0.78125,0.7421875,1.1484375,0.921875,1.0234375,1.0625,0.78125,0.9765625,0.9375,1.203125,1.0703125,0.74609375,1.21875,1.0546875,0.7265625,0.55078125,0.375,0.2421875,0.234375,0.27734375
979,979,base,0,nan,nan,0.2734375,0.4453125,0.46875,0.29296875,0.1953125,0.3515625,0.75,0.69921875,1.109375,0.953125,1.0625,0.97265625,0.8203125,0.9140625,0.89453125,1.2265625,1.0625,0.7265625,1.1875,0.9453125,0.7109375,0.57421875,0.3828125,0.27734375,0.31640625,0.32421875
234,234,base,0,nan,nan,0.29296875,0.46484375,0.49609375,0.328125,0.21484375,0.36328125,0.796875,0.71875,1.1328125,0.9375,0.97265625,1.0,0.75,0.9765625,0.9375,1.1875,1.03125,0.76953125,1.1796875,0.98828125,0.82421875,0.6328125,0.44140625,0.31640625,0.33984375,0.34765625
2479,2479,base,0,nan,nan,0.31640625,0.453125,0.46484375,0.27734375,0.20703125,0.33203125,0.703125,0.75,1.1171875,1.0078125,1.0,0.95703125,0.71875,0.94140625,0.8984375,1.203125,0.98828125,0.6875,1.109375,0.91015625,0.625,0.53125,0.37890625,0.30078125,0.30078125,0.296875
1727,1727,base,0,nan,nan,0.3125,0.44921875,0.484375,0.2890625,0.203125,0.35546875,0.78125,0.7421875,1.1484375,0.921875,1.0234375,1.0625,0.78125,0.9765625,0.9375,1.203125,1.0703125,0.74609375,1.21875,1.0546875,0.7265625,0.55078125,0.375,0.2421875,0.234375,0.27734375
980,980,base,0,nan,nan,0.2734375,0.4453125,0.46875,0.29296875,0.1953125,0.3515625,0.75,0.69921875,1.109375,0.953125,1.0625,0.97265625,0.8203125,0.9140625,0.89453125,1.2265625,1.0625,0.7265625,1.1875,0.9453125,0.7109375,0.57421875,0.3828125,0.27734375,0.31640625,0.32421875
235,235,base,0,nan,nan,0.3046875,0.41796875,0.515625,0.30078125,0.203125,0.3515625,0.7578125,0.7421875,1.1171875,1.0390625,1.046875,1.0,0.81640625,0.96484375,0.8984375,1.2109375,1.0625,0.76171875,1.1484375,0.9140625,0.84375,0.6640625,0.46875,0.3828125,0.421875,0.42578125
2480,2480,base,0,nan,nan,0.31640625,0.453125,0.46484375,0.27734375,0.20703125,0.33203125,0.703125,0.75,1.1171875,1.0078125,1.0,0.95703125,0.71875,0.94140625,0.8984375,1.203125,0.98828125,0.6875,1.109375,0.91015625,0.625,0.53125,0.37890625,0.30078125,0.30078125,0.296875
981,981,base,1,nan,nan,0.2734375,0.4453125,0.46875,0.29296875,0.1953125,0.3515625,0.75,0.69921875,1.109375,0.953125,1.0625,0.97265625,0.8203125,0.9140625,0.89453125,1.2265625,1.0625,0.7265625,1.1875,0.9453125,0.7109375,0.57421875,0.3828125,0.27734375,0.31640625,0.32421875
1728,1728,base,0,nan,nan,0.3125,0.44921875,0.484375,0.2890625,0.203125,0.35546875,0.78125,0.7421875,1.1484375,0.921875,1.0234375,1.0625,0.78125,0.9765625,0.9375,1.203125,1.0703125,0.74609375,1.21875,1.0546875,0.7265625,0.55078125,0.375,0.2421875,0.234375,0.27734375
236,236,base,0,nan,nan,0.3046875,0.41796875,0.515625,0.30078125,0.203125,0.3515625,0.7578125,0.7421875,1.1171875,1.0390625,1.046875,1.0,0.81640625,0.96484375,0.8984375,1.2109375,1.0625,0.76171875,1.1484375,0.9140625,0.84375,0.6640625,0.46875,0.3828125,0.421875,0.42578125
982,982,base,0,nan,nan,0.2734375,0.4453125,0.46875,0.29296875,0.1953125,0.3515625,0.75,0.69921875,1.109375,0.953125,1.0625,0.97265625,0.8203125,0.9140625,0.89453125,1.2265625,1.0625,0.7265625,1.1875,0.9453125,0.7109375,0.57421875,0.3828125,0.27734375,0.31640625,0.32421875
2481,2481,base,1,nan,nan,0.31640625,0.453125,0.46484375,0.27734375,0.20703125,0.33203125,0.703125,0.75,1.1171875,1.0078125,1.0,0.95703125,0.71875,0.94140625,0.8984375,1.203125,0.98828125,0.6875,1.109375,0.91015625,0.625,0.53125,0.37890625,0.30078125,0.30078125,0.296875
1729,1729,base,1,nan,nan,0.3046875,0.51171875,0.546875,0.34375,0.2421875,0.390625,0.734375,0.78515625,1.0703125,1.109375,1.09375,1.0078125,0.8359375,0.9453125,0.859375,1.171875,0.96484375,0.6875,1.078125,0.875,0.6171875,0.62890625,0.48046875,0.3359375,0.28515625,0.3125
237,237,base,1,nan,nan,0.3046875,0.41796875,0.515625,0.30078125,0.203125,0.3515625,0.7578125,0.7421875,1.1171875,1.0390625,1.046875,1.0,0.81640625,0.96484375,0.8984375,1.2109375,1.0625,0.76171875,1.1484375,0.9140625,0.84375,0.6640625,0.46875,0.3828125,0.421875,0.42578125
983,983,base,0,nan,nan,0.2734375,0.4453125,0.46875,0.29296875,0.1953125,0.3515625,0.75,0.69921875,1.109375,0.953125,1.0625,0.97265625,0.8203125,0.9140625,0.89453125,1.2265625,1.0625,0.7265625,1.1875,0.9453125,0.7109375,0.57421875,0.3828125,0.27734375,0.31640625,0.32421875
2482,2482,base,0,nan,nan,0.31640625,0.453125,0.46484375,0.27734375,0.20703125,0.33203125,0.703125,0.75,1.1171875,1.0078125,1.0,0.95703125,0.71875,0.94140625,0.8984375,1.203125,0.98828125,0.6875,1.109375,0.91015625,0.625,0.53125,0.37890625,0.30078125,0.30078125,0.296875
1730,1730,base,0,nan,nan,0.3046875,0.51171875,0.546875,0.34375,0.2421875,0.390625,0.734375,0.78515625,1.0703125,1.109375,1.09375,1.0078125,0.8359375,0.9453125,0.859375,1.171875,0.96484375,0.6875,1.078125,0.875,0.6171875,0.62890625,0.48046875,0.3359375,0.28515625,0.3125
238,238,base,0,nan,nan,0.3046875,0.41796875,0.515625,0.30078125,0.203125,0.3515625,0.7578125,0.7421875,1.1171875,1.0390625,1.046875,1.0,0.81640625,0.96484375,0.8984375,1.2109375,1.0625,0.76171875,1.1484375,0.9140625,0.84375,0.6640625,0.46875,0.3828125,0.421875,0.42578125
984,984,base,0,nan,nan,0.2734375,0.4453125,0.46875,0.29296875,0.1953125,0.3515625,0.75,0.69921875,1.109375,0.953125,1.0625,0.97265625,0.8203125,0.9140625,0.89453125,1.2265625,1.0625,0.7265625,1.1875,0.9453125,0.7109375,0.57421875,0.3828125,0.27734375,0.31640625,0.32421875
2483,2483,base,1,nan,nan,0.31640625,0.453125,0.46484375,0.27734375,0.20703125,0.33203125,0.703125,0.75,1.1171875,1.0078125,1.0,0.95703125,0.71875,0.94140625,0.8984375,1.203125,0.98828125,0.6875,1.109375,0.91015625,0.625,0.53125,0.37890625,0.30078125,0.30078125,0.296875
1731,1731,base,0,nan,nan,0.3046875,0.51171875,0.546875,0.34375,0.2421875,0.390625,0.734375,0.78515625,1.0703125,1.109375,1.09375,1.0078125,0.8359375,0.9453125,0.859375,1.171875,0.96484375,0.6875,1.078125,0.875,0.6171875,0.62890625,0.48046875,0.3359375,0.28515625,0.3125
239,239,base,0,nan,nan,0.3046875,0.41796875,0.515625,0.30078125,0.203125,0.3515625,0.7578125,0.7421875,1.1171875,1.0390625,1.046875,1.0,0.81640625,0.96484375,0.8984375,1.2109375,1.0625,0.76171875,1.1484375,0.9140625,0.84375,0.6640625,0.46875,0.3828125,0.421875,0.42578125
985,985,base,0,nan,nan,0.3125,0.42578125,0.54296875,0.42578125,0.23046875,0.3828125,0.828125,0.80078125,1.15625,0.98828125,1.0625,1.1171875,0.921875,1.0,0.9375,1.125,1.0546875,0.91015625,1.171875,0.90625,0.8984375,0.68359375,0.47265625,0.31640625,0.390625,0.4609375
2484,2484,base,0,nan,nan,0.31640625,0.453125,0.46484375,0.27734375,0.20703125,0.33203125,0.703125,0.75,1.1171875,1.0078125,1.0,0.95703125,0.71875,0.94140625,0.8984375,1.203125,0.98828125,0.6875,1.109375,0.91015625,0.625,0.53125,0.37890625,0.30078125,0.30078125,0.296875
240,240,base,0,nan,nan,0.3046875,0.41796875,0.515625,0.30078125,0.203125,0.3515625,0.7578125,0.7421875,1.1171875,1.0390625,1.046875,1.0,0.81640625,0.96484375,0.8984375,1.2109375,1.0625,0.76171875,1.1484375,0.9140625,0.84375,0.6640625,0.46875,0.3828125,0.421875,0.42578125
1732,1732,base,0,nan,nan,0.3046875,0.51171875,0.546875,0.34375,0.2421875,0.390625,0.734375,0.78515625,1.0703125,1.109375,1.09375,1.0078125,0.8359375,0.9453125,0.859375,1.171875,0.96484375,0.6875,1.078125,0.875,0.6171875,0.62890625,0.48046875,0.3359375,0.28515625,0.3125
2485,2485,base,0,nan,nan,0.2890625,0.41796875,0.4453125,0.265625,0.19921875,0.2890625,0.7890625,0.71484375,1.15625,0.94140625,1.0,1.03125,0.79296875,0.96875,0.91015625,1.171875,1.046875,0.77734375,1.1796875,1.0078125,0.796875,0.6015625,0.4140625,0.2890625,0.30078125,0.30078125
986,986,base,0,nan,nan,0.3125,0.42578125,0.54296875,0.42578125,0.23046875,0.3828125,0.828125,0.80078125,1.15625,0.98828125,1.0625,1.1171875,0.921875,1.0,0.9375,1.125,1.0546875,0.91015625,1.171875,0.90625,0.8984375,0.68359375,0.47265625,0.31640625,0.390625,0.4609375
241,241,base,1,nan,nan,0.30859375,0.43359375,0.47265625,0.3125,0.22265625,0.37109375,0.7421875,0.7578125,1.140625,1.046875,0.95703125,1.0078125,0.8046875,1.03125,0.97265625,1.1953125,1.03125,0.70703125,1.15625,0.99609375,0.6953125,0.58984375,0.41015625,0.3046875,0.32421875,0.328125
1733,1733,base,1,nan,nan,0.3046875,0.51171875,0.546875,0.34375,0.2421875,0.390625,0.734375,0.78515625,1.0703125,1.109375,1.09375,1.0078125,0.8359375,0.9453125,0.859375,1.171875,0.96484375,0.6875,1.078125,0.875,0.6171875,0.62890625,0.48046875,0.3359375,0.28515625,0.3125
2486,2486,base,0,nan,nan,0.2890625,0.41796875,0.4453125,0.265625,0.19921875,0.2890625,0.7890625,0.71484375,1.15625,0.94140625,1.0,1.03125,0.79296875,0.96875,0.91015625,1.171875,1.046875,0.77734375,1.1796875,1.0078125,0.796875,0.6015625,0.4140625,0.2890625,0.30078125,0.30078125
242,242,base,0,nan,nan,0.30859375,0.43359375,0.47265625,0.3125,0.22265625,0.37109375,0.7421875,0.7578125,1.140625,1.046875,0.95703125,1.0078125,0.8046875,1.03125,0.97265625,1.1953125,1.03125,0.70703125,1.15625,0.99609375,0.6953125,0.58984375,0.41015625,0.3046875,0.32421875,0.328125
1734,1734,base,0,nan,nan,0.3046875,0.51171875,0.546875,0.34375,0.2421875,0.390625,0.734375,0.78515625,1.0703125,1.109375,1.09375,1.0078125,0.8359375,0.9453125,0.859375,1.171875,0.96484375,0.6875,1.078125,0.875,0.6171875,0.62890625,0.48046875,0.3359375,0.28515625,0.3125
987,987,base,1,nan,nan,0.3125,0.42578125,0.54296875,0.42578125,0.23046875,0.3828125,0.828125,0.80078125,1.15625,0.98828125,1.0625,1.1171875,0.921875,1.0,0.9375,1.125,1.0546875,0.91015625,1.171875,0.90625,0.8984375,0.68359375,0.47265625,0.31640625,0.390625,0.4609375
2487,2487,base,0,nan,nan,0.2890625,0.41796875,0.4453125,0.265625,0.19921875,0.2890625,0.7890625,0.71484375,1.15625,0.94140625,1.0,1.03125,0.79296875,0.96875,0.91015625,1.171875,1.046875,0.77734375,1.1796875,1.0078125,0.796875,0.6015625,0.4140625,0.2890625,0.30078125,0.30078125
243,243,base,1,nan,nan,0.30859375,0.43359375,0.47265625,0.3125,0.22265625,0.37109375,0.7421875,0.7578125,1.140625,1.046875,0.95703125,1.0078125,0.8046875,1.03125,0.97265625,1.1953125,1.03125,0.70703125,1.15625,0.99609375,0.6953125,0.58984375,0.41015625,0.3046875,0.32421875,0.328125
1735,1735,base,0,nan,nan,0.30859375,0.44921875,0.515625,0.30859375,0.21484375,0.36328125,0.69140625,0.7578125,1.1171875,0.9296875,0.98828125,0.98046875,0.76953125,0.9453125,0.8984375,1.171875,1.015625,0.6640625,1.109375,0.8984375,0.55859375,0.5078125,0.3515625,0.25,0.2734375,0.28515625
988,988,base,0,nan,nan,0.3125,0.42578125,0.54296875,0.42578125,0.23046875,0.3828125,0.828125,0.80078125,1.15625,0.98828125,1.0625,1.1171875,0.921875,1.0,0.9375,1.125,1.0546875,0.91015625,1.171875,0.90625,0.8984375,0.68359375,0.47265625,0.31640625,0.390625,0.4609375
2488,2488,base,0,nan,nan,0.2890625,0.41796875,0.4453125,0.265625,0.19921875,0.2890625,0.7890625,0.71484375,1.15625,0.94140625,1.0,1.03125,0.79296875,0.96875,0.91015625,1.171875,1.046875,0.77734375,1.1796875,1.0078125,0.796875,0.6015625,0.4140625,0.2890625,0.30078125,0.30078125
1736,1736,base,0,nan,nan,0.30859375,0.44921875,0.515625,0.30859375,0.21484375,0.36328125,0.69140625,0.7578125,1.1171875,0.9296875,0.98828125,0.98046875,0.76953125,0.9453125,0.8984375,1.171875,1.015625,0.6640625,1.109375,0.8984375,0.55859375,0.5078125,0.3515625,0.25,0.2734375,0.28515625
244,244,base,0,nan,nan,0.30859375,0.43359375,0.47265625,0.3125,0.22265625,0.37109375,0.7421875,0.7578125,1.140625,1.046875,0.95703125,1.0078125,0.8046875,1.03125,0.97265625,1.1953125,1.03125,0.70703125,1.15625,0.99609375,0.6953125,0.58984375,0.41015625,0.3046875,0.32421875,0.328125
989,989,base,1,nan,nan,0.3125,0.42578125,0.54296875,0.42578125,0.23046875,0.3828125,0.828125,0.80078125,1.15625,0.98828125,1.0625,1.1171875,0.921875,1.0,0.9375,1.125,1.0546875,0.91015625,1.171875,0.90625,0.8984375,0.68359375,0.47265625,0.31640625,0.390625,0.4609375
2489,2489,base,1,nan,nan,0.2890625,0.41796875,0.4453125,0.265625,0.19921875,0.2890625,0.7890625,0.71484375,1.15625,0.94140625,1.0,1.03125,0.79296875,0.96875,0.91015625,1.171875,1.046875,0.77734375,1.1796875,1.0078125,0.796875,0.6015625,0.4140625,0.2890625,0.30078125,0.30078125
1737,1737,base,0,nan,nan,0.30859375,0.44921875,0.515625,0.30859375,0.21484375,0.36328125,0.69140625,0.7578125,1.1171875,0.9296875,0.98828125,0.98046875,0.76953125,0.9453125,0.8984375,1.171875,1.015625,0.6640625,1.109375,0.8984375,0.55859375,0.5078125,0.3515625,0.25,0.2734375,0.28515625
245,245,base,0,nan,nan,0.30859375,0.43359375,0.47265625,0.3125,0.22265625,0.37109375,0.7421875,0.7578125,1.140625,1.046875,0.95703125,1.0078125,0.8046875,1.03125,0.97265625,1.1953125,1.03125,0.70703125,1.15625,0.99609375,0.6953125,0.58984375,0.41015625,0.3046875,0.32421875,0.328125
990,990,base,0,nan,nan,0.3125,0.42578125,0.54296875,0.42578125,0.23046875,0.3828125,0.828125,0.80078125,1.15625,0.98828125,1.0625,1.1171875,0.921875,1.0,0.9375,1.125,1.0546875,0.91015625,1.171875,0.90625,0.8984375,0.68359375,0.47265625,0.31640625,0.390625,0.4609375
2490,2490,base,0,nan,nan,0.2890625,0.41796875,0.4453125,0.265625,0.19921875,0.2890625,0.7890625,0.71484375,1.15625,0.94140625,1.0,1.03125,0.79296875,0.96875,0.91015625,1.171875,1.046875,0.77734375,1.1796875,1.0078125,0.796875,0.6015625,0.4140625,0.2890625,0.30078125,0.30078125
1738,1738,base,0,nan,nan,0.30859375,0.44921875,0.515625,0.30859375,0.21484375,0.36328125,0.69140625,0.7578125,1.1171875,0.9296875,0.98828125,0.98046875,0.76953125,0.9453125,0.8984375,1.171875,1.015625,0.6640625,1.109375,0.8984375,0.55859375,0.5078125,0.3515625,0.25,0.2734375,0.28515625
246,246,base,0,nan,nan,0.30859375,0.43359375,0.47265625,0.3125,0.22265625,0.37109375,0.7421875,0.7578125,1.140625,1.046875,0.95703125,1.0078125,0.8046875,1.03125,0.97265625,1.1953125,1.03125,0.70703125,1.15625,0.99609375,0.6953125,0.58984375,0.41015625,0.3046875,0.32421875,0.328125
991,991,base,1,nan,nan,0.30859375,0.4140625,0.4765625,0.28125,0.19921875,0.328125,0.7265625,0.7421875,1.203125,0.9296875,0.98046875,0.97265625,0.7890625,0.94921875,0.8984375,1.171875,1.0234375,0.671875,1.1796875,0.97265625,0.6796875,0.5703125,0.37890625,0.25390625,0.30859375,0.2890625
2491,2491,base,0,nan,nan,0.2890625,0.44921875,0.44140625,0.2578125,0.1953125,0.3125,0.796875,0.7421875,1.1640625,0.9375,1.0234375,1.0390625,0.796875,0.96875,0.9296875,1.15625,1.0,0.75390625,1.1640625,0.97265625,0.73046875,0.57421875,0.3828125,0.26953125,0.296875,0.31640625
1739,1739,base,0,nan,nan,0.30859375,0.44921875,0.515625,0.30859375,0.21484375,0.36328125,0.69140625,0.7578125,1.1171875,0.9296875,0.98828125,0.98046875,0.76953125,0.9453125,0.8984375,1.171875,1.015625,0.6640625,1.109375,0.8984375,0.55859375,0.5078125,0.3515625,0.25,0.2734375,0.28515625
247,247,base,1,nan,nan,0.3046875,0.4296875,0.5078125,0.3359375,0.203125,0.3515625,0.7734375,0.71875,1.140625,0.9609375,0.9765625,1.0234375,0.82421875,0.95703125,0.94921875,1.2578125,1.1015625,0.734375,1.2421875,1.0234375,0.765625,0.640625,0.44921875,0.3125,0.296875,0.29296875
992,992,base,0,nan,nan,0.30859375,0.4140625,0.4765625,0.28125,0.19921875,0.328125,0.7265625,0.7421875,1.203125,0.9296875,0.98046875,0.97265625,0.7890625,0.94921875,0.8984375,1.171875,1.0234375,0.671875,1.1796875,0.97265625,0.6796875,0.5703125,0.37890625,0.25390625,0.30859375,0.2890625
2492,2492,base,0,nan,nan,0.2890625,0.44921875,0.44140625,0.2578125,0.1953125,0.3125,0.796875,0.7421875,1.1640625,0.9375,1.0234375,1.0390625,0.796875,0.96875,0.9296875,1.15625,1.0,0.75390625,1.1640625,0.97265625,0.73046875,0.57421875,0.3828125,0.26953125,0.296875,0.31640625
1740,1740,base,0,nan,nan,0.30859375,0.44921875,0.515625,0.30859375,0.21484375,0.36328125,0.69140625,0.7578125,1.1171875,0.9296875,0.98828125,0.98046875,0.76953125,0.9453125,0.8984375,1.171875,1.015625,0.6640625,1.109375,0.8984375,0.55859375,0.5078125,0.3515625,0.25,0.2734375,0.28515625
248,248,base,0,nan,nan,0.3046875,0.4296875,0.5078125,0.3359375,0.203125,0.3515625,0.7734375,0.71875,1.140625,0.9609375,0.9765625,1.0234375,0.82421875,0.95703125,0.94921875,1.2578125,1.1015625,0.734375,1.2421875,1.0234375,0.765625,0.640625,0.44921875,0.3125,0.296875,0.29296875
993,993,base,0,nan,nan,0.30859375,0.4140625,0.4765625,0.28125,0.19921875,0.328125,0.7265625,0.7421875,1.203125,0.9296875,0.98046875,0.97265625,0.7890625,0.94921875,0.8984375,1.171875,1.0234375,0.671875,1.1796875,0.97265625,0.6796875,0.5703125,0.37890625,0.25390625,0.30859375,0.2890625
2493,2493,base,1,nan,nan,0.2890625,0.44921875,0.44140625,0.2578125,0.1953125,0.3125,0.796875,0.7421875,1.1640625,0.9375,1.0234375,1.0390625,0.796875,0.96875,0.9296875,1.15625,1.0,0.75390625,1.1640625,0.97265625,0.73046875,0.57421875,0.3828125,0.26953125,0.296875,0.31640625
1741,1741,base,1,nan,nan,0.30859375,0.4453125,0.4765625,0.28515625,0.2109375,0.30078125,0.8046875,0.7109375,1.1171875,1.0234375,1.046875,0.98046875,0.8125,0.921875,0.87890625,1.2578125,1.0703125,0.6953125,1.078125,0.9296875,0.6875,0.5703125,0.40625,0.30078125,0.31640625,0.33984375
249,249,base,1,nan,nan,0.3046875,0.4296875,0.5078125,0.3359375,0.203125,0.3515625,0.7734375,0.71875,1.140625,0.9609375,0.9765625,1.0234375,0.82421875,0.95703125,0.94921875,1.2578125,1.1015625,0.734375,1.2421875,1.0234375,0.765625,0.640625,0.44921875,0.3125,0.296875,0.29296875
994,994,base,0,nan,nan,0.30859375,0.4140625,0.4765625,0.28125,0.19921875,0.328125,0.7265625,0.7421875,1.203125,0.9296875,0.98046875,0.97265625,0.7890625,0.94921875,0.8984375,1.171875,1.0234375,0.671875,1.1796875,0.97265625,0.6796875,0.5703125,0.37890625,0.25390625,0.30859375,0.2890625
2494,2494,base,0,nan,nan,0.2890625,0.44921875,0.44140625,0.2578125,0.1953125,0.3125,0.796875,0.7421875,1.1640625,0.9375,1.0234375,1.0390625,0.796875,0.96875,0.9296875,1.15625,1.0,0.75390625,1.1640625,0.97265625,0.73046875,0.57421875,0.3828125,0.26953125,0.296875,0.31640625
1742,1742,base,0,nan,nan,0.30859375,0.4453125,0.4765625,0.28515625,0.2109375,0.30078125,0.8046875,0.7109375,1.1171875,1.0234375,1.046875,0.98046875,0.8125,0.921875,0.87890625,1.2578125,1.0703125,0.6953125,1.078125,0.9296875,0.6875,0.5703125,0.40625,0.30078125,0.31640625,0.33984375
250,250,base,0,nan,nan,0.3046875,0.4296875,0.5078125,0.3359375,0.203125,0.3515625,0.7734375,0.71875,1.140625,0.9609375,0.9765625,1.0234375,0.82421875,0.95703125,0.94921875,1.2578125,1.1015625,0.734375,1.2421875,1.0234375,0.765625,0.640625,0.44921875,0.3125,0.296875,0.29296875
995,995,base,0,nan,nan,0.30859375,0.4140625,0.4765625,0.28125,0.19921875,0.328125,0.7265625,0.7421875,1.203125,0.9296875,0.98046875,0.97265625,0.7890625,0.94921875,0.8984375,1.171875,1.0234375,0.671875,1.1796875,0.97265625,0.6796875,0.5703125,0.37890625,0.25390625,0.30859375,0.2890625
1743,1743,base,0,nan,nan,0.30859375,0.4453125,0.4765625,0.28515625,0.2109375,0.30078125,0.8046875,0.7109375,1.1171875,1.0234375,1.046875,0.98046875,0.8125,0.921875,0.87890625,1.2578125,1.0703125,0.6953125,1.078125,0.9296875,0.6875,0.5703125,0.40625,0.30078125,0.31640625,0.33984375
2495,2495,base,1,nan,nan,0.2890625,0.44921875,0.44140625,0.2578125,0.1953125,0.3125,0.796875,0.7421875,1.1640625,0.9375,1.0234375,1.0390625,0.796875,0.96875,0.9296875,1.15625,1.0,0.75390625,1.1640625,0.97265625,0.73046875,0.57421875,0.3828125,0.26953125,0.296875,0.31640625
251,251,base,0,nan,nan,0.3046875,0.4296875,0.5078125,0.3359375,0.203125,0.3515625,0.7734375,0.71875,1.140625,0.9609375,0.9765625,1.0234375,0.82421875,0.95703125,0.94921875,1.2578125,1.1015625,0.734375,1.2421875,1.0234375,0.765625,0.640625,0.44921875,0.3125,0.296875,0.29296875
996,996,base,0,nan,nan,0.30859375,0.4140625,0.4765625,0.28125,0.19921875,0.328125,0.7265625,0.7421875,1.203125,0.9296875,0.98046875,0.97265625,0.7890625,0.94921875,0.8984375,1.171875,1.0234375,0.671875,1.1796875,0.97265625,0.6796875,0.5703125,0.37890625,0.25390625,0.30859375,0.2890625
1744,1744,base,0,nan,nan,0.30859375,0.4453125,0.4765625,0.28515625,0.2109375,0.30078125,0.8046875,0.7109375,1.1171875,1.0234375,1.046875,0.98046875,0.8125,0.921875,0.87890625,1.2578125,1.0703125,0.6953125,1.078125,0.9296875,0.6875,0.5703125,0.40625,0.30078125,0.31640625,0.33984375
2496,2496,base,0,nan,nan,0.2890625,0.44921875,0.44140625,0.2578125,0.1953125,0.3125,0.796875,0.7421875,1.1640625,0.9375,1.0234375,1.0390625,0.796875,0.96875,0.9296875,1.15625,1.0,0.75390625,1.1640625,0.97265625,0.73046875,0.57421875,0.3828125,0.26953125,0.296875,0.31640625
252,252,base,0,nan,nan,0.3046875,0.4296875,0.5078125,0.3359375,0.203125,0.3515625,0.7734375,0.71875,1.140625,0.9609375,0.9765625,1.0234375,0.82421875,0.95703125,0.94921875,1.2578125,1.1015625,0.734375,1.2421875,1.0234375,0.765625,0.640625,0.44921875,0.3125,0.296875,0.29296875
1745,1745,base,0,nan,nan,0.30859375,0.4453125,0.4765625,0.28515625,0.2109375,0.30078125,0.8046875,0.7109375,1.1171875,1.0234375,1.046875,0.98046875,0.8125,0.921875,0.87890625,1.2578125,1.0703125,0.6953125,1.078125,0.9296875,0.6875,0.5703125,0.40625,0.30078125,0.31640625,0.33984375
997,997,base,1,nan,nan,0.28515625,0.43359375,0.48046875,0.3125,0.2421875,0.31640625,0.703125,0.81640625,1.09375,1.0234375,1.015625,1.015625,0.78125,0.890625,0.8125,1.1796875,1.0078125,0.70703125,1.2265625,0.96484375,0.6796875,0.5625,0.3984375,0.25390625,0.27734375,0.33984375
2497,2497,base,1,nan,nan,0.2890625,0.46875,0.5390625,0.33984375,0.23046875,0.31640625,0.6953125,0.7578125,1.125,0.98046875,0.94921875,0.97265625,0.79296875,0.953125,0.85546875,1.140625,0.98046875,0.67578125,1.046875,0.8515625,0.65625,0.5703125,0.40625,0.2734375,0.328125,0.35546875
253,253,base,0,nan,nan,0.28515625,0.4453125,0.44921875,0.28515625,0.20703125,0.3125,0.796875,0.7265625,1.140625,0.94921875,1.046875,0.984375,0.8203125,0.9375,0.9140625,1.203125,1.03125,0.8359375,1.1875,0.96484375,0.859375,0.6640625,0.44140625,0.3046875,0.3125,0.34375
1746,1746,base,0,nan,nan,0.30859375,0.4453125,0.4765625,0.28515625,0.2109375,0.30078125,0.8046875,0.7109375,1.1171875,1.0234375,1.046875,0.98046875,0.8125,0.921875,0.87890625,1.2578125,1.0703125,0.6953125,1.078125,0.9296875,0.6875,0.5703125,0.40625,0.30078125,0.31640625,0.33984375
998,998,base,0,nan,nan,0.28515625,0.43359375,0.48046875,0.3125,0.2421875,0.31640625,0.703125,0.81640625,1.09375,1.0234375,1.015625,1.015625,0.78125,0.890625,0.8125,1.1796875,1.0078125,0.70703125,1.2265625,0.96484375,0.6796875,0.5625,0.3984375,0.25390625,0.27734375,0.33984375
2498,2498,base,0,nan,nan,0.2890625,0.46875,0.5390625,0.33984375,0.23046875,0.31640625,0.6953125,0.7578125,1.125,0.98046875,0.94921875,0.97265625,0.79296875,0.953125,0.85546875,1.140625,0.98046875,0.67578125,1.046875,0.8515625,0.65625,0.5703125,0.40625,0.2734375,0.328125,0.35546875
254,254,base,0,nan,nan,0.28515625,0.4453125,0.44921875,0.28515625,0.20703125,0.3125,0.796875,0.7265625,1.140625,0.94921875,1.046875,0.984375,0.8203125,0.9375,0.9140625,1.203125,1.03125,0.8359375,1.1875,0.96484375,0.859375,0.6640625,0.44140625,0.3046875,0.3125,0.34375
1747,1747,base,0,nan,nan,0.34765625,0.46484375,0.515625,0.40234375,0.23828125,0.33984375,0.8046875,0.79296875,1.140625,0.96875,1.0,1.171875,0.94140625,1.0390625,0.94140625,1.1015625,1.078125,0.8828125,1.171875,0.95703125,0.90234375,0.671875,0.48046875,0.32421875,0.3984375,0.4140625
999,999,base,1,nan,nan,0.28515625,0.43359375,0.48046875,0.3125,0.2421875,0.31640625,0.703125,0.81640625,1.09375,1.0234375,1.015625,1.015625,0.78125,0.890625,0.8125,1.1796875,1.0078125,0.70703125,1.2265625,0.96484375,0.6796875,0.5625,0.3984375,0.25390625,0.27734375,0.33984375
2499,2499,base,0,nan,nan,0.2890625,0.46875,0.5390625,0.33984375,0.23046875,0.31640625,0.6953125,0.7578125,1.125,0.98046875,0.94921875,0.97265625,0.79296875,0.953125,0.85546875,1.140625,0.98046875,0.67578125,1.046875,0.8515625,0.65625,0.5703125,0.40625,0.2734375,0.328125,0.35546875
255,255,base,0,nan,nan,0.28515625,0.4453125,0.44921875,0.28515625,0.20703125,0.3125,0.796875,0.7265625,1.140625,0.94921875,1.046875,0.984375,0.8203125,0.9375,0.9140625,1.203125,1.03125,0.8359375,1.1875,0.96484375,0.859375,0.6640625,0.44140625,0.3046875,0.3125,0.34375
1748,1748,base,0,nan,nan,0.34765625,0.46484375,0.515625,0.40234375,0.23828125,0.33984375,0.8046875,0.79296875,1.140625,0.96875,1.0,1.171875,0.94140625,1.0390625,0.94140625,1.1015625,1.078125,0.8828125,1.171875,0.95703125,0.90234375,0.671875,0.48046875,0.32421875,0.3984375,0.4140625
1000,1000,base,0,nan,nan,0.28515625,0.43359375,0.48046875,0.3125,0.2421875,0.31640625,0.703125,0.81640625,1.09375,1.0234375,1.015625,1.015625,0.78125,0.890625,0.8125,1.1796875,1.0078125,0.70703125,1.2265625,0.96484375,0.6796875,0.5625,0.3984375,0.25390625,0.27734375,0.33984375
2500,2500,base,0,nan,nan,0.2890625,0.46875,0.5390625,0.33984375,0.23046875,0.31640625,0.6953125,0.7578125,1.125,0.98046875,0.94921875,0.97265625,0.79296875,0.953125,0.85546875,1.140625,0.98046875,0.67578125,1.046875,0.8515625,0.65625,0.5703125,0.40625,0.2734375,0.328125,0.35546875
256,256,base,0,nan,nan,0.28515625,0.4453125,0.44921875,0.28515625,0.20703125,0.3125,0.796875,0.7265625,1.140625,0.94921875,1.046875,0.984375,0.8203125,0.9375,0.9140625,1.203125,1.03125,0.8359375,1.1875,0.96484375,0.859375,0.6640625,0.44140625,0.3046875,0.3125,0.34375
1749,1749,base,0,nan,nan,0.34765625,0.46484375,0.515625,0.40234375,0.23828125,0.33984375,0.8046875,0.79296875,1.140625,0.96875,1.0,1.171875,0.94140625,1.0390625,0.94140625,1.1015625,1.078125,0.8828125,1.171875,0.95703125,0.90234375,0.671875,0.48046875,0.32421875,0.3984375,0.4140625
1001,1001,base,0,nan,nan,0.28515625,0.43359375,0.48046875,0.3125,0.2421875,0.31640625,0.703125,0.81640625,1.09375,1.0234375,1.015625,1.015625,0.78125,0.890625,0.8125,1.1796875,1.0078125,0.70703125,1.2265625,0.96484375,0.6796875,0.5625,0.3984375,0.25390625,0.27734375,0.33984375
2501,2501,base,0,nan,nan,0.2890625,0.46875,0.5390625,0.33984375,0.23046875,0.31640625,0.6953125,0.7578125,1.125,0.98046875,0.94921875,0.97265625,0.79296875,0.953125,0.85546875,1.140625,0.98046875,0.67578125,1.046875,0.8515625,0.65625,0.5703125,0.40625,0.2734375,0.328125,0.35546875
257,257,base,0,nan,nan,0.28515625,0.4453125,0.44921875,0.28515625,0.20703125,0.3125,0.796875,0.7265625,1.140625,0.94921875,1.046875,0.984375,0.8203125,0.9375,0.9140625,1.203125,1.03125,0.8359375,1.1875,0.96484375,0.859375,0.6640625,0.44140625,0.3046875,0.3125,0.34375
1750,1750,base,0,nan,nan,0.34765625,0.46484375,0.515625,0.40234375,0.23828125,0.33984375,0.8046875,0.79296875,1.140625,0.96875,1.0,1.171875,0.94140625,1.0390625,0.94140625,1.1015625,1.078125,0.8828125,1.171875,0.95703125,0.90234375,0.671875,0.48046875,0.32421875,0.3984375,0.4140625
258,258,base,0,nan,nan,0.28515625,0.4453125,0.44921875,0.28515625,0.20703125,0.3125,0.796875,0.7265625,1.140625,0.94921875,1.046875,0.984375,0.8203125,0.9375,0.9140625,1.203125,1.03125,0.8359375,1.1875,0.96484375,0.859375,0.6640625,0.44140625,0.3046875,0.3125,0.34375
1002,1002,base,0,nan,nan,0.28515625,0.43359375,0.48046875,0.3125,0.2421875,0.31640625,0.703125,0.81640625,1.09375,1.0234375,1.015625,1.015625,0.78125,0.890625,0.8125,1.1796875,1.0078125,0.70703125,1.2265625,0.96484375,0.6796875,0.5625,0.3984375,0.25390625,0.27734375,0.33984375
2502,2502,base,0,nan,nan,0.2890625,0.46875,0.5390625,0.33984375,0.23046875,0.31640625,0.6953125,0.7578125,1.125,0.98046875,0.94921875,0.97265625,0.79296875,0.953125,0.85546875,1.140625,0.98046875,0.67578125,1.046875,0.8515625,0.65625,0.5703125,0.40625,0.2734375,0.328125,0.35546875
1751,1751,base,1,nan,nan,0.34765625,0.46484375,0.515625,0.40234375,0.23828125,0.33984375,0.8046875,0.79296875,1.140625,0.96875,1.0,1.171875,0.94140625,1.0390625,0.94140625,1.1015625,1.078125,0.8828125,1.171875,0.95703125,0.90234375,0.671875,0.48046875,0.32421875,0.3984375,0.4140625
259,259,base,1,nan,nan,0.26953125,0.48046875,0.5234375,0.3203125,0.20703125,0.3125,0.75390625,0.765625,1.0625,1.0234375,1.0703125,1.03125,0.81640625,0.98046875,0.95703125,1.2578125,1.0703125,0.71875,1.2109375,0.98046875,0.7578125,0.61328125,0.4296875,0.2890625,0.296875,0.3046875
2503,2503,base,0,nan,nan,0.27734375,0.4375,0.515625,0.33203125,0.2421875,0.3359375,0.703125,0.7421875,1.09375,1.0,1.09375,1.0390625,0.76171875,1.0390625,1.0,1.28125,1.0859375,0.6796875,1.109375,0.8984375,0.59375,0.49609375,0.3515625,0.23828125,0.25,0.28125
1003,1003,base,0,nan,nan,0.296875,0.46875,0.5,0.328125,0.203125,0.30859375,0.77734375,0.71875,1.09375,0.98046875,1.0,0.96484375,0.77734375,0.984375,0.9609375,1.1796875,1.0546875,0.7421875,1.234375,1.0234375,0.7578125,0.6015625,0.4375,0.3125,0.31640625,0.3515625
1752,1752,base,0,nan,nan,0.34765625,0.46484375,0.515625,0.40234375,0.23828125,0.33984375,0.8046875,0.79296875,1.140625,0.96875,1.0,1.171875,0.94140625,1.0390625,0.94140625,1.1015625,1.078125,0.8828125,1.171875,0.95703125,0.90234375,0.671875,0.48046875,0.32421875,0.3984375,0.4140625
260,260,base,0,nan,nan,0.26953125,0.48046875,0.5234375,0.3203125,0.20703125,0.3125,0.75390625,0.765625,1.0625,1.0234375,1.0703125,1.03125,0.81640625,0.98046875,0.95703125,1.2578125,1.0703125,0.71875,1.2109375,0.98046875,0.7578125,0.61328125,0.4296875,0.2890625,0.296875,0.3046875
2504,2504,base,0,nan,nan,0.27734375,0.4375,0.515625,0.33203125,0.2421875,0.3359375,0.703125,0.7421875,1.09375,1.0,1.09375,1.0390625,0.76171875,1.0390625,1.0,1.28125,1.0859375,0.6796875,1.109375,0.8984375,0.59375,0.49609375,0.3515625,0.23828125,0.25,0.28125
1004,1004,base,0,nan,nan,0.296875,0.46875,0.5,0.328125,0.203125,0.30859375,0.77734375,0.71875,1.09375,0.98046875,1.0,0.96484375,0.77734375,0.984375,0.9609375,1.1796875,1.0546875,0.7421875,1.234375,1.0234375,0.7578125,0.6015625,0.4375,0.3125,0.31640625,0.3515625
1753,1753,base,0,nan,nan,0.31640625,0.47265625,0.51171875,0.328125,0.2265625,0.3671875,0.77734375,0.76953125,1.1328125,1.015625,0.99609375,0.9765625,0.8359375,0.96484375,0.8671875,1.1328125,1.0390625,0.703125,1.125,0.87890625,0.6953125,0.59765625,0.42578125,0.31640625,0.31640625,0.3125
261,261,base,0,nan,nan,0.26953125,0.48046875,0.5234375,0.3203125,0.20703125,0.3125,0.75390625,0.765625,1.0625,1.0234375,1.0703125,1.03125,0.81640625,0.98046875,0.95703125,1.2578125,1.0703125,0.71875,1.2109375,0.98046875,0.7578125,0.61328125,0.4296875,0.2890625,0.296875,0.3046875
2505,2505,base,1,nan,nan,0.27734375,0.4375,0.515625,0.33203125,0.2421875,0.3359375,0.703125,0.7421875,1.09375,1.0,1.09375,1.0390625,0.76171875,1.0390625,1.0,1.28125,1.0859375,0.6796875,1.109375,0.8984375,0.59375,0.49609375,0.3515625,0.23828125,0.25,0.28125
1754,1754,base,0,nan,nan,0.31640625,0.47265625,0.51171875,0.328125,0.2265625,0.3671875,0.77734375,0.76953125,1.1328125,1.015625,0.99609375,0.9765625,0.8359375,0.96484375,0.8671875,1.1328125,1.0390625,0.703125,1.125,0.87890625,0.6953125,0.59765625,0.42578125,0.31640625,0.31640625,0.3125
1005,1005,base,0,nan,nan,0.296875,0.46875,0.5,0.328125,0.203125,0.30859375,0.77734375,0.71875,1.09375,0.98046875,1.0,0.96484375,0.77734375,0.984375,0.9609375,1.1796875,1.0546875,0.7421875,1.234375,1.0234375,0.7578125,0.6015625,0.4375,0.3125,0.31640625,0.3515625
262,262,base,0,nan,nan,0.26953125,0.48046875,0.5234375,0.3203125,0.20703125,0.3125,0.75390625,0.765625,1.0625,1.0234375,1.0703125,1.03125,0.81640625,0.98046875,0.95703125,1.2578125,1.0703125,0.71875,1.2109375,0.98046875,0.7578125,0.61328125,0.4296875,0.2890625,0.296875,0.3046875
2506,2506,base,0,nan,nan,0.27734375,0.4375,0.515625,0.33203125,0.2421875,0.3359375,0.703125,0.7421875,1.09375,1.0,1.09375,1.0390625,0.76171875,1.0390625,1.0,1.28125,1.0859375,0.6796875,1.109375,0.8984375,0.59375,0.49609375,0.3515625,0.23828125,0.25,0.28125
1755,1755,base,0,nan,nan,0.31640625,0.47265625,0.51171875,0.328125,0.2265625,0.3671875,0.77734375,0.76953125,1.1328125,1.015625,0.99609375,0.9765625,0.8359375,0.96484375,0.8671875,1.1328125,1.0390625,0.703125,1.125,0.87890625,0.6953125,0.59765625,0.42578125,0.31640625,0.31640625,0.3125
1006,1006,base,0,nan,nan,0.296875,0.46875,0.5,0.328125,0.203125,0.30859375,0.77734375,0.71875,1.09375,0.98046875,1.0,0.96484375,0.77734375,0.984375,0.9609375,1.1796875,1.0546875,0.7421875,1.234375,1.0234375,0.7578125,0.6015625,0.4375,0.3125,0.31640625,0.3515625
263,263,base,0,nan,nan,0.26953125,0.48046875,0.5234375,0.3203125,0.20703125,0.3125,0.75390625,0.765625,1.0625,1.0234375,1.0703125,1.03125,0.81640625,0.98046875,0.95703125,1.2578125,1.0703125,0.71875,1.2109375,0.98046875,0.7578125,0.61328125,0.4296875,0.2890625,0.296875,0.3046875
2507,2507,base,1,nan,nan,0.27734375,0.4375,0.515625,0.33203125,0.2421875,0.3359375,0.703125,0.7421875,1.09375,1.0,1.09375,1.0390625,0.76171875,1.0390625,1.0,1.28125,1.0859375,0.6796875,1.109375,0.8984375,0.59375,0.49609375,0.3515625,0.23828125,0.25,0.28125
1756,1756,base,0,nan,nan,0.31640625,0.47265625,0.51171875,0.328125,0.2265625,0.3671875,0.77734375,0.76953125,1.1328125,1.015625,0.99609375,0.9765625,0.8359375,0.96484375,0.8671875,1.1328125,1.0390625,0.703125,1.125,0.87890625,0.6953125,0.59765625,0.42578125,0.31640625,0.31640625,0.3125
1007,1007,base,1,nan,nan,0.296875,0.46875,0.5,0.328125,0.203125,0.30859375,0.77734375,0.71875,1.09375,0.98046875,1.0,0.96484375,0.77734375,0.984375,0.9609375,1.1796875,1.0546875,0.7421875,1.234375,1.0234375,0.7578125,0.6015625,0.4375,0.3125,0.31640625,0.3515625
264,264,base,0,nan,nan,0.26953125,0.48046875,0.5234375,0.3203125,0.20703125,0.3125,0.75390625,0.765625,1.0625,1.0234375,1.0703125,1.03125,0.81640625,0.98046875,0.95703125,1.2578125,1.0703125,0.71875,1.2109375,0.98046875,0.7578125,0.61328125,0.4296875,0.2890625,0.296875,0.3046875
2508,2508,base,0,nan,nan,0.27734375,0.4375,0.515625,0.33203125,0.2421875,0.3359375,0.703125,0.7421875,1.09375,1.0,1.09375,1.0390625,0.76171875,1.0390625,1.0,1.28125,1.0859375,0.6796875,1.109375,0.8984375,0.59375,0.49609375,0.3515625,0.23828125,0.25,0.28125
1757,1757,base,0,nan,nan,0.31640625,0.47265625,0.51171875,0.328125,0.2265625,0.3671875,0.77734375,0.76953125,1.1328125,1.015625,0.99609375,0.9765625,0.8359375,0.96484375,0.8671875,1.1328125,1.0390625,0.703125,1.125,0.87890625,0.6953125,0.59765625,0.42578125,0.31640625,0.31640625,0.3125
1008,1008,base,0,nan,nan,0.296875,0.46875,0.5,0.328125,0.203125,0.30859375,0.77734375,0.71875,1.09375,0.98046875,1.0,0.96484375,0.77734375,0.984375,0.9609375,1.1796875,1.0546875,0.7421875,1.234375,1.0234375,0.7578125,0.6015625,0.4375,0.3125,0.31640625,0.3515625
265,265,base,1,nan,nan,0.30078125,0.4453125,0.5234375,0.31640625,0.2265625,0.3828125,0.765625,0.77734375,1.1484375,0.9453125,1.0234375,1.03125,0.79296875,0.87890625,0.8515625,1.203125,1.015625,0.75,1.0859375,0.89453125,0.8046875,0.6328125,0.46484375,0.37109375,0.3984375,0.33984375
2509,2509,base,1,nan,nan,0.29296875,0.4453125,0.49609375,0.31640625,0.23046875,0.375,0.7734375,0.734375,1.109375,1.1484375,0.96875,0.98046875,0.81640625,1.0390625,0.97265625,1.171875,1.0546875,0.640625,1.1015625,0.93359375,0.69140625,0.625,0.44140625,0.35546875,0.375,0.3515625
1758,1758,base,0,nan,nan,0.31640625,0.47265625,0.51171875,0.328125,0.2265625,0.3671875,0.77734375,0.76953125,1.1328125,1.015625,0.99609375,0.9765625,0.8359375,0.96484375,0.8671875,1.1328125,1.0390625,0.703125,1.125,0.87890625,0.6953125,0.59765625,0.42578125,0.31640625,0.31640625,0.3125
1009,1009,base,0,nan,nan,0.30859375,0.43359375,0.484375,0.37109375,0.24609375,0.33984375,0.73828125,0.78515625,1.1171875,1.0625,1.015625,1.015625,0.8203125,0.96875,0.9140625,1.1953125,1.015625,0.734375,1.1640625,0.9140625,0.7109375,0.5859375,0.37890625,0.25390625,0.3046875,0.34375
266,266,base,0,nan,nan,0.30078125,0.4453125,0.5234375,0.31640625,0.2265625,0.3828125,0.765625,0.77734375,1.1484375,0.9453125,1.0234375,1.03125,0.79296875,0.87890625,0.8515625,1.203125,1.015625,0.75,1.0859375,0.89453125,0.8046875,0.6328125,0.46484375,0.37109375,0.3984375,0.33984375
1759,1759,base,0,nan,nan,0.3984375,0.59765625,0.5703125,0.36328125,0.26953125,0.36328125,0.78125,0.796875,1.1171875,1.0234375,0.984375,1.015625,0.8203125,0.984375,0.8984375,1.234375,1.0,0.75,1.1875,0.9921875,0.62109375,0.56640625,0.4921875,0.359375,0.34375,0.40234375
2510,2510,base,0,nan,nan,0.29296875,0.4453125,0.49609375,0.31640625,0.23046875,0.375,0.7734375,0.734375,1.109375,1.1484375,0.96875,0.98046875,0.81640625,1.0390625,0.97265625,1.171875,1.0546875,0.640625,1.1015625,0.93359375,0.69140625,0.625,0.44140625,0.35546875,0.375,0.3515625
267,267,base,0,nan,nan,0.30078125,0.4453125,0.5234375,0.31640625,0.2265625,0.3828125,0.765625,0.77734375,1.1484375,0.9453125,1.0234375,1.03125,0.79296875,0.87890625,0.8515625,1.203125,1.015625,0.75,1.0859375,0.89453125,0.8046875,0.6328125,0.46484375,0.37109375,0.3984375,0.33984375
1760,1760,base,0,nan,nan,0.3984375,0.59765625,0.5703125,0.36328125,0.26953125,0.36328125,0.78125,0.796875,1.1171875,1.0234375,0.984375,1.015625,0.8203125,0.984375,0.8984375,1.234375,1.0,0.75,1.1875,0.9921875,0.62109375,0.56640625,0.4921875,0.359375,0.34375,0.40234375
1010,1010,base,0,nan,nan,0.30859375,0.43359375,0.484375,0.37109375,0.24609375,0.33984375,0.73828125,0.78515625,1.1171875,1.0625,1.015625,1.015625,0.8203125,0.96875,0.9140625,1.1953125,1.015625,0.734375,1.1640625,0.9140625,0.7109375,0.5859375,0.37890625,0.25390625,0.3046875,0.34375
2511,2511,base,1,nan,nan,0.29296875,0.4453125,0.49609375,0.31640625,0.23046875,0.375,0.7734375,0.734375,1.109375,1.1484375,0.96875,0.98046875,0.81640625,1.0390625,0.97265625,1.171875,1.0546875,0.640625,1.1015625,0.93359375,0.69140625,0.625,0.44140625,0.35546875,0.375,0.3515625
268,268,base,0,nan,nan,0.30078125,0.4453125,0.5234375,0.31640625,0.2265625,0.3828125,0.765625,0.77734375,1.1484375,0.9453125,1.0234375,1.03125,0.79296875,0.87890625,0.8515625,1.203125,1.015625,0.75,1.0859375,0.89453125,0.8046875,0.6328125,0.46484375,0.37109375,0.3984375,0.33984375
1761,1761,base,1,nan,nan,0.3984375,0.59765625,0.5703125,0.36328125,0.26953125,0.36328125,0.78125,0.796875,1.1171875,1.0234375,0.984375,1.015625,0.8203125,0.984375,0.8984375,1.234375,1.0,0.75,1.1875,0.9921875,0.62109375,0.56640625,0.4921875,0.359375,0.34375,0.40234375
1011,1011,base,1,nan,nan,0.30859375,0.43359375,0.484375,0.37109375,0.24609375,0.33984375,0.73828125,0.78515625,1.1171875,1.0625,1.015625,1.015625,0.8203125,0.96875,0.9140625,1.1953125,1.015625,0.734375,1.1640625,0.9140625,0.7109375,0.5859375,0.37890625,0.25390625,0.3046875,0.34375
2512,2512,base,0,nan,nan,0.29296875,0.4453125,0.49609375,0.31640625,0.23046875,0.375,0.7734375,0.734375,1.109375,1.1484375,0.96875,0.98046875,0.81640625,1.0390625,0.97265625,1.171875,1.0546875,0.640625,1.1015625,0.93359375,0.69140625,0.625,0.44140625,0.35546875,0.375,0.3515625
1762,1762,base,0,nan,nan,0.3984375,0.59765625,0.5703125,0.36328125,0.26953125,0.36328125,0.78125,0.796875,1.1171875,1.0234375,0.984375,1.015625,0.8203125,0.984375,0.8984375,1.234375,1.0,0.75,1.1875,0.9921875,0.62109375,0.56640625,0.4921875,0.359375,0.34375,0.40234375
269,269,base,0,nan,nan,0.30078125,0.4453125,0.5234375,0.31640625,0.2265625,0.3828125,0.765625,0.77734375,1.1484375,0.9453125,1.0234375,1.03125,0.79296875,0.87890625,0.8515625,1.203125,1.015625,0.75,1.0859375,0.89453125,0.8046875,0.6328125,0.46484375,0.37109375,0.3984375,0.33984375
2513,2513,base,0,nan,nan,0.29296875,0.4453125,0.49609375,0.31640625,0.23046875,0.375,0.7734375,0.734375,1.109375,1.1484375,0.96875,0.98046875,0.81640625,1.0390625,0.97265625,1.171875,1.0546875,0.640625,1.1015625,0.93359375,0.69140625,0.625,0.44140625,0.35546875,0.375,0.3515625
1763,1763,base,1,nan,nan,0.3984375,0.59765625,0.5703125,0.36328125,0.26953125,0.36328125,0.78125,0.796875,1.1171875,1.0234375,0.984375,1.015625,0.8203125,0.984375,0.8984375,1.234375,1.0,0.75,1.1875,0.9921875,0.62109375,0.56640625,0.4921875,0.359375,0.34375,0.40234375
1012,1012,base,0,nan,nan,0.30859375,0.43359375,0.484375,0.37109375,0.24609375,0.33984375,0.73828125,0.78515625,1.1171875,1.0625,1.015625,1.015625,0.8203125,0.96875,0.9140625,1.1953125,1.015625,0.734375,1.1640625,0.9140625,0.7109375,0.5859375,0.37890625,0.25390625,0.3046875,0.34375
270,270,base,0,nan,nan,0.30078125,0.4453125,0.5234375,0.31640625,0.2265625,0.3828125,0.765625,0.77734375,1.1484375,0.9453125,1.0234375,1.03125,0.79296875,0.87890625,0.8515625,1.203125,1.015625,0.75,1.0859375,0.89453125,0.8046875,0.6328125,0.46484375,0.37109375,0.3984375,0.33984375
1764,1764,base,0,nan,nan,0.3984375,0.59765625,0.5703125,0.36328125,0.26953125,0.36328125,0.78125,0.796875,1.1171875,1.0234375,0.984375,1.015625,0.8203125,0.984375,0.8984375,1.234375,1.0,0.75,1.1875,0.9921875,0.62109375,0.56640625,0.4921875,0.359375,0.34375,0.40234375
2514,2514,base,0,nan,nan,0.29296875,0.4453125,0.49609375,0.31640625,0.23046875,0.375,0.7734375,0.734375,1.109375,1.1484375,0.96875,0.98046875,0.81640625,1.0390625,0.97265625,1.171875,1.0546875,0.640625,1.1015625,0.93359375,0.69140625,0.625,0.44140625,0.35546875,0.375,0.3515625
271,271,base,0,nan,nan,0.2890625,0.4375,0.49609375,0.3125,0.23046875,0.3671875,0.7734375,0.75390625,1.109375,1.0,1.0,0.96484375,0.8125,1.0078125,0.9765625,1.2109375,1.0546875,0.69140625,1.1953125,0.9609375,0.671875,0.55859375,0.43359375,0.29296875,0.30078125,0.33203125
1013,1013,base,0,nan,nan,0.30859375,0.43359375,0.484375,0.37109375,0.24609375,0.33984375,0.73828125,0.78515625,1.1171875,1.0625,1.015625,1.015625,0.8203125,0.96875,0.9140625,1.1953125,1.015625,0.734375,1.1640625,0.9140625,0.7109375,0.5859375,0.37890625,0.25390625,0.3046875,0.34375
1765,1765,base,0,nan,nan,0.27734375,0.47265625,0.53125,0.3359375,0.24609375,0.3125,0.6953125,0.7890625,1.1015625,1.046875,1.046875,0.9609375,0.765625,0.97265625,0.96484375,1.1875,0.98828125,0.765625,1.1953125,0.9765625,0.6171875,0.48046875,0.34375,0.25390625,0.25390625,0.31640625
2515,2515,base,1,nan,nan,0.29296875,0.4296875,0.48046875,0.328125,0.203125,0.3125,0.77734375,0.71875,1.109375,0.97265625,1.0234375,1.0234375,0.83203125,0.96875,0.9453125,1.1953125,1.1171875,0.75,1.2578125,1.0078125,0.8125,0.625,0.40234375,0.28515625,0.28515625,0.30078125
272,272,base,0,nan,nan,0.2890625,0.4375,0.49609375,0.3125,0.23046875,0.3671875,0.7734375,0.75390625,1.109375,1.0,1.0,0.96484375,0.8125,1.0078125,0.9765625,1.2109375,1.0546875,0.69140625,1.1953125,0.9609375,0.671875,0.55859375,0.43359375,0.29296875,0.30078125,0.33203125
1014,1014,base,0,nan,nan,0.30859375,0.43359375,0.484375,0.37109375,0.24609375,0.33984375,0.73828125,0.78515625,1.1171875,1.0625,1.015625,1.015625,0.8203125,0.96875,0.9140625,1.1953125,1.015625,0.734375,1.1640625,0.9140625,0.7109375,0.5859375,0.37890625,0.25390625,0.3046875,0.34375
1766,1766,base,0,nan,nan,0.27734375,0.47265625,0.53125,0.3359375,0.24609375,0.3125,0.6953125,0.7890625,1.1015625,1.046875,1.046875,0.9609375,0.765625,0.97265625,0.96484375,1.1875,0.98828125,0.765625,1.1953125,0.9765625,0.6171875,0.48046875,0.34375,0.25390625,0.25390625,0.31640625
2516,2516,base,0,nan,nan,0.29296875,0.4296875,0.48046875,0.328125,0.203125,0.3125,0.77734375,0.71875,1.109375,0.97265625,1.0234375,1.0234375,0.83203125,0.96875,0.9453125,1.1953125,1.1171875,0.75,1.2578125,1.0078125,0.8125,0.625,0.40234375,0.28515625,0.28515625,0.30078125
273,273,base,0,nan,nan,0.2890625,0.4375,0.49609375,0.3125,0.23046875,0.3671875,0.7734375,0.75390625,1.109375,1.0,1.0,0.96484375,0.8125,1.0078125,0.9765625,1.2109375,1.0546875,0.69140625,1.1953125,0.9609375,0.671875,0.55859375,0.43359375,0.29296875,0.30078125,0.33203125
1015,1015,base,0,nan,nan,0.2890625,0.4296875,0.4765625,0.3203125,0.19921875,0.33203125,0.7734375,0.703125,1.140625,0.90625,0.9609375,0.96484375,0.76171875,0.9921875,0.97265625,1.234375,1.0703125,0.71875,1.15625,1.0078125,0.6484375,0.5234375,0.37890625,0.26171875,0.27734375,0.29296875
1767,1767,base,0,nan,nan,0.27734375,0.47265625,0.53125,0.3359375,0.24609375,0.3125,0.6953125,0.7890625,1.1015625,1.046875,1.046875,0.9609375,0.765625,0.97265625,0.96484375,1.1875,0.98828125,0.765625,1.1953125,0.9765625,0.6171875,0.48046875,0.34375,0.25390625,0.25390625,0.31640625
2517,2517,base,0,nan,nan,0.29296875,0.4296875,0.48046875,0.328125,0.203125,0.3125,0.77734375,0.71875,1.109375,0.97265625,1.0234375,1.0234375,0.83203125,0.96875,0.9453125,1.1953125,1.1171875,0.75,1.2578125,1.0078125,0.8125,0.625,0.40234375,0.28515625,0.28515625,0.30078125
274,274,base,0,nan,nan,0.2890625,0.4375,0.49609375,0.3125,0.23046875,0.3671875,0.7734375,0.75390625,1.109375,1.0,1.0,0.96484375,0.8125,1.0078125,0.9765625,1.2109375,1.0546875,0.69140625,1.1953125,0.9609375,0.671875,0.55859375,0.43359375,0.29296875,0.30078125,0.33203125
1016,1016,base,0,nan,nan,0.2890625,0.4296875,0.4765625,0.3203125,0.19921875,0.33203125,0.7734375,0.703125,1.140625,0.90625,0.9609375,0.96484375,0.76171875,0.9921875,0.97265625,1.234375,1.0703125,0.71875,1.15625,1.0078125,0.6484375,0.5234375,0.37890625,0.26171875,0.27734375,0.29296875
1768,1768,base,0,nan,nan,0.27734375,0.47265625,0.53125,0.3359375,0.24609375,0.3125,0.6953125,0.7890625,1.1015625,1.046875,1.046875,0.9609375,0.765625,0.97265625,0.96484375,1.1875,0.98828125,0.765625,1.1953125,0.9765625,0.6171875,0.48046875,0.34375,0.25390625,0.25390625,0.31640625
2518,2518,base,0,nan,nan,0.29296875,0.4296875,0.48046875,0.328125,0.203125,0.3125,0.77734375,0.71875,1.109375,0.97265625,1.0234375,1.0234375,0.83203125,0.96875,0.9453125,1.1953125,1.1171875,0.75,1.2578125,1.0078125,0.8125,0.625,0.40234375,0.28515625,0.28515625,0.30078125
275,275,base,0,nan,nan,0.2890625,0.4375,0.49609375,0.3125,0.23046875,0.3671875,0.7734375,0.75390625,1.109375,1.0,1.0,0.96484375,0.8125,1.0078125,0.9765625,1.2109375,1.0546875,0.69140625,1.1953125,0.9609375,0.671875,0.55859375,0.43359375,0.29296875,0.30078125,0.33203125
1017,1017,base,0,nan,nan,0.2890625,0.4296875,0.4765625,0.3203125,0.19921875,0.33203125,0.7734375,0.703125,1.140625,0.90625,0.9609375,0.96484375,0.76171875,0.9921875,0.97265625,1.234375,1.0703125,0.71875,1.15625,1.0078125,0.6484375,0.5234375,0.37890625,0.26171875,0.27734375,0.29296875
1769,1769,base,0,nan,nan,0.27734375,0.47265625,0.53125,0.3359375,0.24609375,0.3125,0.6953125,0.7890625,1.1015625,1.046875,1.046875,0.9609375,0.765625,0.97265625,0.96484375,1.1875,0.98828125,0.765625,1.1953125,0.9765625,0.6171875,0.48046875,0.34375,0.25390625,0.25390625,0.31640625
2519,2519,base,1,nan,nan,0.29296875,0.4296875,0.48046875,0.328125,0.203125,0.3125,0.77734375,0.71875,1.109375,0.97265625,1.0234375,1.0234375,0.83203125,0.96875,0.9453125,1.1953125,1.1171875,0.75,1.2578125,1.0078125,0.8125,0.625,0.40234375,0.28515625,0.28515625,0.30078125
276,276,base,0,nan,nan,0.2890625,0.4375,0.49609375,0.3125,0.23046875,0.3671875,0.7734375,0.75390625,1.109375,1.0,1.0,0.96484375,0.8125,1.0078125,0.9765625,1.2109375,1.0546875,0.69140625,1.1953125,0.9609375,0.671875,0.55859375,0.43359375,0.29296875,0.30078125,0.33203125
1018,1018,base,0,nan,nan,0.2890625,0.4296875,0.4765625,0.3203125,0.19921875,0.33203125,0.7734375,0.703125,1.140625,0.90625,0.9609375,0.96484375,0.76171875,0.9921875,0.97265625,1.234375,1.0703125,0.71875,1.15625,1.0078125,0.6484375,0.5234375,0.37890625,0.26171875,0.27734375,0.29296875
1770,1770,base,0,nan,nan,0.27734375,0.47265625,0.53125,0.3359375,0.24609375,0.3125,0.6953125,0.7890625,1.1015625,1.046875,1.046875,0.9609375,0.765625,0.97265625,0.96484375,1.1875,0.98828125,0.765625,1.1953125,0.9765625,0.6171875,0.48046875,0.34375,0.25390625,0.25390625,0.31640625
2520,2520,base,0,nan,nan,0.29296875,0.4296875,0.48046875,0.328125,0.203125,0.3125,0.77734375,0.71875,1.109375,0.97265625,1.0234375,1.0234375,0.83203125,0.96875,0.9453125,1.1953125,1.1171875,0.75,1.2578125,1.0078125,0.8125,0.625,0.40234375,0.28515625,0.28515625,0.30078125
277,277,base,0,nan,nan,0.32421875,0.46875,0.515625,0.34375,0.23046875,0.328125,0.7109375,0.78125,1.109375,0.9375,1.0078125,0.94921875,0.8125,0.9140625,0.8671875,1.234375,1.0546875,0.6796875,1.1328125,0.9453125,0.6171875,0.546875,0.3828125,0.25,0.25,0.28125
1019,1019,base,1,nan,nan,0.2890625,0.4296875,0.4765625,0.3203125,0.19921875,0.33203125,0.7734375,0.703125,1.140625,0.90625,0.9609375,0.96484375,0.76171875,0.9921875,0.97265625,1.234375,1.0703125,0.71875,1.15625,1.0078125,0.6484375,0.5234375,0.37890625,0.26171875,0.27734375,0.29296875
1771,1771,base,0,nan,nan,0.29296875,0.43359375,0.484375,0.296875,0.20703125,0.30078125,0.78125,0.734375,1.1328125,0.94140625,1.0234375,1.0625,0.83203125,0.91796875,0.8828125,1.171875,1.0390625,0.765625,1.1328125,0.9609375,0.7578125,0.578125,0.4296875,0.29296875,0.28515625,0.2890625
2521,2521,base,0,nan,nan,0.28515625,0.46484375,0.50390625,0.29296875,0.203125,0.31640625,0.734375,0.75,1.109375,0.984375,1.0234375,1.0234375,0.7421875,0.96875,0.94140625,1.125,1.0,0.77734375,1.203125,1.03125,0.6875,0.51953125,0.38671875,0.25390625,0.25,0.28515625
278,278,base,0,nan,nan,0.32421875,0.46875,0.515625,0.34375,0.23046875,0.328125,0.7109375,0.78125,1.109375,0.9375,1.0078125,0.94921875,0.8125,0.9140625,0.8671875,1.234375,1.0546875,0.6796875,1.1328125,0.9453125,0.6171875,0.546875,0.3828125,0.25,0.25,0.28125
1020,1020,base,0,nan,nan,0.2890625,0.4296875,0.4765625,0.3203125,0.19921875,0.33203125,0.7734375,0.703125,1.140625,0.90625,0.9609375,0.96484375,0.76171875,0.9921875,0.97265625,1.234375,1.0703125,0.71875,1.15625,1.0078125,0.6484375,0.5234375,0.37890625,0.26171875,0.27734375,0.29296875
1772,1772,base,0,nan,nan,0.29296875,0.43359375,0.484375,0.296875,0.20703125,0.30078125,0.78125,0.734375,1.1328125,0.94140625,1.0234375,1.0625,0.83203125,0.91796875,0.8828125,1.171875,1.0390625,0.765625,1.1328125,0.9609375,0.7578125,0.578125,0.4296875,0.29296875,0.28515625,0.2890625
2522,2522,base,0,nan,nan,0.28515625,0.46484375,0.50390625,0.29296875,0.203125,0.31640625,0.734375,0.75,1.109375,0.984375,1.0234375,1.0234375,0.7421875,0.96875,0.94140625,1.125,1.0,0.77734375,1.203125,1.03125,0.6875,0.51953125,0.38671875,0.25390625,0.25,0.28515625
279,279,base,1,nan,nan,0.32421875,0.46875,0.515625,0.34375,0.23046875,0.328125,0.7109375,0.78125,1.109375,0.9375,1.0078125,0.94921875,0.8125,0.9140625,0.8671875,1.234375,1.0546875,0.6796875,1.1328125,0.9453125,0.6171875,0.546875,0.3828125,0.25,0.25,0.28125
1021,1021,base,0,nan,nan,0.3046875,0.4140625,0.48828125,0.3203125,0.20703125,0.32421875,0.7421875,0.765625,1.171875,0.9140625,1.015625,1.015625,0.8359375,0.95703125,0.921875,1.21875,1.09375,0.703125,1.171875,0.9609375,0.7265625,0.57421875,0.40625,0.3203125,0.3203125,0.328125
1773,1773,base,0,nan,nan,0.29296875,0.43359375,0.484375,0.296875,0.20703125,0.30078125,0.78125,0.734375,1.1328125,0.94140625,1.0234375,1.0625,0.83203125,0.91796875,0.8828125,1.171875,1.0390625,0.765625,1.1328125,0.9609375,0.7578125,0.578125,0.4296875,0.29296875,0.28515625,0.2890625
2523,2523,base,0,nan,nan,0.28515625,0.46484375,0.50390625,0.29296875,0.203125,0.31640625,0.734375,0.75,1.109375,0.984375,1.0234375,1.0234375,0.7421875,0.96875,0.94140625,1.125,1.0,0.77734375,1.203125,1.03125,0.6875,0.51953125,0.38671875,0.25390625,0.25,0.28515625
1022,1022,base,0,nan,nan,0.3046875,0.4140625,0.48828125,0.3203125,0.20703125,0.32421875,0.7421875,0.765625,1.171875,0.9140625,1.015625,1.015625,0.8359375,0.95703125,0.921875,1.21875,1.09375,0.703125,1.171875,0.9609375,0.7265625,0.57421875,0.40625,0.3203125,0.3203125,0.328125
280,280,base,0,nan,nan,0.32421875,0.46875,0.515625,0.34375,0.23046875,0.328125,0.7109375,0.78125,1.109375,0.9375,1.0078125,0.94921875,0.8125,0.9140625,0.8671875,1.234375,1.0546875,0.6796875,1.1328125,0.9453125,0.6171875,0.546875,0.3828125,0.25,0.25,0.28125
1774,1774,base,0,nan,nan,0.29296875,0.43359375,0.484375,0.296875,0.20703125,0.30078125,0.78125,0.734375,1.1328125,0.94140625,1.0234375,1.0625,0.83203125,0.91796875,0.8828125,1.171875,1.0390625,0.765625,1.1328125,0.9609375,0.7578125,0.578125,0.4296875,0.29296875,0.28515625,0.2890625
1023,1023,base,0,nan,nan,0.3046875,0.4140625,0.48828125,0.3203125,0.20703125,0.32421875,0.7421875,0.765625,1.171875,0.9140625,1.015625,1.015625,0.8359375,0.95703125,0.921875,1.21875,1.09375,0.703125,1.171875,0.9609375,0.7265625,0.57421875,0.40625,0.3203125,0.3203125,0.328125
1775,1775,base,0,nan,nan,0.29296875,0.43359375,0.484375,0.296875,0.20703125,0.30078125,0.78125,0.734375,1.1328125,0.94140625,1.0234375,1.0625,0.83203125,0.91796875,0.8828125,1.171875,1.0390625,0.765625,1.1328125,0.9609375,0.7578125,0.578125,0.4296875,0.29296875,0.28515625,0.2890625
2524,2524,base,0,nan,nan,0.28515625,0.46484375,0.50390625,0.29296875,0.203125,0.31640625,0.734375,0.75,1.109375,0.984375,1.0234375,1.0234375,0.7421875,0.96875,0.94140625,1.125,1.0,0.77734375,1.203125,1.03125,0.6875,0.51953125,0.38671875,0.25390625,0.25,0.28515625
281,281,base,0,nan,nan,0.32421875,0.46875,0.515625,0.34375,0.23046875,0.328125,0.7109375,0.78125,1.109375,0.9375,1.0078125,0.94921875,0.8125,0.9140625,0.8671875,1.234375,1.0546875,0.6796875,1.1328125,0.9453125,0.6171875,0.546875,0.3828125,0.25,0.25,0.28125
1024,1024,base,0,nan,nan,0.3046875,0.4140625,0.48828125,0.3203125,0.20703125,0.32421875,0.7421875,0.765625,1.171875,0.9140625,1.015625,1.015625,0.8359375,0.95703125,0.921875,1.21875,1.09375,0.703125,1.171875,0.9609375,0.7265625,0.57421875,0.40625,0.3203125,0.3203125,0.328125
1776,1776,base,0,nan,nan,0.29296875,0.43359375,0.484375,0.296875,0.20703125,0.30078125,0.78125,0.734375,1.1328125,0.94140625,1.0234375,1.0625,0.83203125,0.91796875,0.8828125,1.171875,1.0390625,0.765625,1.1328125,0.9609375,0.7578125,0.578125,0.4296875,0.29296875,0.28515625,0.2890625
282,282,base,0,nan,nan,0.32421875,0.46875,0.515625,0.34375,0.23046875,0.328125,0.7109375,0.78125,1.109375,0.9375,1.0078125,0.94921875,0.8125,0.9140625,0.8671875,1.234375,1.0546875,0.6796875,1.1328125,0.9453125,0.6171875,0.546875,0.3828125,0.25,0.25,0.28125
2525,2525,base,0,nan,nan,0.28515625,0.46484375,0.50390625,0.29296875,0.203125,0.31640625,0.734375,0.75,1.109375,0.984375,1.0234375,1.0234375,0.7421875,0.96875,0.94140625,1.125,1.0,0.77734375,1.203125,1.03125,0.6875,0.51953125,0.38671875,0.25390625,0.25,0.28515625
1025,1025,base,0,nan,nan,0.3046875,0.4140625,0.48828125,0.3203125,0.20703125,0.32421875,0.7421875,0.765625,1.171875,0.9140625,1.015625,1.015625,0.8359375,0.95703125,0.921875,1.21875,1.09375,0.703125,1.171875,0.9609375,0.7265625,0.57421875,0.40625,0.3203125,0.3203125,0.328125
283,283,base,0,nan,nan,0.28515625,0.44921875,0.484375,0.296875,0.2265625,0.36328125,0.75,0.7421875,1.125,0.921875,1.0390625,1.0234375,0.7578125,0.97265625,0.93359375,1.203125,1.0078125,0.6953125,1.0625,0.890625,0.64453125,0.5859375,0.3984375,0.30078125,0.3359375,0.3359375
1777,1777,base,0,nan,nan,0.296875,0.44921875,0.4765625,0.28125,0.19140625,0.34765625,0.74609375,0.75390625,1.140625,0.93359375,1.0234375,0.9921875,0.8125,0.921875,0.8671875,1.15625,1.0625,0.7578125,1.1875,0.94140625,0.77734375,0.5703125,0.42578125,0.31640625,0.3515625,0.33203125
2526,2526,base,0,nan,nan,0.28515625,0.46484375,0.50390625,0.29296875,0.203125,0.31640625,0.734375,0.75,1.109375,0.984375,1.0234375,1.0234375,0.7421875,0.96875,0.94140625,1.125,1.0,0.77734375,1.203125,1.03125,0.6875,0.51953125,0.38671875,0.25390625,0.25,0.28515625
1026,1026,base,0,nan,nan,0.3046875,0.4140625,0.48828125,0.3203125,0.20703125,0.32421875,0.7421875,0.765625,1.171875,0.9140625,1.015625,1.015625,0.8359375,0.95703125,0.921875,1.21875,1.09375,0.703125,1.171875,0.9609375,0.7265625,0.57421875,0.40625,0.3203125,0.3203125,0.328125
284,284,base,0,nan,nan,0.28515625,0.44921875,0.484375,0.296875,0.2265625,0.36328125,0.75,0.7421875,1.125,0.921875,1.0390625,1.0234375,0.7578125,0.97265625,0.93359375,1.203125,1.0078125,0.6953125,1.0625,0.890625,0.64453125,0.5859375,0.3984375,0.30078125,0.3359375,0.3359375
1778,1778,base,0,nan,nan,0.296875,0.44921875,0.4765625,0.28125,0.19140625,0.34765625,0.74609375,0.75390625,1.140625,0.93359375,1.0234375,0.9921875,0.8125,0.921875,0.8671875,1.15625,1.0625,0.7578125,1.1875,0.94140625,0.77734375,0.5703125,0.42578125,0.31640625,0.3515625,0.33203125
2527,2527,base,0,nan,nan,0.296875,0.44921875,0.4921875,0.2890625,0.21484375,0.3046875,0.7265625,0.7265625,1.1328125,0.9609375,0.9765625,0.953125,0.79296875,1.015625,0.9765625,1.1796875,1.0078125,0.79296875,1.21875,1.046875,0.734375,0.58203125,0.4453125,0.30859375,0.30078125,0.3203125
1027,1027,base,1,nan,nan,0.2734375,0.41796875,0.44921875,0.296875,0.203125,0.29296875,0.7578125,0.75390625,1.078125,0.99609375,1.0,1.0078125,0.78125,0.953125,0.890625,1.15625,1.015625,0.78515625,1.1796875,0.94921875,0.74609375,0.5546875,0.3984375,0.2734375,0.2734375,0.30859375
285,285,base,1,nan,nan,0.28515625,0.44921875,0.484375,0.296875,0.2265625,0.36328125,0.75,0.7421875,1.125,0.921875,1.0390625,1.0234375,0.7578125,0.97265625,0.93359375,1.203125,1.0078125,0.6953125,1.0625,0.890625,0.64453125,0.5859375,0.3984375,0.30078125,0.3359375,0.3359375
1779,1779,base,0,nan,nan,0.296875,0.44921875,0.4765625,0.28125,0.19140625,0.34765625,0.74609375,0.75390625,1.140625,0.93359375,1.0234375,0.9921875,0.8125,0.921875,0.8671875,1.15625,1.0625,0.7578125,1.1875,0.94140625,0.77734375,0.5703125,0.42578125,0.31640625,0.3515625,0.33203125
2528,2528,base,0,nan,nan,0.296875,0.44921875,0.4921875,0.2890625,0.21484375,0.3046875,0.7265625,0.7265625,1.1328125,0.9609375,0.9765625,0.953125,0.79296875,1.015625,0.9765625,1.1796875,1.0078125,0.79296875,1.21875,1.046875,0.734375,0.58203125,0.4453125,0.30859375,0.30078125,0.3203125
286,286,base,0,nan,nan,0.28515625,0.44921875,0.484375,0.296875,0.2265625,0.36328125,0.75,0.7421875,1.125,0.921875,1.0390625,1.0234375,0.7578125,0.97265625,0.93359375,1.203125,1.0078125,0.6953125,1.0625,0.890625,0.64453125,0.5859375,0.3984375,0.30078125,0.3359375,0.3359375
1028,1028,base,0,nan,nan,0.2734375,0.41796875,0.44921875,0.296875,0.203125,0.29296875,0.7578125,0.75390625,1.078125,0.99609375,1.0,1.0078125,0.78125,0.953125,0.890625,1.15625,1.015625,0.78515625,1.1796875,0.94921875,0.74609375,0.5546875,0.3984375,0.2734375,0.2734375,0.30859375
1780,1780,base,0,nan,nan,0.296875,0.44921875,0.4765625,0.28125,0.19140625,0.34765625,0.74609375,0.75390625,1.140625,0.93359375,1.0234375,0.9921875,0.8125,0.921875,0.8671875,1.15625,1.0625,0.7578125,1.1875,0.94140625,0.77734375,0.5703125,0.42578125,0.31640625,0.3515625,0.33203125
2529,2529,base,0,nan,nan,0.296875,0.44921875,0.4921875,0.2890625,0.21484375,0.3046875,0.7265625,0.7265625,1.1328125,0.9609375,0.9765625,0.953125,0.79296875,1.015625,0.9765625,1.1796875,1.0078125,0.79296875,1.21875,1.046875,0.734375,0.58203125,0.4453125,0.30859375,0.30078125,0.3203125
287,287,base,1,nan,nan,0.28515625,0.44921875,0.484375,0.296875,0.2265625,0.36328125,0.75,0.7421875,1.125,0.921875,1.0390625,1.0234375,0.7578125,0.97265625,0.93359375,1.203125,1.0078125,0.6953125,1.0625,0.890625,0.64453125,0.5859375,0.3984375,0.30078125,0.3359375,0.3359375
1029,1029,base,1,nan,nan,0.2734375,0.41796875,0.44921875,0.296875,0.203125,0.29296875,0.7578125,0.75390625,1.078125,0.99609375,1.0,1.0078125,0.78125,0.953125,0.890625,1.15625,1.015625,0.78515625,1.1796875,0.94921875,0.74609375,0.5546875,0.3984375,0.2734375,0.2734375,0.30859375
1781,1781,base,0,nan,nan,0.296875,0.44921875,0.4765625,0.28125,0.19140625,0.34765625,0.74609375,0.75390625,1.140625,0.93359375,1.0234375,0.9921875,0.8125,0.921875,0.8671875,1.15625,1.0625,0.7578125,1.1875,0.94140625,0.77734375,0.5703125,0.42578125,0.31640625,0.3515625,0.33203125
2530,2530,base,0,nan,nan,0.296875,0.44921875,0.4921875,0.2890625,0.21484375,0.3046875,0.7265625,0.7265625,1.1328125,0.9609375,0.9765625,0.953125,0.79296875,1.015625,0.9765625,1.1796875,1.0078125,0.79296875,1.21875,1.046875,0.734375,0.58203125,0.4453125,0.30859375,0.30078125,0.3203125
288,288,base,0,nan,nan,0.28515625,0.44921875,0.484375,0.296875,0.2265625,0.36328125,0.75,0.7421875,1.125,0.921875,1.0390625,1.0234375,0.7578125,0.97265625,0.93359375,1.203125,1.0078125,0.6953125,1.0625,0.890625,0.64453125,0.5859375,0.3984375,0.30078125,0.3359375,0.3359375
1030,1030,base,0,nan,nan,0.2734375,0.41796875,0.44921875,0.296875,0.203125,0.29296875,0.7578125,0.75390625,1.078125,0.99609375,1.0,1.0078125,0.78125,0.953125,0.890625,1.15625,1.015625,0.78515625,1.1796875,0.94921875,0.74609375,0.5546875,0.3984375,0.2734375,0.2734375,0.30859375
1782,1782,base,0,nan,nan,0.296875,0.44921875,0.4765625,0.28125,0.19140625,0.34765625,0.74609375,0.75390625,1.140625,0.93359375,1.0234375,0.9921875,0.8125,0.921875,0.8671875,1.15625,1.0625,0.7578125,1.1875,0.94140625,0.77734375,0.5703125,0.42578125,0.31640625,0.3515625,0.33203125
2531,2531,base,0,nan,nan,0.296875,0.44921875,0.4921875,0.2890625,0.21484375,0.3046875,0.7265625,0.7265625,1.1328125,0.9609375,0.9765625,0.953125,0.79296875,1.015625,0.9765625,1.1796875,1.0078125,0.79296875,1.21875,1.046875,0.734375,0.58203125,0.4453125,0.30859375,0.30078125,0.3203125
289,289,base,1,nan,nan,0.28515625,0.4296875,0.45703125,0.28515625,0.19140625,0.30859375,0.828125,0.71484375,1.140625,0.890625,1.0546875,1.0546875,0.86328125,0.98046875,1.0,1.1875,1.09375,0.8515625,1.1875,0.91796875,0.88671875,0.7265625,0.484375,0.33203125,0.28515625,0.30859375
1031,1031,base,0,nan,nan,0.2734375,0.41796875,0.44921875,0.296875,0.203125,0.29296875,0.7578125,0.75390625,1.078125,0.99609375,1.0,1.0078125,0.78125,0.953125,0.890625,1.15625,1.015625,0.78515625,1.1796875,0.94921875,0.74609375,0.5546875,0.3984375,0.2734375,0.2734375,0.30859375
1783,1783,base,0,nan,nan,0.2890625,0.4453125,0.46875,0.28515625,0.21484375,0.31640625,0.7578125,0.71875,1.1015625,0.984375,1.015625,0.95703125,0.8046875,0.984375,0.95703125,1.1953125,1.0703125,0.765625,1.171875,1.015625,0.69921875,0.52734375,0.36328125,0.25390625,0.2734375,0.3046875
2532,2532,base,0,nan,nan,0.296875,0.44921875,0.4921875,0.2890625,0.21484375,0.3046875,0.7265625,0.7265625,1.1328125,0.9609375,0.9765625,0.953125,0.79296875,1.015625,0.9765625,1.1796875,1.0078125,0.79296875,1.21875,1.046875,0.734375,0.58203125,0.4453125,0.30859375,0.30078125,0.3203125
290,290,base,0,nan,nan,0.28515625,0.4296875,0.45703125,0.28515625,0.19140625,0.30859375,0.828125,0.71484375,1.140625,0.890625,1.0546875,1.0546875,0.86328125,0.98046875,1.0,1.1875,1.09375,0.8515625,1.1875,0.91796875,0.88671875,0.7265625,0.484375,0.33203125,0.28515625,0.30859375
1032,1032,base,0,nan,nan,0.2734375,0.41796875,0.44921875,0.296875,0.203125,0.29296875,0.7578125,0.75390625,1.078125,0.99609375,1.0,1.0078125,0.78125,0.953125,0.890625,1.15625,1.015625,0.78515625,1.1796875,0.94921875,0.74609375,0.5546875,0.3984375,0.2734375,0.2734375,0.30859375
2533,2533,base,0,nan,nan,0.30078125,0.41796875,0.515625,0.328125,0.21484375,0.34765625,0.8046875,0.7265625,1.125,0.953125,1.046875,1.0234375,0.78515625,0.9765625,0.9765625,1.28125,1.109375,0.6875,1.234375,1.0390625,0.78125,0.69921875,0.46484375,0.34375,0.359375,0.33984375
1784,1784,base,0,nan,nan,0.2890625,0.4453125,0.46875,0.28515625,0.21484375,0.31640625,0.7578125,0.71875,1.1015625,0.984375,1.015625,0.95703125,0.8046875,0.984375,0.95703125,1.1953125,1.0703125,0.765625,1.171875,1.015625,0.69921875,0.52734375,0.36328125,0.25390625,0.2734375,0.3046875
291,291,base,0,nan,nan,0.28515625,0.4296875,0.45703125,0.28515625,0.19140625,0.30859375,0.828125,0.71484375,1.140625,0.890625,1.0546875,1.0546875,0.86328125,0.98046875,1.0,1.1875,1.09375,0.8515625,1.1875,0.91796875,0.88671875,0.7265625,0.484375,0.33203125,0.28515625,0.30859375
1033,1033,base,0,nan,nan,0.3046875,0.4609375,0.5,0.33203125,0.20703125,0.30078125,0.75390625,0.7109375,1.109375,0.99609375,1.015625,0.984375,0.7578125,1.0859375,1.078125,1.265625,1.0625,0.703125,1.234375,1.09375,0.734375,0.609375,0.4375,0.328125,0.3515625,0.36328125
2534,2534,base,0,nan,nan,0.30078125,0.41796875,0.515625,0.328125,0.21484375,0.34765625,0.8046875,0.7265625,1.125,0.953125,1.046875,1.0234375,0.78515625,0.9765625,0.9765625,1.28125,1.109375,0.6875,1.234375,1.0390625,0.78125,0.69921875,0.46484375,0.34375,0.359375,0.33984375
292,292,base,0,nan,nan,0.28515625,0.4296875,0.45703125,0.28515625,0.19140625,0.30859375,0.828125,0.71484375,1.140625,0.890625,1.0546875,1.0546875,0.86328125,0.98046875,1.0,1.1875,1.09375,0.8515625,1.1875,0.91796875,0.88671875,0.7265625,0.484375,0.33203125,0.28515625,0.30859375
1034,1034,base,0,nan,nan,0.3046875,0.4609375,0.5,0.33203125,0.20703125,0.30078125,0.75390625,0.7109375,1.109375,0.99609375,1.015625,0.984375,0.7578125,1.0859375,1.078125,1.265625,1.0625,0.703125,1.234375,1.09375,0.734375,0.609375,0.4375,0.328125,0.3515625,0.36328125
1785,1785,base,0,nan,nan,0.2890625,0.4453125,0.46875,0.28515625,0.21484375,0.31640625,0.7578125,0.71875,1.1015625,0.984375,1.015625,0.95703125,0.8046875,0.984375,0.95703125,1.1953125,1.0703125,0.765625,1.171875,1.015625,0.69921875,0.52734375,0.36328125,0.25390625,0.2734375,0.3046875
2535,2535,base,0,nan,nan,0.30078125,0.41796875,0.515625,0.328125,0.21484375,0.34765625,0.8046875,0.7265625,1.125,0.953125,1.046875,1.0234375,0.78515625,0.9765625,0.9765625,1.28125,1.109375,0.6875,1.234375,1.0390625,0.78125,0.69921875,0.46484375,0.34375,0.359375,0.33984375
293,293,base,0,nan,nan,0.28515625,0.4296875,0.45703125,0.28515625,0.19140625,0.30859375,0.828125,0.71484375,1.140625,0.890625,1.0546875,1.0546875,0.86328125,0.98046875,1.0,1.1875,1.09375,0.8515625,1.1875,0.91796875,0.88671875,0.7265625,0.484375,0.33203125,0.28515625,0.30859375
1035,1035,base,1,nan,nan,0.3046875,0.4609375,0.5,0.33203125,0.20703125,0.30078125,0.75390625,0.7109375,1.109375,0.99609375,1.015625,0.984375,0.7578125,1.0859375,1.078125,1.265625,1.0625,0.703125,1.234375,1.09375,0.734375,0.609375,0.4375,0.328125,0.3515625,0.36328125
1786,1786,base,0,nan,nan,0.2890625,0.4453125,0.46875,0.28515625,0.21484375,0.31640625,0.7578125,0.71875,1.1015625,0.984375,1.015625,0.95703125,0.8046875,0.984375,0.95703125,1.1953125,1.0703125,0.765625,1.171875,1.015625,0.69921875,0.52734375,0.36328125,0.25390625,0.2734375,0.3046875
2536,2536,base,0,nan,nan,0.30078125,0.41796875,0.515625,0.328125,0.21484375,0.34765625,0.8046875,0.7265625,1.125,0.953125,1.046875,1.0234375,0.78515625,0.9765625,0.9765625,1.28125,1.109375,0.6875,1.234375,1.0390625,0.78125,0.69921875,0.46484375,0.34375,0.359375,0.33984375
1036,1036,base,0,nan,nan,0.3046875,0.4609375,0.5,0.33203125,0.20703125,0.30078125,0.75390625,0.7109375,1.109375,0.99609375,1.015625,0.984375,0.7578125,1.0859375,1.078125,1.265625,1.0625,0.703125,1.234375,1.09375,0.734375,0.609375,0.4375,0.328125,0.3515625,0.36328125
294,294,base,0,nan,nan,0.28515625,0.4296875,0.45703125,0.28515625,0.19140625,0.30859375,0.828125,0.71484375,1.140625,0.890625,1.0546875,1.0546875,0.86328125,0.98046875,1.0,1.1875,1.09375,0.8515625,1.1875,0.91796875,0.88671875,0.7265625,0.484375,0.33203125,0.28515625,0.30859375
2537,2537,base,0,nan,nan,0.30078125,0.41796875,0.515625,0.328125,0.21484375,0.34765625,0.8046875,0.7265625,1.125,0.953125,1.046875,1.0234375,0.78515625,0.9765625,0.9765625,1.28125,1.109375,0.6875,1.234375,1.0390625,0.78125,0.69921875,0.46484375,0.34375,0.359375,0.33984375
1787,1787,base,1,nan,nan,0.2890625,0.4453125,0.46875,0.28515625,0.21484375,0.31640625,0.7578125,0.71875,1.1015625,0.984375,1.015625,0.95703125,0.8046875,0.984375,0.95703125,1.1953125,1.0703125,0.765625,1.171875,1.015625,0.69921875,0.52734375,0.36328125,0.25390625,0.2734375,0.3046875
1037,1037,base,0,nan,nan,0.3046875,0.4609375,0.5,0.33203125,0.20703125,0.30078125,0.75390625,0.7109375,1.109375,0.99609375,1.015625,0.984375,0.7578125,1.0859375,1.078125,1.265625,1.0625,0.703125,1.234375,1.09375,0.734375,0.609375,0.4375,0.328125,0.3515625,0.36328125
295,295,base,0,nan,nan,0.296875,0.4375,0.4921875,0.3125,0.20703125,0.33984375,0.79296875,0.7421875,1.09375,0.98828125,1.015625,1.015625,0.8203125,0.95703125,0.87890625,1.140625,1.046875,0.8046875,1.2109375,1.015625,0.76171875,0.5625,0.453125,0.3046875,0.296875,0.328125
2538,2538,base,0,nan,nan,0.30078125,0.41796875,0.515625,0.328125,0.21484375,0.34765625,0.8046875,0.7265625,1.125,0.953125,1.046875,1.0234375,0.78515625,0.9765625,0.9765625,1.28125,1.109375,0.6875,1.234375,1.0390625,0.78125,0.69921875,0.46484375,0.34375,0.359375,0.33984375
1788,1788,base,0,nan,nan,0.2890625,0.4453125,0.46875,0.28515625,0.21484375,0.31640625,0.7578125,0.71875,1.1015625,0.984375,1.015625,0.95703125,0.8046875,0.984375,0.95703125,1.1953125,1.0703125,0.765625,1.171875,1.015625,0.69921875,0.52734375,0.36328125,0.25390625,0.2734375,0.3046875
1038,1038,base,0,nan,nan,0.3046875,0.4609375,0.5,0.33203125,0.20703125,0.30078125,0.75390625,0.7109375,1.109375,0.99609375,1.015625,0.984375,0.7578125,1.0859375,1.078125,1.265625,1.0625,0.703125,1.234375,1.09375,0.734375,0.609375,0.4375,0.328125,0.3515625,0.36328125
296,296,base,0,nan,nan,0.296875,0.4375,0.4921875,0.3125,0.20703125,0.33984375,0.79296875,0.7421875,1.09375,0.98828125,1.015625,1.015625,0.8203125,0.95703125,0.87890625,1.140625,1.046875,0.8046875,1.2109375,1.015625,0.76171875,0.5625,0.453125,0.3046875,0.296875,0.328125
2539,2539,base,0,nan,nan,0.28515625,0.46484375,0.48828125,0.29296875,0.25,0.36328125,0.77734375,0.8203125,1.078125,1.140625,0.94140625,0.9609375,0.8828125,1.0078125,0.8984375,1.234375,1.0703125,0.671875,1.078125,0.87890625,0.6640625,0.56640625,0.4375,0.30859375,0.34765625,0.37109375
1039,1039,base,1,nan,nan,0.3203125,0.47265625,0.5078125,0.3046875,0.203125,0.35546875,0.7890625,0.734375,1.1640625,0.91015625,1.0625,1.046875,0.79296875,0.95703125,0.95703125,1.1953125,1.0234375,0.79296875,1.234375,1.0078125,0.83203125,0.65625,0.38671875,0.26953125,0.26953125,0.29296875
1789,1789,base,1,nan,nan,0.29296875,0.43359375,0.47265625,0.26953125,0.21875,0.33203125,0.703125,0.7265625,1.0546875,1.0859375,1.0390625,0.9296875,0.8359375,0.93359375,0.90234375,1.234375,1.0234375,0.6875,1.1796875,0.9609375,0.65625,0.5546875,0.36328125,0.265625,0.27734375,0.30078125
1040,1040,base,0,nan,nan,0.3203125,0.47265625,0.5078125,0.3046875,0.203125,0.35546875,0.7890625,0.734375,1.1640625,0.91015625,1.0625,1.046875,0.79296875,0.95703125,0.95703125,1.1953125,1.0234375,0.79296875,1.234375,1.0078125,0.83203125,0.65625,0.38671875,0.26953125,0.26953125,0.29296875
2540,2540,base,0,nan,nan,0.28515625,0.46484375,0.48828125,0.29296875,0.25,0.36328125,0.77734375,0.8203125,1.078125,1.140625,0.94140625,0.9609375,0.8828125,1.0078125,0.8984375,1.234375,1.0703125,0.671875,1.078125,0.87890625,0.6640625,0.56640625,0.4375,0.30859375,0.34765625,0.37109375
297,297,base,1,nan,nan,0.296875,0.4375,0.4921875,0.3125,0.20703125,0.33984375,0.79296875,0.7421875,1.09375,0.98828125,1.015625,1.015625,0.8203125,0.95703125,0.87890625,1.140625,1.046875,0.8046875,1.2109375,1.015625,0.76171875,0.5625,0.453125,0.3046875,0.296875,0.328125
1790,1790,base,0,nan,nan,0.29296875,0.43359375,0.47265625,0.26953125,0.21875,0.33203125,0.703125,0.7265625,1.0546875,1.0859375,1.0390625,0.9296875,0.8359375,0.93359375,0.90234375,1.234375,1.0234375,0.6875,1.1796875,0.9609375,0.65625,0.5546875,0.36328125,0.265625,0.27734375,0.30078125
1041,1041,base,0,nan,nan,0.3203125,0.47265625,0.5078125,0.3046875,0.203125,0.35546875,0.7890625,0.734375,1.1640625,0.91015625,1.0625,1.046875,0.79296875,0.95703125,0.95703125,1.1953125,1.0234375,0.79296875,1.234375,1.0078125,0.83203125,0.65625,0.38671875,0.26953125,0.26953125,0.29296875
2541,2541,base,0,nan,nan,0.28515625,0.46484375,0.48828125,0.29296875,0.25,0.36328125,0.77734375,0.8203125,1.078125,1.140625,0.94140625,0.9609375,0.8828125,1.0078125,0.8984375,1.234375,1.0703125,0.671875,1.078125,0.87890625,0.6640625,0.56640625,0.4375,0.30859375,0.34765625,0.37109375
1791,1791,base,0,nan,nan,0.29296875,0.43359375,0.47265625,0.26953125,0.21875,0.33203125,0.703125,0.7265625,1.0546875,1.0859375,1.0390625,0.9296875,0.8359375,0.93359375,0.90234375,1.234375,1.0234375,0.6875,1.1796875,0.9609375,0.65625,0.5546875,0.36328125,0.265625,0.27734375,0.30078125
298,298,base,0,nan,nan,0.296875,0.4375,0.4921875,0.3125,0.20703125,0.33984375,0.79296875,0.7421875,1.09375,0.98828125,1.015625,1.015625,0.8203125,0.95703125,0.87890625,1.140625,1.046875,0.8046875,1.2109375,1.015625,0.76171875,0.5625,0.453125,0.3046875,0.296875,0.328125
1042,1042,base,0,nan,nan,0.3203125,0.47265625,0.5078125,0.3046875,0.203125,0.35546875,0.7890625,0.734375,1.1640625,0.91015625,1.0625,1.046875,0.79296875,0.95703125,0.95703125,1.1953125,1.0234375,0.79296875,1.234375,1.0078125,0.83203125,0.65625,0.38671875,0.26953125,0.26953125,0.29296875
2542,2542,base,0,nan,nan,0.28515625,0.46484375,0.48828125,0.29296875,0.25,0.36328125,0.77734375,0.8203125,1.078125,1.140625,0.94140625,0.9609375,0.8828125,1.0078125,0.8984375,1.234375,1.0703125,0.671875,1.078125,0.87890625,0.6640625,0.56640625,0.4375,0.30859375,0.34765625,0.37109375
1792,1792,base,0,nan,nan,0.29296875,0.43359375,0.47265625,0.26953125,0.21875,0.33203125,0.703125,0.7265625,1.0546875,1.0859375,1.0390625,0.9296875,0.8359375,0.93359375,0.90234375,1.234375,1.0234375,0.6875,1.1796875,0.9609375,0.65625,0.5546875,0.36328125,0.265625,0.27734375,0.30078125
1043,1043,base,1,nan,nan,0.3203125,0.47265625,0.5078125,0.3046875,0.203125,0.35546875,0.7890625,0.734375,1.1640625,0.91015625,1.0625,1.046875,0.79296875,0.95703125,0.95703125,1.1953125,1.0234375,0.79296875,1.234375,1.0078125,0.83203125,0.65625,0.38671875,0.26953125,0.26953125,0.29296875
299,299,base,0,nan,nan,0.296875,0.4375,0.4921875,0.3125,0.20703125,0.33984375,0.79296875,0.7421875,1.09375,0.98828125,1.015625,1.015625,0.8203125,0.95703125,0.87890625,1.140625,1.046875,0.8046875,1.2109375,1.015625,0.76171875,0.5625,0.453125,0.3046875,0.296875,0.328125
2543,2543,base,1,nan,nan,0.28515625,0.46484375,0.48828125,0.29296875,0.25,0.36328125,0.77734375,0.8203125,1.078125,1.140625,0.94140625,0.9609375,0.8828125,1.0078125,0.8984375,1.234375,1.0703125,0.671875,1.078125,0.87890625,0.6640625,0.56640625,0.4375,0.30859375,0.34765625,0.37109375
1793,1793,base,1,nan,nan,0.29296875,0.43359375,0.47265625,0.26953125,0.21875,0.33203125,0.703125,0.7265625,1.0546875,1.0859375,1.0390625,0.9296875,0.8359375,0.93359375,0.90234375,1.234375,1.0234375,0.6875,1.1796875,0.9609375,0.65625,0.5546875,0.36328125,0.265625,0.27734375,0.30078125
1044,1044,base,0,nan,nan,0.3203125,0.47265625,0.5078125,0.3046875,0.203125,0.35546875,0.7890625,0.734375,1.1640625,0.91015625,1.0625,1.046875,0.79296875,0.95703125,0.95703125,1.1953125,1.0234375,0.79296875,1.234375,1.0078125,0.83203125,0.65625,0.38671875,0.26953125,0.26953125,0.29296875
300,300,base,0,nan,nan,0.296875,0.4375,0.4921875,0.3125,0.20703125,0.33984375,0.79296875,0.7421875,1.09375,0.98828125,1.015625,1.015625,0.8203125,0.95703125,0.87890625,1.140625,1.046875,0.8046875,1.2109375,1.015625,0.76171875,0.5625,0.453125,0.3046875,0.296875,0.328125
2544,2544,base,0,nan,nan,0.28515625,0.46484375,0.48828125,0.29296875,0.25,0.36328125,0.77734375,0.8203125,1.078125,1.140625,0.94140625,0.9609375,0.8828125,1.0078125,0.8984375,1.234375,1.0703125,0.671875,1.078125,0.87890625,0.6640625,0.56640625,0.4375,0.30859375,0.34765625,0.37109375
1794,1794,base,0,nan,nan,0.29296875,0.43359375,0.47265625,0.26953125,0.21875,0.33203125,0.703125,0.7265625,1.0546875,1.0859375,1.0390625,0.9296875,0.8359375,0.93359375,0.90234375,1.234375,1.0234375,0.6875,1.1796875,0.9609375,0.65625,0.5546875,0.36328125,0.265625,0.27734375,0.30078125
1045,1045,base,0,nan,nan,0.30859375,0.4765625,0.57421875,0.37109375,0.22265625,0.32421875,0.734375,0.75,1.0625,1.015625,0.96484375,0.98046875,0.765625,1.03125,0.98046875,1.1796875,1.0,0.6796875,1.171875,1.0078125,0.6796875,0.5625,0.390625,0.31640625,0.3046875,0.30078125
301,301,base,1,nan,nan,0.30859375,0.42578125,0.484375,0.30859375,0.2109375,0.35546875,0.79296875,0.734375,1.078125,1.046875,1.015625,1.046875,0.7734375,1.015625,0.95703125,1.21875,1.0546875,0.67578125,1.2421875,0.9453125,0.76953125,0.62890625,0.3984375,0.3046875,0.328125,0.3671875
2545,2545,base,0,nan,nan,0.296875,0.4140625,0.4921875,0.3203125,0.22265625,0.296875,0.73046875,0.7265625,1.1015625,0.99609375,0.95703125,1.03125,0.7734375,1.0,0.96484375,1.2265625,1.0546875,0.671875,1.1875,0.953125,0.66015625,0.53515625,0.40234375,0.28125,0.296875,0.32421875
1046,1046,base,0,nan,nan,0.30859375,0.4765625,0.57421875,0.37109375,0.22265625,0.32421875,0.734375,0.75,1.0625,1.015625,0.96484375,0.98046875,0.765625,1.03125,0.98046875,1.1796875,1.0,0.6796875,1.171875,1.0078125,0.6796875,0.5625,0.390625,0.31640625,0.3046875,0.30078125
1795,1795,base,0,nan,nan,0.296875,0.4375,0.47265625,0.29296875,0.19921875,0.31640625,0.79296875,0.71875,1.1640625,0.9296875,1.015625,1.0390625,0.7734375,0.96484375,0.93359375,1.2421875,1.0625,0.765625,1.1953125,1.0078125,0.69921875,0.53125,0.40234375,0.27734375,0.2890625,0.328125
302,302,base,0,nan,nan,0.30859375,0.42578125,0.484375,0.30859375,0.2109375,0.35546875,0.79296875,0.734375,1.078125,1.046875,1.015625,1.046875,0.7734375,1.015625,0.95703125,1.21875,1.0546875,0.67578125,1.2421875,0.9453125,0.76953125,0.62890625,0.3984375,0.3046875,0.328125,0.3671875
2546,2546,base,0,nan,nan,0.296875,0.4140625,0.4921875,0.3203125,0.22265625,0.296875,0.73046875,0.7265625,1.1015625,0.99609375,0.95703125,1.03125,0.7734375,1.0,0.96484375,1.2265625,1.0546875,0.671875,1.1875,0.953125,0.66015625,0.53515625,0.40234375,0.28125,0.296875,0.32421875
1047,1047,base,1,nan,nan,0.30859375,0.4765625,0.57421875,0.37109375,0.22265625,0.32421875,0.734375,0.75,1.0625,1.015625,0.96484375,0.98046875,0.765625,1.03125,0.98046875,1.1796875,1.0,0.6796875,1.171875,1.0078125,0.6796875,0.5625,0.390625,0.31640625,0.3046875,0.30078125
1796,1796,base,0,nan,nan,0.296875,0.4375,0.47265625,0.29296875,0.19921875,0.31640625,0.79296875,0.71875,1.1640625,0.9296875,1.015625,1.0390625,0.7734375,0.96484375,0.93359375,1.2421875,1.0625,0.765625,1.1953125,1.0078125,0.69921875,0.53125,0.40234375,0.27734375,0.2890625,0.328125
303,303,base,0,nan,nan,0.30859375,0.42578125,0.484375,0.30859375,0.2109375,0.35546875,0.79296875,0.734375,1.078125,1.046875,1.015625,1.046875,0.7734375,1.015625,0.95703125,1.21875,1.0546875,0.67578125,1.2421875,0.9453125,0.76953125,0.62890625,0.3984375,0.3046875,0.328125,0.3671875
1048,1048,base,0,nan,nan,0.30859375,0.4765625,0.57421875,0.37109375,0.22265625,0.32421875,0.734375,0.75,1.0625,1.015625,0.96484375,0.98046875,0.765625,1.03125,0.98046875,1.1796875,1.0,0.6796875,1.171875,1.0078125,0.6796875,0.5625,0.390625,0.31640625,0.3046875,0.30078125
2547,2547,base,0,nan,nan,0.296875,0.4140625,0.4921875,0.3203125,0.22265625,0.296875,0.73046875,0.7265625,1.1015625,0.99609375,0.95703125,1.03125,0.7734375,1.0,0.96484375,1.2265625,1.0546875,0.671875,1.1875,0.953125,0.66015625,0.53515625,0.40234375,0.28125,0.296875,0.32421875
1797,1797,base,1,nan,nan,0.296875,0.4375,0.47265625,0.29296875,0.19921875,0.31640625,0.79296875,0.71875,1.1640625,0.9296875,1.015625,1.0390625,0.7734375,0.96484375,0.93359375,1.2421875,1.0625,0.765625,1.1953125,1.0078125,0.69921875,0.53125,0.40234375,0.27734375,0.2890625,0.328125
304,304,base,0,nan,nan,0.30859375,0.42578125,0.484375,0.30859375,0.2109375,0.35546875,0.79296875,0.734375,1.078125,1.046875,1.015625,1.046875,0.7734375,1.015625,0.95703125,1.21875,1.0546875,0.67578125,1.2421875,0.9453125,0.76953125,0.62890625,0.3984375,0.3046875,0.328125,0.3671875
1049,1049,base,1,nan,nan,0.30859375,0.4765625,0.57421875,0.37109375,0.22265625,0.32421875,0.734375,0.75,1.0625,1.015625,0.96484375,0.98046875,0.765625,1.03125,0.98046875,1.1796875,1.0,0.6796875,1.171875,1.0078125,0.6796875,0.5625,0.390625,0.31640625,0.3046875,0.30078125
2548,2548,base,0,nan,nan,0.296875,0.4140625,0.4921875,0.3203125,0.22265625,0.296875,0.73046875,0.7265625,1.1015625,0.99609375,0.95703125,1.03125,0.7734375,1.0,0.96484375,1.2265625,1.0546875,0.671875,1.1875,0.953125,0.66015625,0.53515625,0.40234375,0.28125,0.296875,0.32421875
1798,1798,base,0,nan,nan,0.296875,0.4375,0.47265625,0.29296875,0.19921875,0.31640625,0.79296875,0.71875,1.1640625,0.9296875,1.015625,1.0390625,0.7734375,0.96484375,0.93359375,1.2421875,1.0625,0.765625,1.1953125,1.0078125,0.69921875,0.53125,0.40234375,0.27734375,0.2890625,0.328125
305,305,base,0,nan,nan,0.30859375,0.42578125,0.484375,0.30859375,0.2109375,0.35546875,0.79296875,0.734375,1.078125,1.046875,1.015625,1.046875,0.7734375,1.015625,0.95703125,1.21875,1.0546875,0.67578125,1.2421875,0.9453125,0.76953125,0.62890625,0.3984375,0.3046875,0.328125,0.3671875
1050,1050,base,0,nan,nan,0.30859375,0.4765625,0.57421875,0.37109375,0.22265625,0.32421875,0.734375,0.75,1.0625,1.015625,0.96484375,0.98046875,0.765625,1.03125,0.98046875,1.1796875,1.0,0.6796875,1.171875,1.0078125,0.6796875,0.5625,0.390625,0.31640625,0.3046875,0.30078125
2549,2549,base,0,nan,nan,0.296875,0.4140625,0.4921875,0.3203125,0.22265625,0.296875,0.73046875,0.7265625,1.1015625,0.99609375,0.95703125,1.03125,0.7734375,1.0,0.96484375,1.2265625,1.0546875,0.671875,1.1875,0.953125,0.66015625,0.53515625,0.40234375,0.28125,0.296875,0.32421875
306,306,base,0,nan,nan,0.30859375,0.42578125,0.484375,0.30859375,0.2109375,0.35546875,0.79296875,0.734375,1.078125,1.046875,1.015625,1.046875,0.7734375,1.015625,0.95703125,1.21875,1.0546875,0.67578125,1.2421875,0.9453125,0.76953125,0.62890625,0.3984375,0.3046875,0.328125,0.3671875
1799,1799,base,0,nan,nan,0.296875,0.4375,0.47265625,0.29296875,0.19921875,0.31640625,0.79296875,0.71875,1.1640625,0.9296875,1.015625,1.0390625,0.7734375,0.96484375,0.93359375,1.2421875,1.0625,0.765625,1.1953125,1.0078125,0.69921875,0.53125,0.40234375,0.27734375,0.2890625,0.328125
1051,1051,base,1,nan,nan,0.2890625,0.47265625,0.47265625,0.27734375,0.20703125,0.32421875,0.79296875,0.7109375,1.125,0.9453125,1.0234375,1.015625,0.80859375,0.96875,0.9296875,1.234375,1.09375,0.7421875,1.171875,0.9765625,0.7109375,0.54296875,0.37109375,0.25390625,0.26953125,0.30078125
2550,2550,base,0,nan,nan,0.296875,0.4140625,0.4921875,0.3203125,0.22265625,0.296875,0.73046875,0.7265625,1.1015625,0.99609375,0.95703125,1.03125,0.7734375,1.0,0.96484375,1.2265625,1.0546875,0.671875,1.1875,0.953125,0.66015625,0.53515625,0.40234375,0.28125,0.296875,0.32421875
307,307,base,0,nan,nan,0.2890625,0.44140625,0.50390625,0.32421875,0.203125,0.35546875,0.75390625,0.75390625,1.1328125,0.91796875,1.0234375,1.0,0.796875,0.94921875,0.90234375,1.2578125,1.125,0.671875,1.1640625,0.9453125,0.6953125,0.6015625,0.41796875,0.29296875,0.3125,0.30078125
1800,1800,base,0,nan,nan,0.296875,0.4375,0.47265625,0.29296875,0.19921875,0.31640625,0.79296875,0.71875,1.1640625,0.9296875,1.015625,1.0390625,0.7734375,0.96484375,0.93359375,1.2421875,1.0625,0.765625,1.1953125,1.0078125,0.69921875,0.53125,0.40234375,0.27734375,0.2890625,0.328125
1052,1052,base,0,nan,nan,0.2890625,0.47265625,0.47265625,0.27734375,0.20703125,0.32421875,0.79296875,0.7109375,1.125,0.9453125,1.0234375,1.015625,0.80859375,0.96875,0.9296875,1.234375,1.09375,0.7421875,1.171875,0.9765625,0.7109375,0.54296875,0.37109375,0.25390625,0.26953125,0.30078125
2551,2551,base,0,nan,nan,0.3046875,0.44921875,0.53125,0.34375,0.203125,0.35546875,0.796875,0.72265625,1.0546875,1.046875,1.015625,1.0234375,0.80859375,0.984375,0.9140625,1.15625,1.0546875,0.7890625,1.2109375,0.97265625,0.8125,0.62890625,0.4765625,0.3515625,0.37109375,0.390625
1801,1801,base,0,nan,nan,0.3125,0.4375,0.4921875,0.296875,0.19921875,0.31640625,0.75,0.72265625,1.09375,0.98046875,0.984375,0.9609375,0.79296875,1.015625,0.98046875,1.1953125,1.0390625,0.75390625,1.1953125,1.0234375,0.7421875,0.58203125,0.40625,0.3125,0.28125,0.29296875
308,308,base,0,nan,nan,0.2890625,0.44140625,0.50390625,0.32421875,0.203125,0.35546875,0.75390625,0.75390625,1.1328125,0.91796875,1.0234375,1.0,0.796875,0.94921875,0.90234375,1.2578125,1.125,0.671875,1.1640625,0.9453125,0.6953125,0.6015625,0.41796875,0.29296875,0.3125,0.30078125
1053,1053,base,0,nan,nan,0.2890625,0.47265625,0.47265625,0.27734375,0.20703125,0.32421875,0.79296875,0.7109375,1.125,0.9453125,1.0234375,1.015625,0.80859375,0.96875,0.9296875,1.234375,1.09375,0.7421875,1.171875,0.9765625,0.7109375,0.54296875,0.37109375,0.25390625,0.26953125,0.30078125
2552,2552,base,0,nan,nan,0.3046875,0.44921875,0.53125,0.34375,0.203125,0.35546875,0.796875,0.72265625,1.0546875,1.046875,1.015625,1.0234375,0.80859375,0.984375,0.9140625,1.15625,1.0546875,0.7890625,1.2109375,0.97265625,0.8125,0.62890625,0.4765625,0.3515625,0.37109375,0.390625
1802,1802,base,0,nan,nan,0.3125,0.4375,0.4921875,0.296875,0.19921875,0.31640625,0.75,0.72265625,1.09375,0.98046875,0.984375,0.9609375,0.79296875,1.015625,0.98046875,1.1953125,1.0390625,0.75390625,1.1953125,1.0234375,0.7421875,0.58203125,0.40625,0.3125,0.28125,0.29296875
309,309,base,0,nan,nan,0.2890625,0.44140625,0.50390625,0.32421875,0.203125,0.35546875,0.75390625,0.75390625,1.1328125,0.91796875,1.0234375,1.0,0.796875,0.94921875,0.90234375,1.2578125,1.125,0.671875,1.1640625,0.9453125,0.6953125,0.6015625,0.41796875,0.29296875,0.3125,0.30078125
1054,1054,base,0,nan,nan,0.2890625,0.47265625,0.47265625,0.27734375,0.20703125,0.32421875,0.79296875,0.7109375,1.125,0.9453125,1.0234375,1.015625,0.80859375,0.96875,0.9296875,1.234375,1.09375,0.7421875,1.171875,0.9765625,0.7109375,0.54296875,0.37109375,0.25390625,0.26953125,0.30078125
1803,1803,base,0,nan,nan,0.3125,0.4375,0.4921875,0.296875,0.19921875,0.31640625,0.75,0.72265625,1.09375,0.98046875,0.984375,0.9609375,0.79296875,1.015625,0.98046875,1.1953125,1.0390625,0.75390625,1.1953125,1.0234375,0.7421875,0.58203125,0.40625,0.3125,0.28125,0.29296875
2553,2553,base,0,nan,nan,0.3046875,0.44921875,0.53125,0.34375,0.203125,0.35546875,0.796875,0.72265625,1.0546875,1.046875,1.015625,1.0234375,0.80859375,0.984375,0.9140625,1.15625,1.0546875,0.7890625,1.2109375,0.97265625,0.8125,0.62890625,0.4765625,0.3515625,0.37109375,0.390625
310,310,base,0,nan,nan,0.2890625,0.44140625,0.50390625,0.32421875,0.203125,0.35546875,0.75390625,0.75390625,1.1328125,0.91796875,1.0234375,1.0,0.796875,0.94921875,0.90234375,1.2578125,1.125,0.671875,1.1640625,0.9453125,0.6953125,0.6015625,0.41796875,0.29296875,0.3125,0.30078125
1055,1055,base,1,nan,nan,0.2890625,0.47265625,0.47265625,0.27734375,0.20703125,0.32421875,0.79296875,0.7109375,1.125,0.9453125,1.0234375,1.015625,0.80859375,0.96875,0.9296875,1.234375,1.09375,0.7421875,1.171875,0.9765625,0.7109375,0.54296875,0.37109375,0.25390625,0.26953125,0.30078125
1804,1804,base,0,nan,nan,0.3125,0.4375,0.4921875,0.296875,0.19921875,0.31640625,0.75,0.72265625,1.09375,0.98046875,0.984375,0.9609375,0.79296875,1.015625,0.98046875,1.1953125,1.0390625,0.75390625,1.1953125,1.0234375,0.7421875,0.58203125,0.40625,0.3125,0.28125,0.29296875
2554,2554,base,0,nan,nan,0.3046875,0.44921875,0.53125,0.34375,0.203125,0.35546875,0.796875,0.72265625,1.0546875,1.046875,1.015625,1.0234375,0.80859375,0.984375,0.9140625,1.15625,1.0546875,0.7890625,1.2109375,0.97265625,0.8125,0.62890625,0.4765625,0.3515625,0.37109375,0.390625
311,311,base,1,nan,nan,0.2890625,0.44140625,0.50390625,0.32421875,0.203125,0.35546875,0.75390625,0.75390625,1.1328125,0.91796875,1.0234375,1.0,0.796875,0.94921875,0.90234375,1.2578125,1.125,0.671875,1.1640625,0.9453125,0.6953125,0.6015625,0.41796875,0.29296875,0.3125,0.30078125
1056,1056,base,0,nan,nan,0.2890625,0.47265625,0.47265625,0.27734375,0.20703125,0.32421875,0.79296875,0.7109375,1.125,0.9453125,1.0234375,1.015625,0.80859375,0.96875,0.9296875,1.234375,1.09375,0.7421875,1.171875,0.9765625,0.7109375,0.54296875,0.37109375,0.25390625,0.26953125,0.30078125
1805,1805,base,0,nan,nan,0.3125,0.4375,0.4921875,0.296875,0.19921875,0.31640625,0.75,0.72265625,1.09375,0.98046875,0.984375,0.9609375,0.79296875,1.015625,0.98046875,1.1953125,1.0390625,0.75390625,1.1953125,1.0234375,0.7421875,0.58203125,0.40625,0.3125,0.28125,0.29296875
2555,2555,base,0,nan,nan,0.3046875,0.44921875,0.53125,0.34375,0.203125,0.35546875,0.796875,0.72265625,1.0546875,1.046875,1.015625,1.0234375,0.80859375,0.984375,0.9140625,1.15625,1.0546875,0.7890625,1.2109375,0.97265625,0.8125,0.62890625,0.4765625,0.3515625,0.37109375,0.390625
312,312,base,0,nan,nan,0.2890625,0.44140625,0.50390625,0.32421875,0.203125,0.35546875,0.75390625,0.75390625,1.1328125,0.91796875,1.0234375,1.0,0.796875,0.94921875,0.90234375,1.2578125,1.125,0.671875,1.1640625,0.9453125,0.6953125,0.6015625,0.41796875,0.29296875,0.3125,0.30078125
1057,1057,base,1,nan,nan,0.3125,0.421875,0.45703125,0.3203125,0.21484375,0.3203125,0.796875,0.734375,1.1015625,0.984375,1.0390625,1.0546875,0.81640625,0.9609375,0.8984375,1.1640625,1.0859375,0.75390625,1.1796875,1.0078125,0.765625,0.59375,0.453125,0.34375,0.30078125,0.31640625
1806,1806,base,0,nan,nan,0.3125,0.4375,0.4921875,0.296875,0.19921875,0.31640625,0.75,0.72265625,1.09375,0.98046875,0.984375,0.9609375,0.79296875,1.015625,0.98046875,1.1953125,1.0390625,0.75390625,1.1953125,1.0234375,0.7421875,0.58203125,0.40625,0.3125,0.28125,0.29296875
2556,2556,base,0,nan,nan,0.3046875,0.44921875,0.53125,0.34375,0.203125,0.35546875,0.796875,0.72265625,1.0546875,1.046875,1.015625,1.0234375,0.80859375,0.984375,0.9140625,1.15625,1.0546875,0.7890625,1.2109375,0.97265625,0.8125,0.62890625,0.4765625,0.3515625,0.37109375,0.390625
313,313,base,0,nan,nan,0.30859375,0.421875,0.484375,0.31640625,0.2109375,0.33203125,0.77734375,0.73046875,1.0703125,1.0,1.03125,1.0078125,0.8671875,0.9375,0.87890625,1.2421875,1.0703125,0.73046875,1.1953125,1.0234375,0.71875,0.59375,0.41796875,0.3359375,0.328125,0.30859375
1058,1058,base,0,nan,nan,0.3125,0.421875,0.45703125,0.3203125,0.21484375,0.3203125,0.796875,0.734375,1.1015625,0.984375,1.0390625,1.0546875,0.81640625,0.9609375,0.8984375,1.1640625,1.0859375,0.75390625,1.1796875,1.0078125,0.765625,0.59375,0.453125,0.34375,0.30078125,0.31640625
1807,1807,base,0,nan,nan,0.29296875,0.41796875,0.484375,0.2734375,0.20703125,0.34375,0.75,0.7265625,1.1015625,0.98046875,0.984375,1.0390625,0.76953125,0.98828125,0.98828125,1.28125,1.140625,0.65625,1.1875,0.98046875,0.6640625,0.578125,0.390625,0.27734375,0.27734375,0.2890625
2557,2557,base,0,nan,nan,0.30859375,0.47265625,0.578125,0.3671875,0.22265625,0.3828125,0.765625,0.76171875,1.1171875,0.94921875,0.95703125,1.015625,0.76953125,0.97265625,0.9296875,1.265625,1.1015625,0.6171875,1.2109375,0.98828125,0.703125,0.625,0.44140625,0.328125,0.3046875,0.30078125
314,314,base,0,nan,nan,0.30859375,0.421875,0.484375,0.31640625,0.2109375,0.33203125,0.77734375,0.73046875,1.0703125,1.0,1.03125,1.0078125,0.8671875,0.9375,0.87890625,1.2421875,1.0703125,0.73046875,1.1953125,1.0234375,0.71875,0.59375,0.41796875,0.3359375,0.328125,0.30859375
1059,1059,base,0,nan,nan,0.3125,0.421875,0.45703125,0.3203125,0.21484375,0.3203125,0.796875,0.734375,1.1015625,0.984375,1.0390625,1.0546875,0.81640625,0.9609375,0.8984375,1.1640625,1.0859375,0.75390625,1.1796875,1.0078125,0.765625,0.59375,0.453125,0.34375,0.30078125,0.31640625
1808,1808,base,0,nan,nan,0.29296875,0.41796875,0.484375,0.2734375,0.20703125,0.34375,0.75,0.7265625,1.1015625,0.98046875,0.984375,1.0390625,0.76953125,0.98828125,0.98828125,1.28125,1.140625,0.65625,1.1875,0.98046875,0.6640625,0.578125,0.390625,0.27734375,0.27734375,0.2890625
2558,2558,base,0,nan,nan,0.30859375,0.47265625,0.578125,0.3671875,0.22265625,0.3828125,0.765625,0.76171875,1.1171875,0.94921875,0.95703125,1.015625,0.76953125,0.97265625,0.9296875,1.265625,1.1015625,0.6171875,1.2109375,0.98828125,0.703125,0.625,0.44140625,0.328125,0.3046875,0.30078125
315,315,base,0,nan,nan,0.30859375,0.421875,0.484375,0.31640625,0.2109375,0.33203125,0.77734375,0.73046875,1.0703125,1.0,1.03125,1.0078125,0.8671875,0.9375,0.87890625,1.2421875,1.0703125,0.73046875,1.1953125,1.0234375,0.71875,0.59375,0.41796875,0.3359375,0.328125,0.30859375
1060,1060,base,0,nan,nan,0.3125,0.421875,0.45703125,0.3203125,0.21484375,0.3203125,0.796875,0.734375,1.1015625,0.984375,1.0390625,1.0546875,0.81640625,0.9609375,0.8984375,1.1640625,1.0859375,0.75390625,1.1796875,1.0078125,0.765625,0.59375,0.453125,0.34375,0.30078125,0.31640625
1809,1809,base,1,nan,nan,0.29296875,0.41796875,0.484375,0.2734375,0.20703125,0.34375,0.75,0.7265625,1.1015625,0.98046875,0.984375,1.0390625,0.76953125,0.98828125,0.98828125,1.28125,1.140625,0.65625,1.1875,0.98046875,0.6640625,0.578125,0.390625,0.27734375,0.27734375,0.2890625
2559,2559,base,1,nan,nan,0.30859375,0.47265625,0.578125,0.3671875,0.22265625,0.3828125,0.765625,0.76171875,1.1171875,0.94921875,0.95703125,1.015625,0.76953125,0.97265625,0.9296875,1.265625,1.1015625,0.6171875,1.2109375,0.98828125,0.703125,0.625,0.44140625,0.328125,0.3046875,0.30078125
316,316,base,0,nan,nan,0.30859375,0.421875,0.484375,0.31640625,0.2109375,0.33203125,0.77734375,0.73046875,1.0703125,1.0,1.03125,1.0078125,0.8671875,0.9375,0.87890625,1.2421875,1.0703125,0.73046875,1.1953125,1.0234375,0.71875,0.59375,0.41796875,0.3359375,0.328125,0.30859375
1061,1061,base,0,nan,nan,0.3125,0.421875,0.45703125,0.3203125,0.21484375,0.3203125,0.796875,0.734375,1.1015625,0.984375,1.0390625,1.0546875,0.81640625,0.9609375,0.8984375,1.1640625,1.0859375,0.75390625,1.1796875,1.0078125,0.765625,0.59375,0.453125,0.34375,0.30078125,0.31640625
1810,1810,base,0,nan,nan,0.29296875,0.41796875,0.484375,0.2734375,0.20703125,0.34375,0.75,0.7265625,1.1015625,0.98046875,0.984375,1.0390625,0.76953125,0.98828125,0.98828125,1.28125,1.140625,0.65625,1.1875,0.98046875,0.6640625,0.578125,0.390625,0.27734375,0.27734375,0.2890625
2560,2560,base,0,nan,nan,0.30859375,0.47265625,0.578125,0.3671875,0.22265625,0.3828125,0.765625,0.76171875,1.1171875,0.94921875,0.95703125,1.015625,0.76953125,0.97265625,0.9296875,1.265625,1.1015625,0.6171875,1.2109375,0.98828125,0.703125,0.625,0.44140625,0.328125,0.3046875,0.30078125
317,317,base,0,nan,nan,0.30859375,0.421875,0.484375,0.31640625,0.2109375,0.33203125,0.77734375,0.73046875,1.0703125,1.0,1.03125,1.0078125,0.8671875,0.9375,0.87890625,1.2421875,1.0703125,0.73046875,1.1953125,1.0234375,0.71875,0.59375,0.41796875,0.3359375,0.328125,0.30859375
1062,1062,base,0,nan,nan,0.3125,0.421875,0.45703125,0.3203125,0.21484375,0.3203125,0.796875,0.734375,1.1015625,0.984375,1.0390625,1.0546875,0.81640625,0.9609375,0.8984375,1.1640625,1.0859375,0.75390625,1.1796875,1.0078125,0.765625,0.59375,0.453125,0.34375,0.30078125,0.31640625
1811,1811,base,1,nan,nan,0.29296875,0.41796875,0.484375,0.2734375,0.20703125,0.34375,0.75,0.7265625,1.1015625,0.98046875,0.984375,1.0390625,0.76953125,0.98828125,0.98828125,1.28125,1.140625,0.65625,1.1875,0.98046875,0.6640625,0.578125,0.390625,0.27734375,0.27734375,0.2890625
2561,2561,base,0,nan,nan,0.30859375,0.47265625,0.578125,0.3671875,0.22265625,0.3828125,0.765625,0.76171875,1.1171875,0.94921875,0.95703125,1.015625,0.76953125,0.97265625,0.9296875,1.265625,1.1015625,0.6171875,1.2109375,0.98828125,0.703125,0.625,0.44140625,0.328125,0.3046875,0.30078125
318,318,base,0,nan,nan,0.30859375,0.421875,0.484375,0.31640625,0.2109375,0.33203125,0.77734375,0.73046875,1.0703125,1.0,1.03125,1.0078125,0.8671875,0.9375,0.87890625,1.2421875,1.0703125,0.73046875,1.1953125,1.0234375,0.71875,0.59375,0.41796875,0.3359375,0.328125,0.30859375
1063,1063,base,0,nan,nan,0.29296875,0.47265625,0.49609375,0.29296875,0.2109375,0.32421875,0.76953125,0.76171875,1.125,0.96875,0.984375,0.94921875,0.7890625,0.96875,0.921875,1.234375,1.0703125,0.6953125,1.1953125,0.96875,0.765625,0.58203125,0.40234375,0.3046875,0.3203125,0.34375
1812,1812,base,0,nan,nan,0.29296875,0.41796875,0.484375,0.2734375,0.20703125,0.34375,0.75,0.7265625,1.1015625,0.98046875,0.984375,1.0390625,0.76953125,0.98828125,0.98828125,1.28125,1.140625,0.65625,1.1875,0.98046875,0.6640625,0.578125,0.390625,0.27734375,0.27734375,0.2890625
2562,2562,base,0,nan,nan,0.30859375,0.47265625,0.578125,0.3671875,0.22265625,0.3828125,0.765625,0.76171875,1.1171875,0.94921875,0.95703125,1.015625,0.76953125,0.97265625,0.9296875,1.265625,1.1015625,0.6171875,1.2109375,0.98828125,0.703125,0.625,0.44140625,0.328125,0.3046875,0.30078125
319,319,base,1,nan,nan,0.296875,0.44921875,0.515625,0.30859375,0.2265625,0.35546875,0.7734375,0.7578125,1.1328125,0.98046875,1.0546875,1.1171875,0.8359375,0.9765625,0.9453125,1.2109375,1.0625,0.80078125,1.2109375,0.90625,0.84765625,0.671875,0.4296875,0.30078125,0.34765625,0.3828125
1064,1064,base,0,nan,nan,0.29296875,0.47265625,0.49609375,0.29296875,0.2109375,0.32421875,0.76953125,0.76171875,1.125,0.96875,0.984375,0.94921875,0.7890625,0.96875,0.921875,1.234375,1.0703125,0.6953125,1.1953125,0.96875,0.765625,0.58203125,0.40234375,0.3046875,0.3203125,0.34375
1813,1813,base,0,nan,nan,0.2890625,0.4453125,0.515625,0.31640625,0.19921875,0.36328125,0.75,0.77734375,1.1875,0.91015625,0.9765625,0.9765625,0.8125,0.91796875,0.86328125,1.125,1.0,0.70703125,1.109375,0.8984375,0.7265625,0.5625,0.40625,0.31640625,0.3359375,0.31640625
2563,2563,base,0,nan,nan,0.3046875,0.44921875,0.5234375,0.37109375,0.31640625,0.34765625,0.71875,0.75390625,1.078125,1.125,0.96484375,0.99609375,0.765625,1.0625,1.0234375,1.3671875,1.078125,0.6796875,0.96875,0.8125,0.5546875,0.5546875,0.421875,0.3359375,0.32421875,0.31640625
320,320,base,0,nan,nan,0.296875,0.44921875,0.515625,0.30859375,0.2265625,0.35546875,0.7734375,0.7578125,1.1328125,0.98046875,1.0546875,1.1171875,0.8359375,0.9765625,0.9453125,1.2109375,1.0625,0.80078125,1.2109375,0.90625,0.84765625,0.671875,0.4296875,0.30078125,0.34765625,0.3828125
1065,1065,base,1,nan,nan,0.29296875,0.47265625,0.49609375,0.29296875,0.2109375,0.32421875,0.76953125,0.76171875,1.125,0.96875,0.984375,0.94921875,0.7890625,0.96875,0.921875,1.234375,1.0703125,0.6953125,1.1953125,0.96875,0.765625,0.58203125,0.40234375,0.3046875,0.3203125,0.34375
2564,2564,base,0,nan,nan,0.3046875,0.44921875,0.5234375,0.37109375,0.31640625,0.34765625,0.71875,0.75390625,1.078125,1.125,0.96484375,0.99609375,0.765625,1.0625,1.0234375,1.3671875,1.078125,0.6796875,0.96875,0.8125,0.5546875,0.5546875,0.421875,0.3359375,0.32421875,0.31640625
1814,1814,base,0,nan,nan,0.2890625,0.4453125,0.515625,0.31640625,0.19921875,0.36328125,0.75,0.77734375,1.1875,0.91015625,0.9765625,0.9765625,0.8125,0.91796875,0.86328125,1.125,1.0,0.70703125,1.109375,0.8984375,0.7265625,0.5625,0.40625,0.31640625,0.3359375,0.31640625
321,321,base,1,nan,nan,0.296875,0.44921875,0.515625,0.30859375,0.2265625,0.35546875,0.7734375,0.7578125,1.1328125,0.98046875,1.0546875,1.1171875,0.8359375,0.9765625,0.9453125,1.2109375,1.0625,0.80078125,1.2109375,0.90625,0.84765625,0.671875,0.4296875,0.30078125,0.34765625,0.3828125
2565,2565,base,0,nan,nan,0.3046875,0.44921875,0.5234375,0.37109375,0.31640625,0.34765625,0.71875,0.75390625,1.078125,1.125,0.96484375,0.99609375,0.765625,1.0625,1.0234375,1.3671875,1.078125,0.6796875,0.96875,0.8125,0.5546875,0.5546875,0.421875,0.3359375,0.32421875,0.31640625
1066,1066,base,0,nan,nan,0.29296875,0.47265625,0.49609375,0.29296875,0.2109375,0.32421875,0.76953125,0.76171875,1.125,0.96875,0.984375,0.94921875,0.7890625,0.96875,0.921875,1.234375,1.0703125,0.6953125,1.1953125,0.96875,0.765625,0.58203125,0.40234375,0.3046875,0.3203125,0.34375
1815,1815,base,0,nan,nan,0.2890625,0.4453125,0.515625,0.31640625,0.19921875,0.36328125,0.75,0.77734375,1.1875,0.91015625,0.9765625,0.9765625,0.8125,0.91796875,0.86328125,1.125,1.0,0.70703125,1.109375,0.8984375,0.7265625,0.5625,0.40625,0.31640625,0.3359375,0.31640625
322,322,base,0,nan,nan,0.296875,0.44921875,0.515625,0.30859375,0.2265625,0.35546875,0.7734375,0.7578125,1.1328125,0.98046875,1.0546875,1.1171875,0.8359375,0.9765625,0.9453125,1.2109375,1.0625,0.80078125,1.2109375,0.90625,0.84765625,0.671875,0.4296875,0.30078125,0.34765625,0.3828125
2566,2566,base,0,nan,nan,0.3046875,0.44921875,0.5234375,0.37109375,0.31640625,0.34765625,0.71875,0.75390625,1.078125,1.125,0.96484375,0.99609375,0.765625,1.0625,1.0234375,1.3671875,1.078125,0.6796875,0.96875,0.8125,0.5546875,0.5546875,0.421875,0.3359375,0.32421875,0.31640625
1067,1067,base,1,nan,nan,0.29296875,0.47265625,0.49609375,0.29296875,0.2109375,0.32421875,0.76953125,0.76171875,1.125,0.96875,0.984375,0.94921875,0.7890625,0.96875,0.921875,1.234375,1.0703125,0.6953125,1.1953125,0.96875,0.765625,0.58203125,0.40234375,0.3046875,0.3203125,0.34375
1816,1816,base,0,nan,nan,0.2890625,0.4453125,0.515625,0.31640625,0.19921875,0.36328125,0.75,0.77734375,1.1875,0.91015625,0.9765625,0.9765625,0.8125,0.91796875,0.86328125,1.125,1.0,0.70703125,1.109375,0.8984375,0.7265625,0.5625,0.40625,0.31640625,0.3359375,0.31640625
323,323,base,1,nan,nan,0.296875,0.44921875,0.515625,0.30859375,0.2265625,0.35546875,0.7734375,0.7578125,1.1328125,0.98046875,1.0546875,1.1171875,0.8359375,0.9765625,0.9453125,1.2109375,1.0625,0.80078125,1.2109375,0.90625,0.84765625,0.671875,0.4296875,0.30078125,0.34765625,0.3828125
2567,2567,base,1,nan,nan,0.3046875,0.44921875,0.5234375,0.37109375,0.31640625,0.34765625,0.71875,0.75390625,1.078125,1.125,0.96484375,0.99609375,0.765625,1.0625,1.0234375,1.3671875,1.078125,0.6796875,0.96875,0.8125,0.5546875,0.5546875,0.421875,0.3359375,0.32421875,0.31640625
1068,1068,base,0,nan,nan,0.29296875,0.47265625,0.49609375,0.29296875,0.2109375,0.32421875,0.76953125,0.76171875,1.125,0.96875,0.984375,0.94921875,0.7890625,0.96875,0.921875,1.234375,1.0703125,0.6953125,1.1953125,0.96875,0.765625,0.58203125,0.40234375,0.3046875,0.3203125,0.34375
324,324,base,0,nan,nan,0.296875,0.44921875,0.515625,0.30859375,0.2265625,0.35546875,0.7734375,0.7578125,1.1328125,0.98046875,1.0546875,1.1171875,0.8359375,0.9765625,0.9453125,1.2109375,1.0625,0.80078125,1.2109375,0.90625,0.84765625,0.671875,0.4296875,0.30078125,0.34765625,0.3828125
1817,1817,base,0,nan,nan,0.2890625,0.4453125,0.515625,0.31640625,0.19921875,0.36328125,0.75,0.77734375,1.1875,0.91015625,0.9765625,0.9765625,0.8125,0.91796875,0.86328125,1.125,1.0,0.70703125,1.109375,0.8984375,0.7265625,0.5625,0.40625,0.31640625,0.3359375,0.31640625
2568,2568,base,0,nan,nan,0.3046875,0.44921875,0.5234375,0.37109375,0.31640625,0.34765625,0.71875,0.75390625,1.078125,1.125,0.96484375,0.99609375,0.765625,1.0625,1.0234375,1.3671875,1.078125,0.6796875,0.96875,0.8125,0.5546875,0.5546875,0.421875,0.3359375,0.32421875,0.31640625
1069,1069,base,0,nan,nan,0.3125,0.44140625,0.453125,0.3046875,0.203125,0.30859375,0.80859375,0.72265625,1.1484375,0.9375,1.0234375,1.046875,0.7734375,0.97265625,0.953125,1.125,1.046875,0.8125,1.203125,0.984375,0.8046875,0.62109375,0.390625,0.28515625,0.30078125,0.30859375
325,325,base,0,nan,nan,0.29296875,0.48046875,0.5078125,0.29296875,0.21484375,0.33203125,0.76171875,0.71875,1.15625,0.91015625,1.015625,0.98046875,0.796875,0.95703125,0.90625,1.25,1.0546875,0.6796875,1.1171875,0.87109375,0.6953125,0.5546875,0.3828125,0.2734375,0.27734375,0.28515625
1818,1818,base,0,nan,nan,0.2890625,0.4453125,0.515625,0.31640625,0.19921875,0.36328125,0.75,0.77734375,1.1875,0.91015625,0.9765625,0.9765625,0.8125,0.91796875,0.86328125,1.125,1.0,0.70703125,1.109375,0.8984375,0.7265625,0.5625,0.40625,0.31640625,0.3359375,0.31640625
2569,2569,base,0,nan,nan,0.28515625,0.4296875,0.48046875,0.30078125,0.203125,0.34765625,0.77734375,0.75390625,1.125,0.95703125,1.0625,0.9765625,0.84375,1.0,0.98828125,1.2578125,1.1171875,0.74609375,1.2578125,0.984375,0.80859375,0.640625,0.453125,0.32421875,0.30859375,0.3203125
1070,1070,base,0,nan,nan,0.3125,0.44140625,0.453125,0.3046875,0.203125,0.30859375,0.80859375,0.72265625,1.1484375,0.9375,1.0234375,1.046875,0.7734375,0.97265625,0.953125,1.125,1.046875,0.8125,1.203125,0.984375,0.8046875,0.62109375,0.390625,0.28515625,0.30078125,0.30859375
326,326,base,0,nan,nan,0.29296875,0.48046875,0.5078125,0.29296875,0.21484375,0.33203125,0.76171875,0.71875,1.15625,0.91015625,1.015625,0.98046875,0.796875,0.95703125,0.90625,1.25,1.0546875,0.6796875,1.1171875,0.87109375,0.6953125,0.5546875,0.3828125,0.2734375,0.27734375,0.28515625
2570,2570,base,0,nan,nan,0.28515625,0.4296875,0.48046875,0.30078125,0.203125,0.34765625,0.77734375,0.75390625,1.125,0.95703125,1.0625,0.9765625,0.84375,1.0,0.98828125,1.2578125,1.1171875,0.74609375,1.2578125,0.984375,0.80859375,0.640625,0.453125,0.32421875,0.30859375,0.3203125
1819,1819,base,1,nan,nan,0.30078125,0.421875,0.49609375,0.29296875,0.2109375,0.3203125,0.75390625,0.75,1.1328125,0.953125,0.9921875,0.99609375,0.8125,0.9609375,0.91796875,1.234375,1.1015625,0.71875,1.15625,0.96484375,0.7265625,0.56640625,0.3828125,0.27734375,0.29296875,0.30078125
1071,1071,base,0,nan,nan,0.3125,0.44140625,0.453125,0.3046875,0.203125,0.30859375,0.80859375,0.72265625,1.1484375,0.9375,1.0234375,1.046875,0.7734375,0.97265625,0.953125,1.125,1.046875,0.8125,1.203125,0.984375,0.8046875,0.62109375,0.390625,0.28515625,0.30078125,0.30859375
327,327,base,1,nan,nan,0.29296875,0.48046875,0.5078125,0.29296875,0.21484375,0.33203125,0.76171875,0.71875,1.15625,0.91015625,1.015625,0.98046875,0.796875,0.95703125,0.90625,1.25,1.0546875,0.6796875,1.1171875,0.87109375,0.6953125,0.5546875,0.3828125,0.2734375,0.27734375,0.28515625
2571,2571,base,1,nan,nan,0.28515625,0.4296875,0.48046875,0.30078125,0.203125,0.34765625,0.77734375,0.75390625,1.125,0.95703125,1.0625,0.9765625,0.84375,1.0,0.98828125,1.2578125,1.1171875,0.74609375,1.2578125,0.984375,0.80859375,0.640625,0.453125,0.32421875,0.30859375,0.3203125
1820,1820,base,0,nan,nan,0.30078125,0.421875,0.49609375,0.29296875,0.2109375,0.3203125,0.75390625,0.75,1.1328125,0.953125,0.9921875,0.99609375,0.8125,0.9609375,0.91796875,1.234375,1.1015625,0.71875,1.15625,0.96484375,0.7265625,0.56640625,0.3828125,0.27734375,0.29296875,0.30078125
1072,1072,base,0,nan,nan,0.3125,0.44140625,0.453125,0.3046875,0.203125,0.30859375,0.80859375,0.72265625,1.1484375,0.9375,1.0234375,1.046875,0.7734375,0.97265625,0.953125,1.125,1.046875,0.8125,1.203125,0.984375,0.8046875,0.62109375,0.390625,0.28515625,0.30078125,0.30859375
328,328,base,0,nan,nan,0.29296875,0.48046875,0.5078125,0.29296875,0.21484375,0.33203125,0.76171875,0.71875,1.15625,0.91015625,1.015625,0.98046875,0.796875,0.95703125,0.90625,1.25,1.0546875,0.6796875,1.1171875,0.87109375,0.6953125,0.5546875,0.3828125,0.2734375,0.27734375,0.28515625
2572,2572,base,0,nan,nan,0.28515625,0.4296875,0.48046875,0.30078125,0.203125,0.34765625,0.77734375,0.75390625,1.125,0.95703125,1.0625,0.9765625,0.84375,1.0,0.98828125,1.2578125,1.1171875,0.74609375,1.2578125,0.984375,0.80859375,0.640625,0.453125,0.32421875,0.30859375,0.3203125
1821,1821,base,0,nan,nan,0.30078125,0.421875,0.49609375,0.29296875,0.2109375,0.3203125,0.75390625,0.75,1.1328125,0.953125,0.9921875,0.99609375,0.8125,0.9609375,0.91796875,1.234375,1.1015625,0.71875,1.15625,0.96484375,0.7265625,0.56640625,0.3828125,0.27734375,0.29296875,0.30078125
1073,1073,base,1,nan,nan,0.3125,0.44140625,0.453125,0.3046875,0.203125,0.30859375,0.80859375,0.72265625,1.1484375,0.9375,1.0234375,1.046875,0.7734375,0.97265625,0.953125,1.125,1.046875,0.8125,1.203125,0.984375,0.8046875,0.62109375,0.390625,0.28515625,0.30078125,0.30859375
329,329,base,1,nan,nan,0.29296875,0.48046875,0.5078125,0.29296875,0.21484375,0.33203125,0.76171875,0.71875,1.15625,0.91015625,1.015625,0.98046875,0.796875,0.95703125,0.90625,1.25,1.0546875,0.6796875,1.1171875,0.87109375,0.6953125,0.5546875,0.3828125,0.2734375,0.27734375,0.28515625
2573,2573,base,1,nan,nan,0.28515625,0.4296875,0.48046875,0.30078125,0.203125,0.34765625,0.77734375,0.75390625,1.125,0.95703125,1.0625,0.9765625,0.84375,1.0,0.98828125,1.2578125,1.1171875,0.74609375,1.2578125,0.984375,0.80859375,0.640625,0.453125,0.32421875,0.30859375,0.3203125
1822,1822,base,0,nan,nan,0.30078125,0.421875,0.49609375,0.29296875,0.2109375,0.3203125,0.75390625,0.75,1.1328125,0.953125,0.9921875,0.99609375,0.8125,0.9609375,0.91796875,1.234375,1.1015625,0.71875,1.15625,0.96484375,0.7265625,0.56640625,0.3828125,0.27734375,0.29296875,0.30078125
1074,1074,base,0,nan,nan,0.3125,0.44140625,0.453125,0.3046875,0.203125,0.30859375,0.80859375,0.72265625,1.1484375,0.9375,1.0234375,1.046875,0.7734375,0.97265625,0.953125,1.125,1.046875,0.8125,1.203125,0.984375,0.8046875,0.62109375,0.390625,0.28515625,0.30078125,0.30859375
330,330,base,0,nan,nan,0.29296875,0.48046875,0.5078125,0.29296875,0.21484375,0.33203125,0.76171875,0.71875,1.15625,0.91015625,1.015625,0.98046875,0.796875,0.95703125,0.90625,1.25,1.0546875,0.6796875,1.1171875,0.87109375,0.6953125,0.5546875,0.3828125,0.2734375,0.27734375,0.28515625
2574,2574,base,0,nan,nan,0.28515625,0.4296875,0.48046875,0.30078125,0.203125,0.34765625,0.77734375,0.75390625,1.125,0.95703125,1.0625,0.9765625,0.84375,1.0,0.98828125,1.2578125,1.1171875,0.74609375,1.2578125,0.984375,0.80859375,0.640625,0.453125,0.32421875,0.30859375,0.3203125
1823,1823,base,0,nan,nan,0.30078125,0.421875,0.49609375,0.29296875,0.2109375,0.3203125,0.75390625,0.75,1.1328125,0.953125,0.9921875,0.99609375,0.8125,0.9609375,0.91796875,1.234375,1.1015625,0.71875,1.15625,0.96484375,0.7265625,0.56640625,0.3828125,0.27734375,0.29296875,0.30078125
2575,2575,base,1,nan,nan,0.30078125,0.4296875,0.52734375,0.33984375,0.23828125,0.37890625,0.7578125,0.7421875,1.1171875,0.9921875,0.97265625,0.96875,0.796875,1.0546875,1.0546875,1.265625,1.0625,0.6640625,1.1171875,0.94921875,0.578125,0.5390625,0.41015625,0.29296875,0.2890625,0.3125
1075,1075,base,0,nan,nan,0.28515625,0.453125,0.45703125,0.29296875,0.203125,0.30859375,0.8046875,0.6953125,1.1171875,0.94140625,1.0625,1.0390625,0.78125,0.9765625,0.94921875,1.2109375,1.078125,0.7734375,1.234375,1.0625,0.75390625,0.56640625,0.375,0.265625,0.296875,0.32421875
331,331,base,0,nan,nan,0.2734375,0.44921875,0.484375,0.2890625,0.22265625,0.31640625,0.7265625,0.734375,1.109375,1.0,0.984375,0.9921875,0.7421875,0.96875,0.9453125,1.2265625,1.0546875,0.734375,1.203125,0.9921875,0.7109375,0.546875,0.38671875,0.26171875,0.28125,0.3125
2576,2576,base,0,nan,nan,0.30078125,0.4296875,0.52734375,0.33984375,0.23828125,0.37890625,0.7578125,0.7421875,1.1171875,0.9921875,0.97265625,0.96875,0.796875,1.0546875,1.0546875,1.265625,1.0625,0.6640625,1.1171875,0.94921875,0.578125,0.5390625,0.41015625,0.29296875,0.2890625,0.3125
1824,1824,base,0,nan,nan,0.30078125,0.421875,0.49609375,0.29296875,0.2109375,0.3203125,0.75390625,0.75,1.1328125,0.953125,0.9921875,0.99609375,0.8125,0.9609375,0.91796875,1.234375,1.1015625,0.71875,1.15625,0.96484375,0.7265625,0.56640625,0.3828125,0.27734375,0.29296875,0.30078125
1076,1076,base,0,nan,nan,0.28515625,0.453125,0.45703125,0.29296875,0.203125,0.30859375,0.8046875,0.6953125,1.1171875,0.94140625,1.0625,1.0390625,0.78125,0.9765625,0.94921875,1.2109375,1.078125,0.7734375,1.234375,1.0625,0.75390625,0.56640625,0.375,0.265625,0.296875,0.32421875
332,332,base,0,nan,nan,0.2734375,0.44921875,0.484375,0.2890625,0.22265625,0.31640625,0.7265625,0.734375,1.109375,1.0,0.984375,0.9921875,0.7421875,0.96875,0.9453125,1.2265625,1.0546875,0.734375,1.203125,0.9921875,0.7109375,0.546875,0.38671875,0.26171875,0.28125,0.3125
2577,2577,base,0,nan,nan,0.30078125,0.4296875,0.52734375,0.33984375,0.23828125,0.37890625,0.7578125,0.7421875,1.1171875,0.9921875,0.97265625,0.96875,0.796875,1.0546875,1.0546875,1.265625,1.0625,0.6640625,1.1171875,0.94921875,0.578125,0.5390625,0.41015625,0.29296875,0.2890625,0.3125
1825,1825,base,0,nan,nan,0.3046875,0.46875,0.5078125,0.33984375,0.2109375,0.3203125,0.7890625,0.78125,1.078125,1.0390625,1.109375,1.015625,0.8046875,0.95703125,0.921875,1.171875,1.0625,0.7890625,1.25,1.0,0.8359375,0.62109375,0.43359375,0.32421875,0.29296875,0.34765625
1077,1077,base,0,nan,nan,0.28515625,0.453125,0.45703125,0.29296875,0.203125,0.30859375,0.8046875,0.6953125,1.1171875,0.94140625,1.0625,1.0390625,0.78125,0.9765625,0.94921875,1.2109375,1.078125,0.7734375,1.234375,1.0625,0.75390625,0.56640625,0.375,0.265625,0.296875,0.32421875
333,333,base,0,nan,nan,0.2734375,0.44921875,0.484375,0.2890625,0.22265625,0.31640625,0.7265625,0.734375,1.109375,1.0,0.984375,0.9921875,0.7421875,0.96875,0.9453125,1.2265625,1.0546875,0.734375,1.203125,0.9921875,0.7109375,0.546875,0.38671875,0.26171875,0.28125,0.3125
2578,2578,base,0,nan,nan,0.30078125,0.4296875,0.52734375,0.33984375,0.23828125,0.37890625,0.7578125,0.7421875,1.1171875,0.9921875,0.97265625,0.96875,0.796875,1.0546875,1.0546875,1.265625,1.0625,0.6640625,1.1171875,0.94921875,0.578125,0.5390625,0.41015625,0.29296875,0.2890625,0.3125
1826,1826,base,0,nan,nan,0.3046875,0.46875,0.5078125,0.33984375,0.2109375,0.3203125,0.7890625,0.78125,1.078125,1.0390625,1.109375,1.015625,0.8046875,0.95703125,0.921875,1.171875,1.0625,0.7890625,1.25,1.0,0.8359375,0.62109375,0.43359375,0.32421875,0.29296875,0.34765625
1078,1078,base,0,nan,nan,0.28515625,0.453125,0.45703125,0.29296875,0.203125,0.30859375,0.8046875,0.6953125,1.1171875,0.94140625,1.0625,1.0390625,0.78125,0.9765625,0.94921875,1.2109375,1.078125,0.7734375,1.234375,1.0625,0.75390625,0.56640625,0.375,0.265625,0.296875,0.32421875
334,334,base,0,nan,nan,0.2734375,0.44921875,0.484375,0.2890625,0.22265625,0.31640625,0.7265625,0.734375,1.109375,1.0,0.984375,0.9921875,0.7421875,0.96875,0.9453125,1.2265625,1.0546875,0.734375,1.203125,0.9921875,0.7109375,0.546875,0.38671875,0.26171875,0.28125,0.3125
2579,2579,base,0,nan,nan,0.30078125,0.4296875,0.52734375,0.33984375,0.23828125,0.37890625,0.7578125,0.7421875,1.1171875,0.9921875,0.97265625,0.96875,0.796875,1.0546875,1.0546875,1.265625,1.0625,0.6640625,1.1171875,0.94921875,0.578125,0.5390625,0.41015625,0.29296875,0.2890625,0.3125
1827,1827,base,0,nan,nan,0.3046875,0.46875,0.5078125,0.33984375,0.2109375,0.3203125,0.7890625,0.78125,1.078125,1.0390625,1.109375,1.015625,0.8046875,0.95703125,0.921875,1.171875,1.0625,0.7890625,1.25,1.0,0.8359375,0.62109375,0.43359375,0.32421875,0.29296875,0.34765625
1079,1079,base,1,nan,nan,0.28515625,0.453125,0.45703125,0.29296875,0.203125,0.30859375,0.8046875,0.6953125,1.1171875,0.94140625,1.0625,1.0390625,0.78125,0.9765625,0.94921875,1.2109375,1.078125,0.7734375,1.234375,1.0625,0.75390625,0.56640625,0.375,0.265625,0.296875,0.32421875
335,335,base,0,nan,nan,0.2734375,0.44921875,0.484375,0.2890625,0.22265625,0.31640625,0.7265625,0.734375,1.109375,1.0,0.984375,0.9921875,0.7421875,0.96875,0.9453125,1.2265625,1.0546875,0.734375,1.203125,0.9921875,0.7109375,0.546875,0.38671875,0.26171875,0.28125,0.3125
2580,2580,base,0,nan,nan,0.30078125,0.4296875,0.52734375,0.33984375,0.23828125,0.37890625,0.7578125,0.7421875,1.1171875,0.9921875,0.97265625,0.96875,0.796875,1.0546875,1.0546875,1.265625,1.0625,0.6640625,1.1171875,0.94921875,0.578125,0.5390625,0.41015625,0.29296875,0.2890625,0.3125
1828,1828,base,0,nan,nan,0.3046875,0.46875,0.5078125,0.33984375,0.2109375,0.3203125,0.7890625,0.78125,1.078125,1.0390625,1.109375,1.015625,0.8046875,0.95703125,0.921875,1.171875,1.0625,0.7890625,1.25,1.0,0.8359375,0.62109375,0.43359375,0.32421875,0.29296875,0.34765625
1080,1080,base,0,nan,nan,0.28515625,0.453125,0.45703125,0.29296875,0.203125,0.30859375,0.8046875,0.6953125,1.1171875,0.94140625,1.0625,1.0390625,0.78125,0.9765625,0.94921875,1.2109375,1.078125,0.7734375,1.234375,1.0625,0.75390625,0.56640625,0.375,0.265625,0.296875,0.32421875
336,336,base,0,nan,nan,0.2734375,0.44921875,0.484375,0.2890625,0.22265625,0.31640625,0.7265625,0.734375,1.109375,1.0,0.984375,0.9921875,0.7421875,0.96875,0.9453125,1.2265625,1.0546875,0.734375,1.203125,0.9921875,0.7109375,0.546875,0.38671875,0.26171875,0.28125,0.3125
2581,2581,base,0,nan,nan,0.28125,0.47265625,0.51171875,0.29296875,0.2265625,0.33984375,0.7421875,0.72265625,1.125,1.0546875,1.0390625,0.97265625,0.8203125,0.97265625,0.9296875,1.171875,1.015625,0.765625,1.1796875,1.03125,0.6796875,0.578125,0.4140625,0.29296875,0.2890625,0.3203125
1829,1829,base,0,nan,nan,0.3046875,0.46875,0.5078125,0.33984375,0.2109375,0.3203125,0.7890625,0.78125,1.078125,1.0390625,1.109375,1.015625,0.8046875,0.95703125,0.921875,1.171875,1.0625,0.7890625,1.25,1.0,0.8359375,0.62109375,0.43359375,0.32421875,0.29296875,0.34765625
1081,1081,base,0,nan,nan,0.29296875,0.45703125,0.48828125,0.3046875,0.19921875,0.30859375,0.765625,0.71484375,1.171875,0.9296875,1.015625,1.03125,0.76171875,0.98828125,0.97265625,1.2421875,1.0625,0.7265625,1.1875,1.0078125,0.703125,0.546875,0.37890625,0.26953125,0.2890625,0.31640625
337,337,base,0,nan,nan,0.296875,0.43359375,0.49609375,0.31640625,0.22265625,0.3125,0.71875,0.73828125,1.0625,1.0703125,0.97265625,1.0,0.76953125,1.0078125,0.9375,1.140625,1.0078125,0.6953125,1.203125,1.0234375,0.68359375,0.5703125,0.41015625,0.328125,0.3125,0.3046875
2582,2582,base,0,nan,nan,0.28125,0.47265625,0.51171875,0.29296875,0.2265625,0.33984375,0.7421875,0.72265625,1.125,1.0546875,1.0390625,0.97265625,0.8203125,0.97265625,0.9296875,1.171875,1.015625,0.765625,1.1796875,1.03125,0.6796875,0.578125,0.4140625,0.29296875,0.2890625,0.3203125
1830,1830,base,0,nan,nan,0.3046875,0.46875,0.5078125,0.33984375,0.2109375,0.3203125,0.7890625,0.78125,1.078125,1.0390625,1.109375,1.015625,0.8046875,0.95703125,0.921875,1.171875,1.0625,0.7890625,1.25,1.0,0.8359375,0.62109375,0.43359375,0.32421875,0.29296875,0.34765625
1082,1082,base,0,nan,nan,0.29296875,0.45703125,0.48828125,0.3046875,0.19921875,0.30859375,0.765625,0.71484375,1.171875,0.9296875,1.015625,1.03125,0.76171875,0.98828125,0.97265625,1.2421875,1.0625,0.7265625,1.1875,1.0078125,0.703125,0.546875,0.37890625,0.26953125,0.2890625,0.31640625
338,338,base,0,nan,nan,0.296875,0.43359375,0.49609375,0.31640625,0.22265625,0.3125,0.71875,0.73828125,1.0625,1.0703125,0.97265625,1.0,0.76953125,1.0078125,0.9375,1.140625,1.0078125,0.6953125,1.203125,1.0234375,0.68359375,0.5703125,0.41015625,0.328125,0.3125,0.3046875
2583,2583,base,0,nan,nan,0.28125,0.47265625,0.51171875,0.29296875,0.2265625,0.33984375,0.7421875,0.72265625,1.125,1.0546875,1.0390625,0.97265625,0.8203125,0.97265625,0.9296875,1.171875,1.015625,0.765625,1.1796875,1.03125,0.6796875,0.578125,0.4140625,0.29296875,0.2890625,0.3203125
1831,1831,base,1,nan,nan,0.2890625,0.4140625,0.48046875,0.3125,0.1953125,0.31640625,0.80078125,0.703125,1.109375,0.96875,0.98828125,1.046875,0.80078125,0.953125,0.9140625,1.1875,1.078125,0.78515625,1.21875,1.03125,0.8125,0.63671875,0.43359375,0.30078125,0.28125,0.3203125
1083,1083,base,1,nan,nan,0.29296875,0.45703125,0.48828125,0.3046875,0.19921875,0.30859375,0.765625,0.71484375,1.171875,0.9296875,1.015625,1.03125,0.76171875,0.98828125,0.97265625,1.2421875,1.0625,0.7265625,1.1875,1.0078125,0.703125,0.546875,0.37890625,0.26953125,0.2890625,0.31640625
339,339,base,0,nan,nan,0.296875,0.43359375,0.49609375,0.31640625,0.22265625,0.3125,0.71875,0.73828125,1.0625,1.0703125,0.97265625,1.0,0.76953125,1.0078125,0.9375,1.140625,1.0078125,0.6953125,1.203125,1.0234375,0.68359375,0.5703125,0.41015625,0.328125,0.3125,0.3046875
2584,2584,base,0,nan,nan,0.28125,0.47265625,0.51171875,0.29296875,0.2265625,0.33984375,0.7421875,0.72265625,1.125,1.0546875,1.0390625,0.97265625,0.8203125,0.97265625,0.9296875,1.171875,1.015625,0.765625,1.1796875,1.03125,0.6796875,0.578125,0.4140625,0.29296875,0.2890625,0.3203125
1832,1832,base,0,nan,nan,0.2890625,0.4140625,0.48046875,0.3125,0.1953125,0.31640625,0.80078125,0.703125,1.109375,0.96875,0.98828125,1.046875,0.80078125,0.953125,0.9140625,1.1875,1.078125,0.78515625,1.21875,1.03125,0.8125,0.63671875,0.43359375,0.30078125,0.28125,0.3203125
1084,1084,base,0,nan,nan,0.29296875,0.45703125,0.48828125,0.3046875,0.19921875,0.30859375,0.765625,0.71484375,1.171875,0.9296875,1.015625,1.03125,0.76171875,0.98828125,0.97265625,1.2421875,1.0625,0.7265625,1.1875,1.0078125,0.703125,0.546875,0.37890625,0.26953125,0.2890625,0.31640625
340,340,base,0,nan,nan,0.296875,0.43359375,0.49609375,0.31640625,0.22265625,0.3125,0.71875,0.73828125,1.0625,1.0703125,0.97265625,1.0,0.76953125,1.0078125,0.9375,1.140625,1.0078125,0.6953125,1.203125,1.0234375,0.68359375,0.5703125,0.41015625,0.328125,0.3125,0.3046875
2585,2585,base,0,nan,nan,0.28125,0.47265625,0.51171875,0.29296875,0.2265625,0.33984375,0.7421875,0.72265625,1.125,1.0546875,1.0390625,0.97265625,0.8203125,0.97265625,0.9296875,1.171875,1.015625,0.765625,1.1796875,1.03125,0.6796875,0.578125,0.4140625,0.29296875,0.2890625,0.3203125
1833,1833,base,0,nan,nan,0.2890625,0.4140625,0.48046875,0.3125,0.1953125,0.31640625,0.80078125,0.703125,1.109375,0.96875,0.98828125,1.046875,0.80078125,0.953125,0.9140625,1.1875,1.078125,0.78515625,1.21875,1.03125,0.8125,0.63671875,0.43359375,0.30078125,0.28125,0.3203125
1085,1085,base,0,nan,nan,0.29296875,0.45703125,0.48828125,0.3046875,0.19921875,0.30859375,0.765625,0.71484375,1.171875,0.9296875,1.015625,1.03125,0.76171875,0.98828125,0.97265625,1.2421875,1.0625,0.7265625,1.1875,1.0078125,0.703125,0.546875,0.37890625,0.26953125,0.2890625,0.31640625
341,341,base,1,nan,nan,0.296875,0.43359375,0.49609375,0.31640625,0.22265625,0.3125,0.71875,0.73828125,1.0625,1.0703125,0.97265625,1.0,0.76953125,1.0078125,0.9375,1.140625,1.0078125,0.6953125,1.203125,1.0234375,0.68359375,0.5703125,0.41015625,0.328125,0.3125,0.3046875
2586,2586,base,0,nan,nan,0.28125,0.47265625,0.51171875,0.29296875,0.2265625,0.33984375,0.7421875,0.72265625,1.125,1.0546875,1.0390625,0.97265625,0.8203125,0.97265625,0.9296875,1.171875,1.015625,0.765625,1.1796875,1.03125,0.6796875,0.578125,0.4140625,0.29296875,0.2890625,0.3203125
1834,1834,base,0,nan,nan,0.2890625,0.4140625,0.48046875,0.3125,0.1953125,0.31640625,0.80078125,0.703125,1.109375,0.96875,0.98828125,1.046875,0.80078125,0.953125,0.9140625,1.1875,1.078125,0.78515625,1.21875,1.03125,0.8125,0.63671875,0.43359375,0.30078125,0.28125,0.3203125
1086,1086,base,0,nan,nan,0.29296875,0.45703125,0.48828125,0.3046875,0.19921875,0.30859375,0.765625,0.71484375,1.171875,0.9296875,1.015625,1.03125,0.76171875,0.98828125,0.97265625,1.2421875,1.0625,0.7265625,1.1875,1.0078125,0.703125,0.546875,0.37890625,0.26953125,0.2890625,0.31640625
342,342,base,0,nan,nan,0.296875,0.43359375,0.49609375,0.31640625,0.22265625,0.3125,0.71875,0.73828125,1.0625,1.0703125,0.97265625,1.0,0.76953125,1.0078125,0.9375,1.140625,1.0078125,0.6953125,1.203125,1.0234375,0.68359375,0.5703125,0.41015625,0.328125,0.3125,0.3046875
2587,2587,base,0,nan,nan,0.29296875,0.48046875,0.53125,0.32421875,0.234375,0.3359375,0.703125,0.76953125,1.109375,1.0546875,0.953125,0.94140625,0.796875,1.0078125,0.9765625,1.2265625,1.0,0.67578125,1.0,0.828125,0.61328125,0.53125,0.42578125,0.33203125,0.3515625,0.34765625
1835,1835,base,0,nan,nan,0.2890625,0.4140625,0.48046875,0.3125,0.1953125,0.31640625,0.80078125,0.703125,1.109375,0.96875,0.98828125,1.046875,0.80078125,0.953125,0.9140625,1.1875,1.078125,0.78515625,1.21875,1.03125,0.8125,0.63671875,0.43359375,0.30078125,0.28125,0.3203125
1087,1087,base,0,nan,nan,0.3046875,0.45703125,0.5859375,0.37890625,0.2734375,0.4453125,0.68359375,0.75390625,1.0625,1.0859375,1.0234375,0.9921875,0.76171875,1.015625,0.98046875,1.1640625,0.92578125,0.76171875,0.875,0.71875,0.53125,0.5625,0.375,0.2578125,0.296875,0.33203125
343,343,base,1,nan,nan,0.30859375,0.42578125,0.5,0.3125,0.1953125,0.34375,0.7421875,0.7109375,1.1015625,0.94921875,1.015625,0.98828125,0.8203125,0.984375,0.9296875,1.25,1.078125,0.6796875,1.1875,1.015625,0.6796875,0.5703125,0.3828125,0.27734375,0.28125,0.2734375
2588,2588,base,0,nan,nan,0.29296875,0.48046875,0.53125,0.32421875,0.234375,0.3359375,0.703125,0.76953125,1.109375,1.0546875,0.953125,0.94140625,0.796875,1.0078125,0.9765625,1.2265625,1.0,0.67578125,1.0,0.828125,0.61328125,0.53125,0.42578125,0.33203125,0.3515625,0.34765625
1836,1836,base,0,nan,nan,0.2890625,0.4140625,0.48046875,0.3125,0.1953125,0.31640625,0.80078125,0.703125,1.109375,0.96875,0.98828125,1.046875,0.80078125,0.953125,0.9140625,1.1875,1.078125,0.78515625,1.21875,1.03125,0.8125,0.63671875,0.43359375,0.30078125,0.28125,0.3203125
1088,1088,base,0,nan,nan,0.3046875,0.45703125,0.5859375,0.37890625,0.2734375,0.4453125,0.68359375,0.75390625,1.0625,1.0859375,1.0234375,0.9921875,0.76171875,1.015625,0.98046875,1.1640625,0.92578125,0.76171875,0.875,0.71875,0.53125,0.5625,0.375,0.2578125,0.296875,0.33203125
344,344,base,0,nan,nan,0.30859375,0.42578125,0.5,0.3125,0.1953125,0.34375,0.7421875,0.7109375,1.1015625,0.94921875,1.015625,0.98828125,0.8203125,0.984375,0.9296875,1.25,1.078125,0.6796875,1.1875,1.015625,0.6796875,0.5703125,0.3828125,0.27734375,0.28125,0.2734375
2589,2589,base,1,nan,nan,0.29296875,0.48046875,0.53125,0.32421875,0.234375,0.3359375,0.703125,0.76953125,1.109375,1.0546875,0.953125,0.94140625,0.796875,1.0078125,0.9765625,1.2265625,1.0,0.67578125,1.0,0.828125,0.61328125,0.53125,0.42578125,0.33203125,0.3515625,0.34765625
1837,1837,base,0,nan,nan,0.3125,0.4765625,0.5703125,0.3828125,0.25,0.3515625,0.73828125,0.8125,1.109375,1.0546875,0.94921875,0.94140625,0.8046875,1.0078125,0.95703125,1.234375,0.99609375,0.69921875,1.078125,0.875,0.6640625,0.55859375,0.44140625,0.33984375,0.31640625,0.3515625
1089,1089,base,0,nan,nan,0.3046875,0.45703125,0.5859375,0.37890625,0.2734375,0.4453125,0.68359375,0.75390625,1.0625,1.0859375,1.0234375,0.9921875,0.76171875,1.015625,0.98046875,1.1640625,0.92578125,0.76171875,0.875,0.71875,0.53125,0.5625,0.375,0.2578125,0.296875,0.33203125
345,345,base,0,nan,nan,0.30859375,0.42578125,0.5,0.3125,0.1953125,0.34375,0.7421875,0.7109375,1.1015625,0.94921875,1.015625,0.98828125,0.8203125,0.984375,0.9296875,1.25,1.078125,0.6796875,1.1875,1.015625,0.6796875,0.5703125,0.3828125,0.27734375,0.28125,0.2734375
2590,2590,base,0,nan,nan,0.29296875,0.48046875,0.53125,0.32421875,0.234375,0.3359375,0.703125,0.76953125,1.109375,1.0546875,0.953125,0.94140625,0.796875,1.0078125,0.9765625,1.2265625,1.0,0.67578125,1.0,0.828125,0.61328125,0.53125,0.42578125,0.33203125,0.3515625,0.34765625
1090,1090,base,0,nan,nan,0.3046875,0.45703125,0.5859375,0.37890625,0.2734375,0.4453125,0.68359375,0.75390625,1.0625,1.0859375,1.0234375,0.9921875,0.76171875,1.015625,0.98046875,1.1640625,0.92578125,0.76171875,0.875,0.71875,0.53125,0.5625,0.375,0.2578125,0.296875,0.33203125
1838,1838,base,0,nan,nan,0.3125,0.4765625,0.5703125,0.3828125,0.25,0.3515625,0.73828125,0.8125,1.109375,1.0546875,0.94921875,0.94140625,0.8046875,1.0078125,0.95703125,1.234375,0.99609375,0.69921875,1.078125,0.875,0.6640625,0.55859375,0.44140625,0.33984375,0.31640625,0.3515625
346,346,base,0,nan,nan,0.30859375,0.42578125,0.5,0.3125,0.1953125,0.34375,0.7421875,0.7109375,1.1015625,0.94921875,1.015625,0.98828125,0.8203125,0.984375,0.9296875,1.25,1.078125,0.6796875,1.1875,1.015625,0.6796875,0.5703125,0.3828125,0.27734375,0.28125,0.2734375
2591,2591,base,0,nan,nan,0.29296875,0.48046875,0.53125,0.32421875,0.234375,0.3359375,0.703125,0.76953125,1.109375,1.0546875,0.953125,0.94140625,0.796875,1.0078125,0.9765625,1.2265625,1.0,0.67578125,1.0,0.828125,0.61328125,0.53125,0.42578125,0.33203125,0.3515625,0.34765625
1091,1091,base,0,nan,nan,0.3046875,0.45703125,0.5859375,0.37890625,0.2734375,0.4453125,0.68359375,0.75390625,1.0625,1.0859375,1.0234375,0.9921875,0.76171875,1.015625,0.98046875,1.1640625,0.92578125,0.76171875,0.875,0.71875,0.53125,0.5625,0.375,0.2578125,0.296875,0.33203125
347,347,base,0,nan,nan,0.30859375,0.42578125,0.5,0.3125,0.1953125,0.34375,0.7421875,0.7109375,1.1015625,0.94921875,1.015625,0.98828125,0.8203125,0.984375,0.9296875,1.25,1.078125,0.6796875,1.1875,1.015625,0.6796875,0.5703125,0.3828125,0.27734375,0.28125,0.2734375
2592,2592,base,0,nan,nan,0.29296875,0.48046875,0.53125,0.32421875,0.234375,0.3359375,0.703125,0.76953125,1.109375,1.0546875,0.953125,0.94140625,0.796875,1.0078125,0.9765625,1.2265625,1.0,0.67578125,1.0,0.828125,0.61328125,0.53125,0.42578125,0.33203125,0.3515625,0.34765625
1839,1839,base,0,nan,nan,0.3125,0.4765625,0.5703125,0.3828125,0.25,0.3515625,0.73828125,0.8125,1.109375,1.0546875,0.94921875,0.94140625,0.8046875,1.0078125,0.95703125,1.234375,0.99609375,0.69921875,1.078125,0.875,0.6640625,0.55859375,0.44140625,0.33984375,0.31640625,0.3515625
1092,1092,base,0,nan,nan,0.3046875,0.45703125,0.5859375,0.37890625,0.2734375,0.4453125,0.68359375,0.75390625,1.0625,1.0859375,1.0234375,0.9921875,0.76171875,1.015625,0.98046875,1.1640625,0.92578125,0.76171875,0.875,0.71875,0.53125,0.5625,0.375,0.2578125,0.296875,0.33203125
348,348,base,0,nan,nan,0.30859375,0.42578125,0.5,0.3125,0.1953125,0.34375,0.7421875,0.7109375,1.1015625,0.94921875,1.015625,0.98828125,0.8203125,0.984375,0.9296875,1.25,1.078125,0.6796875,1.1875,1.015625,0.6796875,0.5703125,0.3828125,0.27734375,0.28125,0.2734375
2593,2593,base,0,nan,nan,0.29296875,0.47265625,0.5234375,0.3203125,0.22265625,0.328125,0.734375,0.7734375,1.1328125,0.953125,0.95703125,0.98046875,0.77734375,0.93359375,0.8828125,1.2109375,0.9921875,0.6953125,1.0625,0.8828125,0.6484375,0.5546875,0.38671875,0.2734375,0.3125,0.3203125
1840,1840,base,0,nan,nan,0.3125,0.4765625,0.5703125,0.3828125,0.25,0.3515625,0.73828125,0.8125,1.109375,1.0546875,0.94921875,0.94140625,0.8046875,1.0078125,0.95703125,1.234375,0.99609375,0.69921875,1.078125,0.875,0.6640625,0.55859375,0.44140625,0.33984375,0.31640625,0.3515625
1093,1093,base,0,nan,nan,0.30078125,0.4453125,0.515625,0.3046875,0.203125,0.34375,0.7734375,0.75,1.09375,0.9765625,0.98828125,0.984375,0.80859375,0.98828125,0.98046875,1.2734375,1.0859375,0.734375,1.234375,1.0078125,0.75,0.59375,0.4453125,0.3203125,0.3046875,0.32421875
349,349,base,0,nan,nan,0.29296875,0.4609375,0.53125,0.3125,0.2421875,0.33984375,0.70703125,0.74609375,1.0625,1.1015625,1.0078125,0.94921875,0.79296875,0.98046875,0.9375,1.3046875,1.078125,0.625,1.0390625,0.890625,0.5625,0.5234375,0.39453125,0.27734375,0.29296875,0.2890625
2594,2594,base,0,nan,nan,0.29296875,0.47265625,0.5234375,0.3203125,0.22265625,0.328125,0.734375,0.7734375,1.1328125,0.953125,0.95703125,0.98046875,0.77734375,0.93359375,0.8828125,1.2109375,0.9921875,0.6953125,1.0625,0.8828125,0.6484375,0.5546875,0.38671875,0.2734375,0.3125,0.3203125
1841,1841,base,0,nan,nan,0.3125,0.4765625,0.5703125,0.3828125,0.25,0.3515625,0.73828125,0.8125,1.109375,1.0546875,0.94921875,0.94140625,0.8046875,1.0078125,0.95703125,1.234375,0.99609375,0.69921875,1.078125,0.875,0.6640625,0.55859375,0.44140625,0.33984375,0.31640625,0.3515625
1094,1094,base,0,nan,nan,0.30078125,0.4453125,0.515625,0.3046875,0.203125,0.34375,0.7734375,0.75,1.09375,0.9765625,0.98828125,0.984375,0.80859375,0.98828125,0.98046875,1.2734375,1.0859375,0.734375,1.234375,1.0078125,0.75,0.59375,0.4453125,0.3203125,0.3046875,0.32421875
350,350,base,0,nan,nan,0.29296875,0.4609375,0.53125,0.3125,0.2421875,0.33984375,0.70703125,0.74609375,1.0625,1.1015625,1.0078125,0.94921875,0.79296875,0.98046875,0.9375,1.3046875,1.078125,0.625,1.0390625,0.890625,0.5625,0.5234375,0.39453125,0.27734375,0.29296875,0.2890625
2595,2595,base,0,nan,nan,0.29296875,0.47265625,0.5234375,0.3203125,0.22265625,0.328125,0.734375,0.7734375,1.1328125,0.953125,0.95703125,0.98046875,0.77734375,0.93359375,0.8828125,1.2109375,0.9921875,0.6953125,1.0625,0.8828125,0.6484375,0.5546875,0.38671875,0.2734375,0.3125,0.3203125
1842,1842,base,0,nan,nan,0.3125,0.4765625,0.5703125,0.3828125,0.25,0.3515625,0.73828125,0.8125,1.109375,1.0546875,0.94921875,0.94140625,0.8046875,1.0078125,0.95703125,1.234375,0.99609375,0.69921875,1.078125,0.875,0.6640625,0.55859375,0.44140625,0.33984375,0.31640625,0.3515625
1095,1095,base,0,nan,nan,0.30078125,0.4453125,0.515625,0.3046875,0.203125,0.34375,0.7734375,0.75,1.09375,0.9765625,0.98828125,0.984375,0.80859375,0.98828125,0.98046875,1.2734375,1.0859375,0.734375,1.234375,1.0078125,0.75,0.59375,0.4453125,0.3203125,0.3046875,0.32421875
351,351,base,0,nan,nan,0.29296875,0.4609375,0.53125,0.3125,0.2421875,0.33984375,0.70703125,0.74609375,1.0625,1.1015625,1.0078125,0.94921875,0.79296875,0.98046875,0.9375,1.3046875,1.078125,0.625,1.0390625,0.890625,0.5625,0.5234375,0.39453125,0.27734375,0.29296875,0.2890625
2596,2596,base,0,nan,nan,0.29296875,0.47265625,0.5234375,0.3203125,0.22265625,0.328125,0.734375,0.7734375,1.1328125,0.953125,0.95703125,0.98046875,0.77734375,0.93359375,0.8828125,1.2109375,0.9921875,0.6953125,1.0625,0.8828125,0.6484375,0.5546875,0.38671875,0.2734375,0.3125,0.3203125
1843,1843,base,1,nan,nan,0.30859375,0.46484375,0.48828125,0.30078125,0.20703125,0.3203125,0.79296875,0.71875,1.1796875,0.9140625,1.0234375,1.0078125,0.7421875,1.0078125,1.0078125,1.171875,1.0234375,0.8125,1.1875,1.0078125,0.8046875,0.63671875,0.39453125,0.30078125,0.30078125,0.3125
1096,1096,base,0,nan,nan,0.30078125,0.4453125,0.515625,0.3046875,0.203125,0.34375,0.7734375,0.75,1.09375,0.9765625,0.98828125,0.984375,0.80859375,0.98828125,0.98046875,1.2734375,1.0859375,0.734375,1.234375,1.0078125,0.75,0.59375,0.4453125,0.3203125,0.3046875,0.32421875
352,352,base,0,nan,nan,0.29296875,0.4609375,0.53125,0.3125,0.2421875,0.33984375,0.70703125,0.74609375,1.0625,1.1015625,1.0078125,0.94921875,0.79296875,0.98046875,0.9375,1.3046875,1.078125,0.625,1.0390625,0.890625,0.5625,0.5234375,0.39453125,0.27734375,0.29296875,0.2890625
2597,2597,base,0,nan,nan,0.29296875,0.47265625,0.5234375,0.3203125,0.22265625,0.328125,0.734375,0.7734375,1.1328125,0.953125,0.95703125,0.98046875,0.77734375,0.93359375,0.8828125,1.2109375,0.9921875,0.6953125,1.0625,0.8828125,0.6484375,0.5546875,0.38671875,0.2734375,0.3125,0.3203125
1844,1844,base,0,nan,nan,0.30859375,0.46484375,0.48828125,0.30078125,0.20703125,0.3203125,0.79296875,0.71875,1.1796875,0.9140625,1.0234375,1.0078125,0.7421875,1.0078125,1.0078125,1.171875,1.0234375,0.8125,1.1875,1.0078125,0.8046875,0.63671875,0.39453125,0.30078125,0.30078125,0.3125
1097,1097,base,0,nan,nan,0.30078125,0.4453125,0.515625,0.3046875,0.203125,0.34375,0.7734375,0.75,1.09375,0.9765625,0.98828125,0.984375,0.80859375,0.98828125,0.98046875,1.2734375,1.0859375,0.734375,1.234375,1.0078125,0.75,0.59375,0.4453125,0.3203125,0.3046875,0.32421875
353,353,base,1,nan,nan,0.29296875,0.4609375,0.53125,0.3125,0.2421875,0.33984375,0.70703125,0.74609375,1.0625,1.1015625,1.0078125,0.94921875,0.79296875,0.98046875,0.9375,1.3046875,1.078125,0.625,1.0390625,0.890625,0.5625,0.5234375,0.39453125,0.27734375,0.29296875,0.2890625
2598,2598,base,0,nan,nan,0.29296875,0.47265625,0.5234375,0.3203125,0.22265625,0.328125,0.734375,0.7734375,1.1328125,0.953125,0.95703125,0.98046875,0.77734375,0.93359375,0.8828125,1.2109375,0.9921875,0.6953125,1.0625,0.8828125,0.6484375,0.5546875,0.38671875,0.2734375,0.3125,0.3203125
1845,1845,base,1,nan,nan,0.30859375,0.46484375,0.48828125,0.30078125,0.20703125,0.3203125,0.79296875,0.71875,1.1796875,0.9140625,1.0234375,1.0078125,0.7421875,1.0078125,1.0078125,1.171875,1.0234375,0.8125,1.1875,1.0078125,0.8046875,0.63671875,0.39453125,0.30078125,0.30078125,0.3125
1098,1098,base,0,nan,nan,0.30078125,0.4453125,0.515625,0.3046875,0.203125,0.34375,0.7734375,0.75,1.09375,0.9765625,0.98828125,0.984375,0.80859375,0.98828125,0.98046875,1.2734375,1.0859375,0.734375,1.234375,1.0078125,0.75,0.59375,0.4453125,0.3203125,0.3046875,0.32421875
354,354,base,0,nan,nan,0.29296875,0.4609375,0.53125,0.3125,0.2421875,0.33984375,0.70703125,0.74609375,1.0625,1.1015625,1.0078125,0.94921875,0.79296875,0.98046875,0.9375,1.3046875,1.078125,0.625,1.0390625,0.890625,0.5625,0.5234375,0.39453125,0.27734375,0.29296875,0.2890625
2599,2599,base,1,nan,nan,0.296875,0.45703125,0.484375,0.2890625,0.20703125,0.33203125,0.7578125,0.78125,1.1796875,0.9140625,1.0390625,1.0625,0.76171875,0.953125,0.8671875,1.140625,0.99609375,0.734375,1.203125,0.96875,0.6171875,0.48046875,0.33203125,0.234375,0.24609375,0.2890625
1846,1846,base,0,nan,nan,0.30859375,0.46484375,0.48828125,0.30078125,0.20703125,0.3203125,0.79296875,0.71875,1.1796875,0.9140625,1.0234375,1.0078125,0.7421875,1.0078125,1.0078125,1.171875,1.0234375,0.8125,1.1875,1.0078125,0.8046875,0.63671875,0.39453125,0.30078125,0.30078125,0.3125
1099,1099,base,0,nan,nan,0.30859375,0.46875,0.46875,0.28515625,0.22265625,0.34375,0.76953125,0.75,1.03125,1.03125,1.015625,1.0546875,0.7890625,0.921875,0.828125,1.1328125,1.0234375,0.7421875,1.1875,0.92578125,0.76953125,0.5859375,0.39453125,0.2734375,0.2890625,0.33203125
355,355,base,1,nan,nan,0.328125,0.4296875,0.48046875,0.33984375,0.21484375,0.34375,0.82421875,0.72265625,1.140625,0.94140625,1.0546875,1.15625,0.88671875,0.98828125,0.94921875,1.1328125,1.09375,0.8671875,1.203125,0.9375,0.91015625,0.7109375,0.3828125,0.24609375,0.30859375,0.36328125
1847,1847,base,0,nan,nan,0.30859375,0.46484375,0.48828125,0.30078125,0.20703125,0.3203125,0.79296875,0.71875,1.1796875,0.9140625,1.0234375,1.0078125,0.7421875,1.0078125,1.0078125,1.171875,1.0234375,0.8125,1.1875,1.0078125,0.8046875,0.63671875,0.39453125,0.30078125,0.30078125,0.3125
2600,2600,base,0,nan,nan,0.296875,0.45703125,0.484375,0.2890625,0.20703125,0.33203125,0.7578125,0.78125,1.1796875,0.9140625,1.0390625,1.0625,0.76171875,0.953125,0.8671875,1.140625,0.99609375,0.734375,1.203125,0.96875,0.6171875,0.48046875,0.33203125,0.234375,0.24609375,0.2890625
1100,1100,base,0,nan,nan,0.30859375,0.46875,0.46875,0.28515625,0.22265625,0.34375,0.76953125,0.75,1.03125,1.03125,1.015625,1.0546875,0.7890625,0.921875,0.828125,1.1328125,1.0234375,0.7421875,1.1875,0.92578125,0.76953125,0.5859375,0.39453125,0.2734375,0.2890625,0.33203125
1848,1848,base,0,nan,nan,0.30859375,0.46484375,0.48828125,0.30078125,0.20703125,0.3203125,0.79296875,0.71875,1.1796875,0.9140625,1.0234375,1.0078125,0.7421875,1.0078125,1.0078125,1.171875,1.0234375,0.8125,1.1875,1.0078125,0.8046875,0.63671875,0.39453125,0.30078125,0.30078125,0.3125
356,356,base,0,nan,nan,0.328125,0.4296875,0.48046875,0.33984375,0.21484375,0.34375,0.82421875,0.72265625,1.140625,0.94140625,1.0546875,1.15625,0.88671875,0.98828125,0.94921875,1.1328125,1.09375,0.8671875,1.203125,0.9375,0.91015625,0.7109375,0.3828125,0.24609375,0.30859375,0.36328125
2601,2601,base,1,nan,nan,0.296875,0.45703125,0.484375,0.2890625,0.20703125,0.33203125,0.7578125,0.78125,1.1796875,0.9140625,1.0390625,1.0625,0.76171875,0.953125,0.8671875,1.140625,0.99609375,0.734375,1.203125,0.96875,0.6171875,0.48046875,0.33203125,0.234375,0.24609375,0.2890625
1101,1101,base,1,nan,nan,0.30859375,0.46875,0.46875,0.28515625,0.22265625,0.34375,0.76953125,0.75,1.03125,1.03125,1.015625,1.0546875,0.7890625,0.921875,0.828125,1.1328125,1.0234375,0.7421875,1.1875,0.92578125,0.76953125,0.5859375,0.39453125,0.2734375,0.2890625,0.33203125
1849,1849,base,0,nan,nan,0.30859375,0.5234375,0.5859375,0.34765625,0.23046875,0.3359375,0.71875,0.765625,1.0546875,1.1015625,1.0078125,1.0078125,0.82421875,0.984375,0.91796875,1.1640625,1.0234375,0.6875,1.1796875,0.93359375,0.65625,0.5546875,0.4296875,0.3515625,0.375,0.3984375
357,357,base,1,nan,nan,0.328125,0.4296875,0.48046875,0.33984375,0.21484375,0.34375,0.82421875,0.72265625,1.140625,0.94140625,1.0546875,1.15625,0.88671875,0.98828125,0.94921875,1.1328125,1.09375,0.8671875,1.203125,0.9375,0.91015625,0.7109375,0.3828125,0.24609375,0.30859375,0.36328125
2602,2602,base,0,nan,nan,0.296875,0.45703125,0.484375,0.2890625,0.20703125,0.33203125,0.7578125,0.78125,1.1796875,0.9140625,1.0390625,1.0625,0.76171875,0.953125,0.8671875,1.140625,0.99609375,0.734375,1.203125,0.96875,0.6171875,0.48046875,0.33203125,0.234375,0.24609375,0.2890625
1102,1102,base,0,nan,nan,0.30859375,0.46875,0.46875,0.28515625,0.22265625,0.34375,0.76953125,0.75,1.03125,1.03125,1.015625,1.0546875,0.7890625,0.921875,0.828125,1.1328125,1.0234375,0.7421875,1.1875,0.92578125,0.76953125,0.5859375,0.39453125,0.2734375,0.2890625,0.33203125
1850,1850,base,0,nan,nan,0.30859375,0.5234375,0.5859375,0.34765625,0.23046875,0.3359375,0.71875,0.765625,1.0546875,1.1015625,1.0078125,1.0078125,0.82421875,0.984375,0.91796875,1.1640625,1.0234375,0.6875,1.1796875,0.93359375,0.65625,0.5546875,0.4296875,0.3515625,0.375,0.3984375
358,358,base,0,nan,nan,0.328125,0.4296875,0.48046875,0.33984375,0.21484375,0.34375,0.82421875,0.72265625,1.140625,0.94140625,1.0546875,1.15625,0.88671875,0.98828125,0.94921875,1.1328125,1.09375,0.8671875,1.203125,0.9375,0.91015625,0.7109375,0.3828125,0.24609375,0.30859375,0.36328125
2603,2603,base,0,nan,nan,0.296875,0.45703125,0.484375,0.2890625,0.20703125,0.33203125,0.7578125,0.78125,1.1796875,0.9140625,1.0390625,1.0625,0.76171875,0.953125,0.8671875,1.140625,0.99609375,0.734375,1.203125,0.96875,0.6171875,0.48046875,0.33203125,0.234375,0.24609375,0.2890625
1103,1103,base,0,nan,nan,0.30859375,0.46875,0.46875,0.28515625,0.22265625,0.34375,0.76953125,0.75,1.03125,1.03125,1.015625,1.0546875,0.7890625,0.921875,0.828125,1.1328125,1.0234375,0.7421875,1.1875,0.92578125,0.76953125,0.5859375,0.39453125,0.2734375,0.2890625,0.33203125
1851,1851,base,0,nan,nan,0.30859375,0.5234375,0.5859375,0.34765625,0.23046875,0.3359375,0.71875,0.765625,1.0546875,1.1015625,1.0078125,1.0078125,0.82421875,0.984375,0.91796875,1.1640625,1.0234375,0.6875,1.1796875,0.93359375,0.65625,0.5546875,0.4296875,0.3515625,0.375,0.3984375
359,359,base,1,nan,nan,0.328125,0.4296875,0.48046875,0.33984375,0.21484375,0.34375,0.82421875,0.72265625,1.140625,0.94140625,1.0546875,1.15625,0.88671875,0.98828125,0.94921875,1.1328125,1.09375,0.8671875,1.203125,0.9375,0.91015625,0.7109375,0.3828125,0.24609375,0.30859375,0.36328125
2604,2604,base,0,nan,nan,0.296875,0.45703125,0.484375,0.2890625,0.20703125,0.33203125,0.7578125,0.78125,1.1796875,0.9140625,1.0390625,1.0625,0.76171875,0.953125,0.8671875,1.140625,0.99609375,0.734375,1.203125,0.96875,0.6171875,0.48046875,0.33203125,0.234375,0.24609375,0.2890625
1104,1104,base,0,nan,nan,0.30859375,0.46875,0.46875,0.28515625,0.22265625,0.34375,0.76953125,0.75,1.03125,1.03125,1.015625,1.0546875,0.7890625,0.921875,0.828125,1.1328125,1.0234375,0.7421875,1.1875,0.92578125,0.76953125,0.5859375,0.39453125,0.2734375,0.2890625,0.33203125
1852,1852,base,0,nan,nan,0.30859375,0.5234375,0.5859375,0.34765625,0.23046875,0.3359375,0.71875,0.765625,1.0546875,1.1015625,1.0078125,1.0078125,0.82421875,0.984375,0.91796875,1.1640625,1.0234375,0.6875,1.1796875,0.93359375,0.65625,0.5546875,0.4296875,0.3515625,0.375,0.3984375
360,360,base,0,nan,nan,0.328125,0.4296875,0.48046875,0.33984375,0.21484375,0.34375,0.82421875,0.72265625,1.140625,0.94140625,1.0546875,1.15625,0.88671875,0.98828125,0.94921875,1.1328125,1.09375,0.8671875,1.203125,0.9375,0.91015625,0.7109375,0.3828125,0.24609375,0.30859375,0.36328125
2605,2605,base,0,nan,nan,0.27734375,0.44140625,0.5390625,0.32421875,0.2578125,0.3515625,0.7578125,0.765625,1.0703125,1.015625,0.92578125,0.90625,0.7578125,1.0390625,0.984375,1.2890625,1.03125,0.6953125,1.078125,0.87890625,0.578125,0.52734375,0.3671875,0.24609375,0.25390625,0.28515625
1105,1105,base,0,nan,nan,0.3125,0.49609375,0.5546875,0.4140625,0.2265625,0.3515625,0.7265625,0.78125,1.0625,1.046875,1.046875,0.96875,0.75,1.0625,1.046875,1.2578125,1.015625,0.75,1.2265625,1.0546875,0.64453125,0.546875,0.4296875,0.32421875,0.30859375,0.35546875
1853,1853,base,1,nan,nan,0.30859375,0.5234375,0.5859375,0.34765625,0.23046875,0.3359375,0.71875,0.765625,1.0546875,1.1015625,1.0078125,1.0078125,0.82421875,0.984375,0.91796875,1.1640625,1.0234375,0.6875,1.1796875,0.93359375,0.65625,0.5546875,0.4296875,0.3515625,0.375,0.3984375
361,361,base,0,nan,nan,0.3046875,0.4765625,0.4765625,0.28125,0.23828125,0.35546875,0.7265625,0.7734375,1.0078125,1.1015625,1.0078125,1.015625,0.7421875,0.94921875,0.83984375,1.1953125,1.03125,0.71875,1.203125,0.98828125,0.7109375,0.5625,0.41796875,0.296875,0.26953125,0.3203125
2606,2606,base,0,nan,nan,0.27734375,0.44140625,0.5390625,0.32421875,0.2578125,0.3515625,0.7578125,0.765625,1.0703125,1.015625,0.92578125,0.90625,0.7578125,1.0390625,0.984375,1.2890625,1.03125,0.6953125,1.078125,0.87890625,0.578125,0.52734375,0.3671875,0.24609375,0.25390625,0.28515625
1106,1106,base,0,nan,nan,0.3125,0.49609375,0.5546875,0.4140625,0.2265625,0.3515625,0.7265625,0.78125,1.0625,1.046875,1.046875,0.96875,0.75,1.0625,1.046875,1.2578125,1.015625,0.75,1.2265625,1.0546875,0.64453125,0.546875,0.4296875,0.32421875,0.30859375,0.35546875
1854,1854,base,0,nan,nan,0.30859375,0.5234375,0.5859375,0.34765625,0.23046875,0.3359375,0.71875,0.765625,1.0546875,1.1015625,1.0078125,1.0078125,0.82421875,0.984375,0.91796875,1.1640625,1.0234375,0.6875,1.1796875,0.93359375,0.65625,0.5546875,0.4296875,0.3515625,0.375,0.3984375
362,362,base,0,nan,nan,0.3046875,0.4765625,0.4765625,0.28125,0.23828125,0.35546875,0.7265625,0.7734375,1.0078125,1.1015625,1.0078125,1.015625,0.7421875,0.94921875,0.83984375,1.1953125,1.03125,0.71875,1.203125,0.98828125,0.7109375,0.5625,0.41796875,0.296875,0.26953125,0.3203125
2607,2607,base,1,nan,nan,0.27734375,0.44140625,0.5390625,0.32421875,0.2578125,0.3515625,0.7578125,0.765625,1.0703125,1.015625,0.92578125,0.90625,0.7578125,1.0390625,0.984375,1.2890625,1.03125,0.6953125,1.078125,0.87890625,0.578125,0.52734375,0.3671875,0.24609375,0.25390625,0.28515625
1107,1107,base,1,nan,nan,0.3125,0.49609375,0.5546875,0.4140625,0.2265625,0.3515625,0.7265625,0.78125,1.0625,1.046875,1.046875,0.96875,0.75,1.0625,1.046875,1.2578125,1.015625,0.75,1.2265625,1.0546875,0.64453125,0.546875,0.4296875,0.32421875,0.30859375,0.35546875
1855,1855,base,1,nan,nan,0.2890625,0.44140625,0.48828125,0.30859375,0.234375,0.33203125,0.7421875,0.7578125,1.09375,0.96875,1.0,0.98046875,0.75,0.98828125,0.953125,1.234375,1.03125,0.72265625,1.1640625,0.94140625,0.6953125,0.5546875,0.40625,0.31640625,0.37109375,0.34765625
363,363,base,0,nan,nan,0.3046875,0.4765625,0.4765625,0.28125,0.23828125,0.35546875,0.7265625,0.7734375,1.0078125,1.1015625,1.0078125,1.015625,0.7421875,0.94921875,0.83984375,1.1953125,1.03125,0.71875,1.203125,0.98828125,0.7109375,0.5625,0.41796875,0.296875,0.26953125,0.3203125
2608,2608,base,0,nan,nan,0.27734375,0.44140625,0.5390625,0.32421875,0.2578125,0.3515625,0.7578125,0.765625,1.0703125,1.015625,0.92578125,0.90625,0.7578125,1.0390625,0.984375,1.2890625,1.03125,0.6953125,1.078125,0.87890625,0.578125,0.52734375,0.3671875,0.24609375,0.25390625,0.28515625
1108,1108,base,0,nan,nan,0.3125,0.49609375,0.5546875,0.4140625,0.2265625,0.3515625,0.7265625,0.78125,1.0625,1.046875,1.046875,0.96875,0.75,1.0625,1.046875,1.2578125,1.015625,0.75,1.2265625,1.0546875,0.64453125,0.546875,0.4296875,0.32421875,0.30859375,0.35546875
1856,1856,base,0,nan,nan,0.2890625,0.44140625,0.48828125,0.30859375,0.234375,0.33203125,0.7421875,0.7578125,1.09375,0.96875,1.0,0.98046875,0.75,0.98828125,0.953125,1.234375,1.03125,0.72265625,1.1640625,0.94140625,0.6953125,0.5546875,0.40625,0.31640625,0.37109375,0.34765625
364,364,base,0,nan,nan,0.3046875,0.4765625,0.4765625,0.28125,0.23828125,0.35546875,0.7265625,0.7734375,1.0078125,1.1015625,1.0078125,1.015625,0.7421875,0.94921875,0.83984375,1.1953125,1.03125,0.71875,1.203125,0.98828125,0.7109375,0.5625,0.41796875,0.296875,0.26953125,0.3203125
2609,2609,base,0,nan,nan,0.27734375,0.44140625,0.5390625,0.32421875,0.2578125,0.3515625,0.7578125,0.765625,1.0703125,1.015625,0.92578125,0.90625,0.7578125,1.0390625,0.984375,1.2890625,1.03125,0.6953125,1.078125,0.87890625,0.578125,0.52734375,0.3671875,0.24609375,0.25390625,0.28515625
1109,1109,base,0,nan,nan,0.3125,0.49609375,0.5546875,0.4140625,0.2265625,0.3515625,0.7265625,0.78125,1.0625,1.046875,1.046875,0.96875,0.75,1.0625,1.046875,1.2578125,1.015625,0.75,1.2265625,1.0546875,0.64453125,0.546875,0.4296875,0.32421875,0.30859375,0.35546875
1857,1857,base,0,nan,nan,0.2890625,0.44140625,0.48828125,0.30859375,0.234375,0.33203125,0.7421875,0.7578125,1.09375,0.96875,1.0,0.98046875,0.75,0.98828125,0.953125,1.234375,1.03125,0.72265625,1.1640625,0.94140625,0.6953125,0.5546875,0.40625,0.31640625,0.37109375,0.34765625
365,365,base,1,nan,nan,0.3046875,0.4765625,0.4765625,0.28125,0.23828125,0.35546875,0.7265625,0.7734375,1.0078125,1.1015625,1.0078125,1.015625,0.7421875,0.94921875,0.83984375,1.1953125,1.03125,0.71875,1.203125,0.98828125,0.7109375,0.5625,0.41796875,0.296875,0.26953125,0.3203125
2610,2610,base,0,nan,nan,0.27734375,0.44140625,0.5390625,0.32421875,0.2578125,0.3515625,0.7578125,0.765625,1.0703125,1.015625,0.92578125,0.90625,0.7578125,1.0390625,0.984375,1.2890625,1.03125,0.6953125,1.078125,0.87890625,0.578125,0.52734375,0.3671875,0.24609375,0.25390625,0.28515625
1110,1110,base,0,nan,nan,0.3125,0.49609375,0.5546875,0.4140625,0.2265625,0.3515625,0.7265625,0.78125,1.0625,1.046875,1.046875,0.96875,0.75,1.0625,1.046875,1.2578125,1.015625,0.75,1.2265625,1.0546875,0.64453125,0.546875,0.4296875,0.32421875,0.30859375,0.35546875
1858,1858,base,0,nan,nan,0.2890625,0.44140625,0.48828125,0.30859375,0.234375,0.33203125,0.7421875,0.7578125,1.09375,0.96875,1.0,0.98046875,0.75,0.98828125,0.953125,1.234375,1.03125,0.72265625,1.1640625,0.94140625,0.6953125,0.5546875,0.40625,0.31640625,0.37109375,0.34765625
366,366,base,0,nan,nan,0.3046875,0.4765625,0.4765625,0.28125,0.23828125,0.35546875,0.7265625,0.7734375,1.0078125,1.1015625,1.0078125,1.015625,0.7421875,0.94921875,0.83984375,1.1953125,1.03125,0.71875,1.203125,0.98828125,0.7109375,0.5625,0.41796875,0.296875,0.26953125,0.3203125
2611,2611,base,1,nan,nan,0.29296875,0.45703125,0.45703125,0.26953125,0.203125,0.3203125,0.78515625,0.7421875,1.1171875,0.96875,1.03125,0.984375,0.859375,0.95703125,0.91015625,1.1953125,1.09375,0.75,1.1640625,0.94140625,0.79296875,0.6171875,0.41015625,0.28515625,0.328125,0.34375
1111,1111,base,1,nan,nan,0.32421875,0.4296875,0.4609375,0.359375,0.21484375,0.33984375,0.84765625,0.71875,1.15625,0.9296875,1.0078125,1.1484375,0.921875,1.015625,0.9609375,1.140625,1.1015625,0.890625,1.1796875,0.90234375,0.9453125,0.83203125,0.3984375,0.296875,0.35546875,0.3671875
1859,1859,base,1,nan,nan,0.2890625,0.44140625,0.48828125,0.30859375,0.234375,0.33203125,0.7421875,0.7578125,1.09375,0.96875,1.0,0.98046875,0.75,0.98828125,0.953125,1.234375,1.03125,0.72265625,1.1640625,0.94140625,0.6953125,0.5546875,0.40625,0.31640625,0.37109375,0.34765625
367,367,base,0,nan,nan,0.3046875,0.4296875,0.45703125,0.3046875,0.22265625,0.34765625,0.76171875,0.76171875,1.09375,0.96875,1.078125,1.046875,0.80078125,0.97265625,0.96484375,1.2109375,1.078125,0.72265625,1.1953125,0.96875,0.7421875,0.6015625,0.390625,0.27734375,0.265625,0.296875
2612,2612,base,0,nan,nan,0.29296875,0.45703125,0.45703125,0.26953125,0.203125,0.3203125,0.78515625,0.7421875,1.1171875,0.96875,1.03125,0.984375,0.859375,0.95703125,0.91015625,1.1953125,1.09375,0.75,1.1640625,0.94140625,0.79296875,0.6171875,0.41015625,0.28515625,0.328125,0.34375
1112,1112,base,0,nan,nan,0.32421875,0.4296875,0.4609375,0.359375,0.21484375,0.33984375,0.84765625,0.71875,1.15625,0.9296875,1.0078125,1.1484375,0.921875,1.015625,0.9609375,1.140625,1.1015625,0.890625,1.1796875,0.90234375,0.9453125,0.83203125,0.3984375,0.296875,0.35546875,0.3671875
1860,1860,base,0,nan,nan,0.2890625,0.44140625,0.48828125,0.30859375,0.234375,0.33203125,0.7421875,0.7578125,1.09375,0.96875,1.0,0.98046875,0.75,0.98828125,0.953125,1.234375,1.03125,0.72265625,1.1640625,0.94140625,0.6953125,0.5546875,0.40625,0.31640625,0.37109375,0.34765625
368,368,base,0,nan,nan,0.3046875,0.4296875,0.45703125,0.3046875,0.22265625,0.34765625,0.76171875,0.76171875,1.09375,0.96875,1.078125,1.046875,0.80078125,0.97265625,0.96484375,1.2109375,1.078125,0.72265625,1.1953125,0.96875,0.7421875,0.6015625,0.390625,0.27734375,0.265625,0.296875
2613,2613,base,0,nan,nan,0.29296875,0.45703125,0.45703125,0.26953125,0.203125,0.3203125,0.78515625,0.7421875,1.1171875,0.96875,1.03125,0.984375,0.859375,0.95703125,0.91015625,1.1953125,1.09375,0.75,1.1640625,0.94140625,0.79296875,0.6171875,0.41015625,0.28515625,0.328125,0.34375
1113,1113,base,1,nan,nan,0.32421875,0.4296875,0.4609375,0.359375,0.21484375,0.33984375,0.84765625,0.71875,1.15625,0.9296875,1.0078125,1.1484375,0.921875,1.015625,0.9609375,1.140625,1.1015625,0.890625,1.1796875,0.90234375,0.9453125,0.83203125,0.3984375,0.296875,0.35546875,0.3671875
1861,1861,base,0,nan,nan,0.2890625,0.46484375,0.515625,0.34765625,0.234375,0.33203125,0.78515625,0.734375,1.15625,0.91015625,0.96484375,0.95703125,0.7734375,0.96484375,0.9609375,1.2578125,1.0625,0.7421875,1.1171875,0.9140625,0.61328125,0.515625,0.3828125,0.2734375,0.296875,0.3125
369,369,base,1,nan,nan,0.3046875,0.4296875,0.45703125,0.3046875,0.22265625,0.34765625,0.76171875,0.76171875,1.09375,0.96875,1.078125,1.046875,0.80078125,0.97265625,0.96484375,1.2109375,1.078125,0.72265625,1.1953125,0.96875,0.7421875,0.6015625,0.390625,0.27734375,0.265625,0.296875
2614,2614,base,0,nan,nan,0.29296875,0.45703125,0.45703125,0.26953125,0.203125,0.3203125,0.78515625,0.7421875,1.1171875,0.96875,1.03125,0.984375,0.859375,0.95703125,0.91015625,1.1953125,1.09375,0.75,1.1640625,0.94140625,0.79296875,0.6171875,0.41015625,0.28515625,0.328125,0.34375
1114,1114,base,0,nan,nan,0.32421875,0.4296875,0.4609375,0.359375,0.21484375,0.33984375,0.84765625,0.71875,1.15625,0.9296875,1.0078125,1.1484375,0.921875,1.015625,0.9609375,1.140625,1.1015625,0.890625,1.1796875,0.90234375,0.9453125,0.83203125,0.3984375,0.296875,0.35546875,0.3671875
1862,1862,base,0,nan,nan,0.2890625,0.46484375,0.515625,0.34765625,0.234375,0.33203125,0.78515625,0.734375,1.15625,0.91015625,0.96484375,0.95703125,0.7734375,0.96484375,0.9609375,1.2578125,1.0625,0.7421875,1.1171875,0.9140625,0.61328125,0.515625,0.3828125,0.2734375,0.296875,0.3125
370,370,base,0,nan,nan,0.3046875,0.4296875,0.45703125,0.3046875,0.22265625,0.34765625,0.76171875,0.76171875,1.09375,0.96875,1.078125,1.046875,0.80078125,0.97265625,0.96484375,1.2109375,1.078125,0.72265625,1.1953125,0.96875,0.7421875,0.6015625,0.390625,0.27734375,0.265625,0.296875
2615,2615,base,0,nan,nan,0.29296875,0.45703125,0.45703125,0.26953125,0.203125,0.3203125,0.78515625,0.7421875,1.1171875,0.96875,1.03125,0.984375,0.859375,0.95703125,0.91015625,1.1953125,1.09375,0.75,1.1640625,0.94140625,0.79296875,0.6171875,0.41015625,0.28515625,0.328125,0.34375
1115,1115,base,0,nan,nan,0.32421875,0.4296875,0.4609375,0.359375,0.21484375,0.33984375,0.84765625,0.71875,1.15625,0.9296875,1.0078125,1.1484375,0.921875,1.015625,0.9609375,1.140625,1.1015625,0.890625,1.1796875,0.90234375,0.9453125,0.83203125,0.3984375,0.296875,0.35546875,0.3671875
1863,1863,base,0,nan,nan,0.2890625,0.46484375,0.515625,0.34765625,0.234375,0.33203125,0.78515625,0.734375,1.15625,0.91015625,0.96484375,0.95703125,0.7734375,0.96484375,0.9609375,1.2578125,1.0625,0.7421875,1.1171875,0.9140625,0.61328125,0.515625,0.3828125,0.2734375,0.296875,0.3125
371,371,base,1,nan,nan,0.3046875,0.4296875,0.45703125,0.3046875,0.22265625,0.34765625,0.76171875,0.76171875,1.09375,0.96875,1.078125,1.046875,0.80078125,0.97265625,0.96484375,1.2109375,1.078125,0.72265625,1.1953125,0.96875,0.7421875,0.6015625,0.390625,0.27734375,0.265625,0.296875
1116,1116,base,0,nan,nan,0.32421875,0.4296875,0.4609375,0.359375,0.21484375,0.33984375,0.84765625,0.71875,1.15625,0.9296875,1.0078125,1.1484375,0.921875,1.015625,0.9609375,1.140625,1.1015625,0.890625,1.1796875,0.90234375,0.9453125,0.83203125,0.3984375,0.296875,0.35546875,0.3671875
2616,2616,base,0,nan,nan,0.29296875,0.45703125,0.45703125,0.26953125,0.203125,0.3203125,0.78515625,0.7421875,1.1171875,0.96875,1.03125,0.984375,0.859375,0.95703125,0.91015625,1.1953125,1.09375,0.75,1.1640625,0.94140625,0.79296875,0.6171875,0.41015625,0.28515625,0.328125,0.34375
1864,1864,base,0,nan,nan,0.2890625,0.46484375,0.515625,0.34765625,0.234375,0.33203125,0.78515625,0.734375,1.15625,0.91015625,0.96484375,0.95703125,0.7734375,0.96484375,0.9609375,1.2578125,1.0625,0.7421875,1.1171875,0.9140625,0.61328125,0.515625,0.3828125,0.2734375,0.296875,0.3125
372,372,base,0,nan,nan,0.3046875,0.4296875,0.45703125,0.3046875,0.22265625,0.34765625,0.76171875,0.76171875,1.09375,0.96875,1.078125,1.046875,0.80078125,0.97265625,0.96484375,1.2109375,1.078125,0.72265625,1.1953125,0.96875,0.7421875,0.6015625,0.390625,0.27734375,0.265625,0.296875
1117,1117,base,0,nan,nan,0.3125,0.43359375,0.5390625,0.359375,0.203125,0.35546875,0.73828125,0.734375,1.046875,1.0234375,1.0078125,1.0390625,0.76953125,0.99609375,0.96484375,1.2421875,1.0859375,0.66015625,1.265625,1.0546875,0.765625,0.625,0.453125,0.34765625,0.29296875,0.296875
2617,2617,base,0,nan,nan,0.3203125,0.4765625,0.5546875,0.3671875,0.2421875,0.35546875,0.69921875,0.7734375,1.1328125,0.90234375,0.97265625,0.96875,0.80859375,0.93359375,0.90625,1.234375,0.984375,0.671875,1.1484375,0.97265625,0.578125,0.5546875,0.375,0.27734375,0.30859375,0.2890625
1865,1865,base,0,nan,nan,0.2890625,0.46484375,0.515625,0.34765625,0.234375,0.33203125,0.78515625,0.734375,1.15625,0.91015625,0.96484375,0.95703125,0.7734375,0.96484375,0.9609375,1.2578125,1.0625,0.7421875,1.1171875,0.9140625,0.61328125,0.515625,0.3828125,0.2734375,0.296875,0.3125
373,373,base,0,nan,nan,0.3046875,0.44140625,0.48828125,0.296875,0.2265625,0.38671875,0.7109375,0.7890625,1.1640625,0.9375,1.015625,1.0,0.75,0.90625,0.8359375,1.234375,1.0390625,0.65625,1.0390625,0.8203125,0.59375,0.50390625,0.37109375,0.2734375,0.27734375,0.28515625
1118,1118,base,0,nan,nan,0.3125,0.43359375,0.5390625,0.359375,0.203125,0.35546875,0.73828125,0.734375,1.046875,1.0234375,1.0078125,1.0390625,0.76953125,0.99609375,0.96484375,1.2421875,1.0859375,0.66015625,1.265625,1.0546875,0.765625,0.625,0.453125,0.34765625,0.29296875,0.296875
2618,2618,base,0,nan,nan,0.3203125,0.4765625,0.5546875,0.3671875,0.2421875,0.35546875,0.69921875,0.7734375,1.1328125,0.90234375,0.97265625,0.96875,0.80859375,0.93359375,0.90625,1.234375,0.984375,0.671875,1.1484375,0.97265625,0.578125,0.5546875,0.375,0.27734375,0.30859375,0.2890625
1866,1866,base,0,nan,nan,0.2890625,0.46484375,0.515625,0.34765625,0.234375,0.33203125,0.78515625,0.734375,1.15625,0.91015625,0.96484375,0.95703125,0.7734375,0.96484375,0.9609375,1.2578125,1.0625,0.7421875,1.1171875,0.9140625,0.61328125,0.515625,0.3828125,0.2734375,0.296875,0.3125
374,374,base,0,nan,nan,0.3046875,0.44140625,0.48828125,0.296875,0.2265625,0.38671875,0.7109375,0.7890625,1.1640625,0.9375,1.015625,1.0,0.75,0.90625,0.8359375,1.234375,1.0390625,0.65625,1.0390625,0.8203125,0.59375,0.50390625,0.37109375,0.2734375,0.27734375,0.28515625
1119,1119,base,0,nan,nan,0.3125,0.43359375,0.5390625,0.359375,0.203125,0.35546875,0.73828125,0.734375,1.046875,1.0234375,1.0078125,1.0390625,0.76953125,0.99609375,0.96484375,1.2421875,1.0859375,0.66015625,1.265625,1.0546875,0.765625,0.625,0.453125,0.34765625,0.29296875,0.296875
2619,2619,base,1,nan,nan,0.3203125,0.4765625,0.5546875,0.3671875,0.2421875,0.35546875,0.69921875,0.7734375,1.1328125,0.90234375,0.97265625,0.96875,0.80859375,0.93359375,0.90625,1.234375,0.984375,0.671875,1.1484375,0.97265625,0.578125,0.5546875,0.375,0.27734375,0.30859375,0.2890625
1867,1867,base,0,nan,nan,0.28515625,0.4453125,0.5234375,0.33203125,0.26171875,0.35546875,0.73046875,0.73828125,1.1015625,1.0390625,0.9765625,0.96484375,0.7421875,1.0859375,1.046875,1.328125,1.0390625,0.7109375,1.1328125,0.921875,0.609375,0.5859375,0.40234375,0.28125,0.28125,0.296875
375,375,base,0,nan,nan,0.3046875,0.44140625,0.48828125,0.296875,0.2265625,0.38671875,0.7109375,0.7890625,1.1640625,0.9375,1.015625,1.0,0.75,0.90625,0.8359375,1.234375,1.0390625,0.65625,1.0390625,0.8203125,0.59375,0.50390625,0.37109375,0.2734375,0.27734375,0.28515625
1120,1120,base,0,nan,nan,0.3125,0.43359375,0.5390625,0.359375,0.203125,0.35546875,0.73828125,0.734375,1.046875,1.0234375,1.0078125,1.0390625,0.76953125,0.99609375,0.96484375,1.2421875,1.0859375,0.66015625,1.265625,1.0546875,0.765625,0.625,0.453125,0.34765625,0.29296875,0.296875
2620,2620,base,0,nan,nan,0.3203125,0.4765625,0.5546875,0.3671875,0.2421875,0.35546875,0.69921875,0.7734375,1.1328125,0.90234375,0.97265625,0.96875,0.80859375,0.93359375,0.90625,1.234375,0.984375,0.671875,1.1484375,0.97265625,0.578125,0.5546875,0.375,0.27734375,0.30859375,0.2890625
1868,1868,base,0,nan,nan,0.28515625,0.4453125,0.5234375,0.33203125,0.26171875,0.35546875,0.73046875,0.73828125,1.1015625,1.0390625,0.9765625,0.96484375,0.7421875,1.0859375,1.046875,1.328125,1.0390625,0.7109375,1.1328125,0.921875,0.609375,0.5859375,0.40234375,0.28125,0.28125,0.296875
376,376,base,0,nan,nan,0.3046875,0.44140625,0.48828125,0.296875,0.2265625,0.38671875,0.7109375,0.7890625,1.1640625,0.9375,1.015625,1.0,0.75,0.90625,0.8359375,1.234375,1.0390625,0.65625,1.0390625,0.8203125,0.59375,0.50390625,0.37109375,0.2734375,0.27734375,0.28515625
1121,1121,base,0,nan,nan,0.3125,0.43359375,0.5390625,0.359375,0.203125,0.35546875,0.73828125,0.734375,1.046875,1.0234375,1.0078125,1.0390625,0.76953125,0.99609375,0.96484375,1.2421875,1.0859375,0.66015625,1.265625,1.0546875,0.765625,0.625,0.453125,0.34765625,0.29296875,0.296875
2621,2621,base,0,nan,nan,0.3203125,0.4765625,0.5546875,0.3671875,0.2421875,0.35546875,0.69921875,0.7734375,1.1328125,0.90234375,0.97265625,0.96875,0.80859375,0.93359375,0.90625,1.234375,0.984375,0.671875,1.1484375,0.97265625,0.578125,0.5546875,0.375,0.27734375,0.30859375,0.2890625
1869,1869,base,1,nan,nan,0.28515625,0.4453125,0.5234375,0.33203125,0.26171875,0.35546875,0.73046875,0.73828125,1.1015625,1.0390625,0.9765625,0.96484375,0.7421875,1.0859375,1.046875,1.328125,1.0390625,0.7109375,1.1328125,0.921875,0.609375,0.5859375,0.40234375,0.28125,0.28125,0.296875
377,377,base,0,nan,nan,0.3046875,0.44140625,0.48828125,0.296875,0.2265625,0.38671875,0.7109375,0.7890625,1.1640625,0.9375,1.015625,1.0,0.75,0.90625,0.8359375,1.234375,1.0390625,0.65625,1.0390625,0.8203125,0.59375,0.50390625,0.37109375,0.2734375,0.27734375,0.28515625
1122,1122,base,0,nan,nan,0.3125,0.43359375,0.5390625,0.359375,0.203125,0.35546875,0.73828125,0.734375,1.046875,1.0234375,1.0078125,1.0390625,0.76953125,0.99609375,0.96484375,1.2421875,1.0859375,0.66015625,1.265625,1.0546875,0.765625,0.625,0.453125,0.34765625,0.29296875,0.296875
2622,2622,base,0,nan,nan,0.3203125,0.4765625,0.5546875,0.3671875,0.2421875,0.35546875,0.69921875,0.7734375,1.1328125,0.90234375,0.97265625,0.96875,0.80859375,0.93359375,0.90625,1.234375,0.984375,0.671875,1.1484375,0.97265625,0.578125,0.5546875,0.375,0.27734375,0.30859375,0.2890625
1870,1870,base,0,nan,nan,0.28515625,0.4453125,0.5234375,0.33203125,0.26171875,0.35546875,0.73046875,0.73828125,1.1015625,1.0390625,0.9765625,0.96484375,0.7421875,1.0859375,1.046875,1.328125,1.0390625,0.7109375,1.1328125,0.921875,0.609375,0.5859375,0.40234375,0.28125,0.28125,0.296875
378,378,base,0,nan,nan,0.3046875,0.44140625,0.48828125,0.296875,0.2265625,0.38671875,0.7109375,0.7890625,1.1640625,0.9375,1.015625,1.0,0.75,0.90625,0.8359375,1.234375,1.0390625,0.65625,1.0390625,0.8203125,0.59375,0.50390625,0.37109375,0.2734375,0.27734375,0.28515625
1123,1123,base,0,nan,nan,0.3046875,0.42578125,0.5,0.3203125,0.21875,0.35546875,0.7734375,0.734375,1.125,0.98828125,0.9921875,1.0546875,0.78125,0.94140625,0.8671875,1.171875,1.0703125,0.734375,1.1796875,0.9296875,0.7734375,0.59375,0.40234375,0.29296875,0.32421875,0.33984375
2623,2623,base,1,nan,nan,0.30859375,0.47265625,0.51953125,0.3515625,0.25,0.33984375,0.7265625,0.7734375,1.15625,1.0078125,1.046875,1.0,0.79296875,0.96875,0.89453125,1.1171875,0.96875,0.6953125,1.1015625,0.875,0.609375,0.54296875,0.3984375,0.28515625,0.29296875,0.3203125
1871,1871,base,0,nan,nan,0.28515625,0.4453125,0.5234375,0.33203125,0.26171875,0.35546875,0.73046875,0.73828125,1.1015625,1.0390625,0.9765625,0.96484375,0.7421875,1.0859375,1.046875,1.328125,1.0390625,0.7109375,1.1328125,0.921875,0.609375,0.5859375,0.40234375,0.28125,0.28125,0.296875
379,379,base,0,nan,nan,0.30078125,0.47265625,0.51953125,0.296875,0.21875,0.375,0.7265625,0.7421875,1.1484375,1.0234375,1.0078125,0.95703125,0.80859375,1.0234375,1.03125,1.2890625,1.0234375,0.703125,1.0703125,0.84375,0.6875,0.5625,0.38671875,0.296875,0.31640625,0.34765625
1124,1124,base,0,nan,nan,0.3046875,0.42578125,0.5,0.3203125,0.21875,0.35546875,0.7734375,0.734375,1.125,0.98828125,0.9921875,1.0546875,0.78125,0.94140625,0.8671875,1.171875,1.0703125,0.734375,1.1796875,0.9296875,0.7734375,0.59375,0.40234375,0.29296875,0.32421875,0.33984375
2624,2624,base,0,nan,nan,0.30859375,0.47265625,0.51953125,0.3515625,0.25,0.33984375,0.7265625,0.7734375,1.15625,1.0078125,1.046875,1.0,0.79296875,0.96875,0.89453125,1.1171875,0.96875,0.6953125,1.1015625,0.875,0.609375,0.54296875,0.3984375,0.28515625,0.29296875,0.3203125
1872,1872,base,0,nan,nan,0.28515625,0.4453125,0.5234375,0.33203125,0.26171875,0.35546875,0.73046875,0.73828125,1.1015625,1.0390625,0.9765625,0.96484375,0.7421875,1.0859375,1.046875,1.328125,1.0390625,0.7109375,1.1328125,0.921875,0.609375,0.5859375,0.40234375,0.28125,0.28125,0.296875
380,380,base,0,nan,nan,0.30078125,0.47265625,0.51953125,0.296875,0.21875,0.375,0.7265625,0.7421875,1.1484375,1.0234375,1.0078125,0.95703125,0.80859375,1.0234375,1.03125,1.2890625,1.0234375,0.703125,1.0703125,0.84375,0.6875,0.5625,0.38671875,0.296875,0.31640625,0.34765625
1125,1125,base,1,nan,nan,0.3046875,0.42578125,0.5,0.3203125,0.21875,0.35546875,0.7734375,0.734375,1.125,0.98828125,0.9921875,1.0546875,0.78125,0.94140625,0.8671875,1.171875,1.0703125,0.734375,1.1796875,0.9296875,0.7734375,0.59375,0.40234375,0.29296875,0.32421875,0.33984375
2625,2625,base,0,nan,nan,0.30859375,0.47265625,0.51953125,0.3515625,0.25,0.33984375,0.7265625,0.7734375,1.15625,1.0078125,1.046875,1.0,0.79296875,0.96875,0.89453125,1.1171875,0.96875,0.6953125,1.1015625,0.875,0.609375,0.54296875,0.3984375,0.28515625,0.29296875,0.3203125
1873,1873,base,1,nan,nan,0.31640625,0.46484375,0.48046875,0.30078125,0.21875,0.30078125,0.80078125,0.7265625,1.0546875,1.046875,1.03125,0.9921875,0.73828125,0.953125,0.9140625,1.25,1.0234375,0.78515625,1.1796875,1.03125,0.78515625,0.6171875,0.38671875,0.28125,0.33984375,0.359375
381,381,base,0,nan,nan,0.30078125,0.47265625,0.51953125,0.296875,0.21875,0.375,0.7265625,0.7421875,1.1484375,1.0234375,1.0078125,0.95703125,0.80859375,1.0234375,1.03125,1.2890625,1.0234375,0.703125,1.0703125,0.84375,0.6875,0.5625,0.38671875,0.296875,0.31640625,0.34765625
1126,1126,base,0,nan,nan,0.3046875,0.42578125,0.5,0.3203125,0.21875,0.35546875,0.7734375,0.734375,1.125,0.98828125,0.9921875,1.0546875,0.78125,0.94140625,0.8671875,1.171875,1.0703125,0.734375,1.1796875,0.9296875,0.7734375,0.59375,0.40234375,0.29296875,0.32421875,0.33984375
1874,1874,base,0,nan,nan,0.31640625,0.46484375,0.48046875,0.30078125,0.21875,0.30078125,0.80078125,0.7265625,1.0546875,1.046875,1.03125,0.9921875,0.73828125,0.953125,0.9140625,1.25,1.0234375,0.78515625,1.1796875,1.03125,0.78515625,0.6171875,0.38671875,0.28125,0.33984375,0.359375
2626,2626,base,0,nan,nan,0.30859375,0.47265625,0.51953125,0.3515625,0.25,0.33984375,0.7265625,0.7734375,1.15625,1.0078125,1.046875,1.0,0.79296875,0.96875,0.89453125,1.1171875,0.96875,0.6953125,1.1015625,0.875,0.609375,0.54296875,0.3984375,0.28515625,0.29296875,0.3203125
382,382,base,0,nan,nan,0.30078125,0.47265625,0.51953125,0.296875,0.21875,0.375,0.7265625,0.7421875,1.1484375,1.0234375,1.0078125,0.95703125,0.80859375,1.0234375,1.03125,1.2890625,1.0234375,0.703125,1.0703125,0.84375,0.6875,0.5625,0.38671875,0.296875,0.31640625,0.34765625
1127,1127,base,0,nan,nan,0.3046875,0.42578125,0.5,0.3203125,0.21875,0.35546875,0.7734375,0.734375,1.125,0.98828125,0.9921875,1.0546875,0.78125,0.94140625,0.8671875,1.171875,1.0703125,0.734375,1.1796875,0.9296875,0.7734375,0.59375,0.40234375,0.29296875,0.32421875,0.33984375
1875,1875,base,0,nan,nan,0.31640625,0.46484375,0.48046875,0.30078125,0.21875,0.30078125,0.80078125,0.7265625,1.0546875,1.046875,1.03125,0.9921875,0.73828125,0.953125,0.9140625,1.25,1.0234375,0.78515625,1.1796875,1.03125,0.78515625,0.6171875,0.38671875,0.28125,0.33984375,0.359375
2627,2627,base,0,nan,nan,0.30859375,0.47265625,0.51953125,0.3515625,0.25,0.33984375,0.7265625,0.7734375,1.15625,1.0078125,1.046875,1.0,0.79296875,0.96875,0.89453125,1.1171875,0.96875,0.6953125,1.1015625,0.875,0.609375,0.54296875,0.3984375,0.28515625,0.29296875,0.3203125
383,383,base,0,nan,nan,0.30078125,0.47265625,0.51953125,0.296875,0.21875,0.375,0.7265625,0.7421875,1.1484375,1.0234375,1.0078125,0.95703125,0.80859375,1.0234375,1.03125,1.2890625,1.0234375,0.703125,1.0703125,0.84375,0.6875,0.5625,0.38671875,0.296875,0.31640625,0.34765625
1876,1876,base,0,nan,nan,0.31640625,0.46484375,0.48046875,0.30078125,0.21875,0.30078125,0.80078125,0.7265625,1.0546875,1.046875,1.03125,0.9921875,0.73828125,0.953125,0.9140625,1.25,1.0234375,0.78515625,1.1796875,1.03125,0.78515625,0.6171875,0.38671875,0.28125,0.33984375,0.359375
1128,1128,base,0,nan,nan,0.3046875,0.42578125,0.5,0.3203125,0.21875,0.35546875,0.7734375,0.734375,1.125,0.98828125,0.9921875,1.0546875,0.78125,0.94140625,0.8671875,1.171875,1.0703125,0.734375,1.1796875,0.9296875,0.7734375,0.59375,0.40234375,0.29296875,0.32421875,0.33984375
2628,2628,base,0,nan,nan,0.30859375,0.47265625,0.51953125,0.3515625,0.25,0.33984375,0.7265625,0.7734375,1.15625,1.0078125,1.046875,1.0,0.79296875,0.96875,0.89453125,1.1171875,0.96875,0.6953125,1.1015625,0.875,0.609375,0.54296875,0.3984375,0.28515625,0.29296875,0.3203125
384,384,base,0,nan,nan,0.30078125,0.47265625,0.51953125,0.296875,0.21875,0.375,0.7265625,0.7421875,1.1484375,1.0234375,1.0078125,0.95703125,0.80859375,1.0234375,1.03125,1.2890625,1.0234375,0.703125,1.0703125,0.84375,0.6875,0.5625,0.38671875,0.296875,0.31640625,0.34765625
1877,1877,base,1,nan,nan,0.31640625,0.46484375,0.48046875,0.30078125,0.21875,0.30078125,0.80078125,0.7265625,1.0546875,1.046875,1.03125,0.9921875,0.73828125,0.953125,0.9140625,1.25,1.0234375,0.78515625,1.1796875,1.03125,0.78515625,0.6171875,0.38671875,0.28125,0.33984375,0.359375
1129,1129,base,0,nan,nan,0.28125,0.4453125,0.453125,0.26953125,0.19140625,0.30078125,0.80078125,0.71484375,1.1953125,0.8828125,1.046875,0.99609375,0.8359375,0.9609375,0.94140625,1.1796875,1.078125,0.8125,1.2109375,0.98828125,0.83203125,0.60546875,0.421875,0.296875,0.29296875,0.30078125
2629,2629,base,0,nan,nan,0.3046875,0.4296875,0.4453125,0.28125,0.20703125,0.3203125,0.82421875,0.71484375,1.1640625,0.890625,1.0703125,1.0625,0.87109375,0.98046875,0.96484375,1.171875,1.1015625,0.8359375,1.203125,0.984375,0.87109375,0.6875,0.4375,0.29296875,0.3046875,0.30859375
1878,1878,base,0,nan,nan,0.31640625,0.46484375,0.48046875,0.30078125,0.21875,0.30078125,0.80078125,0.7265625,1.0546875,1.046875,1.03125,0.9921875,0.73828125,0.953125,0.9140625,1.25,1.0234375,0.78515625,1.1796875,1.03125,0.78515625,0.6171875,0.38671875,0.28125,0.33984375,0.359375
385,385,base,0,nan,nan,0.3203125,0.453125,0.49609375,0.328125,0.19921875,0.3203125,0.7890625,0.6875,1.0625,1.03125,1.015625,1.0546875,0.765625,1.0078125,0.95703125,1.171875,1.0390625,0.78125,1.2421875,1.0234375,0.7578125,0.5703125,0.44140625,0.3046875,0.3359375,0.34765625
1130,1130,base,0,nan,nan,0.28125,0.4453125,0.453125,0.26953125,0.19140625,0.30078125,0.80078125,0.71484375,1.1953125,0.8828125,1.046875,0.99609375,0.8359375,0.9609375,0.94140625,1.1796875,1.078125,0.8125,1.2109375,0.98828125,0.83203125,0.60546875,0.421875,0.296875,0.29296875,0.30078125
2630,2630,base,0,nan,nan,0.3046875,0.4296875,0.4453125,0.28125,0.20703125,0.3203125,0.82421875,0.71484375,1.1640625,0.890625,1.0703125,1.0625,0.87109375,0.98046875,0.96484375,1.171875,1.1015625,0.8359375,1.203125,0.984375,0.87109375,0.6875,0.4375,0.29296875,0.3046875,0.30859375
1879,1879,base,1,nan,nan,0.2890625,0.421875,0.484375,0.29296875,0.20703125,0.3359375,0.7265625,0.75,1.078125,1.015625,1.015625,0.9765625,0.76953125,0.9921875,0.9296875,1.28125,1.0546875,0.6953125,1.1875,1.0,0.6484375,0.57421875,0.40234375,0.2734375,0.3046875,0.31640625
386,386,base,0,nan,nan,0.3203125,0.453125,0.49609375,0.328125,0.19921875,0.3203125,0.7890625,0.6875,1.0625,1.03125,1.015625,1.0546875,0.765625,1.0078125,0.95703125,1.171875,1.0390625,0.78125,1.2421875,1.0234375,0.7578125,0.5703125,0.44140625,0.3046875,0.3359375,0.34765625
1131,1131,base,0,nan,nan,0.28125,0.4453125,0.453125,0.26953125,0.19140625,0.30078125,0.80078125,0.71484375,1.1953125,0.8828125,1.046875,0.99609375,0.8359375,0.9609375,0.94140625,1.1796875,1.078125,0.8125,1.2109375,0.98828125,0.83203125,0.60546875,0.421875,0.296875,0.29296875,0.30078125
2631,2631,base,0,nan,nan,0.3046875,0.4296875,0.4453125,0.28125,0.20703125,0.3203125,0.82421875,0.71484375,1.1640625,0.890625,1.0703125,1.0625,0.87109375,0.98046875,0.96484375,1.171875,1.1015625,0.8359375,1.203125,0.984375,0.87109375,0.6875,0.4375,0.29296875,0.3046875,0.30859375
1880,1880,base,0,nan,nan,0.2890625,0.421875,0.484375,0.29296875,0.20703125,0.3359375,0.7265625,0.75,1.078125,1.015625,1.015625,0.9765625,0.76953125,0.9921875,0.9296875,1.28125,1.0546875,0.6953125,1.1875,1.0,0.6484375,0.57421875,0.40234375,0.2734375,0.3046875,0.31640625
1132,1132,base,0,nan,nan,0.28125,0.4453125,0.453125,0.26953125,0.19140625,0.30078125,0.80078125,0.71484375,1.1953125,0.8828125,1.046875,0.99609375,0.8359375,0.9609375,0.94140625,1.1796875,1.078125,0.8125,1.2109375,0.98828125,0.83203125,0.60546875,0.421875,0.296875,0.29296875,0.30078125
2632,2632,base,0,nan,nan,0.3046875,0.4296875,0.4453125,0.28125,0.20703125,0.3203125,0.82421875,0.71484375,1.1640625,0.890625,1.0703125,1.0625,0.87109375,0.98046875,0.96484375,1.171875,1.1015625,0.8359375,1.203125,0.984375,0.87109375,0.6875,0.4375,0.29296875,0.3046875,0.30859375
387,387,base,1,nan,nan,0.3203125,0.453125,0.49609375,0.328125,0.19921875,0.3203125,0.7890625,0.6875,1.0625,1.03125,1.015625,1.0546875,0.765625,1.0078125,0.95703125,1.171875,1.0390625,0.78125,1.2421875,1.0234375,0.7578125,0.5703125,0.44140625,0.3046875,0.3359375,0.34765625
1881,1881,base,0,nan,nan,0.2890625,0.421875,0.484375,0.29296875,0.20703125,0.3359375,0.7265625,0.75,1.078125,1.015625,1.015625,0.9765625,0.76953125,0.9921875,0.9296875,1.28125,1.0546875,0.6953125,1.1875,1.0,0.6484375,0.57421875,0.40234375,0.2734375,0.3046875,0.31640625
1133,1133,base,1,nan,nan,0.28125,0.4453125,0.453125,0.26953125,0.19140625,0.30078125,0.80078125,0.71484375,1.1953125,0.8828125,1.046875,0.99609375,0.8359375,0.9609375,0.94140625,1.1796875,1.078125,0.8125,1.2109375,0.98828125,0.83203125,0.60546875,0.421875,0.296875,0.29296875,0.30078125
2633,2633,base,1,nan,nan,0.3046875,0.4296875,0.4453125,0.28125,0.20703125,0.3203125,0.82421875,0.71484375,1.1640625,0.890625,1.0703125,1.0625,0.87109375,0.98046875,0.96484375,1.171875,1.1015625,0.8359375,1.203125,0.984375,0.87109375,0.6875,0.4375,0.29296875,0.3046875,0.30859375
388,388,base,0,nan,nan,0.3203125,0.453125,0.49609375,0.328125,0.19921875,0.3203125,0.7890625,0.6875,1.0625,1.03125,1.015625,1.0546875,0.765625,1.0078125,0.95703125,1.171875,1.0390625,0.78125,1.2421875,1.0234375,0.7578125,0.5703125,0.44140625,0.3046875,0.3359375,0.34765625
1882,1882,base,0,nan,nan,0.2890625,0.421875,0.484375,0.29296875,0.20703125,0.3359375,0.7265625,0.75,1.078125,1.015625,1.015625,0.9765625,0.76953125,0.9921875,0.9296875,1.28125,1.0546875,0.6953125,1.1875,1.0,0.6484375,0.57421875,0.40234375,0.2734375,0.3046875,0.31640625
2634,2634,base,0,nan,nan,0.3046875,0.4296875,0.4453125,0.28125,0.20703125,0.3203125,0.82421875,0.71484375,1.1640625,0.890625,1.0703125,1.0625,0.87109375,0.98046875,0.96484375,1.171875,1.1015625,0.8359375,1.203125,0.984375,0.87109375,0.6875,0.4375,0.29296875,0.3046875,0.30859375
1134,1134,base,0,nan,nan,0.28125,0.4453125,0.453125,0.26953125,0.19140625,0.30078125,0.80078125,0.71484375,1.1953125,0.8828125,1.046875,0.99609375,0.8359375,0.9609375,0.94140625,1.1796875,1.078125,0.8125,1.2109375,0.98828125,0.83203125,0.60546875,0.421875,0.296875,0.29296875,0.30078125
389,389,base,0,nan,nan,0.3203125,0.453125,0.49609375,0.328125,0.19921875,0.3203125,0.7890625,0.6875,1.0625,1.03125,1.015625,1.0546875,0.765625,1.0078125,0.95703125,1.171875,1.0390625,0.78125,1.2421875,1.0234375,0.7578125,0.5703125,0.44140625,0.3046875,0.3359375,0.34765625
1883,1883,base,0,nan,nan,0.2890625,0.421875,0.484375,0.29296875,0.20703125,0.3359375,0.7265625,0.75,1.078125,1.015625,1.015625,0.9765625,0.76953125,0.9921875,0.9296875,1.28125,1.0546875,0.6953125,1.1875,1.0,0.6484375,0.57421875,0.40234375,0.2734375,0.3046875,0.31640625
1135,1135,base,0,nan,nan,0.3125,0.453125,0.5078125,0.30859375,0.21875,0.34375,0.734375,0.78125,1.125,1.015625,0.9140625,0.9453125,0.76953125,1.03125,1.0234375,1.1875,1.0234375,0.65625,1.140625,0.953125,0.5859375,0.5703125,0.41015625,0.296875,0.34375,0.34765625
2635,2635,base,1,nan,nan,0.29296875,0.4296875,0.5,0.31640625,0.2109375,0.34765625,0.765625,0.75390625,1.1640625,0.91796875,0.99609375,1.0078125,0.76953125,0.94140625,0.8515625,1.1328125,1.0078125,0.71875,1.203125,1.0,0.65625,0.53125,0.4140625,0.3046875,0.27734375,0.3125
390,390,base,0,nan,nan,0.3203125,0.453125,0.49609375,0.328125,0.19921875,0.3203125,0.7890625,0.6875,1.0625,1.03125,1.015625,1.0546875,0.765625,1.0078125,0.95703125,1.171875,1.0390625,0.78125,1.2421875,1.0234375,0.7578125,0.5703125,0.44140625,0.3046875,0.3359375,0.34765625
1884,1884,base,0,nan,nan,0.2890625,0.421875,0.484375,0.29296875,0.20703125,0.3359375,0.7265625,0.75,1.078125,1.015625,1.015625,0.9765625,0.76953125,0.9921875,0.9296875,1.28125,1.0546875,0.6953125,1.1875,1.0,0.6484375,0.57421875,0.40234375,0.2734375,0.3046875,0.31640625
1136,1136,base,0,nan,nan,0.3125,0.453125,0.5078125,0.30859375,0.21875,0.34375,0.734375,0.78125,1.125,1.015625,0.9140625,0.9453125,0.76953125,1.03125,1.0234375,1.1875,1.0234375,0.65625,1.140625,0.953125,0.5859375,0.5703125,0.41015625,0.296875,0.34375,0.34765625
391,391,base,0,nan,nan,0.31640625,0.48828125,0.5546875,0.34765625,0.2109375,0.32421875,0.8125,0.7421875,1.0546875,1.09375,0.98046875,1.0390625,0.80859375,0.98046875,0.92578125,1.203125,1.0703125,0.7109375,1.265625,1.03125,0.77734375,0.609375,0.45703125,0.3515625,0.328125,0.34765625
1885,1885,base,0,nan,nan,0.30078125,0.484375,0.5,0.33984375,0.24609375,0.3671875,0.6953125,0.828125,1.125,1.0390625,0.9609375,0.94921875,0.75,0.9453125,0.875,1.15625,1.0,0.6953125,1.09375,0.8359375,0.6484375,0.5234375,0.40234375,0.31640625,0.3046875,0.3359375
2636,2636,base,0,nan,nan,0.29296875,0.4296875,0.5,0.31640625,0.2109375,0.34765625,0.765625,0.75390625,1.1640625,0.91796875,0.99609375,1.0078125,0.76953125,0.94140625,0.8515625,1.1328125,1.0078125,0.71875,1.203125,1.0,0.65625,0.53125,0.4140625,0.3046875,0.27734375,0.3125
392,392,base,0,nan,nan,0.31640625,0.48828125,0.5546875,0.34765625,0.2109375,0.32421875,0.8125,0.7421875,1.0546875,1.09375,0.98046875,1.0390625,0.80859375,0.98046875,0.92578125,1.203125,1.0703125,0.7109375,1.265625,1.03125,0.77734375,0.609375,0.45703125,0.3515625,0.328125,0.34765625
1137,1137,base,0,nan,nan,0.3125,0.453125,0.5078125,0.30859375,0.21875,0.34375,0.734375,0.78125,1.125,1.015625,0.9140625,0.9453125,0.76953125,1.03125,1.0234375,1.1875,1.0234375,0.65625,1.140625,0.953125,0.5859375,0.5703125,0.41015625,0.296875,0.34375,0.34765625
1886,1886,base,0,nan,nan,0.30078125,0.484375,0.5,0.33984375,0.24609375,0.3671875,0.6953125,0.828125,1.125,1.0390625,0.9609375,0.94921875,0.75,0.9453125,0.875,1.15625,1.0,0.6953125,1.09375,0.8359375,0.6484375,0.5234375,0.40234375,0.31640625,0.3046875,0.3359375
2637,2637,base,1,nan,nan,0.29296875,0.4296875,0.5,0.31640625,0.2109375,0.34765625,0.765625,0.75390625,1.1640625,0.91796875,0.99609375,1.0078125,0.76953125,0.94140625,0.8515625,1.1328125,1.0078125,0.71875,1.203125,1.0,0.65625,0.53125,0.4140625,0.3046875,0.27734375,0.3125
393,393,base,0,nan,nan,0.31640625,0.48828125,0.5546875,0.34765625,0.2109375,0.32421875,0.8125,0.7421875,1.0546875,1.09375,0.98046875,1.0390625,0.80859375,0.98046875,0.92578125,1.203125,1.0703125,0.7109375,1.265625,1.03125,0.77734375,0.609375,0.45703125,0.3515625,0.328125,0.34765625
1138,1138,base,0,nan,nan,0.3125,0.453125,0.5078125,0.30859375,0.21875,0.34375,0.734375,0.78125,1.125,1.015625,0.9140625,0.9453125,0.76953125,1.03125,1.0234375,1.1875,1.0234375,0.65625,1.140625,0.953125,0.5859375,0.5703125,0.41015625,0.296875,0.34375,0.34765625
394,394,base,0,nan,nan,0.31640625,0.48828125,0.5546875,0.34765625,0.2109375,0.32421875,0.8125,0.7421875,1.0546875,1.09375,0.98046875,1.0390625,0.80859375,0.98046875,0.92578125,1.203125,1.0703125,0.7109375,1.265625,1.03125,0.77734375,0.609375,0.45703125,0.3515625,0.328125,0.34765625
2638,2638,base,0,nan,nan,0.29296875,0.4296875,0.5,0.31640625,0.2109375,0.34765625,0.765625,0.75390625,1.1640625,0.91796875,0.99609375,1.0078125,0.76953125,0.94140625,0.8515625,1.1328125,1.0078125,0.71875,1.203125,1.0,0.65625,0.53125,0.4140625,0.3046875,0.27734375,0.3125
1887,1887,base,1,nan,nan,0.30078125,0.484375,0.5,0.33984375,0.24609375,0.3671875,0.6953125,0.828125,1.125,1.0390625,0.9609375,0.94921875,0.75,0.9453125,0.875,1.15625,1.0,0.6953125,1.09375,0.8359375,0.6484375,0.5234375,0.40234375,0.31640625,0.3046875,0.3359375
1139,1139,base,1,nan,nan,0.3125,0.453125,0.5078125,0.30859375,0.21875,0.34375,0.734375,0.78125,1.125,1.015625,0.9140625,0.9453125,0.76953125,1.03125,1.0234375,1.1875,1.0234375,0.65625,1.140625,0.953125,0.5859375,0.5703125,0.41015625,0.296875,0.34375,0.34765625
395,395,base,0,nan,nan,0.31640625,0.48828125,0.5546875,0.34765625,0.2109375,0.32421875,0.8125,0.7421875,1.0546875,1.09375,0.98046875,1.0390625,0.80859375,0.98046875,0.92578125,1.203125,1.0703125,0.7109375,1.265625,1.03125,0.77734375,0.609375,0.45703125,0.3515625,0.328125,0.34765625
1888,1888,base,0,nan,nan,0.30078125,0.484375,0.5,0.33984375,0.24609375,0.3671875,0.6953125,0.828125,1.125,1.0390625,0.9609375,0.94921875,0.75,0.9453125,0.875,1.15625,1.0,0.6953125,1.09375,0.8359375,0.6484375,0.5234375,0.40234375,0.31640625,0.3046875,0.3359375
2639,2639,base,0,nan,nan,0.29296875,0.4296875,0.5,0.31640625,0.2109375,0.34765625,0.765625,0.75390625,1.1640625,0.91796875,0.99609375,1.0078125,0.76953125,0.94140625,0.8515625,1.1328125,1.0078125,0.71875,1.203125,1.0,0.65625,0.53125,0.4140625,0.3046875,0.27734375,0.3125
1140,1140,base,0,nan,nan,0.3125,0.453125,0.5078125,0.30859375,0.21875,0.34375,0.734375,0.78125,1.125,1.015625,0.9140625,0.9453125,0.76953125,1.03125,1.0234375,1.1875,1.0234375,0.65625,1.140625,0.953125,0.5859375,0.5703125,0.41015625,0.296875,0.34375,0.34765625
396,396,base,0,nan,nan,0.31640625,0.48828125,0.5546875,0.34765625,0.2109375,0.32421875,0.8125,0.7421875,1.0546875,1.09375,0.98046875,1.0390625,0.80859375,0.98046875,0.92578125,1.203125,1.0703125,0.7109375,1.265625,1.03125,0.77734375,0.609375,0.45703125,0.3515625,0.328125,0.34765625
1889,1889,base,1,nan,nan,0.30078125,0.484375,0.5,0.33984375,0.24609375,0.3671875,0.6953125,0.828125,1.125,1.0390625,0.9609375,0.94921875,0.75,0.9453125,0.875,1.15625,1.0,0.6953125,1.09375,0.8359375,0.6484375,0.5234375,0.40234375,0.31640625,0.3046875,0.3359375
2640,2640,base,0,nan,nan,0.29296875,0.4296875,0.5,0.31640625,0.2109375,0.34765625,0.765625,0.75390625,1.1640625,0.91796875,0.99609375,1.0078125,0.76953125,0.94140625,0.8515625,1.1328125,1.0078125,0.71875,1.203125,1.0,0.65625,0.53125,0.4140625,0.3046875,0.27734375,0.3125
1141,1141,base,0,nan,nan,0.30859375,0.4921875,0.5703125,0.328125,0.234375,0.3671875,0.75390625,0.7890625,1.0390625,1.09375,1.0234375,0.98046875,0.87109375,0.99609375,0.87890625,1.1171875,0.9921875,0.73828125,1.1640625,0.9453125,0.75,0.5703125,0.45703125,0.34765625,0.3046875,0.3125
397,397,base,1,nan,nan,0.30078125,0.44921875,0.4921875,0.30859375,0.2109375,0.34765625,0.8125,0.69921875,1.0625,1.0,0.984375,1.0625,0.77734375,0.984375,0.94140625,1.1796875,1.0625,0.7265625,1.203125,1.015625,0.80859375,0.65625,0.43359375,0.3359375,0.34765625,0.37109375
1890,1890,base,0,nan,nan,0.30078125,0.484375,0.5,0.33984375,0.24609375,0.3671875,0.6953125,0.828125,1.125,1.0390625,0.9609375,0.94921875,0.75,0.9453125,0.875,1.15625,1.0,0.6953125,1.09375,0.8359375,0.6484375,0.5234375,0.40234375,0.31640625,0.3046875,0.3359375
2641,2641,base,0,nan,nan,0.29296875,0.421875,0.48828125,0.31640625,0.18359375,0.34375,0.765625,0.71875,1.1015625,0.98046875,1.0625,1.046875,0.85546875,1.015625,0.9921875,1.1953125,1.0859375,0.76171875,1.2265625,1.03125,0.84765625,0.6953125,0.45703125,0.33984375,0.34765625,0.33984375
398,398,base,0,nan,nan,0.30078125,0.44921875,0.4921875,0.30859375,0.2109375,0.34765625,0.8125,0.69921875,1.0625,1.0,0.984375,1.0625,0.77734375,0.984375,0.94140625,1.1796875,1.0625,0.7265625,1.203125,1.015625,0.80859375,0.65625,0.43359375,0.3359375,0.34765625,0.37109375
1142,1142,base,0,nan,nan,0.30859375,0.4921875,0.5703125,0.328125,0.234375,0.3671875,0.75390625,0.7890625,1.0390625,1.09375,1.0234375,0.98046875,0.87109375,0.99609375,0.87890625,1.1171875,0.9921875,0.73828125,1.1640625,0.9453125,0.75,0.5703125,0.45703125,0.34765625,0.3046875,0.3125
2642,2642,base,0,nan,nan,0.29296875,0.421875,0.48828125,0.31640625,0.18359375,0.34375,0.765625,0.71875,1.1015625,0.98046875,1.0625,1.046875,0.85546875,1.015625,0.9921875,1.1953125,1.0859375,0.76171875,1.2265625,1.03125,0.84765625,0.6953125,0.45703125,0.33984375,0.34765625,0.33984375
1891,1891,base,1,nan,nan,0.30859375,0.4375,0.5234375,0.375,0.234375,0.3984375,0.78125,0.77734375,1.09375,0.96484375,1.0078125,1.0,0.86328125,1.0,0.9375,1.1796875,1.09375,0.75390625,1.2421875,1.0390625,0.8046875,0.6171875,0.42578125,0.28125,0.30859375,0.33984375
399,399,base,1,nan,nan,0.30078125,0.44921875,0.4921875,0.30859375,0.2109375,0.34765625,0.8125,0.69921875,1.0625,1.0,0.984375,1.0625,0.77734375,0.984375,0.94140625,1.1796875,1.0625,0.7265625,1.203125,1.015625,0.80859375,0.65625,0.43359375,0.3359375,0.34765625,0.37109375
1143,1143,base,1,nan,nan,0.30859375,0.4921875,0.5703125,0.328125,0.234375,0.3671875,0.75390625,0.7890625,1.0390625,1.09375,1.0234375,0.98046875,0.87109375,0.99609375,0.87890625,1.1171875,0.9921875,0.73828125,1.1640625,0.9453125,0.75,0.5703125,0.45703125,0.34765625,0.3046875,0.3125
2643,2643,base,0,nan,nan,0.29296875,0.421875,0.48828125,0.31640625,0.18359375,0.34375,0.765625,0.71875,1.1015625,0.98046875,1.0625,1.046875,0.85546875,1.015625,0.9921875,1.1953125,1.0859375,0.76171875,1.2265625,1.03125,0.84765625,0.6953125,0.45703125,0.33984375,0.34765625,0.33984375
400,400,base,0,nan,nan,0.30078125,0.44921875,0.4921875,0.30859375,0.2109375,0.34765625,0.8125,0.69921875,1.0625,1.0,0.984375,1.0625,0.77734375,0.984375,0.94140625,1.1796875,1.0625,0.7265625,1.203125,1.015625,0.80859375,0.65625,0.43359375,0.3359375,0.34765625,0.37109375
1892,1892,base,0,nan,nan,0.30859375,0.4375,0.5234375,0.375,0.234375,0.3984375,0.78125,0.77734375,1.09375,0.96484375,1.0078125,1.0,0.86328125,1.0,0.9375,1.1796875,1.09375,0.75390625,1.2421875,1.0390625,0.8046875,0.6171875,0.42578125,0.28125,0.30859375,0.33984375
1144,1144,base,0,nan,nan,0.30859375,0.4921875,0.5703125,0.328125,0.234375,0.3671875,0.75390625,0.7890625,1.0390625,1.09375,1.0234375,0.98046875,0.87109375,0.99609375,0.87890625,1.1171875,0.9921875,0.73828125,1.1640625,0.9453125,0.75,0.5703125,0.45703125,0.34765625,0.3046875,0.3125
2644,2644,base,0,nan,nan,0.29296875,0.421875,0.48828125,0.31640625,0.18359375,0.34375,0.765625,0.71875,1.1015625,0.98046875,1.0625,1.046875,0.85546875,1.015625,0.9921875,1.1953125,1.0859375,0.76171875,1.2265625,1.03125,0.84765625,0.6953125,0.45703125,0.33984375,0.34765625,0.33984375
401,401,base,0,nan,nan,0.30078125,0.44921875,0.4921875,0.30859375,0.2109375,0.34765625,0.8125,0.69921875,1.0625,1.0,0.984375,1.0625,0.77734375,0.984375,0.94140625,1.1796875,1.0625,0.7265625,1.203125,1.015625,0.80859375,0.65625,0.43359375,0.3359375,0.34765625,0.37109375
1893,1893,base,0,nan,nan,0.30859375,0.4375,0.5234375,0.375,0.234375,0.3984375,0.78125,0.77734375,1.09375,0.96484375,1.0078125,1.0,0.86328125,1.0,0.9375,1.1796875,1.09375,0.75390625,1.2421875,1.0390625,0.8046875,0.6171875,0.42578125,0.28125,0.30859375,0.33984375
2645,2645,base,0,nan,nan,0.29296875,0.421875,0.48828125,0.31640625,0.18359375,0.34375,0.765625,0.71875,1.1015625,0.98046875,1.0625,1.046875,0.85546875,1.015625,0.9921875,1.1953125,1.0859375,0.76171875,1.2265625,1.03125,0.84765625,0.6953125,0.45703125,0.33984375,0.34765625,0.33984375
1145,1145,base,0,nan,nan,0.30859375,0.4921875,0.5703125,0.328125,0.234375,0.3671875,0.75390625,0.7890625,1.0390625,1.09375,1.0234375,0.98046875,0.87109375,0.99609375,0.87890625,1.1171875,0.9921875,0.73828125,1.1640625,0.9453125,0.75,0.5703125,0.45703125,0.34765625,0.3046875,0.3125
402,402,base,0,nan,nan,0.30078125,0.44921875,0.4921875,0.30859375,0.2109375,0.34765625,0.8125,0.69921875,1.0625,1.0,0.984375,1.0625,0.77734375,0.984375,0.94140625,1.1796875,1.0625,0.7265625,1.203125,1.015625,0.80859375,0.65625,0.43359375,0.3359375,0.34765625,0.37109375
1894,1894,base,0,nan,nan,0.30859375,0.4375,0.5234375,0.375,0.234375,0.3984375,0.78125,0.77734375,1.09375,0.96484375,1.0078125,1.0,0.86328125,1.0,0.9375,1.1796875,1.09375,0.75390625,1.2421875,1.0390625,0.8046875,0.6171875,0.42578125,0.28125,0.30859375,0.33984375
2646,2646,base,0,nan,nan,0.29296875,0.421875,0.48828125,0.31640625,0.18359375,0.34375,0.765625,0.71875,1.1015625,0.98046875,1.0625,1.046875,0.85546875,1.015625,0.9921875,1.1953125,1.0859375,0.76171875,1.2265625,1.03125,0.84765625,0.6953125,0.45703125,0.33984375,0.34765625,0.33984375
403,403,base,0,nan,nan,0.2890625,0.4296875,0.51171875,0.3359375,0.20703125,0.31640625,0.7578125,0.73046875,1.1328125,0.9453125,0.984375,0.99609375,0.765625,0.9765625,0.9375,1.2890625,1.0703125,0.6953125,1.140625,0.9296875,0.6875,0.546875,0.421875,0.31640625,0.3359375,0.33984375
1146,1146,base,0,nan,nan,0.30859375,0.4921875,0.5703125,0.328125,0.234375,0.3671875,0.75390625,0.7890625,1.0390625,1.09375,1.0234375,0.98046875,0.87109375,0.99609375,0.87890625,1.1171875,0.9921875,0.73828125,1.1640625,0.9453125,0.75,0.5703125,0.45703125,0.34765625,0.3046875,0.3125
2647,2647,base,0,nan,nan,0.2890625,0.44140625,0.5234375,0.3125,0.21484375,0.328125,0.75,0.75,1.125,0.97265625,0.9765625,0.9921875,0.78125,0.9453125,0.8671875,1.2265625,1.046875,0.71875,1.0546875,0.8203125,0.70703125,0.5703125,0.390625,0.28515625,0.31640625,0.328125
1895,1895,base,1,nan,nan,0.30859375,0.4375,0.5234375,0.375,0.234375,0.3984375,0.78125,0.77734375,1.09375,0.96484375,1.0078125,1.0,0.86328125,1.0,0.9375,1.1796875,1.09375,0.75390625,1.2421875,1.0390625,0.8046875,0.6171875,0.42578125,0.28125,0.30859375,0.33984375
404,404,base,0,nan,nan,0.2890625,0.4296875,0.51171875,0.3359375,0.20703125,0.31640625,0.7578125,0.73046875,1.1328125,0.9453125,0.984375,0.99609375,0.765625,0.9765625,0.9375,1.2890625,1.0703125,0.6953125,1.140625,0.9296875,0.6875,0.546875,0.421875,0.31640625,0.3359375,0.33984375
1147,1147,base,0,nan,nan,0.29296875,0.453125,0.5,0.30859375,0.22265625,0.328125,0.6796875,0.765625,1.1328125,0.9375,0.9921875,0.96484375,0.7578125,0.98046875,0.9375,1.171875,0.98828125,0.66015625,1.125,0.953125,0.57421875,0.5390625,0.3828125,0.28125,0.2890625,0.28515625
2648,2648,base,0,nan,nan,0.2890625,0.44140625,0.5234375,0.3125,0.21484375,0.328125,0.75,0.75,1.125,0.97265625,0.9765625,0.9921875,0.78125,0.9453125,0.8671875,1.2265625,1.046875,0.71875,1.0546875,0.8203125,0.70703125,0.5703125,0.390625,0.28515625,0.31640625,0.328125
405,405,base,0,nan,nan,0.2890625,0.4296875,0.51171875,0.3359375,0.20703125,0.31640625,0.7578125,0.73046875,1.1328125,0.9453125,0.984375,0.99609375,0.765625,0.9765625,0.9375,1.2890625,1.0703125,0.6953125,1.140625,0.9296875,0.6875,0.546875,0.421875,0.31640625,0.3359375,0.33984375
1896,1896,base,0,nan,nan,0.30859375,0.4375,0.5234375,0.375,0.234375,0.3984375,0.78125,0.77734375,1.09375,0.96484375,1.0078125,1.0,0.86328125,1.0,0.9375,1.1796875,1.09375,0.75390625,1.2421875,1.0390625,0.8046875,0.6171875,0.42578125,0.28125,0.30859375,0.33984375
1148,1148,base,0,nan,nan,0.29296875,0.453125,0.5,0.30859375,0.22265625,0.328125,0.6796875,0.765625,1.1328125,0.9375,0.9921875,0.96484375,0.7578125,0.98046875,0.9375,1.171875,0.98828125,0.66015625,1.125,0.953125,0.57421875,0.5390625,0.3828125,0.28125,0.2890625,0.28515625
2649,2649,base,0,nan,nan,0.2890625,0.44140625,0.5234375,0.3125,0.21484375,0.328125,0.75,0.75,1.125,0.97265625,0.9765625,0.9921875,0.78125,0.9453125,0.8671875,1.2265625,1.046875,0.71875,1.0546875,0.8203125,0.70703125,0.5703125,0.390625,0.28515625,0.31640625,0.328125
406,406,base,0,nan,nan,0.2890625,0.4296875,0.51171875,0.3359375,0.20703125,0.31640625,0.7578125,0.73046875,1.1328125,0.9453125,0.984375,0.99609375,0.765625,0.9765625,0.9375,1.2890625,1.0703125,0.6953125,1.140625,0.9296875,0.6875,0.546875,0.421875,0.31640625,0.3359375,0.33984375
1897,1897,base,1,nan,nan,0.30859375,0.4453125,0.49609375,0.359375,0.2265625,0.33203125,0.7578125,0.77734375,1.078125,1.046875,1.0546875,1.0390625,0.83984375,0.98828125,0.8984375,1.078125,0.97265625,0.734375,1.171875,0.9921875,0.640625,0.53515625,0.40234375,0.30859375,0.27734375,0.3125
1149,1149,base,0,nan,nan,0.29296875,0.453125,0.5,0.30859375,0.22265625,0.328125,0.6796875,0.765625,1.1328125,0.9375,0.9921875,0.96484375,0.7578125,0.98046875,0.9375,1.171875,0.98828125,0.66015625,1.125,0.953125,0.57421875,0.5390625,0.3828125,0.28125,0.2890625,0.28515625
2650,2650,base,0,nan,nan,0.2890625,0.44140625,0.5234375,0.3125,0.21484375,0.328125,0.75,0.75,1.125,0.97265625,0.9765625,0.9921875,0.78125,0.9453125,0.8671875,1.2265625,1.046875,0.71875,1.0546875,0.8203125,0.70703125,0.5703125,0.390625,0.28515625,0.31640625,0.328125
407,407,base,0,nan,nan,0.2890625,0.4296875,0.51171875,0.3359375,0.20703125,0.31640625,0.7578125,0.73046875,1.1328125,0.9453125,0.984375,0.99609375,0.765625,0.9765625,0.9375,1.2890625,1.0703125,0.6953125,1.140625,0.9296875,0.6875,0.546875,0.421875,0.31640625,0.3359375,0.33984375
1150,1150,base,0,nan,nan,0.29296875,0.453125,0.5,0.30859375,0.22265625,0.328125,0.6796875,0.765625,1.1328125,0.9375,0.9921875,0.96484375,0.7578125,0.98046875,0.9375,1.171875,0.98828125,0.66015625,1.125,0.953125,0.57421875,0.5390625,0.3828125,0.28125,0.2890625,0.28515625
1898,1898,base,0,nan,nan,0.30859375,0.4453125,0.49609375,0.359375,0.2265625,0.33203125,0.7578125,0.77734375,1.078125,1.046875,1.0546875,1.0390625,0.83984375,0.98828125,0.8984375,1.078125,0.97265625,0.734375,1.171875,0.9921875,0.640625,0.53515625,0.40234375,0.30859375,0.27734375,0.3125
2651,2651,base,0,nan,nan,0.2890625,0.44140625,0.5234375,0.3125,0.21484375,0.328125,0.75,0.75,1.125,0.97265625,0.9765625,0.9921875,0.78125,0.9453125,0.8671875,1.2265625,1.046875,0.71875,1.0546875,0.8203125,0.70703125,0.5703125,0.390625,0.28515625,0.31640625,0.328125
408,408,base,0,nan,nan,0.2890625,0.4296875,0.51171875,0.3359375,0.20703125,0.31640625,0.7578125,0.73046875,1.1328125,0.9453125,0.984375,0.99609375,0.765625,0.9765625,0.9375,1.2890625,1.0703125,0.6953125,1.140625,0.9296875,0.6875,0.546875,0.421875,0.31640625,0.3359375,0.33984375
1151,1151,base,0,nan,nan,0.29296875,0.453125,0.5,0.30859375,0.22265625,0.328125,0.6796875,0.765625,1.1328125,0.9375,0.9921875,0.96484375,0.7578125,0.98046875,0.9375,1.171875,0.98828125,0.66015625,1.125,0.953125,0.57421875,0.5390625,0.3828125,0.28125,0.2890625,0.28515625
1899,1899,base,0,nan,nan,0.30859375,0.4453125,0.49609375,0.359375,0.2265625,0.33203125,0.7578125,0.77734375,1.078125,1.046875,1.0546875,1.0390625,0.83984375,0.98828125,0.8984375,1.078125,0.97265625,0.734375,1.171875,0.9921875,0.640625,0.53515625,0.40234375,0.30859375,0.27734375,0.3125
2652,2652,base,0,nan,nan,0.2890625,0.44140625,0.5234375,0.3125,0.21484375,0.328125,0.75,0.75,1.125,0.97265625,0.9765625,0.9921875,0.78125,0.9453125,0.8671875,1.2265625,1.046875,0.71875,1.0546875,0.8203125,0.70703125,0.5703125,0.390625,0.28515625,0.31640625,0.328125
409,409,base,0,nan,nan,0.30859375,0.4296875,0.5,0.3125,0.21875,0.3203125,0.7578125,0.7421875,1.1875,0.92578125,1.0,0.99609375,0.828125,0.9375,0.8828125,1.1640625,1.0390625,0.72265625,1.171875,0.9140625,0.796875,0.63671875,0.421875,0.296875,0.31640625,0.3515625
1152,1152,base,0,nan,nan,0.29296875,0.453125,0.5,0.30859375,0.22265625,0.328125,0.6796875,0.765625,1.1328125,0.9375,0.9921875,0.96484375,0.7578125,0.98046875,0.9375,1.171875,0.98828125,0.66015625,1.125,0.953125,0.57421875,0.5390625,0.3828125,0.28125,0.2890625,0.28515625
2653,2653,base,1,nan,nan,0.30078125,0.5,0.5234375,0.296875,0.2421875,0.3671875,0.7265625,0.7734375,1.0703125,1.0625,0.96875,0.984375,0.76953125,0.9453125,0.90625,1.2109375,0.9921875,0.6796875,1.09375,0.88671875,0.71875,0.640625,0.45703125,0.37109375,0.37890625,0.3828125
1900,1900,base,0,nan,nan,0.30859375,0.4453125,0.49609375,0.359375,0.2265625,0.33203125,0.7578125,0.77734375,1.078125,1.046875,1.0546875,1.0390625,0.83984375,0.98828125,0.8984375,1.078125,0.97265625,0.734375,1.171875,0.9921875,0.640625,0.53515625,0.40234375,0.30859375,0.27734375,0.3125
410,410,base,0,nan,nan,0.30859375,0.4296875,0.5,0.3125,0.21875,0.3203125,0.7578125,0.7421875,1.1875,0.92578125,1.0,0.99609375,0.828125,0.9375,0.8828125,1.1640625,1.0390625,0.72265625,1.171875,0.9140625,0.796875,0.63671875,0.421875,0.296875,0.31640625,0.3515625
2654,2654,base,0,nan,nan,0.30078125,0.5,0.5234375,0.296875,0.2421875,0.3671875,0.7265625,0.7734375,1.0703125,1.0625,0.96875,0.984375,0.76953125,0.9453125,0.90625,1.2109375,0.9921875,0.6796875,1.09375,0.88671875,0.71875,0.640625,0.45703125,0.37109375,0.37890625,0.3828125
1153,1153,base,0,nan,nan,0.28515625,0.46484375,0.4765625,0.29296875,0.2265625,0.30859375,0.73828125,0.7421875,1.125,0.96875,1.0078125,1.0,0.78125,0.953125,0.953125,1.2109375,1.0546875,0.74609375,1.171875,1.0234375,0.6640625,0.54296875,0.3984375,0.28515625,0.2890625,0.30859375
1901,1901,base,0,nan,nan,0.30859375,0.4453125,0.49609375,0.359375,0.2265625,0.33203125,0.7578125,0.77734375,1.078125,1.046875,1.0546875,1.0390625,0.83984375,0.98828125,0.8984375,1.078125,0.97265625,0.734375,1.171875,0.9921875,0.640625,0.53515625,0.40234375,0.30859375,0.27734375,0.3125
411,411,base,0,nan,nan,0.30859375,0.4296875,0.5,0.3125,0.21875,0.3203125,0.7578125,0.7421875,1.1875,0.92578125,1.0,0.99609375,0.828125,0.9375,0.8828125,1.1640625,1.0390625,0.72265625,1.171875,0.9140625,0.796875,0.63671875,0.421875,0.296875,0.31640625,0.3515625
2655,2655,base,0,nan,nan,0.30078125,0.5,0.5234375,0.296875,0.2421875,0.3671875,0.7265625,0.7734375,1.0703125,1.0625,0.96875,0.984375,0.76953125,0.9453125,0.90625,1.2109375,0.9921875,0.6796875,1.09375,0.88671875,0.71875,0.640625,0.45703125,0.37109375,0.37890625,0.3828125
1154,1154,base,0,nan,nan,0.28515625,0.46484375,0.4765625,0.29296875,0.2265625,0.30859375,0.73828125,0.7421875,1.125,0.96875,1.0078125,1.0,0.78125,0.953125,0.953125,1.2109375,1.0546875,0.74609375,1.171875,1.0234375,0.6640625,0.54296875,0.3984375,0.28515625,0.2890625,0.30859375
2656,2656,base,0,nan,nan,0.30078125,0.5,0.5234375,0.296875,0.2421875,0.3671875,0.7265625,0.7734375,1.0703125,1.0625,0.96875,0.984375,0.76953125,0.9453125,0.90625,1.2109375,0.9921875,0.6796875,1.09375,0.88671875,0.71875,0.640625,0.45703125,0.37109375,0.37890625,0.3828125
1902,1902,base,0,nan,nan,0.30859375,0.4453125,0.49609375,0.359375,0.2265625,0.33203125,0.7578125,0.77734375,1.078125,1.046875,1.0546875,1.0390625,0.83984375,0.98828125,0.8984375,1.078125,0.97265625,0.734375,1.171875,0.9921875,0.640625,0.53515625,0.40234375,0.30859375,0.27734375,0.3125
412,412,base,0,nan,nan,0.30859375,0.4296875,0.5,0.3125,0.21875,0.3203125,0.7578125,0.7421875,1.1875,0.92578125,1.0,0.99609375,0.828125,0.9375,0.8828125,1.1640625,1.0390625,0.72265625,1.171875,0.9140625,0.796875,0.63671875,0.421875,0.296875,0.31640625,0.3515625
1155,1155,base,0,nan,nan,0.28515625,0.46484375,0.4765625,0.29296875,0.2265625,0.30859375,0.73828125,0.7421875,1.125,0.96875,1.0078125,1.0,0.78125,0.953125,0.953125,1.2109375,1.0546875,0.74609375,1.171875,1.0234375,0.6640625,0.54296875,0.3984375,0.28515625,0.2890625,0.30859375
2657,2657,base,0,nan,nan,0.30078125,0.5,0.5234375,0.296875,0.2421875,0.3671875,0.7265625,0.7734375,1.0703125,1.0625,0.96875,0.984375,0.76953125,0.9453125,0.90625,1.2109375,0.9921875,0.6796875,1.09375,0.88671875,0.71875,0.640625,0.45703125,0.37109375,0.37890625,0.3828125
1903,1903,base,0,nan,nan,0.30078125,0.45703125,0.5625,0.359375,0.23828125,0.390625,0.75,0.79296875,1.1171875,0.9921875,0.91015625,0.9453125,0.78515625,0.9921875,0.9453125,1.28125,1.03125,0.6796875,0.97265625,0.78125,0.625,0.53125,0.41015625,0.296875,0.3046875,0.3203125
413,413,base,0,nan,nan,0.30859375,0.4296875,0.5,0.3125,0.21875,0.3203125,0.7578125,0.7421875,1.1875,0.92578125,1.0,0.99609375,0.828125,0.9375,0.8828125,1.1640625,1.0390625,0.72265625,1.171875,0.9140625,0.796875,0.63671875,0.421875,0.296875,0.31640625,0.3515625
2658,2658,base,0,nan,nan,0.30078125,0.5,0.5234375,0.296875,0.2421875,0.3671875,0.7265625,0.7734375,1.0703125,1.0625,0.96875,0.984375,0.76953125,0.9453125,0.90625,1.2109375,0.9921875,0.6796875,1.09375,0.88671875,0.71875,0.640625,0.45703125,0.37109375,0.37890625,0.3828125
1156,1156,base,0,nan,nan,0.28515625,0.46484375,0.4765625,0.29296875,0.2265625,0.30859375,0.73828125,0.7421875,1.125,0.96875,1.0078125,1.0,0.78125,0.953125,0.953125,1.2109375,1.0546875,0.74609375,1.171875,1.0234375,0.6640625,0.54296875,0.3984375,0.28515625,0.2890625,0.30859375
1904,1904,base,0,nan,nan,0.30078125,0.45703125,0.5625,0.359375,0.23828125,0.390625,0.75,0.79296875,1.1171875,0.9921875,0.91015625,0.9453125,0.78515625,0.9921875,0.9453125,1.28125,1.03125,0.6796875,0.97265625,0.78125,0.625,0.53125,0.41015625,0.296875,0.3046875,0.3203125
414,414,base,0,nan,nan,0.30859375,0.4296875,0.5,0.3125,0.21875,0.3203125,0.7578125,0.7421875,1.1875,0.92578125,1.0,0.99609375,0.828125,0.9375,0.8828125,1.1640625,1.0390625,0.72265625,1.171875,0.9140625,0.796875,0.63671875,0.421875,0.296875,0.31640625,0.3515625
2659,2659,base,1,nan,nan,0.30859375,0.4609375,0.515625,0.34375,0.203125,0.37890625,0.7890625,0.7109375,1.0546875,1.03125,1.125,1.0546875,0.8203125,0.90234375,0.8671875,1.2109375,1.0234375,0.78515625,1.2421875,0.99609375,0.76171875,0.609375,0.4296875,0.328125,0.33203125,0.3515625
1157,1157,base,0,nan,nan,0.28515625,0.46484375,0.4765625,0.29296875,0.2265625,0.30859375,0.73828125,0.7421875,1.125,0.96875,1.0078125,1.0,0.78125,0.953125,0.953125,1.2109375,1.0546875,0.74609375,1.171875,1.0234375,0.6640625,0.54296875,0.3984375,0.28515625,0.2890625,0.30859375
415,415,base,0,nan,nan,0.30859375,0.42578125,0.51171875,0.36328125,0.203125,0.3203125,0.7421875,0.7421875,1.140625,0.95703125,1.0546875,1.03125,0.75,0.97265625,0.953125,1.1875,0.98828125,0.8046875,1.140625,0.9765625,0.79296875,0.6328125,0.41796875,0.2890625,0.33203125,0.35546875
1905,1905,base,0,nan,nan,0.30078125,0.45703125,0.5625,0.359375,0.23828125,0.390625,0.75,0.79296875,1.1171875,0.9921875,0.91015625,0.9453125,0.78515625,0.9921875,0.9453125,1.28125,1.03125,0.6796875,0.97265625,0.78125,0.625,0.53125,0.41015625,0.296875,0.3046875,0.3203125
2660,2660,base,0,nan,nan,0.30859375,0.4609375,0.515625,0.34375,0.203125,0.37890625,0.7890625,0.7109375,1.0546875,1.03125,1.125,1.0546875,0.8203125,0.90234375,0.8671875,1.2109375,1.0234375,0.78515625,1.2421875,0.99609375,0.76171875,0.609375,0.4296875,0.328125,0.33203125,0.3515625
1158,1158,base,0,nan,nan,0.28515625,0.46484375,0.4765625,0.29296875,0.2265625,0.30859375,0.73828125,0.7421875,1.125,0.96875,1.0078125,1.0,0.78125,0.953125,0.953125,1.2109375,1.0546875,0.74609375,1.171875,1.0234375,0.6640625,0.54296875,0.3984375,0.28515625,0.2890625,0.30859375
416,416,base,0,nan,nan,0.30859375,0.42578125,0.51171875,0.36328125,0.203125,0.3203125,0.7421875,0.7421875,1.140625,0.95703125,1.0546875,1.03125,0.75,0.97265625,0.953125,1.1875,0.98828125,0.8046875,1.140625,0.9765625,0.79296875,0.6328125,0.41796875,0.2890625,0.33203125,0.35546875
1906,1906,base,0,nan,nan,0.30078125,0.45703125,0.5625,0.359375,0.23828125,0.390625,0.75,0.79296875,1.1171875,0.9921875,0.91015625,0.9453125,0.78515625,0.9921875,0.9453125,1.28125,1.03125,0.6796875,0.97265625,0.78125,0.625,0.53125,0.41015625,0.296875,0.3046875,0.3203125
2661,2661,base,1,nan,nan,0.30859375,0.4609375,0.515625,0.34375,0.203125,0.37890625,0.7890625,0.7109375,1.0546875,1.03125,1.125,1.0546875,0.8203125,0.90234375,0.8671875,1.2109375,1.0234375,0.78515625,1.2421875,0.99609375,0.76171875,0.609375,0.4296875,0.328125,0.33203125,0.3515625
1159,1159,base,0,nan,nan,0.3125,0.46484375,0.48828125,0.30859375,0.21875,0.34765625,0.7421875,0.7734375,1.140625,0.95703125,0.97265625,0.93359375,0.75,0.9765625,0.953125,1.2265625,0.99609375,0.7265625,1.0859375,0.890625,0.6796875,0.546875,0.39453125,0.28515625,0.296875,0.26953125
417,417,base,0,nan,nan,0.30859375,0.42578125,0.51171875,0.36328125,0.203125,0.3203125,0.7421875,0.7421875,1.140625,0.95703125,1.0546875,1.03125,0.75,0.97265625,0.953125,1.1875,0.98828125,0.8046875,1.140625,0.9765625,0.79296875,0.6328125,0.41796875,0.2890625,0.33203125,0.35546875
2662,2662,base,0,nan,nan,0.30859375,0.4609375,0.515625,0.34375,0.203125,0.37890625,0.7890625,0.7109375,1.0546875,1.03125,1.125,1.0546875,0.8203125,0.90234375,0.8671875,1.2109375,1.0234375,0.78515625,1.2421875,0.99609375,0.76171875,0.609375,0.4296875,0.328125,0.33203125,0.3515625
1907,1907,base,0,nan,nan,0.30078125,0.45703125,0.5625,0.359375,0.23828125,0.390625,0.75,0.79296875,1.1171875,0.9921875,0.91015625,0.9453125,0.78515625,0.9921875,0.9453125,1.28125,1.03125,0.6796875,0.97265625,0.78125,0.625,0.53125,0.41015625,0.296875,0.3046875,0.3203125
1160,1160,base,0,nan,nan,0.3125,0.46484375,0.48828125,0.30859375,0.21875,0.34765625,0.7421875,0.7734375,1.140625,0.95703125,0.97265625,0.93359375,0.75,0.9765625,0.953125,1.2265625,0.99609375,0.7265625,1.0859375,0.890625,0.6796875,0.546875,0.39453125,0.28515625,0.296875,0.26953125
418,418,base,0,nan,nan,0.30859375,0.42578125,0.51171875,0.36328125,0.203125,0.3203125,0.7421875,0.7421875,1.140625,0.95703125,1.0546875,1.03125,0.75,0.97265625,0.953125,1.1875,0.98828125,0.8046875,1.140625,0.9765625,0.79296875,0.6328125,0.41796875,0.2890625,0.33203125,0.35546875
2663,2663,base,0,nan,nan,0.30859375,0.4609375,0.515625,0.34375,0.203125,0.37890625,0.7890625,0.7109375,1.0546875,1.03125,1.125,1.0546875,0.8203125,0.90234375,0.8671875,1.2109375,1.0234375,0.78515625,1.2421875,0.99609375,0.76171875,0.609375,0.4296875,0.328125,0.33203125,0.3515625
1908,1908,base,0,nan,nan,0.30078125,0.45703125,0.5625,0.359375,0.23828125,0.390625,0.75,0.79296875,1.1171875,0.9921875,0.91015625,0.9453125,0.78515625,0.9921875,0.9453125,1.28125,1.03125,0.6796875,0.97265625,0.78125,0.625,0.53125,0.41015625,0.296875,0.3046875,0.3203125
1161,1161,base,0,nan,nan,0.3125,0.46484375,0.48828125,0.30859375,0.21875,0.34765625,0.7421875,0.7734375,1.140625,0.95703125,0.97265625,0.93359375,0.75,0.9765625,0.953125,1.2265625,0.99609375,0.7265625,1.0859375,0.890625,0.6796875,0.546875,0.39453125,0.28515625,0.296875,0.26953125
419,419,base,0,nan,nan,0.30859375,0.42578125,0.51171875,0.36328125,0.203125,0.3203125,0.7421875,0.7421875,1.140625,0.95703125,1.0546875,1.03125,0.75,0.97265625,0.953125,1.1875,0.98828125,0.8046875,1.140625,0.9765625,0.79296875,0.6328125,0.41796875,0.2890625,0.33203125,0.35546875
2664,2664,base,0,nan,nan,0.30859375,0.4609375,0.515625,0.34375,0.203125,0.37890625,0.7890625,0.7109375,1.0546875,1.03125,1.125,1.0546875,0.8203125,0.90234375,0.8671875,1.2109375,1.0234375,0.78515625,1.2421875,0.99609375,0.76171875,0.609375,0.4296875,0.328125,0.33203125,0.3515625
1909,1909,base,0,nan,nan,0.3046875,0.5,0.5078125,0.30078125,0.22265625,0.328125,0.73046875,0.75,1.1015625,1.0234375,0.99609375,0.95703125,0.75,0.97265625,0.93359375,1.140625,0.9921875,0.6171875,1.046875,0.859375,0.5390625,0.5390625,0.36328125,0.25390625,0.2578125,0.2890625
1162,1162,base,0,nan,nan,0.3125,0.46484375,0.48828125,0.30859375,0.21875,0.34765625,0.7421875,0.7734375,1.140625,0.95703125,0.97265625,0.93359375,0.75,0.9765625,0.953125,1.2265625,0.99609375,0.7265625,1.0859375,0.890625,0.6796875,0.546875,0.39453125,0.28515625,0.296875,0.26953125
420,420,base,0,nan,nan,0.30859375,0.42578125,0.51171875,0.36328125,0.203125,0.3203125,0.7421875,0.7421875,1.140625,0.95703125,1.0546875,1.03125,0.75,0.97265625,0.953125,1.1875,0.98828125,0.8046875,1.140625,0.9765625,0.79296875,0.6328125,0.41796875,0.2890625,0.33203125,0.35546875
2665,2665,base,0,nan,nan,0.32421875,0.45703125,0.5078125,0.328125,0.2109375,0.3515625,0.75,0.76171875,1.15625,0.8984375,1.046875,1.0234375,0.7734375,0.96484375,0.94140625,1.171875,1.0625,0.6953125,1.15625,0.91796875,0.734375,0.6328125,0.38671875,0.30078125,0.296875,0.2890625
1910,1910,base,0,nan,nan,0.3046875,0.5,0.5078125,0.30078125,0.22265625,0.328125,0.73046875,0.75,1.1015625,1.0234375,0.99609375,0.95703125,0.75,0.97265625,0.93359375,1.140625,0.9921875,0.6171875,1.046875,0.859375,0.5390625,0.5390625,0.36328125,0.25390625,0.2578125,0.2890625
1163,1163,base,0,nan,nan,0.3125,0.46484375,0.48828125,0.30859375,0.21875,0.34765625,0.7421875,0.7734375,1.140625,0.95703125,0.97265625,0.93359375,0.75,0.9765625,0.953125,1.2265625,0.99609375,0.7265625,1.0859375,0.890625,0.6796875,0.546875,0.39453125,0.28515625,0.296875,0.26953125
421,421,base,0,nan,nan,0.296875,0.4609375,0.49609375,0.30859375,0.1875,0.34375,0.7890625,0.7421875,1.1796875,0.92578125,1.0390625,1.046875,0.8203125,0.96875,0.95703125,1.2421875,1.078125,0.8203125,1.1953125,0.95703125,0.91796875,0.765625,0.5078125,0.359375,0.40625,0.3828125
2666,2666,base,0,nan,nan,0.32421875,0.45703125,0.5078125,0.328125,0.2109375,0.3515625,0.75,0.76171875,1.15625,0.8984375,1.046875,1.0234375,0.7734375,0.96484375,0.94140625,1.171875,1.0625,0.6953125,1.15625,0.91796875,0.734375,0.6328125,0.38671875,0.30078125,0.296875,0.2890625
1911,1911,base,1,nan,nan,0.3046875,0.5,0.5078125,0.30078125,0.22265625,0.328125,0.73046875,0.75,1.1015625,1.0234375,0.99609375,0.95703125,0.75,0.97265625,0.93359375,1.140625,0.9921875,0.6171875,1.046875,0.859375,0.5390625,0.5390625,0.36328125,0.25390625,0.2578125,0.2890625
422,422,base,0,nan,nan,0.296875,0.4609375,0.49609375,0.30859375,0.1875,0.34375,0.7890625,0.7421875,1.1796875,0.92578125,1.0390625,1.046875,0.8203125,0.96875,0.95703125,1.2421875,1.078125,0.8203125,1.1953125,0.95703125,0.91796875,0.765625,0.5078125,0.359375,0.40625,0.3828125
1164,1164,base,0,nan,nan,0.3125,0.46484375,0.48828125,0.30859375,0.21875,0.34765625,0.7421875,0.7734375,1.140625,0.95703125,0.97265625,0.93359375,0.75,0.9765625,0.953125,1.2265625,0.99609375,0.7265625,1.0859375,0.890625,0.6796875,0.546875,0.39453125,0.28515625,0.296875,0.26953125
2667,2667,base,1,nan,nan,0.32421875,0.45703125,0.5078125,0.328125,0.2109375,0.3515625,0.75,0.76171875,1.15625,0.8984375,1.046875,1.0234375,0.7734375,0.96484375,0.94140625,1.171875,1.0625,0.6953125,1.15625,0.91796875,0.734375,0.6328125,0.38671875,0.30078125,0.296875,0.2890625
1912,1912,base,0,nan,nan,0.3046875,0.5,0.5078125,0.30078125,0.22265625,0.328125,0.73046875,0.75,1.1015625,1.0234375,0.99609375,0.95703125,0.75,0.97265625,0.93359375,1.140625,0.9921875,0.6171875,1.046875,0.859375,0.5390625,0.5390625,0.36328125,0.25390625,0.2578125,0.2890625
423,423,base,0,nan,nan,0.296875,0.4609375,0.49609375,0.30859375,0.1875,0.34375,0.7890625,0.7421875,1.1796875,0.92578125,1.0390625,1.046875,0.8203125,0.96875,0.95703125,1.2421875,1.078125,0.8203125,1.1953125,0.95703125,0.91796875,0.765625,0.5078125,0.359375,0.40625,0.3828125
1165,1165,base,0,nan,nan,0.296875,0.4375,0.4375,0.28515625,0.19921875,0.3359375,0.7890625,0.7265625,1.09375,0.98828125,1.0234375,0.99609375,0.80078125,0.9609375,0.9375,1.1953125,1.0390625,0.8125,1.2265625,0.93359375,0.859375,0.65625,0.375,0.2578125,0.29296875,0.328125
2668,2668,base,0,nan,nan,0.32421875,0.45703125,0.5078125,0.328125,0.2109375,0.3515625,0.75,0.76171875,1.15625,0.8984375,1.046875,1.0234375,0.7734375,0.96484375,0.94140625,1.171875,1.0625,0.6953125,1.15625,0.91796875,0.734375,0.6328125,0.38671875,0.30078125,0.296875,0.2890625
1913,1913,base,0,nan,nan,0.3046875,0.5,0.5078125,0.30078125,0.22265625,0.328125,0.73046875,0.75,1.1015625,1.0234375,0.99609375,0.95703125,0.75,0.97265625,0.93359375,1.140625,0.9921875,0.6171875,1.046875,0.859375,0.5390625,0.5390625,0.36328125,0.25390625,0.2578125,0.2890625
424,424,base,0,nan,nan,0.296875,0.4609375,0.49609375,0.30859375,0.1875,0.34375,0.7890625,0.7421875,1.1796875,0.92578125,1.0390625,1.046875,0.8203125,0.96875,0.95703125,1.2421875,1.078125,0.8203125,1.1953125,0.95703125,0.91796875,0.765625,0.5078125,0.359375,0.40625,0.3828125
1166,1166,base,0,nan,nan,0.296875,0.4375,0.4375,0.28515625,0.19921875,0.3359375,0.7890625,0.7265625,1.09375,0.98828125,1.0234375,0.99609375,0.80078125,0.9609375,0.9375,1.1953125,1.0390625,0.8125,1.2265625,0.93359375,0.859375,0.65625,0.375,0.2578125,0.29296875,0.328125
2669,2669,base,0,nan,nan,0.32421875,0.45703125,0.5078125,0.328125,0.2109375,0.3515625,0.75,0.76171875,1.15625,0.8984375,1.046875,1.0234375,0.7734375,0.96484375,0.94140625,1.171875,1.0625,0.6953125,1.15625,0.91796875,0.734375,0.6328125,0.38671875,0.30078125,0.296875,0.2890625
1914,1914,base,0,nan,nan,0.3046875,0.5,0.5078125,0.30078125,0.22265625,0.328125,0.73046875,0.75,1.1015625,1.0234375,0.99609375,0.95703125,0.75,0.97265625,0.93359375,1.140625,0.9921875,0.6171875,1.046875,0.859375,0.5390625,0.5390625,0.36328125,0.25390625,0.2578125,0.2890625
425,425,base,0,nan,nan,0.296875,0.4609375,0.49609375,0.30859375,0.1875,0.34375,0.7890625,0.7421875,1.1796875,0.92578125,1.0390625,1.046875,0.8203125,0.96875,0.95703125,1.2421875,1.078125,0.8203125,1.1953125,0.95703125,0.91796875,0.765625,0.5078125,0.359375,0.40625,0.3828125
1167,1167,base,1,nan,nan,0.296875,0.4375,0.4375,0.28515625,0.19921875,0.3359375,0.7890625,0.7265625,1.09375,0.98828125,1.0234375,0.99609375,0.80078125,0.9609375,0.9375,1.1953125,1.0390625,0.8125,1.2265625,0.93359375,0.859375,0.65625,0.375,0.2578125,0.29296875,0.328125
2670,2670,base,0,nan,nan,0.32421875,0.45703125,0.5078125,0.328125,0.2109375,0.3515625,0.75,0.76171875,1.15625,0.8984375,1.046875,1.0234375,0.7734375,0.96484375,0.94140625,1.171875,1.0625,0.6953125,1.15625,0.91796875,0.734375,0.6328125,0.38671875,0.30078125,0.296875,0.2890625
426,426,base,0,nan,nan,0.296875,0.4609375,0.49609375,0.30859375,0.1875,0.34375,0.7890625,0.7421875,1.1796875,0.92578125,1.0390625,1.046875,0.8203125,0.96875,0.95703125,1.2421875,1.078125,0.8203125,1.1953125,0.95703125,0.91796875,0.765625,0.5078125,0.359375,0.40625,0.3828125
1915,1915,base,0,nan,nan,0.29296875,0.4453125,0.45703125,0.3046875,0.234375,0.32421875,0.734375,0.76171875,1.0546875,1.015625,0.99609375,1.0078125,0.765625,0.9140625,0.80859375,1.1484375,1.0,0.76953125,1.1953125,0.9140625,0.7421875,0.515625,0.3984375,0.2734375,0.2734375,0.33203125
1168,1168,base,0,nan,nan,0.296875,0.4375,0.4375,0.28515625,0.19921875,0.3359375,0.7890625,0.7265625,1.09375,0.98828125,1.0234375,0.99609375,0.80078125,0.9609375,0.9375,1.1953125,1.0390625,0.8125,1.2265625,0.93359375,0.859375,0.65625,0.375,0.2578125,0.29296875,0.328125
2671,2671,base,0,nan,nan,0.30078125,0.46875,0.54296875,0.3671875,0.24609375,0.375,0.71875,0.88671875,1.03125,1.15625,0.94921875,0.94921875,0.8359375,1.0625,1.046875,1.2890625,1.03125,0.6640625,1.0625,0.890625,0.58984375,0.5546875,0.453125,0.40234375,0.37109375,0.3828125
427,427,base,0,nan,nan,0.3046875,0.47265625,0.546875,0.37109375,0.2265625,0.33203125,0.75390625,0.7890625,1.09375,1.015625,0.97265625,0.9609375,0.765625,1.0625,1.0703125,1.2578125,1.0390625,0.65625,1.171875,0.97265625,0.609375,0.546875,0.4140625,0.328125,0.32421875,0.33984375
1916,1916,base,0,nan,nan,0.29296875,0.4453125,0.45703125,0.3046875,0.234375,0.32421875,0.734375,0.76171875,1.0546875,1.015625,0.99609375,1.0078125,0.765625,0.9140625,0.80859375,1.1484375,1.0,0.76953125,1.1953125,0.9140625,0.7421875,0.515625,0.3984375,0.2734375,0.2734375,0.33203125
1169,1169,base,1,nan,nan,0.296875,0.4375,0.4375,0.28515625,0.19921875,0.3359375,0.7890625,0.7265625,1.09375,0.98828125,1.0234375,0.99609375,0.80078125,0.9609375,0.9375,1.1953125,1.0390625,0.8125,1.2265625,0.93359375,0.859375,0.65625,0.375,0.2578125,0.29296875,0.328125
2672,2672,base,0,nan,nan,0.30078125,0.46875,0.54296875,0.3671875,0.24609375,0.375,0.71875,0.88671875,1.03125,1.15625,0.94921875,0.94921875,0.8359375,1.0625,1.046875,1.2890625,1.03125,0.6640625,1.0625,0.890625,0.58984375,0.5546875,0.453125,0.40234375,0.37109375,0.3828125
428,428,base,0,nan,nan,0.3046875,0.47265625,0.546875,0.37109375,0.2265625,0.33203125,0.75390625,0.7890625,1.09375,1.015625,0.97265625,0.9609375,0.765625,1.0625,1.0703125,1.2578125,1.0390625,0.65625,1.171875,0.97265625,0.609375,0.546875,0.4140625,0.328125,0.32421875,0.33984375
1917,1917,base,0,nan,nan,0.29296875,0.4453125,0.45703125,0.3046875,0.234375,0.32421875,0.734375,0.76171875,1.0546875,1.015625,0.99609375,1.0078125,0.765625,0.9140625,0.80859375,1.1484375,1.0,0.76953125,1.1953125,0.9140625,0.7421875,0.515625,0.3984375,0.2734375,0.2734375,0.33203125
1170,1170,base,0,nan,nan,0.296875,0.4375,0.4375,0.28515625,0.19921875,0.3359375,0.7890625,0.7265625,1.09375,0.98828125,1.0234375,0.99609375,0.80078125,0.9609375,0.9375,1.1953125,1.0390625,0.8125,1.2265625,0.93359375,0.859375,0.65625,0.375,0.2578125,0.29296875,0.328125
2673,2673,base,1,nan,nan,0.30078125,0.46875,0.54296875,0.3671875,0.24609375,0.375,0.71875,0.88671875,1.03125,1.15625,0.94921875,0.94921875,0.8359375,1.0625,1.046875,1.2890625,1.03125,0.6640625,1.0625,0.890625,0.58984375,0.5546875,0.453125,0.40234375,0.37109375,0.3828125
429,429,base,0,nan,nan,0.3046875,0.47265625,0.546875,0.37109375,0.2265625,0.33203125,0.75390625,0.7890625,1.09375,1.015625,0.97265625,0.9609375,0.765625,1.0625,1.0703125,1.2578125,1.0390625,0.65625,1.171875,0.97265625,0.609375,0.546875,0.4140625,0.328125,0.32421875,0.33984375
1918,1918,base,0,nan,nan,0.29296875,0.4453125,0.45703125,0.3046875,0.234375,0.32421875,0.734375,0.76171875,1.0546875,1.015625,0.99609375,1.0078125,0.765625,0.9140625,0.80859375,1.1484375,1.0,0.76953125,1.1953125,0.9140625,0.7421875,0.515625,0.3984375,0.2734375,0.2734375,0.33203125
1171,1171,base,1,nan,nan,0.296875,0.48828125,0.5234375,0.3671875,0.24609375,0.36328125,0.74609375,0.77734375,1.0546875,1.078125,1.0859375,0.98046875,0.87890625,0.99609375,0.9453125,1.1640625,1.015625,0.66015625,1.0703125,0.875,0.62890625,0.57421875,0.44140625,0.3125,0.30078125,0.32421875
2674,2674,base,0,nan,nan,0.30078125,0.46875,0.54296875,0.3671875,0.24609375,0.375,0.71875,0.88671875,1.03125,1.15625,0.94921875,0.94921875,0.8359375,1.0625,1.046875,1.2890625,1.03125,0.6640625,1.0625,0.890625,0.58984375,0.5546875,0.453125,0.40234375,0.37109375,0.3828125
430,430,base,0,nan,nan,0.3046875,0.47265625,0.546875,0.37109375,0.2265625,0.33203125,0.75390625,0.7890625,1.09375,1.015625,0.97265625,0.9609375,0.765625,1.0625,1.0703125,1.2578125,1.0390625,0.65625,1.171875,0.97265625,0.609375,0.546875,0.4140625,0.328125,0.32421875,0.33984375
1919,1919,base,1,nan,nan,0.29296875,0.4453125,0.45703125,0.3046875,0.234375,0.32421875,0.734375,0.76171875,1.0546875,1.015625,0.99609375,1.0078125,0.765625,0.9140625,0.80859375,1.1484375,1.0,0.76953125,1.1953125,0.9140625,0.7421875,0.515625,0.3984375,0.2734375,0.2734375,0.33203125
1172,1172,base,0,nan,nan,0.296875,0.48828125,0.5234375,0.3671875,0.24609375,0.36328125,0.74609375,0.77734375,1.0546875,1.078125,1.0859375,0.98046875,0.87890625,0.99609375,0.9453125,1.1640625,1.015625,0.66015625,1.0703125,0.875,0.62890625,0.57421875,0.44140625,0.3125,0.30078125,0.32421875
2675,2675,base,0,nan,nan,0.30078125,0.46875,0.54296875,0.3671875,0.24609375,0.375,0.71875,0.88671875,1.03125,1.15625,0.94921875,0.94921875,0.8359375,1.0625,1.046875,1.2890625,1.03125,0.6640625,1.0625,0.890625,0.58984375,0.5546875,0.453125,0.40234375,0.37109375,0.3828125
431,431,base,0,nan,nan,0.3046875,0.47265625,0.546875,0.37109375,0.2265625,0.33203125,0.75390625,0.7890625,1.09375,1.015625,0.97265625,0.9609375,0.765625,1.0625,1.0703125,1.2578125,1.0390625,0.65625,1.171875,0.97265625,0.609375,0.546875,0.4140625,0.328125,0.32421875,0.33984375
1920,1920,base,0,nan,nan,0.29296875,0.4453125,0.45703125,0.3046875,0.234375,0.32421875,0.734375,0.76171875,1.0546875,1.015625,0.99609375,1.0078125,0.765625,0.9140625,0.80859375,1.1484375,1.0,0.76953125,1.1953125,0.9140625,0.7421875,0.515625,0.3984375,0.2734375,0.2734375,0.33203125
1173,1173,base,1,nan,nan,0.296875,0.48828125,0.5234375,0.3671875,0.24609375,0.36328125,0.74609375,0.77734375,1.0546875,1.078125,1.0859375,0.98046875,0.87890625,0.99609375,0.9453125,1.1640625,1.015625,0.66015625,1.0703125,0.875,0.62890625,0.57421875,0.44140625,0.3125,0.30078125,0.32421875
2676,2676,base,0,nan,nan,0.30078125,0.46875,0.54296875,0.3671875,0.24609375,0.375,0.71875,0.88671875,1.03125,1.15625,0.94921875,0.94921875,0.8359375,1.0625,1.046875,1.2890625,1.03125,0.6640625,1.0625,0.890625,0.58984375,0.5546875,0.453125,0.40234375,0.37109375,0.3828125
432,432,base,0,nan,nan,0.3046875,0.47265625,0.546875,0.37109375,0.2265625,0.33203125,0.75390625,0.7890625,1.09375,1.015625,0.97265625,0.9609375,0.765625,1.0625,1.0703125,1.2578125,1.0390625,0.65625,1.171875,0.97265625,0.609375,0.546875,0.4140625,0.328125,0.32421875,0.33984375
1921,1921,base,0,nan,nan,0.30078125,0.4453125,0.546875,0.34375,0.25,0.37890625,0.73046875,0.76171875,1.109375,0.9921875,0.9765625,0.953125,0.8046875,0.984375,0.94140625,1.234375,0.9765625,0.7265625,0.921875,0.7421875,0.5859375,0.5078125,0.40234375,0.2890625,0.296875,0.30078125
1174,1174,base,0,nan,nan,0.296875,0.48828125,0.5234375,0.3671875,0.24609375,0.36328125,0.74609375,0.77734375,1.0546875,1.078125,1.0859375,0.98046875,0.87890625,0.99609375,0.9453125,1.1640625,1.015625,0.66015625,1.0703125,0.875,0.62890625,0.57421875,0.44140625,0.3125,0.30078125,0.32421875
2677,2677,base,0,nan,nan,0.31640625,0.48828125,0.5546875,0.3515625,0.2421875,0.32421875,0.76953125,0.75390625,1.1171875,1.015625,1.0078125,0.9609375,0.8125,0.9765625,0.92578125,1.203125,1.0078125,0.71875,1.09375,0.9140625,0.7734375,0.65625,0.4296875,0.3515625,0.34765625,0.359375
433,433,base,0,nan,nan,0.29296875,0.4375,0.48828125,0.34375,0.19921875,0.34375,0.8125,0.71875,1.140625,0.9296875,1.03125,1.0390625,0.81640625,0.93359375,0.94921875,1.171875,1.0859375,0.7890625,1.203125,0.97265625,0.8359375,0.65625,0.4609375,0.3359375,0.3046875,0.29296875
1922,1922,base,0,nan,nan,0.30078125,0.4453125,0.546875,0.34375,0.25,0.37890625,0.73046875,0.76171875,1.109375,0.9921875,0.9765625,0.953125,0.8046875,0.984375,0.94140625,1.234375,0.9765625,0.7265625,0.921875,0.7421875,0.5859375,0.5078125,0.40234375,0.2890625,0.296875,0.30078125
2678,2678,base,0,nan,nan,0.31640625,0.48828125,0.5546875,0.3515625,0.2421875,0.32421875,0.76953125,0.75390625,1.1171875,1.015625,1.0078125,0.9609375,0.8125,0.9765625,0.92578125,1.203125,1.0078125,0.71875,1.09375,0.9140625,0.7734375,0.65625,0.4296875,0.3515625,0.34765625,0.359375
1175,1175,base,0,nan,nan,0.296875,0.48828125,0.5234375,0.3671875,0.24609375,0.36328125,0.74609375,0.77734375,1.0546875,1.078125,1.0859375,0.98046875,0.87890625,0.99609375,0.9453125,1.1640625,1.015625,0.66015625,1.0703125,0.875,0.62890625,0.57421875,0.44140625,0.3125,0.30078125,0.32421875
434,434,base,0,nan,nan,0.29296875,0.4375,0.48828125,0.34375,0.19921875,0.34375,0.8125,0.71875,1.140625,0.9296875,1.03125,1.0390625,0.81640625,0.93359375,0.94921875,1.171875,1.0859375,0.7890625,1.203125,0.97265625,0.8359375,0.65625,0.4609375,0.3359375,0.3046875,0.29296875
1923,1923,base,0,nan,nan,0.30078125,0.4453125,0.546875,0.34375,0.25,0.37890625,0.73046875,0.76171875,1.109375,0.9921875,0.9765625,0.953125,0.8046875,0.984375,0.94140625,1.234375,0.9765625,0.7265625,0.921875,0.7421875,0.5859375,0.5078125,0.40234375,0.2890625,0.296875,0.30078125
2679,2679,base,1,nan,nan,0.31640625,0.48828125,0.5546875,0.3515625,0.2421875,0.32421875,0.76953125,0.75390625,1.1171875,1.015625,1.0078125,0.9609375,0.8125,0.9765625,0.92578125,1.203125,1.0078125,0.71875,1.09375,0.9140625,0.7734375,0.65625,0.4296875,0.3515625,0.34765625,0.359375
1176,1176,base,0,nan,nan,0.296875,0.48828125,0.5234375,0.3671875,0.24609375,0.36328125,0.74609375,0.77734375,1.0546875,1.078125,1.0859375,0.98046875,0.87890625,0.99609375,0.9453125,1.1640625,1.015625,0.66015625,1.0703125,0.875,0.62890625,0.57421875,0.44140625,0.3125,0.30078125,0.32421875
435,435,base,1,nan,nan,0.29296875,0.4375,0.48828125,0.34375,0.19921875,0.34375,0.8125,0.71875,1.140625,0.9296875,1.03125,1.0390625,0.81640625,0.93359375,0.94921875,1.171875,1.0859375,0.7890625,1.203125,0.97265625,0.8359375,0.65625,0.4609375,0.3359375,0.3046875,0.29296875
2680,2680,base,0,nan,nan,0.31640625,0.48828125,0.5546875,0.3515625,0.2421875,0.32421875,0.76953125,0.75390625,1.1171875,1.015625,1.0078125,0.9609375,0.8125,0.9765625,0.92578125,1.203125,1.0078125,0.71875,1.09375,0.9140625,0.7734375,0.65625,0.4296875,0.3515625,0.34765625,0.359375
1924,1924,base,0,nan,nan,0.30078125,0.4453125,0.546875,0.34375,0.25,0.37890625,0.73046875,0.76171875,1.109375,0.9921875,0.9765625,0.953125,0.8046875,0.984375,0.94140625,1.234375,0.9765625,0.7265625,0.921875,0.7421875,0.5859375,0.5078125,0.40234375,0.2890625,0.296875,0.30078125
1177,1177,base,0,nan,nan,0.3125,0.45703125,0.5,0.296875,0.19921875,0.37890625,0.7578125,0.76953125,1.1015625,0.97265625,1.0390625,1.0,0.78515625,1.0625,1.0078125,1.265625,1.015625,0.671875,1.21875,1.015625,0.578125,0.546875,0.38671875,0.27734375,0.3046875,0.30078125
436,436,base,0,nan,nan,0.29296875,0.4375,0.48828125,0.34375,0.19921875,0.34375,0.8125,0.71875,1.140625,0.9296875,1.03125,1.0390625,0.81640625,0.93359375,0.94921875,1.171875,1.0859375,0.7890625,1.203125,0.97265625,0.8359375,0.65625,0.4609375,0.3359375,0.3046875,0.29296875
2681,2681,base,1,nan,nan,0.31640625,0.48828125,0.5546875,0.3515625,0.2421875,0.32421875,0.76953125,0.75390625,1.1171875,1.015625,1.0078125,0.9609375,0.8125,0.9765625,0.92578125,1.203125,1.0078125,0.71875,1.09375,0.9140625,0.7734375,0.65625,0.4296875,0.3515625,0.34765625,0.359375
1925,1925,base,1,nan,nan,0.30078125,0.4453125,0.546875,0.34375,0.25,0.37890625,0.73046875,0.76171875,1.109375,0.9921875,0.9765625,0.953125,0.8046875,0.984375,0.94140625,1.234375,0.9765625,0.7265625,0.921875,0.7421875,0.5859375,0.5078125,0.40234375,0.2890625,0.296875,0.30078125
1178,1178,base,0,nan,nan,0.3125,0.45703125,0.5,0.296875,0.19921875,0.37890625,0.7578125,0.76953125,1.1015625,0.97265625,1.0390625,1.0,0.78515625,1.0625,1.0078125,1.265625,1.015625,0.671875,1.21875,1.015625,0.578125,0.546875,0.38671875,0.27734375,0.3046875,0.30078125
437,437,base,0,nan,nan,0.29296875,0.4375,0.48828125,0.34375,0.19921875,0.34375,0.8125,0.71875,1.140625,0.9296875,1.03125,1.0390625,0.81640625,0.93359375,0.94921875,1.171875,1.0859375,0.7890625,1.203125,0.97265625,0.8359375,0.65625,0.4609375,0.3359375,0.3046875,0.29296875
2682,2682,base,0,nan,nan,0.31640625,0.48828125,0.5546875,0.3515625,0.2421875,0.32421875,0.76953125,0.75390625,1.1171875,1.015625,1.0078125,0.9609375,0.8125,0.9765625,0.92578125,1.203125,1.0078125,0.71875,1.09375,0.9140625,0.7734375,0.65625,0.4296875,0.3515625,0.34765625,0.359375
1926,1926,base,0,nan,nan,0.30078125,0.4453125,0.546875,0.34375,0.25,0.37890625,0.73046875,0.76171875,1.109375,0.9921875,0.9765625,0.953125,0.8046875,0.984375,0.94140625,1.234375,0.9765625,0.7265625,0.921875,0.7421875,0.5859375,0.5078125,0.40234375,0.2890625,0.296875,0.30078125
1179,1179,base,1,nan,nan,0.3125,0.45703125,0.5,0.296875,0.19921875,0.37890625,0.7578125,0.76953125,1.1015625,0.97265625,1.0390625,1.0,0.78515625,1.0625,1.0078125,1.265625,1.015625,0.671875,1.21875,1.015625,0.578125,0.546875,0.38671875,0.27734375,0.3046875,0.30078125
438,438,base,1,nan,nan,0.29296875,0.4375,0.48828125,0.34375,0.19921875,0.34375,0.8125,0.71875,1.140625,0.9296875,1.03125,1.0390625,0.81640625,0.93359375,0.94921875,1.171875,1.0859375,0.7890625,1.203125,0.97265625,0.8359375,0.65625,0.4609375,0.3359375,0.3046875,0.29296875
2683,2683,base,0,nan,nan,0.31640625,0.515625,0.578125,0.35546875,0.25,0.33203125,0.77734375,0.7578125,1.046875,1.0625,0.984375,0.98828125,0.8671875,0.953125,0.8671875,1.1484375,1.0234375,0.7890625,1.171875,0.90625,0.75,0.62109375,0.453125,0.328125,0.34375,0.37890625
1927,1927,base,0,nan,nan,0.29296875,0.43359375,0.453125,0.2734375,0.1953125,0.296875,0.75,0.7109375,1.1328125,0.95703125,0.9921875,1.015625,0.7578125,0.9921875,0.96484375,1.171875,1.046875,0.77734375,1.203125,1.046875,0.703125,0.5234375,0.3984375,0.2734375,0.25390625,0.28125
1180,1180,base,0,nan,nan,0.3125,0.45703125,0.5,0.296875,0.19921875,0.37890625,0.7578125,0.76953125,1.1015625,0.97265625,1.0390625,1.0,0.78515625,1.0625,1.0078125,1.265625,1.015625,0.671875,1.21875,1.015625,0.578125,0.546875,0.38671875,0.27734375,0.3046875,0.30078125
439,439,base,0,nan,nan,0.30859375,0.44140625,0.4765625,0.3046875,0.25390625,0.33203125,0.734375,0.7421875,1.1171875,1.0078125,0.97265625,1.0,0.71875,1.0234375,1.0,1.21875,1.03125,0.671875,1.078125,0.8828125,0.64453125,0.5390625,0.39453125,0.29296875,0.29296875,0.31640625
2684,2684,base,0,nan,nan,0.31640625,0.515625,0.578125,0.35546875,0.25,0.33203125,0.77734375,0.7578125,1.046875,1.0625,0.984375,0.98828125,0.8671875,0.953125,0.8671875,1.1484375,1.0234375,0.7890625,1.171875,0.90625,0.75,0.62109375,0.453125,0.328125,0.34375,0.37890625
1928,1928,base,0,nan,nan,0.29296875,0.43359375,0.453125,0.2734375,0.1953125,0.296875,0.75,0.7109375,1.1328125,0.95703125,0.9921875,1.015625,0.7578125,0.9921875,0.96484375,1.171875,1.046875,0.77734375,1.203125,1.046875,0.703125,0.5234375,0.3984375,0.2734375,0.25390625,0.28125
1181,1181,base,1,nan,nan,0.3125,0.45703125,0.5,0.296875,0.19921875,0.37890625,0.7578125,0.76953125,1.1015625,0.97265625,1.0390625,1.0,0.78515625,1.0625,1.0078125,1.265625,1.015625,0.671875,1.21875,1.015625,0.578125,0.546875,0.38671875,0.27734375,0.3046875,0.30078125
440,440,base,0,nan,nan,0.30859375,0.44140625,0.4765625,0.3046875,0.25390625,0.33203125,0.734375,0.7421875,1.1171875,1.0078125,0.97265625,1.0,0.71875,1.0234375,1.0,1.21875,1.03125,0.671875,1.078125,0.8828125,0.64453125,0.5390625,0.39453125,0.29296875,0.29296875,0.31640625
2685,2685,base,1,nan,nan,0.31640625,0.515625,0.578125,0.35546875,0.25,0.33203125,0.77734375,0.7578125,1.046875,1.0625,0.984375,0.98828125,0.8671875,0.953125,0.8671875,1.1484375,1.0234375,0.7890625,1.171875,0.90625,0.75,0.62109375,0.453125,0.328125,0.34375,0.37890625
1929,1929,base,1,nan,nan,0.29296875,0.43359375,0.453125,0.2734375,0.1953125,0.296875,0.75,0.7109375,1.1328125,0.95703125,0.9921875,1.015625,0.7578125,0.9921875,0.96484375,1.171875,1.046875,0.77734375,1.203125,1.046875,0.703125,0.5234375,0.3984375,0.2734375,0.25390625,0.28125
1182,1182,base,0,nan,nan,0.3125,0.45703125,0.5,0.296875,0.19921875,0.37890625,0.7578125,0.76953125,1.1015625,0.97265625,1.0390625,1.0,0.78515625,1.0625,1.0078125,1.265625,1.015625,0.671875,1.21875,1.015625,0.578125,0.546875,0.38671875,0.27734375,0.3046875,0.30078125
2686,2686,base,0,nan,nan,0.31640625,0.515625,0.578125,0.35546875,0.25,0.33203125,0.77734375,0.7578125,1.046875,1.0625,0.984375,0.98828125,0.8671875,0.953125,0.8671875,1.1484375,1.0234375,0.7890625,1.171875,0.90625,0.75,0.62109375,0.453125,0.328125,0.34375,0.37890625
441,441,base,0,nan,nan,0.30859375,0.44140625,0.4765625,0.3046875,0.25390625,0.33203125,0.734375,0.7421875,1.1171875,1.0078125,0.97265625,1.0,0.71875,1.0234375,1.0,1.21875,1.03125,0.671875,1.078125,0.8828125,0.64453125,0.5390625,0.39453125,0.29296875,0.29296875,0.31640625
1930,1930,base,0,nan,nan,0.29296875,0.43359375,0.453125,0.2734375,0.1953125,0.296875,0.75,0.7109375,1.1328125,0.95703125,0.9921875,1.015625,0.7578125,0.9921875,0.96484375,1.171875,1.046875,0.77734375,1.203125,1.046875,0.703125,0.5234375,0.3984375,0.2734375,0.25390625,0.28125
1183,1183,base,0,nan,nan,0.29296875,0.4296875,0.45703125,0.26953125,0.1875,0.328125,0.7890625,0.74609375,1.140625,0.94140625,1.0625,1.0234375,0.8125,0.98046875,0.9765625,1.1796875,1.078125,0.8046875,1.2109375,0.97265625,0.8515625,0.67578125,0.41015625,0.28515625,0.31640625,0.3515625
2687,2687,base,0,nan,nan,0.31640625,0.515625,0.578125,0.35546875,0.25,0.33203125,0.77734375,0.7578125,1.046875,1.0625,0.984375,0.98828125,0.8671875,0.953125,0.8671875,1.1484375,1.0234375,0.7890625,1.171875,0.90625,0.75,0.62109375,0.453125,0.328125,0.34375,0.37890625
442,442,base,0,nan,nan,0.30859375,0.44140625,0.4765625,0.3046875,0.25390625,0.33203125,0.734375,0.7421875,1.1171875,1.0078125,0.97265625,1.0,0.71875,1.0234375,1.0,1.21875,1.03125,0.671875,1.078125,0.8828125,0.64453125,0.5390625,0.39453125,0.29296875,0.29296875,0.31640625
1931,1931,base,0,nan,nan,0.29296875,0.43359375,0.453125,0.2734375,0.1953125,0.296875,0.75,0.7109375,1.1328125,0.95703125,0.9921875,1.015625,0.7578125,0.9921875,0.96484375,1.171875,1.046875,0.77734375,1.203125,1.046875,0.703125,0.5234375,0.3984375,0.2734375,0.25390625,0.28125
2688,2688,base,0,nan,nan,0.31640625,0.515625,0.578125,0.35546875,0.25,0.33203125,0.77734375,0.7578125,1.046875,1.0625,0.984375,0.98828125,0.8671875,0.953125,0.8671875,1.1484375,1.0234375,0.7890625,1.171875,0.90625,0.75,0.62109375,0.453125,0.328125,0.34375,0.37890625
1184,1184,base,0,nan,nan,0.29296875,0.4296875,0.45703125,0.26953125,0.1875,0.328125,0.7890625,0.74609375,1.140625,0.94140625,1.0625,1.0234375,0.8125,0.98046875,0.9765625,1.1796875,1.078125,0.8046875,1.2109375,0.97265625,0.8515625,0.67578125,0.41015625,0.28515625,0.31640625,0.3515625
443,443,base,1,nan,nan,0.30859375,0.44140625,0.4765625,0.3046875,0.25390625,0.33203125,0.734375,0.7421875,1.1171875,1.0078125,0.97265625,1.0,0.71875,1.0234375,1.0,1.21875,1.03125,0.671875,1.078125,0.8828125,0.64453125,0.5390625,0.39453125,0.29296875,0.29296875,0.31640625
2689,2689,base,0,nan,nan,0.33203125,0.49609375,0.5234375,0.3515625,0.26953125,0.3671875,0.8125,0.7890625,1.0234375,1.125,1.0078125,1.0234375,0.8046875,0.93359375,0.8203125,1.1484375,0.98046875,0.7578125,1.109375,0.875,0.7265625,0.55859375,0.40625,0.3125,0.29296875,0.33984375
1932,1932,base,0,nan,nan,0.29296875,0.43359375,0.453125,0.2734375,0.1953125,0.296875,0.75,0.7109375,1.1328125,0.95703125,0.9921875,1.015625,0.7578125,0.9921875,0.96484375,1.171875,1.046875,0.77734375,1.203125,1.046875,0.703125,0.5234375,0.3984375,0.2734375,0.25390625,0.28125
1185,1185,base,0,nan,nan,0.29296875,0.4296875,0.45703125,0.26953125,0.1875,0.328125,0.7890625,0.74609375,1.140625,0.94140625,1.0625,1.0234375,0.8125,0.98046875,0.9765625,1.1796875,1.078125,0.8046875,1.2109375,0.97265625,0.8515625,0.67578125,0.41015625,0.28515625,0.31640625,0.3515625
444,444,base,0,nan,nan,0.30859375,0.44140625,0.4765625,0.3046875,0.25390625,0.33203125,0.734375,0.7421875,1.1171875,1.0078125,0.97265625,1.0,0.71875,1.0234375,1.0,1.21875,1.03125,0.671875,1.078125,0.8828125,0.64453125,0.5390625,0.39453125,0.29296875,0.29296875,0.31640625
2690,2690,base,0,nan,nan,0.33203125,0.49609375,0.5234375,0.3515625,0.26953125,0.3671875,0.8125,0.7890625,1.0234375,1.125,1.0078125,1.0234375,0.8046875,0.93359375,0.8203125,1.1484375,0.98046875,0.7578125,1.109375,0.875,0.7265625,0.55859375,0.40625,0.3125,0.29296875,0.33984375
1933,1933,base,0,nan,nan,0.31640625,0.47265625,0.4609375,0.29296875,0.19140625,0.33203125,0.8359375,0.7109375,1.1484375,0.91796875,1.0703125,1.0078125,0.8828125,0.97265625,0.9609375,1.1171875,1.0234375,0.84765625,1.21875,0.91015625,0.8671875,0.65625,0.421875,0.31640625,0.2890625,0.32421875
1186,1186,base,0,nan,nan,0.29296875,0.4296875,0.45703125,0.26953125,0.1875,0.328125,0.7890625,0.74609375,1.140625,0.94140625,1.0625,1.0234375,0.8125,0.98046875,0.9765625,1.1796875,1.078125,0.8046875,1.2109375,0.97265625,0.8515625,0.67578125,0.41015625,0.28515625,0.31640625,0.3515625
445,445,base,0,nan,nan,0.3046875,0.4765625,0.515625,0.32421875,0.2109375,0.3046875,0.71484375,0.75,1.1328125,0.9609375,0.95703125,0.99609375,0.76953125,1.0078125,0.95703125,1.1484375,1.0,0.75390625,1.203125,1.046875,0.7109375,0.546875,0.390625,0.2890625,0.2890625,0.3125
2691,2691,base,1,nan,nan,0.33203125,0.49609375,0.5234375,0.3515625,0.26953125,0.3671875,0.8125,0.7890625,1.0234375,1.125,1.0078125,1.0234375,0.8046875,0.93359375,0.8203125,1.1484375,0.98046875,0.7578125,1.109375,0.875,0.7265625,0.55859375,0.40625,0.3125,0.29296875,0.33984375
1934,1934,base,0,nan,nan,0.31640625,0.47265625,0.4609375,0.29296875,0.19140625,0.33203125,0.8359375,0.7109375,1.1484375,0.91796875,1.0703125,1.0078125,0.8828125,0.97265625,0.9609375,1.1171875,1.0234375,0.84765625,1.21875,0.91015625,0.8671875,0.65625,0.421875,0.31640625,0.2890625,0.32421875
1187,1187,base,0,nan,nan,0.29296875,0.4296875,0.45703125,0.26953125,0.1875,0.328125,0.7890625,0.74609375,1.140625,0.94140625,1.0625,1.0234375,0.8125,0.98046875,0.9765625,1.1796875,1.078125,0.8046875,1.2109375,0.97265625,0.8515625,0.67578125,0.41015625,0.28515625,0.31640625,0.3515625
446,446,base,0,nan,nan,0.3046875,0.4765625,0.515625,0.32421875,0.2109375,0.3046875,0.71484375,0.75,1.1328125,0.9609375,0.95703125,0.99609375,0.76953125,1.0078125,0.95703125,1.1484375,1.0,0.75390625,1.203125,1.046875,0.7109375,0.546875,0.390625,0.2890625,0.2890625,0.3125
2692,2692,base,0,nan,nan,0.33203125,0.49609375,0.5234375,0.3515625,0.26953125,0.3671875,0.8125,0.7890625,1.0234375,1.125,1.0078125,1.0234375,0.8046875,0.93359375,0.8203125,1.1484375,0.98046875,0.7578125,1.109375,0.875,0.7265625,0.55859375,0.40625,0.3125,0.29296875,0.33984375
1935,1935,base,1,nan,nan,0.31640625,0.47265625,0.4609375,0.29296875,0.19140625,0.33203125,0.8359375,0.7109375,1.1484375,0.91796875,1.0703125,1.0078125,0.8828125,0.97265625,0.9609375,1.1171875,1.0234375,0.84765625,1.21875,0.91015625,0.8671875,0.65625,0.421875,0.31640625,0.2890625,0.32421875
1188,1188,base,0,nan,nan,0.29296875,0.4296875,0.45703125,0.26953125,0.1875,0.328125,0.7890625,0.74609375,1.140625,0.94140625,1.0625,1.0234375,0.8125,0.98046875,0.9765625,1.1796875,1.078125,0.8046875,1.2109375,0.97265625,0.8515625,0.67578125,0.41015625,0.28515625,0.31640625,0.3515625
447,447,base,0,nan,nan,0.3046875,0.4765625,0.515625,0.32421875,0.2109375,0.3046875,0.71484375,0.75,1.1328125,0.9609375,0.95703125,0.99609375,0.76953125,1.0078125,0.95703125,1.1484375,1.0,0.75390625,1.203125,1.046875,0.7109375,0.546875,0.390625,0.2890625,0.2890625,0.3125
2693,2693,base,1,nan,nan,0.33203125,0.49609375,0.5234375,0.3515625,0.26953125,0.3671875,0.8125,0.7890625,1.0234375,1.125,1.0078125,1.0234375,0.8046875,0.93359375,0.8203125,1.1484375,0.98046875,0.7578125,1.109375,0.875,0.7265625,0.55859375,0.40625,0.3125,0.29296875,0.33984375
1936,1936,base,0,nan,nan,0.31640625,0.47265625,0.4609375,0.29296875,0.19140625,0.33203125,0.8359375,0.7109375,1.1484375,0.91796875,1.0703125,1.0078125,0.8828125,0.97265625,0.9609375,1.1171875,1.0234375,0.84765625,1.21875,0.91015625,0.8671875,0.65625,0.421875,0.31640625,0.2890625,0.32421875
1189,1189,base,0,nan,nan,0.32421875,0.453125,0.48046875,0.3046875,0.21875,0.33984375,0.7421875,0.7734375,1.1015625,0.98046875,1.015625,0.98046875,0.8515625,0.90234375,0.8515625,1.234375,1.046875,0.703125,1.203125,0.9609375,0.6796875,0.5546875,0.3828125,0.2734375,0.29296875,0.31640625
2694,2694,base,0,nan,nan,0.33203125,0.49609375,0.5234375,0.3515625,0.26953125,0.3671875,0.8125,0.7890625,1.0234375,1.125,1.0078125,1.0234375,0.8046875,0.93359375,0.8203125,1.1484375,0.98046875,0.7578125,1.109375,0.875,0.7265625,0.55859375,0.40625,0.3125,0.29296875,0.33984375
448,448,base,0,nan,nan,0.3046875,0.4765625,0.515625,0.32421875,0.2109375,0.3046875,0.71484375,0.75,1.1328125,0.9609375,0.95703125,0.99609375,0.76953125,1.0078125,0.95703125,1.1484375,1.0,0.75390625,1.203125,1.046875,0.7109375,0.546875,0.390625,0.2890625,0.2890625,0.3125
1937,1937,base,0,nan,nan,0.31640625,0.47265625,0.4609375,0.29296875,0.19140625,0.33203125,0.8359375,0.7109375,1.1484375,0.91796875,1.0703125,1.0078125,0.8828125,0.97265625,0.9609375,1.1171875,1.0234375,0.84765625,1.21875,0.91015625,0.8671875,0.65625,0.421875,0.31640625,0.2890625,0.32421875
1190,1190,base,0,nan,nan,0.32421875,0.453125,0.48046875,0.3046875,0.21875,0.33984375,0.7421875,0.7734375,1.1015625,0.98046875,1.015625,0.98046875,0.8515625,0.90234375,0.8515625,1.234375,1.046875,0.703125,1.203125,0.9609375,0.6796875,0.5546875,0.3828125,0.2734375,0.29296875,0.31640625
2695,2695,base,1,nan,nan,0.28515625,0.4296875,0.48828125,0.296875,0.21484375,0.35546875,0.7890625,0.73828125,1.125,0.96484375,0.98828125,0.98828125,0.796875,0.99609375,0.9453125,1.1796875,1.0546875,0.71484375,1.1796875,0.9140625,0.734375,0.55078125,0.40234375,0.28515625,0.296875,0.31640625
449,449,base,0,nan,nan,0.3046875,0.4765625,0.515625,0.32421875,0.2109375,0.3046875,0.71484375,0.75,1.1328125,0.9609375,0.95703125,0.99609375,0.76953125,1.0078125,0.95703125,1.1484375,1.0,0.75390625,1.203125,1.046875,0.7109375,0.546875,0.390625,0.2890625,0.2890625,0.3125
1938,1938,base,0,nan,nan,0.31640625,0.47265625,0.4609375,0.29296875,0.19140625,0.33203125,0.8359375,0.7109375,1.1484375,0.91796875,1.0703125,1.0078125,0.8828125,0.97265625,0.9609375,1.1171875,1.0234375,0.84765625,1.21875,0.91015625,0.8671875,0.65625,0.421875,0.31640625,0.2890625,0.32421875
1191,1191,base,1,nan,nan,0.32421875,0.453125,0.48046875,0.3046875,0.21875,0.33984375,0.7421875,0.7734375,1.1015625,0.98046875,1.015625,0.98046875,0.8515625,0.90234375,0.8515625,1.234375,1.046875,0.703125,1.203125,0.9609375,0.6796875,0.5546875,0.3828125,0.2734375,0.29296875,0.31640625
2696,2696,base,0,nan,nan,0.28515625,0.4296875,0.48828125,0.296875,0.21484375,0.35546875,0.7890625,0.73828125,1.125,0.96484375,0.98828125,0.98828125,0.796875,0.99609375,0.9453125,1.1796875,1.0546875,0.71484375,1.1796875,0.9140625,0.734375,0.55078125,0.40234375,0.28515625,0.296875,0.31640625
450,450,base,0,nan,nan,0.3046875,0.4765625,0.515625,0.32421875,0.2109375,0.3046875,0.71484375,0.75,1.1328125,0.9609375,0.95703125,0.99609375,0.76953125,1.0078125,0.95703125,1.1484375,1.0,0.75390625,1.203125,1.046875,0.7109375,0.546875,0.390625,0.2890625,0.2890625,0.3125
1939,1939,base,0,nan,nan,0.3046875,0.4453125,0.44921875,0.30078125,0.1875,0.32421875,0.81640625,0.7109375,1.171875,0.90234375,1.078125,1.0859375,0.8359375,0.9765625,0.96875,1.109375,1.078125,0.88671875,1.1875,1.0078125,0.85546875,0.65625,0.4140625,0.28125,0.2890625,0.29296875
451,451,base,1,nan,nan,0.30859375,0.49609375,0.5390625,0.328125,0.24609375,0.359375,0.7734375,0.85546875,1.0,1.15625,1.03125,0.984375,0.796875,0.9921875,0.9296875,1.3125,1.0703125,0.6953125,1.125,0.90625,0.734375,0.6484375,0.5078125,0.43359375,0.4453125,0.42578125
2697,2697,base,0,nan,nan,0.28515625,0.4296875,0.48828125,0.296875,0.21484375,0.35546875,0.7890625,0.73828125,1.125,0.96484375,0.98828125,0.98828125,0.796875,0.99609375,0.9453125,1.1796875,1.0546875,0.71484375,1.1796875,0.9140625,0.734375,0.55078125,0.40234375,0.28515625,0.296875,0.31640625
1192,1192,base,0,nan,nan,0.32421875,0.453125,0.48046875,0.3046875,0.21875,0.33984375,0.7421875,0.7734375,1.1015625,0.98046875,1.015625,0.98046875,0.8515625,0.90234375,0.8515625,1.234375,1.046875,0.703125,1.203125,0.9609375,0.6796875,0.5546875,0.3828125,0.2734375,0.29296875,0.31640625
1940,1940,base,0,nan,nan,0.3046875,0.4453125,0.44921875,0.30078125,0.1875,0.32421875,0.81640625,0.7109375,1.171875,0.90234375,1.078125,1.0859375,0.8359375,0.9765625,0.96875,1.109375,1.078125,0.88671875,1.1875,1.0078125,0.85546875,0.65625,0.4140625,0.28125,0.2890625,0.29296875
452,452,base,0,nan,nan,0.30859375,0.49609375,0.5390625,0.328125,0.24609375,0.359375,0.7734375,0.85546875,1.0,1.15625,1.03125,0.984375,0.796875,0.9921875,0.9296875,1.3125,1.0703125,0.6953125,1.125,0.90625,0.734375,0.6484375,0.5078125,0.43359375,0.4453125,0.42578125
2698,2698,base,0,nan,nan,0.28515625,0.4296875,0.48828125,0.296875,0.21484375,0.35546875,0.7890625,0.73828125,1.125,0.96484375,0.98828125,0.98828125,0.796875,0.99609375,0.9453125,1.1796875,1.0546875,0.71484375,1.1796875,0.9140625,0.734375,0.55078125,0.40234375,0.28515625,0.296875,0.31640625
1193,1193,base,1,nan,nan,0.32421875,0.453125,0.48046875,0.3046875,0.21875,0.33984375,0.7421875,0.7734375,1.1015625,0.98046875,1.015625,0.98046875,0.8515625,0.90234375,0.8515625,1.234375,1.046875,0.703125,1.203125,0.9609375,0.6796875,0.5546875,0.3828125,0.2734375,0.29296875,0.31640625
1941,1941,base,0,nan,nan,0.3046875,0.4453125,0.44921875,0.30078125,0.1875,0.32421875,0.81640625,0.7109375,1.171875,0.90234375,1.078125,1.0859375,0.8359375,0.9765625,0.96875,1.109375,1.078125,0.88671875,1.1875,1.0078125,0.85546875,0.65625,0.4140625,0.28125,0.2890625,0.29296875
453,453,base,0,nan,nan,0.30859375,0.49609375,0.5390625,0.328125,0.24609375,0.359375,0.7734375,0.85546875,1.0,1.15625,1.03125,0.984375,0.796875,0.9921875,0.9296875,1.3125,1.0703125,0.6953125,1.125,0.90625,0.734375,0.6484375,0.5078125,0.43359375,0.4453125,0.42578125
2699,2699,base,0,nan,nan,0.28515625,0.4296875,0.48828125,0.296875,0.21484375,0.35546875,0.7890625,0.73828125,1.125,0.96484375,0.98828125,0.98828125,0.796875,0.99609375,0.9453125,1.1796875,1.0546875,0.71484375,1.1796875,0.9140625,0.734375,0.55078125,0.40234375,0.28515625,0.296875,0.31640625
1194,1194,base,0,nan,nan,0.32421875,0.453125,0.48046875,0.3046875,0.21875,0.33984375,0.7421875,0.7734375,1.1015625,0.98046875,1.015625,0.98046875,0.8515625,0.90234375,0.8515625,1.234375,1.046875,0.703125,1.203125,0.9609375,0.6796875,0.5546875,0.3828125,0.2734375,0.29296875,0.31640625
1942,1942,base,0,nan,nan,0.3046875,0.4453125,0.44921875,0.30078125,0.1875,0.32421875,0.81640625,0.7109375,1.171875,0.90234375,1.078125,1.0859375,0.8359375,0.9765625,0.96875,1.109375,1.078125,0.88671875,1.1875,1.0078125,0.85546875,0.65625,0.4140625,0.28125,0.2890625,0.29296875
454,454,base,0,nan,nan,0.30859375,0.49609375,0.5390625,0.328125,0.24609375,0.359375,0.7734375,0.85546875,1.0,1.15625,1.03125,0.984375,0.796875,0.9921875,0.9296875,1.3125,1.0703125,0.6953125,1.125,0.90625,0.734375,0.6484375,0.5078125,0.43359375,0.4453125,0.42578125
455,455,base,1,nan,nan,0.30859375,0.49609375,0.5390625,0.328125,0.24609375,0.359375,0.7734375,0.85546875,1.0,1.15625,1.03125,0.984375,0.796875,0.9921875,0.9296875,1.3125,1.0703125,0.6953125,1.125,0.90625,0.734375,0.6484375,0.5078125,0.43359375,0.4453125,0.42578125
2700,2700,base,0,nan,nan,0.28515625,0.4296875,0.48828125,0.296875,0.21484375,0.35546875,0.7890625,0.73828125,1.125,0.96484375,0.98828125,0.98828125,0.796875,0.99609375,0.9453125,1.1796875,1.0546875,0.71484375,1.1796875,0.9140625,0.734375,0.55078125,0.40234375,0.28515625,0.296875,0.31640625
1195,1195,base,0,nan,nan,0.29296875,0.4609375,0.5390625,0.33203125,0.20703125,0.33984375,0.734375,0.7109375,1.109375,0.984375,0.92578125,0.99609375,0.75,0.92578125,0.8515625,1.1328125,0.99609375,0.6796875,1.1640625,0.99609375,0.6875,0.5703125,0.41015625,0.3046875,0.33984375,0.32421875
1943,1943,base,0,nan,nan,0.3046875,0.4453125,0.44921875,0.30078125,0.1875,0.32421875,0.81640625,0.7109375,1.171875,0.90234375,1.078125,1.0859375,0.8359375,0.9765625,0.96875,1.109375,1.078125,0.88671875,1.1875,1.0078125,0.85546875,0.65625,0.4140625,0.28125,0.2890625,0.29296875
456,456,base,0,nan,nan,0.30859375,0.49609375,0.5390625,0.328125,0.24609375,0.359375,0.7734375,0.85546875,1.0,1.15625,1.03125,0.984375,0.796875,0.9921875,0.9296875,1.3125,1.0703125,0.6953125,1.125,0.90625,0.734375,0.6484375,0.5078125,0.43359375,0.4453125,0.42578125
2701,2701,base,0,nan,nan,0.2890625,0.453125,0.578125,0.4140625,0.2265625,0.359375,0.703125,0.76171875,1.140625,0.99609375,0.93359375,0.95703125,0.7734375,0.94921875,0.890625,1.2265625,1.0625,0.609375,1.09375,0.8828125,0.625,0.51953125,0.390625,0.2734375,0.2890625,0.30859375
1196,1196,base,0,nan,nan,0.29296875,0.4609375,0.5390625,0.33203125,0.20703125,0.33984375,0.734375,0.7109375,1.109375,0.984375,0.92578125,0.99609375,0.75,0.92578125,0.8515625,1.1328125,0.99609375,0.6796875,1.1640625,0.99609375,0.6875,0.5703125,0.41015625,0.3046875,0.33984375,0.32421875
1944,1944,base,0,nan,nan,0.3046875,0.4453125,0.44921875,0.30078125,0.1875,0.32421875,0.81640625,0.7109375,1.171875,0.90234375,1.078125,1.0859375,0.8359375,0.9765625,0.96875,1.109375,1.078125,0.88671875,1.1875,1.0078125,0.85546875,0.65625,0.4140625,0.28125,0.2890625,0.29296875
457,457,base,1,nan,nan,0.29296875,0.43359375,0.5390625,0.33203125,0.234375,0.3828125,0.765625,0.73046875,1.140625,0.984375,0.98046875,1.0234375,0.76171875,1.046875,0.9921875,1.2734375,1.0625,0.68359375,1.2421875,0.98828125,0.59375,0.53125,0.390625,0.26171875,0.25390625,0.265625
1945,1945,base,0,nan,nan,0.32421875,0.45703125,0.48828125,0.30078125,0.22265625,0.3203125,0.7734375,0.71875,1.125,0.9609375,0.98828125,0.98046875,0.80078125,0.96484375,0.96875,1.296875,1.0859375,0.75,1.1953125,1.0,0.80078125,0.6484375,0.42578125,0.3359375,0.35546875,0.328125
2702,2702,base,0,nan,nan,0.2890625,0.453125,0.578125,0.4140625,0.2265625,0.359375,0.703125,0.76171875,1.140625,0.99609375,0.93359375,0.95703125,0.7734375,0.94921875,0.890625,1.2265625,1.0625,0.609375,1.09375,0.8828125,0.625,0.51953125,0.390625,0.2734375,0.2890625,0.30859375
1197,1197,base,0,nan,nan,0.29296875,0.4609375,0.5390625,0.33203125,0.20703125,0.33984375,0.734375,0.7109375,1.109375,0.984375,0.92578125,0.99609375,0.75,0.92578125,0.8515625,1.1328125,0.99609375,0.6796875,1.1640625,0.99609375,0.6875,0.5703125,0.41015625,0.3046875,0.33984375,0.32421875
1946,1946,base,0,nan,nan,0.32421875,0.45703125,0.48828125,0.30078125,0.22265625,0.3203125,0.7734375,0.71875,1.125,0.9609375,0.98828125,0.98046875,0.80078125,0.96484375,0.96875,1.296875,1.0859375,0.75,1.1953125,1.0,0.80078125,0.6484375,0.42578125,0.3359375,0.35546875,0.328125
458,458,base,0,nan,nan,0.29296875,0.43359375,0.5390625,0.33203125,0.234375,0.3828125,0.765625,0.73046875,1.140625,0.984375,0.98046875,1.0234375,0.76171875,1.046875,0.9921875,1.2734375,1.0625,0.68359375,1.2421875,0.98828125,0.59375,0.53125,0.390625,0.26171875,0.25390625,0.265625
2703,2703,base,1,nan,nan,0.2890625,0.453125,0.578125,0.4140625,0.2265625,0.359375,0.703125,0.76171875,1.140625,0.99609375,0.93359375,0.95703125,0.7734375,0.94921875,0.890625,1.2265625,1.0625,0.609375,1.09375,0.8828125,0.625,0.51953125,0.390625,0.2734375,0.2890625,0.30859375
1198,1198,base,0,nan,nan,0.29296875,0.4609375,0.5390625,0.33203125,0.20703125,0.33984375,0.734375,0.7109375,1.109375,0.984375,0.92578125,0.99609375,0.75,0.92578125,0.8515625,1.1328125,0.99609375,0.6796875,1.1640625,0.99609375,0.6875,0.5703125,0.41015625,0.3046875,0.33984375,0.32421875
1947,1947,base,1,nan,nan,0.32421875,0.45703125,0.48828125,0.30078125,0.22265625,0.3203125,0.7734375,0.71875,1.125,0.9609375,0.98828125,0.98046875,0.80078125,0.96484375,0.96875,1.296875,1.0859375,0.75,1.1953125,1.0,0.80078125,0.6484375,0.42578125,0.3359375,0.35546875,0.328125
459,459,base,0,nan,nan,0.29296875,0.43359375,0.5390625,0.33203125,0.234375,0.3828125,0.765625,0.73046875,1.140625,0.984375,0.98046875,1.0234375,0.76171875,1.046875,0.9921875,1.2734375,1.0625,0.68359375,1.2421875,0.98828125,0.59375,0.53125,0.390625,0.26171875,0.25390625,0.265625
2704,2704,base,0,nan,nan,0.2890625,0.453125,0.578125,0.4140625,0.2265625,0.359375,0.703125,0.76171875,1.140625,0.99609375,0.93359375,0.95703125,0.7734375,0.94921875,0.890625,1.2265625,1.0625,0.609375,1.09375,0.8828125,0.625,0.51953125,0.390625,0.2734375,0.2890625,0.30859375
1199,1199,base,1,nan,nan,0.29296875,0.4609375,0.5390625,0.33203125,0.20703125,0.33984375,0.734375,0.7109375,1.109375,0.984375,0.92578125,0.99609375,0.75,0.92578125,0.8515625,1.1328125,0.99609375,0.6796875,1.1640625,0.99609375,0.6875,0.5703125,0.41015625,0.3046875,0.33984375,0.32421875
1948,1948,base,0,nan,nan,0.32421875,0.45703125,0.48828125,0.30078125,0.22265625,0.3203125,0.7734375,0.71875,1.125,0.9609375,0.98828125,0.98046875,0.80078125,0.96484375,0.96875,1.296875,1.0859375,0.75,1.1953125,1.0,0.80078125,0.6484375,0.42578125,0.3359375,0.35546875,0.328125
460,460,base,0,nan,nan,0.29296875,0.43359375,0.5390625,0.33203125,0.234375,0.3828125,0.765625,0.73046875,1.140625,0.984375,0.98046875,1.0234375,0.76171875,1.046875,0.9921875,1.2734375,1.0625,0.68359375,1.2421875,0.98828125,0.59375,0.53125,0.390625,0.26171875,0.25390625,0.265625
2705,2705,base,1,nan,nan,0.2890625,0.453125,0.578125,0.4140625,0.2265625,0.359375,0.703125,0.76171875,1.140625,0.99609375,0.93359375,0.95703125,0.7734375,0.94921875,0.890625,1.2265625,1.0625,0.609375,1.09375,0.8828125,0.625,0.51953125,0.390625,0.2734375,0.2890625,0.30859375
1200,1200,base,0,nan,nan,0.29296875,0.4609375,0.5390625,0.33203125,0.20703125,0.33984375,0.734375,0.7109375,1.109375,0.984375,0.92578125,0.99609375,0.75,0.92578125,0.8515625,1.1328125,0.99609375,0.6796875,1.1640625,0.99609375,0.6875,0.5703125,0.41015625,0.3046875,0.33984375,0.32421875
1949,1949,base,0,nan,nan,0.32421875,0.45703125,0.48828125,0.30078125,0.22265625,0.3203125,0.7734375,0.71875,1.125,0.9609375,0.98828125,0.98046875,0.80078125,0.96484375,0.96875,1.296875,1.0859375,0.75,1.1953125,1.0,0.80078125,0.6484375,0.42578125,0.3359375,0.35546875,0.328125
461,461,base,0,nan,nan,0.29296875,0.43359375,0.5390625,0.33203125,0.234375,0.3828125,0.765625,0.73046875,1.140625,0.984375,0.98046875,1.0234375,0.76171875,1.046875,0.9921875,1.2734375,1.0625,0.68359375,1.2421875,0.98828125,0.59375,0.53125,0.390625,0.26171875,0.25390625,0.265625
2706,2706,base,0,nan,nan,0.2890625,0.453125,0.578125,0.4140625,0.2265625,0.359375,0.703125,0.76171875,1.140625,0.99609375,0.93359375,0.95703125,0.7734375,0.94921875,0.890625,1.2265625,1.0625,0.609375,1.09375,0.8828125,0.625,0.51953125,0.390625,0.2734375,0.2890625,0.30859375
1950,1950,base,0,nan,nan,0.32421875,0.45703125,0.48828125,0.30078125,0.22265625,0.3203125,0.7734375,0.71875,1.125,0.9609375,0.98828125,0.98046875,0.80078125,0.96484375,0.96875,1.296875,1.0859375,0.75,1.1953125,1.0,0.80078125,0.6484375,0.42578125,0.3359375,0.35546875,0.328125
1201,1201,base,1,nan,nan,0.3046875,0.4296875,0.46484375,0.296875,0.21484375,0.30859375,0.8046875,0.71875,1.109375,0.953125,1.046875,1.03125,0.78125,0.96484375,0.9375,1.1796875,1.0546875,0.7109375,1.1796875,0.98046875,0.671875,0.5546875,0.3671875,0.2734375,0.29296875,0.31640625
462,462,base,0,nan,nan,0.29296875,0.43359375,0.5390625,0.33203125,0.234375,0.3828125,0.765625,0.73046875,1.140625,0.984375,0.98046875,1.0234375,0.76171875,1.046875,0.9921875,1.2734375,1.0625,0.68359375,1.2421875,0.98828125,0.59375,0.53125,0.390625,0.26171875,0.25390625,0.265625
2707,2707,base,1,nan,nan,0.3046875,0.42578125,0.49609375,0.3125,0.203125,0.3515625,0.7734375,0.71875,1.125,0.921875,1.0078125,1.046875,0.7890625,0.9921875,0.99609375,1.25,1.0859375,0.69921875,1.265625,1.0234375,0.75,0.5859375,0.38671875,0.265625,0.296875,0.30078125
1951,1951,base,1,nan,nan,0.31640625,0.44921875,0.48046875,0.32421875,0.21484375,0.34765625,0.796875,0.75,1.234375,0.890625,1.0546875,1.0625,0.734375,0.96875,0.94140625,1.140625,0.9921875,0.77734375,1.2265625,1.0,0.703125,0.5,0.375,0.2578125,0.28125,0.3359375
1202,1202,base,0,nan,nan,0.3046875,0.4296875,0.46484375,0.296875,0.21484375,0.30859375,0.8046875,0.71875,1.109375,0.953125,1.046875,1.03125,0.78125,0.96484375,0.9375,1.1796875,1.0546875,0.7109375,1.1796875,0.98046875,0.671875,0.5546875,0.3671875,0.2734375,0.29296875,0.31640625
2708,2708,base,0,nan,nan,0.3046875,0.42578125,0.49609375,0.3125,0.203125,0.3515625,0.7734375,0.71875,1.125,0.921875,1.0078125,1.046875,0.7890625,0.9921875,0.99609375,1.25,1.0859375,0.69921875,1.265625,1.0234375,0.75,0.5859375,0.38671875,0.265625,0.296875,0.30078125
463,463,base,0,nan,nan,0.30078125,0.4453125,0.4609375,0.30859375,0.23046875,0.33984375,0.79296875,0.7109375,1.09375,1.0234375,0.984375,1.015625,0.76171875,0.95703125,0.93359375,1.171875,1.0390625,0.76953125,1.234375,1.0,0.8125,0.60546875,0.3984375,0.28515625,0.328125,0.33984375
1203,1203,base,0,nan,nan,0.3046875,0.4296875,0.46484375,0.296875,0.21484375,0.30859375,0.8046875,0.71875,1.109375,0.953125,1.046875,1.03125,0.78125,0.96484375,0.9375,1.1796875,1.0546875,0.7109375,1.1796875,0.98046875,0.671875,0.5546875,0.3671875,0.2734375,0.29296875,0.31640625
1952,1952,base,0,nan,nan,0.31640625,0.44921875,0.48046875,0.32421875,0.21484375,0.34765625,0.796875,0.75,1.234375,0.890625,1.0546875,1.0625,0.734375,0.96875,0.94140625,1.140625,0.9921875,0.77734375,1.2265625,1.0,0.703125,0.5,0.375,0.2578125,0.28125,0.3359375
2709,2709,base,0,nan,nan,0.3046875,0.42578125,0.49609375,0.3125,0.203125,0.3515625,0.7734375,0.71875,1.125,0.921875,1.0078125,1.046875,0.7890625,0.9921875,0.99609375,1.25,1.0859375,0.69921875,1.265625,1.0234375,0.75,0.5859375,0.38671875,0.265625,0.296875,0.30078125
464,464,base,0,nan,nan,0.30078125,0.4453125,0.4609375,0.30859375,0.23046875,0.33984375,0.79296875,0.7109375,1.09375,1.0234375,0.984375,1.015625,0.76171875,0.95703125,0.93359375,1.171875,1.0390625,0.76953125,1.234375,1.0,0.8125,0.60546875,0.3984375,0.28515625,0.328125,0.33984375
1204,1204,base,0,nan,nan,0.3046875,0.4296875,0.46484375,0.296875,0.21484375,0.30859375,0.8046875,0.71875,1.109375,0.953125,1.046875,1.03125,0.78125,0.96484375,0.9375,1.1796875,1.0546875,0.7109375,1.1796875,0.98046875,0.671875,0.5546875,0.3671875,0.2734375,0.29296875,0.31640625
1953,1953,base,0,nan,nan,0.31640625,0.44921875,0.48046875,0.32421875,0.21484375,0.34765625,0.796875,0.75,1.234375,0.890625,1.0546875,1.0625,0.734375,0.96875,0.94140625,1.140625,0.9921875,0.77734375,1.2265625,1.0,0.703125,0.5,0.375,0.2578125,0.28125,0.3359375
2710,2710,base,0,nan,nan,0.3046875,0.42578125,0.49609375,0.3125,0.203125,0.3515625,0.7734375,0.71875,1.125,0.921875,1.0078125,1.046875,0.7890625,0.9921875,0.99609375,1.25,1.0859375,0.69921875,1.265625,1.0234375,0.75,0.5859375,0.38671875,0.265625,0.296875,0.30078125
1205,1205,base,0,nan,nan,0.3046875,0.4296875,0.46484375,0.296875,0.21484375,0.30859375,0.8046875,0.71875,1.109375,0.953125,1.046875,1.03125,0.78125,0.96484375,0.9375,1.1796875,1.0546875,0.7109375,1.1796875,0.98046875,0.671875,0.5546875,0.3671875,0.2734375,0.29296875,0.31640625
465,465,base,0,nan,nan,0.30078125,0.4453125,0.4609375,0.30859375,0.23046875,0.33984375,0.79296875,0.7109375,1.09375,1.0234375,0.984375,1.015625,0.76171875,0.95703125,0.93359375,1.171875,1.0390625,0.76953125,1.234375,1.0,0.8125,0.60546875,0.3984375,0.28515625,0.328125,0.33984375
1954,1954,base,0,nan,nan,0.31640625,0.44921875,0.48046875,0.32421875,0.21484375,0.34765625,0.796875,0.75,1.234375,0.890625,1.0546875,1.0625,0.734375,0.96875,0.94140625,1.140625,0.9921875,0.77734375,1.2265625,1.0,0.703125,0.5,0.375,0.2578125,0.28125,0.3359375
2711,2711,base,0,nan,nan,0.3046875,0.42578125,0.49609375,0.3125,0.203125,0.3515625,0.7734375,0.71875,1.125,0.921875,1.0078125,1.046875,0.7890625,0.9921875,0.99609375,1.25,1.0859375,0.69921875,1.265625,1.0234375,0.75,0.5859375,0.38671875,0.265625,0.296875,0.30078125
1206,1206,base,0,nan,nan,0.3046875,0.4296875,0.46484375,0.296875,0.21484375,0.30859375,0.8046875,0.71875,1.109375,0.953125,1.046875,1.03125,0.78125,0.96484375,0.9375,1.1796875,1.0546875,0.7109375,1.1796875,0.98046875,0.671875,0.5546875,0.3671875,0.2734375,0.29296875,0.31640625
466,466,base,0,nan,nan,0.30078125,0.4453125,0.4609375,0.30859375,0.23046875,0.33984375,0.79296875,0.7109375,1.09375,1.0234375,0.984375,1.015625,0.76171875,0.95703125,0.93359375,1.171875,1.0390625,0.76953125,1.234375,1.0,0.8125,0.60546875,0.3984375,0.28515625,0.328125,0.33984375
1955,1955,base,1,nan,nan,0.31640625,0.44921875,0.48046875,0.32421875,0.21484375,0.34765625,0.796875,0.75,1.234375,0.890625,1.0546875,1.0625,0.734375,0.96875,0.94140625,1.140625,0.9921875,0.77734375,1.2265625,1.0,0.703125,0.5,0.375,0.2578125,0.28125,0.3359375
2712,2712,base,0,nan,nan,0.3046875,0.42578125,0.49609375,0.3125,0.203125,0.3515625,0.7734375,0.71875,1.125,0.921875,1.0078125,1.046875,0.7890625,0.9921875,0.99609375,1.25,1.0859375,0.69921875,1.265625,1.0234375,0.75,0.5859375,0.38671875,0.265625,0.296875,0.30078125
1207,1207,base,0,nan,nan,0.3125,0.43359375,0.484375,0.296875,0.19921875,0.32421875,0.765625,0.765625,1.171875,0.94140625,1.0546875,1.0625,0.83203125,0.9453125,0.9296875,1.1484375,1.09375,0.8359375,1.1640625,0.93359375,0.8671875,0.625,0.44140625,0.31640625,0.3125,0.32421875
467,467,base,0,nan,nan,0.30078125,0.4453125,0.4609375,0.30859375,0.23046875,0.33984375,0.79296875,0.7109375,1.09375,1.0234375,0.984375,1.015625,0.76171875,0.95703125,0.93359375,1.171875,1.0390625,0.76953125,1.234375,1.0,0.8125,0.60546875,0.3984375,0.28515625,0.328125,0.33984375
1956,1956,base,0,nan,nan,0.31640625,0.44921875,0.48046875,0.32421875,0.21484375,0.34765625,0.796875,0.75,1.234375,0.890625,1.0546875,1.0625,0.734375,0.96875,0.94140625,1.140625,0.9921875,0.77734375,1.2265625,1.0,0.703125,0.5,0.375,0.2578125,0.28125,0.3359375
2713,2713,base,1,nan,nan,0.296875,0.41796875,0.515625,0.32421875,0.2109375,0.359375,0.78515625,0.7265625,1.1484375,0.88671875,1.0078125,1.0078125,0.796875,0.96484375,0.9296875,1.234375,1.1015625,0.7421875,1.234375,1.015625,0.796875,0.59375,0.3828125,0.24609375,0.265625,0.2890625
1208,1208,base,0,nan,nan,0.3125,0.43359375,0.484375,0.296875,0.19921875,0.32421875,0.765625,0.765625,1.171875,0.94140625,1.0546875,1.0625,0.83203125,0.9453125,0.9296875,1.1484375,1.09375,0.8359375,1.1640625,0.93359375,0.8671875,0.625,0.44140625,0.31640625,0.3125,0.32421875
468,468,base,0,nan,nan,0.30078125,0.4453125,0.4609375,0.30859375,0.23046875,0.33984375,0.79296875,0.7109375,1.09375,1.0234375,0.984375,1.015625,0.76171875,0.95703125,0.93359375,1.171875,1.0390625,0.76953125,1.234375,1.0,0.8125,0.60546875,0.3984375,0.28515625,0.328125,0.33984375
1957,1957,base,0,nan,nan,0.3125,0.4609375,0.4921875,0.3203125,0.1875,0.328125,0.78125,0.7265625,1.1328125,0.94140625,1.0390625,1.078125,0.828125,0.9609375,0.9375,1.1328125,1.0625,0.83984375,1.1796875,0.94140625,0.8828125,0.69140625,0.41796875,0.3125,0.3125,0.33203125
2714,2714,base,0,nan,nan,0.296875,0.41796875,0.515625,0.32421875,0.2109375,0.359375,0.78515625,0.7265625,1.1484375,0.88671875,1.0078125,1.0078125,0.796875,0.96484375,0.9296875,1.234375,1.1015625,0.7421875,1.234375,1.015625,0.796875,0.59375,0.3828125,0.24609375,0.265625,0.2890625
1209,1209,base,1,nan,nan,0.3125,0.43359375,0.484375,0.296875,0.19921875,0.32421875,0.765625,0.765625,1.171875,0.94140625,1.0546875,1.0625,0.83203125,0.9453125,0.9296875,1.1484375,1.09375,0.8359375,1.1640625,0.93359375,0.8671875,0.625,0.44140625,0.31640625,0.3125,0.32421875
469,469,base,0,nan,nan,0.296875,0.4296875,0.47265625,0.28515625,0.20703125,0.328125,0.75,0.7421875,1.1328125,1.0390625,1.015625,1.015625,0.86328125,0.95703125,0.93359375,1.2421875,1.0703125,0.76171875,1.171875,0.92578125,0.828125,0.7109375,0.48046875,0.35546875,0.390625,0.40234375
1958,1958,base,0,nan,nan,0.3125,0.4609375,0.4921875,0.3203125,0.1875,0.328125,0.78125,0.7265625,1.1328125,0.94140625,1.0390625,1.078125,0.828125,0.9609375,0.9375,1.1328125,1.0625,0.83984375,1.1796875,0.94140625,0.8828125,0.69140625,0.41796875,0.3125,0.3125,0.33203125
2715,2715,base,1,nan,nan,0.296875,0.41796875,0.515625,0.32421875,0.2109375,0.359375,0.78515625,0.7265625,1.1484375,0.88671875,1.0078125,1.0078125,0.796875,0.96484375,0.9296875,1.234375,1.1015625,0.7421875,1.234375,1.015625,0.796875,0.59375,0.3828125,0.24609375,0.265625,0.2890625
1210,1210,base,0,nan,nan,0.3125,0.43359375,0.484375,0.296875,0.19921875,0.32421875,0.765625,0.765625,1.171875,0.94140625,1.0546875,1.0625,0.83203125,0.9453125,0.9296875,1.1484375,1.09375,0.8359375,1.1640625,0.93359375,0.8671875,0.625,0.44140625,0.31640625,0.3125,0.32421875
470,470,base,0,nan,nan,0.296875,0.4296875,0.47265625,0.28515625,0.20703125,0.328125,0.75,0.7421875,1.1328125,1.0390625,1.015625,1.015625,0.86328125,0.95703125,0.93359375,1.2421875,1.0703125,0.76171875,1.171875,0.92578125,0.828125,0.7109375,0.48046875,0.35546875,0.390625,0.40234375
1959,1959,base,0,nan,nan,0.3125,0.4609375,0.4921875,0.3203125,0.1875,0.328125,0.78125,0.7265625,1.1328125,0.94140625,1.0390625,1.078125,0.828125,0.9609375,0.9375,1.1328125,1.0625,0.83984375,1.1796875,0.94140625,0.8828125,0.69140625,0.41796875,0.3125,0.3125,0.33203125
2716,2716,base,0,nan,nan,0.296875,0.41796875,0.515625,0.32421875,0.2109375,0.359375,0.78515625,0.7265625,1.1484375,0.88671875,1.0078125,1.0078125,0.796875,0.96484375,0.9296875,1.234375,1.1015625,0.7421875,1.234375,1.015625,0.796875,0.59375,0.3828125,0.24609375,0.265625,0.2890625
1211,1211,base,1,nan,nan,0.3125,0.43359375,0.484375,0.296875,0.19921875,0.32421875,0.765625,0.765625,1.171875,0.94140625,1.0546875,1.0625,0.83203125,0.9453125,0.9296875,1.1484375,1.09375,0.8359375,1.1640625,0.93359375,0.8671875,0.625,0.44140625,0.31640625,0.3125,0.32421875
471,471,base,0,nan,nan,0.296875,0.4296875,0.47265625,0.28515625,0.20703125,0.328125,0.75,0.7421875,1.1328125,1.0390625,1.015625,1.015625,0.86328125,0.95703125,0.93359375,1.2421875,1.0703125,0.76171875,1.171875,0.92578125,0.828125,0.7109375,0.48046875,0.35546875,0.390625,0.40234375
1960,1960,base,0,nan,nan,0.3125,0.4609375,0.4921875,0.3203125,0.1875,0.328125,0.78125,0.7265625,1.1328125,0.94140625,1.0390625,1.078125,0.828125,0.9609375,0.9375,1.1328125,1.0625,0.83984375,1.1796875,0.94140625,0.8828125,0.69140625,0.41796875,0.3125,0.3125,0.33203125
2717,2717,base,0,nan,nan,0.296875,0.41796875,0.515625,0.32421875,0.2109375,0.359375,0.78515625,0.7265625,1.1484375,0.88671875,1.0078125,1.0078125,0.796875,0.96484375,0.9296875,1.234375,1.1015625,0.7421875,1.234375,1.015625,0.796875,0.59375,0.3828125,0.24609375,0.265625,0.2890625
1212,1212,base,0,nan,nan,0.3125,0.43359375,0.484375,0.296875,0.19921875,0.32421875,0.765625,0.765625,1.171875,0.94140625,1.0546875,1.0625,0.83203125,0.9453125,0.9296875,1.1484375,1.09375,0.8359375,1.1640625,0.93359375,0.8671875,0.625,0.44140625,0.31640625,0.3125,0.32421875
472,472,base,0,nan,nan,0.296875,0.4296875,0.47265625,0.28515625,0.20703125,0.328125,0.75,0.7421875,1.1328125,1.0390625,1.015625,1.015625,0.86328125,0.95703125,0.93359375,1.2421875,1.0703125,0.76171875,1.171875,0.92578125,0.828125,0.7109375,0.48046875,0.35546875,0.390625,0.40234375
1961,1961,base,1,nan,nan,0.3125,0.4609375,0.4921875,0.3203125,0.1875,0.328125,0.78125,0.7265625,1.1328125,0.94140625,1.0390625,1.078125,0.828125,0.9609375,0.9375,1.1328125,1.0625,0.83984375,1.1796875,0.94140625,0.8828125,0.69140625,0.41796875,0.3125,0.3125,0.33203125
1213,1213,base,0,nan,nan,0.31640625,0.44140625,0.484375,0.29296875,0.20703125,0.3359375,0.81640625,0.71875,1.125,0.94140625,1.0078125,0.9921875,0.8046875,0.96875,0.96875,1.25,1.078125,0.71484375,1.1953125,0.9921875,0.8203125,0.6796875,0.453125,0.37890625,0.390625,0.37109375
2718,2718,base,0,nan,nan,0.296875,0.41796875,0.515625,0.32421875,0.2109375,0.359375,0.78515625,0.7265625,1.1484375,0.88671875,1.0078125,1.0078125,0.796875,0.96484375,0.9296875,1.234375,1.1015625,0.7421875,1.234375,1.015625,0.796875,0.59375,0.3828125,0.24609375,0.265625,0.2890625
473,473,base,0,nan,nan,0.296875,0.4296875,0.47265625,0.28515625,0.20703125,0.328125,0.75,0.7421875,1.1328125,1.0390625,1.015625,1.015625,0.86328125,0.95703125,0.93359375,1.2421875,1.0703125,0.76171875,1.171875,0.92578125,0.828125,0.7109375,0.48046875,0.35546875,0.390625,0.40234375
1962,1962,base,0,nan,nan,0.3125,0.4609375,0.4921875,0.3203125,0.1875,0.328125,0.78125,0.7265625,1.1328125,0.94140625,1.0390625,1.078125,0.828125,0.9609375,0.9375,1.1328125,1.0625,0.83984375,1.1796875,0.94140625,0.8828125,0.69140625,0.41796875,0.3125,0.3125,0.33203125
1214,1214,base,0,nan,nan,0.31640625,0.44140625,0.484375,0.29296875,0.20703125,0.3359375,0.81640625,0.71875,1.125,0.94140625,1.0078125,0.9921875,0.8046875,0.96875,0.96875,1.25,1.078125,0.71484375,1.1953125,0.9921875,0.8203125,0.6796875,0.453125,0.37890625,0.390625,0.37109375
2719,2719,base,0,nan,nan,0.296875,0.4375,0.46484375,0.3125,0.23046875,0.3125,0.80078125,0.6875,1.140625,0.9375,0.9921875,1.0234375,0.74609375,0.96875,0.92578125,1.1953125,1.03125,0.734375,1.1796875,0.90234375,0.7265625,0.53125,0.37890625,0.27734375,0.2890625,0.31640625
474,474,base,0,nan,nan,0.296875,0.4296875,0.47265625,0.28515625,0.20703125,0.328125,0.75,0.7421875,1.1328125,1.0390625,1.015625,1.015625,0.86328125,0.95703125,0.93359375,1.2421875,1.0703125,0.76171875,1.171875,0.92578125,0.828125,0.7109375,0.48046875,0.35546875,0.390625,0.40234375
1963,1963,base,0,nan,nan,0.30078125,0.44921875,0.5,0.3515625,0.25390625,0.45703125,0.67578125,0.91796875,1.171875,0.98828125,0.98828125,1.0234375,0.7421875,0.859375,0.80078125,1.0390625,0.90234375,0.7265625,1.1015625,0.83203125,0.6328125,0.5234375,0.37109375,0.24609375,0.25390625,0.32421875
1215,1215,base,1,nan,nan,0.31640625,0.44140625,0.484375,0.29296875,0.20703125,0.3359375,0.81640625,0.71875,1.125,0.94140625,1.0078125,0.9921875,0.8046875,0.96875,0.96875,1.25,1.078125,0.71484375,1.1953125,0.9921875,0.8203125,0.6796875,0.453125,0.37890625,0.390625,0.37109375
2720,2720,base,0,nan,nan,0.296875,0.4375,0.46484375,0.3125,0.23046875,0.3125,0.80078125,0.6875,1.140625,0.9375,0.9921875,1.0234375,0.74609375,0.96875,0.92578125,1.1953125,1.03125,0.734375,1.1796875,0.90234375,0.7265625,0.53125,0.37890625,0.27734375,0.2890625,0.31640625
475,475,base,0,nan,nan,0.28515625,0.4375,0.5078125,0.31640625,0.21875,0.36328125,0.734375,0.7734375,1.1484375,0.91015625,0.98046875,0.94140625,0.78515625,0.92578125,0.87109375,1.1875,1.0390625,0.6796875,1.15625,0.92578125,0.625,0.49609375,0.359375,0.25,0.28125,0.28515625
1216,1216,base,0,nan,nan,0.31640625,0.44140625,0.484375,0.29296875,0.20703125,0.3359375,0.81640625,0.71875,1.125,0.94140625,1.0078125,0.9921875,0.8046875,0.96875,0.96875,1.25,1.078125,0.71484375,1.1953125,0.9921875,0.8203125,0.6796875,0.453125,0.37890625,0.390625,0.37109375
1964,1964,base,0,nan,nan,0.30078125,0.44921875,0.5,0.3515625,0.25390625,0.45703125,0.67578125,0.91796875,1.171875,0.98828125,0.98828125,1.0234375,0.7421875,0.859375,0.80078125,1.0390625,0.90234375,0.7265625,1.1015625,0.83203125,0.6328125,0.5234375,0.37109375,0.24609375,0.25390625,0.32421875
2721,2721,base,1,nan,nan,0.296875,0.4375,0.46484375,0.3125,0.23046875,0.3125,0.80078125,0.6875,1.140625,0.9375,0.9921875,1.0234375,0.74609375,0.96875,0.92578125,1.1953125,1.03125,0.734375,1.1796875,0.90234375,0.7265625,0.53125,0.37890625,0.27734375,0.2890625,0.31640625
1217,1217,base,1,nan,nan,0.31640625,0.44140625,0.484375,0.29296875,0.20703125,0.3359375,0.81640625,0.71875,1.125,0.94140625,1.0078125,0.9921875,0.8046875,0.96875,0.96875,1.25,1.078125,0.71484375,1.1953125,0.9921875,0.8203125,0.6796875,0.453125,0.37890625,0.390625,0.37109375
1965,1965,base,1,nan,nan,0.30078125,0.44921875,0.5,0.3515625,0.25390625,0.45703125,0.67578125,0.91796875,1.171875,0.98828125,0.98828125,1.0234375,0.7421875,0.859375,0.80078125,1.0390625,0.90234375,0.7265625,1.1015625,0.83203125,0.6328125,0.5234375,0.37109375,0.24609375,0.25390625,0.32421875
476,476,base,0,nan,nan,0.28515625,0.4375,0.5078125,0.31640625,0.21875,0.36328125,0.734375,0.7734375,1.1484375,0.91015625,0.98046875,0.94140625,0.78515625,0.92578125,0.87109375,1.1875,1.0390625,0.6796875,1.15625,0.92578125,0.625,0.49609375,0.359375,0.25,0.28125,0.28515625
2722,2722,base,0,nan,nan,0.296875,0.4375,0.46484375,0.3125,0.23046875,0.3125,0.80078125,0.6875,1.140625,0.9375,0.9921875,1.0234375,0.74609375,0.96875,0.92578125,1.1953125,1.03125,0.734375,1.1796875,0.90234375,0.7265625,0.53125,0.37890625,0.27734375,0.2890625,0.31640625
1218,1218,base,0,nan,nan,0.31640625,0.44140625,0.484375,0.29296875,0.20703125,0.3359375,0.81640625,0.71875,1.125,0.94140625,1.0078125,0.9921875,0.8046875,0.96875,0.96875,1.25,1.078125,0.71484375,1.1953125,0.9921875,0.8203125,0.6796875,0.453125,0.37890625,0.390625,0.37109375
1966,1966,base,0,nan,nan,0.30078125,0.44921875,0.5,0.3515625,0.25390625,0.45703125,0.67578125,0.91796875,1.171875,0.98828125,0.98828125,1.0234375,0.7421875,0.859375,0.80078125,1.0390625,0.90234375,0.7265625,1.1015625,0.83203125,0.6328125,0.5234375,0.37109375,0.24609375,0.25390625,0.32421875
477,477,base,0,nan,nan,0.28515625,0.4375,0.5078125,0.31640625,0.21875,0.36328125,0.734375,0.7734375,1.1484375,0.91015625,0.98046875,0.94140625,0.78515625,0.92578125,0.87109375,1.1875,1.0390625,0.6796875,1.15625,0.92578125,0.625,0.49609375,0.359375,0.25,0.28125,0.28515625
2723,2723,base,1,nan,nan,0.296875,0.4375,0.46484375,0.3125,0.23046875,0.3125,0.80078125,0.6875,1.140625,0.9375,0.9921875,1.0234375,0.74609375,0.96875,0.92578125,1.1953125,1.03125,0.734375,1.1796875,0.90234375,0.7265625,0.53125,0.37890625,0.27734375,0.2890625,0.31640625
1219,1219,base,1,nan,nan,0.30078125,0.46875,0.5546875,0.3203125,0.234375,0.33984375,0.71484375,0.7421875,1.109375,0.97265625,0.9765625,0.9453125,0.80859375,0.9609375,0.9140625,1.2578125,1.078125,0.6484375,1.171875,0.97265625,0.6875,0.55859375,0.3828125,0.30078125,0.33203125,0.37890625
1967,1967,base,0,nan,nan,0.30078125,0.44921875,0.5,0.3515625,0.25390625,0.45703125,0.67578125,0.91796875,1.171875,0.98828125,0.98828125,1.0234375,0.7421875,0.859375,0.80078125,1.0390625,0.90234375,0.7265625,1.1015625,0.83203125,0.6328125,0.5234375,0.37109375,0.24609375,0.25390625,0.32421875
2724,2724,base,0,nan,nan,0.296875,0.4375,0.46484375,0.3125,0.23046875,0.3125,0.80078125,0.6875,1.140625,0.9375,0.9921875,1.0234375,0.74609375,0.96875,0.92578125,1.1953125,1.03125,0.734375,1.1796875,0.90234375,0.7265625,0.53125,0.37890625,0.27734375,0.2890625,0.31640625
478,478,base,0,nan,nan,0.28515625,0.4375,0.5078125,0.31640625,0.21875,0.36328125,0.734375,0.7734375,1.1484375,0.91015625,0.98046875,0.94140625,0.78515625,0.92578125,0.87109375,1.1875,1.0390625,0.6796875,1.15625,0.92578125,0.625,0.49609375,0.359375,0.25,0.28125,0.28515625
1220,1220,base,0,nan,nan,0.30078125,0.46875,0.5546875,0.3203125,0.234375,0.33984375,0.71484375,0.7421875,1.109375,0.97265625,0.9765625,0.9453125,0.80859375,0.9609375,0.9140625,1.2578125,1.078125,0.6484375,1.171875,0.97265625,0.6875,0.55859375,0.3828125,0.30078125,0.33203125,0.37890625
1968,1968,base,0,nan,nan,0.30078125,0.44921875,0.5,0.3515625,0.25390625,0.45703125,0.67578125,0.91796875,1.171875,0.98828125,0.98828125,1.0234375,0.7421875,0.859375,0.80078125,1.0390625,0.90234375,0.7265625,1.1015625,0.83203125,0.6328125,0.5234375,0.37109375,0.24609375,0.25390625,0.32421875
2725,2725,base,0,nan,nan,0.28515625,0.421875,0.48046875,0.28125,0.2109375,0.31640625,0.734375,0.7109375,1.0859375,0.99609375,1.0390625,1.0078125,0.78125,0.9140625,0.8671875,1.2265625,1.078125,0.7265625,1.09375,0.875,0.765625,0.60546875,0.4296875,0.32421875,0.33203125,0.3046875
479,479,base,0,nan,nan,0.28515625,0.4375,0.5078125,0.31640625,0.21875,0.36328125,0.734375,0.7734375,1.1484375,0.91015625,0.98046875,0.94140625,0.78515625,0.92578125,0.87109375,1.1875,1.0390625,0.6796875,1.15625,0.92578125,0.625,0.49609375,0.359375,0.25,0.28125,0.28515625
1221,1221,base,0,nan,nan,0.30078125,0.46875,0.5546875,0.3203125,0.234375,0.33984375,0.71484375,0.7421875,1.109375,0.97265625,0.9765625,0.9453125,0.80859375,0.9609375,0.9140625,1.2578125,1.078125,0.6484375,1.171875,0.97265625,0.6875,0.55859375,0.3828125,0.30078125,0.33203125,0.37890625
1969,1969,base,0,nan,nan,0.31640625,0.4453125,0.48046875,0.3046875,0.203125,0.35546875,0.80859375,0.71875,1.0546875,0.9921875,1.09375,1.03125,0.86328125,0.94921875,0.953125,1.125,1.03125,0.84375,1.1796875,0.97265625,0.9296875,0.7734375,0.49609375,0.390625,0.359375,0.33984375
2726,2726,base,0,nan,nan,0.28515625,0.421875,0.48046875,0.28125,0.2109375,0.31640625,0.734375,0.7109375,1.0859375,0.99609375,1.0390625,1.0078125,0.78125,0.9140625,0.8671875,1.2265625,1.078125,0.7265625,1.09375,0.875,0.765625,0.60546875,0.4296875,0.32421875,0.33203125,0.3046875
1970,1970,base,0,nan,nan,0.31640625,0.4453125,0.48046875,0.3046875,0.203125,0.35546875,0.80859375,0.71875,1.0546875,0.9921875,1.09375,1.03125,0.86328125,0.94921875,0.953125,1.125,1.03125,0.84375,1.1796875,0.97265625,0.9296875,0.7734375,0.49609375,0.390625,0.359375,0.33984375
1222,1222,base,0,nan,nan,0.30078125,0.46875,0.5546875,0.3203125,0.234375,0.33984375,0.71484375,0.7421875,1.109375,0.97265625,0.9765625,0.9453125,0.80859375,0.9609375,0.9140625,1.2578125,1.078125,0.6484375,1.171875,0.97265625,0.6875,0.55859375,0.3828125,0.30078125,0.33203125,0.37890625
480,480,base,0,nan,nan,0.28515625,0.4375,0.5078125,0.31640625,0.21875,0.36328125,0.734375,0.7734375,1.1484375,0.91015625,0.98046875,0.94140625,0.78515625,0.92578125,0.87109375,1.1875,1.0390625,0.6796875,1.15625,0.92578125,0.625,0.49609375,0.359375,0.25,0.28125,0.28515625
2727,2727,base,0,nan,nan,0.28515625,0.421875,0.48046875,0.28125,0.2109375,0.31640625,0.734375,0.7109375,1.0859375,0.99609375,1.0390625,1.0078125,0.78125,0.9140625,0.8671875,1.2265625,1.078125,0.7265625,1.09375,0.875,0.765625,0.60546875,0.4296875,0.32421875,0.33203125,0.3046875
1971,1971,base,0,nan,nan,0.31640625,0.4453125,0.48046875,0.3046875,0.203125,0.35546875,0.80859375,0.71875,1.0546875,0.9921875,1.09375,1.03125,0.86328125,0.94921875,0.953125,1.125,1.03125,0.84375,1.1796875,0.97265625,0.9296875,0.7734375,0.49609375,0.390625,0.359375,0.33984375
481,481,base,0,nan,nan,0.296875,0.4296875,0.515625,0.3203125,0.2265625,0.359375,0.7421875,0.7578125,1.109375,0.90234375,0.984375,1.0234375,0.70703125,0.984375,0.94140625,1.25,1.046875,0.6953125,1.125,0.9453125,0.640625,0.578125,0.390625,0.28125,0.30859375,0.28515625
1223,1223,base,1,nan,nan,0.30078125,0.46875,0.5546875,0.3203125,0.234375,0.33984375,0.71484375,0.7421875,1.109375,0.97265625,0.9765625,0.9453125,0.80859375,0.9609375,0.9140625,1.2578125,1.078125,0.6484375,1.171875,0.97265625,0.6875,0.55859375,0.3828125,0.30078125,0.33203125,0.37890625
2728,2728,base,0,nan,nan,0.28515625,0.421875,0.48046875,0.28125,0.2109375,0.31640625,0.734375,0.7109375,1.0859375,0.99609375,1.0390625,1.0078125,0.78125,0.9140625,0.8671875,1.2265625,1.078125,0.7265625,1.09375,0.875,0.765625,0.60546875,0.4296875,0.32421875,0.33203125,0.3046875
1972,1972,base,0,nan,nan,0.31640625,0.4453125,0.48046875,0.3046875,0.203125,0.35546875,0.80859375,0.71875,1.0546875,0.9921875,1.09375,1.03125,0.86328125,0.94921875,0.953125,1.125,1.03125,0.84375,1.1796875,0.97265625,0.9296875,0.7734375,0.49609375,0.390625,0.359375,0.33984375
482,482,base,0,nan,nan,0.296875,0.4296875,0.515625,0.3203125,0.2265625,0.359375,0.7421875,0.7578125,1.109375,0.90234375,0.984375,1.0234375,0.70703125,0.984375,0.94140625,1.25,1.046875,0.6953125,1.125,0.9453125,0.640625,0.578125,0.390625,0.28125,0.30859375,0.28515625
1224,1224,base,0,nan,nan,0.30078125,0.46875,0.5546875,0.3203125,0.234375,0.33984375,0.71484375,0.7421875,1.109375,0.97265625,0.9765625,0.9453125,0.80859375,0.9609375,0.9140625,1.2578125,1.078125,0.6484375,1.171875,0.97265625,0.6875,0.55859375,0.3828125,0.30078125,0.33203125,0.37890625
1973,1973,base,0,nan,nan,0.31640625,0.4453125,0.48046875,0.3046875,0.203125,0.35546875,0.80859375,0.71875,1.0546875,0.9921875,1.09375,1.03125,0.86328125,0.94921875,0.953125,1.125,1.03125,0.84375,1.1796875,0.97265625,0.9296875,0.7734375,0.49609375,0.390625,0.359375,0.33984375
2729,2729,base,1,nan,nan,0.28515625,0.421875,0.48046875,0.28125,0.2109375,0.31640625,0.734375,0.7109375,1.0859375,0.99609375,1.0390625,1.0078125,0.78125,0.9140625,0.8671875,1.2265625,1.078125,0.7265625,1.09375,0.875,0.765625,0.60546875,0.4296875,0.32421875,0.33203125,0.3046875
1225,1225,base,1,nan,nan,0.27734375,0.4296875,0.5390625,0.296875,0.21484375,0.33203125,0.7421875,0.72265625,1.109375,1.03125,0.96875,0.96484375,0.75,1.03125,1.0078125,1.2734375,1.078125,0.6328125,1.2265625,1.015625,0.625,0.5625,0.40234375,0.27734375,0.25,0.2578125
483,483,base,0,nan,nan,0.296875,0.4296875,0.515625,0.3203125,0.2265625,0.359375,0.7421875,0.7578125,1.109375,0.90234375,0.984375,1.0234375,0.70703125,0.984375,0.94140625,1.25,1.046875,0.6953125,1.125,0.9453125,0.640625,0.578125,0.390625,0.28125,0.30859375,0.28515625
1974,1974,base,0,nan,nan,0.31640625,0.4453125,0.48046875,0.3046875,0.203125,0.35546875,0.80859375,0.71875,1.0546875,0.9921875,1.09375,1.03125,0.86328125,0.94921875,0.953125,1.125,1.03125,0.84375,1.1796875,0.97265625,0.9296875,0.7734375,0.49609375,0.390625,0.359375,0.33984375
2730,2730,base,0,nan,nan,0.28515625,0.421875,0.48046875,0.28125,0.2109375,0.31640625,0.734375,0.7109375,1.0859375,0.99609375,1.0390625,1.0078125,0.78125,0.9140625,0.8671875,1.2265625,1.078125,0.7265625,1.09375,0.875,0.765625,0.60546875,0.4296875,0.32421875,0.33203125,0.3046875
1226,1226,base,0,nan,nan,0.27734375,0.4296875,0.5390625,0.296875,0.21484375,0.33203125,0.7421875,0.72265625,1.109375,1.03125,0.96875,0.96484375,0.75,1.03125,1.0078125,1.2734375,1.078125,0.6328125,1.2265625,1.015625,0.625,0.5625,0.40234375,0.27734375,0.25,0.2578125
1975,1975,base,0,nan,nan,0.29296875,0.4296875,0.484375,0.27734375,0.2265625,0.32421875,0.7265625,0.7578125,1.109375,1.0078125,1.0,1.0078125,0.7265625,0.953125,0.890625,1.3046875,1.015625,0.734375,1.109375,0.86328125,0.65234375,0.53125,0.38671875,0.28125,0.28515625,0.30859375
2731,2731,base,0,nan,nan,0.28515625,0.41796875,0.49609375,0.33203125,0.2109375,0.30078125,0.7734375,0.7109375,1.171875,0.9296875,0.9921875,0.9921875,0.7578125,0.94140625,0.92578125,1.2421875,1.0390625,0.78125,1.1328125,0.984375,0.76171875,0.578125,0.41015625,0.296875,0.30859375,0.31640625
484,484,base,0,nan,nan,0.296875,0.4296875,0.515625,0.3203125,0.2265625,0.359375,0.7421875,0.7578125,1.109375,0.90234375,0.984375,1.0234375,0.70703125,0.984375,0.94140625,1.25,1.046875,0.6953125,1.125,0.9453125,0.640625,0.578125,0.390625,0.28125,0.30859375,0.28515625
1227,1227,base,0,nan,nan,0.27734375,0.4296875,0.5390625,0.296875,0.21484375,0.33203125,0.7421875,0.72265625,1.109375,1.03125,0.96875,0.96484375,0.75,1.03125,1.0078125,1.2734375,1.078125,0.6328125,1.2265625,1.015625,0.625,0.5625,0.40234375,0.27734375,0.25,0.2578125
2732,2732,base,0,nan,nan,0.28515625,0.41796875,0.49609375,0.33203125,0.2109375,0.30078125,0.7734375,0.7109375,1.171875,0.9296875,0.9921875,0.9921875,0.7578125,0.94140625,0.92578125,1.2421875,1.0390625,0.78125,1.1328125,0.984375,0.76171875,0.578125,0.41015625,0.296875,0.30859375,0.31640625
1976,1976,base,0,nan,nan,0.29296875,0.4296875,0.484375,0.27734375,0.2265625,0.32421875,0.7265625,0.7578125,1.109375,1.0078125,1.0,1.0078125,0.7265625,0.953125,0.890625,1.3046875,1.015625,0.734375,1.109375,0.86328125,0.65234375,0.53125,0.38671875,0.28125,0.28515625,0.30859375
485,485,base,1,nan,nan,0.296875,0.4296875,0.515625,0.3203125,0.2265625,0.359375,0.7421875,0.7578125,1.109375,0.90234375,0.984375,1.0234375,0.70703125,0.984375,0.94140625,1.25,1.046875,0.6953125,1.125,0.9453125,0.640625,0.578125,0.390625,0.28125,0.30859375,0.28515625
1228,1228,base,0,nan,nan,0.27734375,0.4296875,0.5390625,0.296875,0.21484375,0.33203125,0.7421875,0.72265625,1.109375,1.03125,0.96875,0.96484375,0.75,1.03125,1.0078125,1.2734375,1.078125,0.6328125,1.2265625,1.015625,0.625,0.5625,0.40234375,0.27734375,0.25,0.2578125
2733,2733,base,0,nan,nan,0.28515625,0.41796875,0.49609375,0.33203125,0.2109375,0.30078125,0.7734375,0.7109375,1.171875,0.9296875,0.9921875,0.9921875,0.7578125,0.94140625,0.92578125,1.2421875,1.0390625,0.78125,1.1328125,0.984375,0.76171875,0.578125,0.41015625,0.296875,0.30859375,0.31640625
1977,1977,base,0,nan,nan,0.29296875,0.4296875,0.484375,0.27734375,0.2265625,0.32421875,0.7265625,0.7578125,1.109375,1.0078125,1.0,1.0078125,0.7265625,0.953125,0.890625,1.3046875,1.015625,0.734375,1.109375,0.86328125,0.65234375,0.53125,0.38671875,0.28125,0.28515625,0.30859375
486,486,base,0,nan,nan,0.296875,0.4296875,0.515625,0.3203125,0.2265625,0.359375,0.7421875,0.7578125,1.109375,0.90234375,0.984375,1.0234375,0.70703125,0.984375,0.94140625,1.25,1.046875,0.6953125,1.125,0.9453125,0.640625,0.578125,0.390625,0.28125,0.30859375,0.28515625
1229,1229,base,0,nan,nan,0.27734375,0.4296875,0.5390625,0.296875,0.21484375,0.33203125,0.7421875,0.72265625,1.109375,1.03125,0.96875,0.96484375,0.75,1.03125,1.0078125,1.2734375,1.078125,0.6328125,1.2265625,1.015625,0.625,0.5625,0.40234375,0.27734375,0.25,0.2578125
2734,2734,base,0,nan,nan,0.28515625,0.41796875,0.49609375,0.33203125,0.2109375,0.30078125,0.7734375,0.7109375,1.171875,0.9296875,0.9921875,0.9921875,0.7578125,0.94140625,0.92578125,1.2421875,1.0390625,0.78125,1.1328125,0.984375,0.76171875,0.578125,0.41015625,0.296875,0.30859375,0.31640625
1978,1978,base,0,nan,nan,0.29296875,0.4296875,0.484375,0.27734375,0.2265625,0.32421875,0.7265625,0.7578125,1.109375,1.0078125,1.0,1.0078125,0.7265625,0.953125,0.890625,1.3046875,1.015625,0.734375,1.109375,0.86328125,0.65234375,0.53125,0.38671875,0.28125,0.28515625,0.30859375
487,487,base,0,nan,nan,0.3046875,0.4375,0.4765625,0.296875,0.2109375,0.32421875,0.77734375,0.74609375,1.1953125,0.9140625,1.03125,0.99609375,0.82421875,0.90234375,0.8671875,1.203125,1.078125,0.7421875,1.1640625,0.9296875,0.76953125,0.59375,0.4140625,0.28125,0.2890625,0.296875
2735,2735,base,0,nan,nan,0.28515625,0.41796875,0.49609375,0.33203125,0.2109375,0.30078125,0.7734375,0.7109375,1.171875,0.9296875,0.9921875,0.9921875,0.7578125,0.94140625,0.92578125,1.2421875,1.0390625,0.78125,1.1328125,0.984375,0.76171875,0.578125,0.41015625,0.296875,0.30859375,0.31640625
1230,1230,base,0,nan,nan,0.27734375,0.4296875,0.5390625,0.296875,0.21484375,0.33203125,0.7421875,0.72265625,1.109375,1.03125,0.96875,0.96484375,0.75,1.03125,1.0078125,1.2734375,1.078125,0.6328125,1.2265625,1.015625,0.625,0.5625,0.40234375,0.27734375,0.25,0.2578125
1979,1979,base,0,nan,nan,0.29296875,0.4296875,0.484375,0.27734375,0.2265625,0.32421875,0.7265625,0.7578125,1.109375,1.0078125,1.0,1.0078125,0.7265625,0.953125,0.890625,1.3046875,1.015625,0.734375,1.109375,0.86328125,0.65234375,0.53125,0.38671875,0.28125,0.28515625,0.30859375
1231,1231,base,0,nan,nan,0.2890625,0.4453125,0.55078125,0.421875,0.29296875,0.328125,0.6796875,0.734375,1.171875,0.9765625,0.96875,0.96875,0.6875,1.0859375,1.0546875,1.21875,0.99609375,0.671875,1.0234375,0.8046875,0.5390625,0.5390625,0.359375,0.23046875,0.25390625,0.3203125
488,488,base,0,nan,nan,0.3046875,0.4375,0.4765625,0.296875,0.2109375,0.32421875,0.77734375,0.74609375,1.1953125,0.9140625,1.03125,0.99609375,0.82421875,0.90234375,0.8671875,1.203125,1.078125,0.7421875,1.1640625,0.9296875,0.76953125,0.59375,0.4140625,0.28125,0.2890625,0.296875
2736,2736,base,0,nan,nan,0.28515625,0.41796875,0.49609375,0.33203125,0.2109375,0.30078125,0.7734375,0.7109375,1.171875,0.9296875,0.9921875,0.9921875,0.7578125,0.94140625,0.92578125,1.2421875,1.0390625,0.78125,1.1328125,0.984375,0.76171875,0.578125,0.41015625,0.296875,0.30859375,0.31640625
1980,1980,base,0,nan,nan,0.29296875,0.4296875,0.484375,0.27734375,0.2265625,0.32421875,0.7265625,0.7578125,1.109375,1.0078125,1.0,1.0078125,0.7265625,0.953125,0.890625,1.3046875,1.015625,0.734375,1.109375,0.86328125,0.65234375,0.53125,0.38671875,0.28125,0.28515625,0.30859375
1232,1232,base,0,nan,nan,0.2890625,0.4453125,0.55078125,0.421875,0.29296875,0.328125,0.6796875,0.734375,1.171875,0.9765625,0.96875,0.96875,0.6875,1.0859375,1.0546875,1.21875,0.99609375,0.671875,1.0234375,0.8046875,0.5390625,0.5390625,0.359375,0.23046875,0.25390625,0.3203125
2737,2737,base,0,nan,nan,0.28515625,0.453125,0.5,0.30078125,0.234375,0.34375,0.72265625,0.86328125,0.99609375,1.171875,0.984375,0.95703125,0.7890625,0.96484375,0.8984375,1.3125,1.0546875,0.68359375,1.1484375,0.921875,0.66796875,0.5859375,0.4921875,0.38671875,0.39453125,0.38671875
489,489,base,0,nan,nan,0.3046875,0.4375,0.4765625,0.296875,0.2109375,0.32421875,0.77734375,0.74609375,1.1953125,0.9140625,1.03125,0.99609375,0.82421875,0.90234375,0.8671875,1.203125,1.078125,0.7421875,1.1640625,0.9296875,0.76953125,0.59375,0.4140625,0.28125,0.2890625,0.296875
1981,1981,base,0,nan,nan,0.30859375,0.47265625,0.5390625,0.328125,0.23828125,0.34765625,0.69140625,0.765625,1.078125,1.1015625,0.9609375,0.96484375,0.76171875,0.9453125,0.88671875,1.09375,0.8984375,0.75,1.0546875,0.859375,0.5859375,0.5,0.37890625,0.265625,0.2734375,0.3046875
1233,1233,base,1,nan,nan,0.2890625,0.4453125,0.55078125,0.421875,0.29296875,0.328125,0.6796875,0.734375,1.171875,0.9765625,0.96875,0.96875,0.6875,1.0859375,1.0546875,1.21875,0.99609375,0.671875,1.0234375,0.8046875,0.5390625,0.5390625,0.359375,0.23046875,0.25390625,0.3203125
2738,2738,base,0,nan,nan,0.28515625,0.453125,0.5,0.30078125,0.234375,0.34375,0.72265625,0.86328125,0.99609375,1.171875,0.984375,0.95703125,0.7890625,0.96484375,0.8984375,1.3125,1.0546875,0.68359375,1.1484375,0.921875,0.66796875,0.5859375,0.4921875,0.38671875,0.39453125,0.38671875
1982,1982,base,0,nan,nan,0.30859375,0.47265625,0.5390625,0.328125,0.23828125,0.34765625,0.69140625,0.765625,1.078125,1.1015625,0.9609375,0.96484375,0.76171875,0.9453125,0.88671875,1.09375,0.8984375,0.75,1.0546875,0.859375,0.5859375,0.5,0.37890625,0.265625,0.2734375,0.3046875
490,490,base,0,nan,nan,0.3046875,0.4375,0.4765625,0.296875,0.2109375,0.32421875,0.77734375,0.74609375,1.1953125,0.9140625,1.03125,0.99609375,0.82421875,0.90234375,0.8671875,1.203125,1.078125,0.7421875,1.1640625,0.9296875,0.76953125,0.59375,0.4140625,0.28125,0.2890625,0.296875
1234,1234,base,0,nan,nan,0.2890625,0.4453125,0.55078125,0.421875,0.29296875,0.328125,0.6796875,0.734375,1.171875,0.9765625,0.96875,0.96875,0.6875,1.0859375,1.0546875,1.21875,0.99609375,0.671875,1.0234375,0.8046875,0.5390625,0.5390625,0.359375,0.23046875,0.25390625,0.3203125
2739,2739,base,0,nan,nan,0.28515625,0.453125,0.5,0.30078125,0.234375,0.34375,0.72265625,0.86328125,0.99609375,1.171875,0.984375,0.95703125,0.7890625,0.96484375,0.8984375,1.3125,1.0546875,0.68359375,1.1484375,0.921875,0.66796875,0.5859375,0.4921875,0.38671875,0.39453125,0.38671875
1235,1235,base,1,nan,nan,0.2890625,0.4453125,0.55078125,0.421875,0.29296875,0.328125,0.6796875,0.734375,1.171875,0.9765625,0.96875,0.96875,0.6875,1.0859375,1.0546875,1.21875,0.99609375,0.671875,1.0234375,0.8046875,0.5390625,0.5390625,0.359375,0.23046875,0.25390625,0.3203125
1983,1983,base,0,nan,nan,0.30859375,0.47265625,0.5390625,0.328125,0.23828125,0.34765625,0.69140625,0.765625,1.078125,1.1015625,0.9609375,0.96484375,0.76171875,0.9453125,0.88671875,1.09375,0.8984375,0.75,1.0546875,0.859375,0.5859375,0.5,0.37890625,0.265625,0.2734375,0.3046875
491,491,base,0,nan,nan,0.3046875,0.4375,0.4765625,0.296875,0.2109375,0.32421875,0.77734375,0.74609375,1.1953125,0.9140625,1.03125,0.99609375,0.82421875,0.90234375,0.8671875,1.203125,1.078125,0.7421875,1.1640625,0.9296875,0.76953125,0.59375,0.4140625,0.28125,0.2890625,0.296875
2740,2740,base,0,nan,nan,0.28515625,0.453125,0.5,0.30078125,0.234375,0.34375,0.72265625,0.86328125,0.99609375,1.171875,0.984375,0.95703125,0.7890625,0.96484375,0.8984375,1.3125,1.0546875,0.68359375,1.1484375,0.921875,0.66796875,0.5859375,0.4921875,0.38671875,0.39453125,0.38671875
1236,1236,base,0,nan,nan,0.2890625,0.4453125,0.55078125,0.421875,0.29296875,0.328125,0.6796875,0.734375,1.171875,0.9765625,0.96875,0.96875,0.6875,1.0859375,1.0546875,1.21875,0.99609375,0.671875,1.0234375,0.8046875,0.5390625,0.5390625,0.359375,0.23046875,0.25390625,0.3203125
1984,1984,base,0,nan,nan,0.30859375,0.47265625,0.5390625,0.328125,0.23828125,0.34765625,0.69140625,0.765625,1.078125,1.1015625,0.9609375,0.96484375,0.76171875,0.9453125,0.88671875,1.09375,0.8984375,0.75,1.0546875,0.859375,0.5859375,0.5,0.37890625,0.265625,0.2734375,0.3046875
492,492,base,0,nan,nan,0.3046875,0.4375,0.4765625,0.296875,0.2109375,0.32421875,0.77734375,0.74609375,1.1953125,0.9140625,1.03125,0.99609375,0.82421875,0.90234375,0.8671875,1.203125,1.078125,0.7421875,1.1640625,0.9296875,0.76953125,0.59375,0.4140625,0.28125,0.2890625,0.296875
2741,2741,base,1,nan,nan,0.28515625,0.453125,0.5,0.30078125,0.234375,0.34375,0.72265625,0.86328125,0.99609375,1.171875,0.984375,0.95703125,0.7890625,0.96484375,0.8984375,1.3125,1.0546875,0.68359375,1.1484375,0.921875,0.66796875,0.5859375,0.4921875,0.38671875,0.39453125,0.38671875
1237,1237,base,0,nan,nan,0.30078125,0.44140625,0.5234375,0.3359375,0.2421875,0.3359375,0.75,0.75,1.1328125,0.953125,1.0234375,1.0625,0.765625,1.0,0.96484375,1.296875,1.0703125,0.64453125,1.25,1.0234375,0.625,0.546875,0.3828125,0.25,0.25390625,0.28515625
1985,1985,base,1,nan,nan,0.30859375,0.47265625,0.5390625,0.328125,0.23828125,0.34765625,0.69140625,0.765625,1.078125,1.1015625,0.9609375,0.96484375,0.76171875,0.9453125,0.88671875,1.09375,0.8984375,0.75,1.0546875,0.859375,0.5859375,0.5,0.37890625,0.265625,0.2734375,0.3046875
493,493,base,0,nan,nan,0.29296875,0.40234375,0.4765625,0.3046875,0.19921875,0.296875,0.8046875,0.703125,1.1875,0.90625,1.0390625,1.0625,0.84765625,0.94140625,0.93359375,1.1640625,1.1015625,0.83984375,1.15625,0.953125,0.8515625,0.6484375,0.4375,0.31640625,0.30078125,0.29296875
1238,1238,base,0,nan,nan,0.30078125,0.44140625,0.5234375,0.3359375,0.2421875,0.3359375,0.75,0.75,1.1328125,0.953125,1.0234375,1.0625,0.765625,1.0,0.96484375,1.296875,1.0703125,0.64453125,1.25,1.0234375,0.625,0.546875,0.3828125,0.25,0.25390625,0.28515625
2742,2742,base,0,nan,nan,0.28515625,0.453125,0.5,0.30078125,0.234375,0.34375,0.72265625,0.86328125,0.99609375,1.171875,0.984375,0.95703125,0.7890625,0.96484375,0.8984375,1.3125,1.0546875,0.68359375,1.1484375,0.921875,0.66796875,0.5859375,0.4921875,0.38671875,0.39453125,0.38671875
1986,1986,base,0,nan,nan,0.30859375,0.47265625,0.5390625,0.328125,0.23828125,0.34765625,0.69140625,0.765625,1.078125,1.1015625,0.9609375,0.96484375,0.76171875,0.9453125,0.88671875,1.09375,0.8984375,0.75,1.0546875,0.859375,0.5859375,0.5,0.37890625,0.265625,0.2734375,0.3046875
494,494,base,0,nan,nan,0.29296875,0.40234375,0.4765625,0.3046875,0.19921875,0.296875,0.8046875,0.703125,1.1875,0.90625,1.0390625,1.0625,0.84765625,0.94140625,0.93359375,1.1640625,1.1015625,0.83984375,1.15625,0.953125,0.8515625,0.6484375,0.4375,0.31640625,0.30078125,0.29296875
2743,2743,base,0,nan,nan,0.31640625,0.4140625,0.484375,0.3203125,0.234375,0.33203125,0.734375,0.76171875,1.1484375,0.953125,1.046875,1.0546875,0.796875,0.9375,0.8671875,1.171875,1.0,0.76171875,1.125,0.875,0.6796875,0.5546875,0.40234375,0.30078125,0.30859375,0.328125
1239,1239,base,1,nan,nan,0.30078125,0.44140625,0.5234375,0.3359375,0.2421875,0.3359375,0.75,0.75,1.1328125,0.953125,1.0234375,1.0625,0.765625,1.0,0.96484375,1.296875,1.0703125,0.64453125,1.25,1.0234375,0.625,0.546875,0.3828125,0.25,0.25390625,0.28515625
1987,1987,base,0,nan,nan,0.3046875,0.46484375,0.5390625,0.3359375,0.21484375,0.35546875,0.765625,0.75,1.0859375,1.015625,0.9609375,0.9765625,0.78125,0.9609375,0.90625,1.1875,1.0234375,0.703125,1.2421875,1.03125,0.7265625,0.5703125,0.43359375,0.3046875,0.27734375,0.29296875
2744,2744,base,0,nan,nan,0.31640625,0.4140625,0.484375,0.3203125,0.234375,0.33203125,0.734375,0.76171875,1.1484375,0.953125,1.046875,1.0546875,0.796875,0.9375,0.8671875,1.171875,1.0,0.76171875,1.125,0.875,0.6796875,0.5546875,0.40234375,0.30078125,0.30859375,0.328125
1240,1240,base,0,nan,nan,0.30078125,0.44140625,0.5234375,0.3359375,0.2421875,0.3359375,0.75,0.75,1.1328125,0.953125,1.0234375,1.0625,0.765625,1.0,0.96484375,1.296875,1.0703125,0.64453125,1.25,1.0234375,0.625,0.546875,0.3828125,0.25,0.25390625,0.28515625
495,495,base,0,nan,nan,0.29296875,0.40234375,0.4765625,0.3046875,0.19921875,0.296875,0.8046875,0.703125,1.1875,0.90625,1.0390625,1.0625,0.84765625,0.94140625,0.93359375,1.1640625,1.1015625,0.83984375,1.15625,0.953125,0.8515625,0.6484375,0.4375,0.31640625,0.30078125,0.29296875
1988,1988,base,0,nan,nan,0.3046875,0.46484375,0.5390625,0.3359375,0.21484375,0.35546875,0.765625,0.75,1.0859375,1.015625,0.9609375,0.9765625,0.78125,0.9609375,0.90625,1.1875,1.0234375,0.703125,1.2421875,1.03125,0.7265625,0.5703125,0.43359375,0.3046875,0.27734375,0.29296875
2745,2745,base,1,nan,nan,0.31640625,0.4140625,0.484375,0.3203125,0.234375,0.33203125,0.734375,0.76171875,1.1484375,0.953125,1.046875,1.0546875,0.796875,0.9375,0.8671875,1.171875,1.0,0.76171875,1.125,0.875,0.6796875,0.5546875,0.40234375,0.30078125,0.30859375,0.328125
1241,1241,base,0,nan,nan,0.30078125,0.44140625,0.5234375,0.3359375,0.2421875,0.3359375,0.75,0.75,1.1328125,0.953125,1.0234375,1.0625,0.765625,1.0,0.96484375,1.296875,1.0703125,0.64453125,1.25,1.0234375,0.625,0.546875,0.3828125,0.25,0.25390625,0.28515625
496,496,base,0,nan,nan,0.29296875,0.40234375,0.4765625,0.3046875,0.19921875,0.296875,0.8046875,0.703125,1.1875,0.90625,1.0390625,1.0625,0.84765625,0.94140625,0.93359375,1.1640625,1.1015625,0.83984375,1.15625,0.953125,0.8515625,0.6484375,0.4375,0.31640625,0.30078125,0.29296875
1989,1989,base,0,nan,nan,0.3046875,0.46484375,0.5390625,0.3359375,0.21484375,0.35546875,0.765625,0.75,1.0859375,1.015625,0.9609375,0.9765625,0.78125,0.9609375,0.90625,1.1875,1.0234375,0.703125,1.2421875,1.03125,0.7265625,0.5703125,0.43359375,0.3046875,0.27734375,0.29296875
2746,2746,base,0,nan,nan,0.31640625,0.4140625,0.484375,0.3203125,0.234375,0.33203125,0.734375,0.76171875,1.1484375,0.953125,1.046875,1.0546875,0.796875,0.9375,0.8671875,1.171875,1.0,0.76171875,1.125,0.875,0.6796875,0.5546875,0.40234375,0.30078125,0.30859375,0.328125
1242,1242,base,0,nan,nan,0.30078125,0.44140625,0.5234375,0.3359375,0.2421875,0.3359375,0.75,0.75,1.1328125,0.953125,1.0234375,1.0625,0.765625,1.0,0.96484375,1.296875,1.0703125,0.64453125,1.25,1.0234375,0.625,0.546875,0.3828125,0.25,0.25390625,0.28515625
1990,1990,base,0,nan,nan,0.3046875,0.46484375,0.5390625,0.3359375,0.21484375,0.35546875,0.765625,0.75,1.0859375,1.015625,0.9609375,0.9765625,0.78125,0.9609375,0.90625,1.1875,1.0234375,0.703125,1.2421875,1.03125,0.7265625,0.5703125,0.43359375,0.3046875,0.27734375,0.29296875
497,497,base,0,nan,nan,0.29296875,0.40234375,0.4765625,0.3046875,0.19921875,0.296875,0.8046875,0.703125,1.1875,0.90625,1.0390625,1.0625,0.84765625,0.94140625,0.93359375,1.1640625,1.1015625,0.83984375,1.15625,0.953125,0.8515625,0.6484375,0.4375,0.31640625,0.30078125,0.29296875
1243,1243,base,0,nan,nan,0.328125,0.47265625,0.484375,0.3359375,0.22265625,0.359375,0.80859375,0.734375,1.1875,0.91015625,1.046875,1.0703125,0.73828125,0.9921875,0.96484375,1.109375,0.96484375,0.78125,1.265625,1.0546875,0.7421875,0.5703125,0.390625,0.2578125,0.28515625,0.30859375
2747,2747,base,1,nan,nan,0.31640625,0.4140625,0.484375,0.3203125,0.234375,0.33203125,0.734375,0.76171875,1.1484375,0.953125,1.046875,1.0546875,0.796875,0.9375,0.8671875,1.171875,1.0,0.76171875,1.125,0.875,0.6796875,0.5546875,0.40234375,0.30078125,0.30859375,0.328125
1991,1991,base,0,nan,nan,0.3046875,0.46484375,0.5390625,0.3359375,0.21484375,0.35546875,0.765625,0.75,1.0859375,1.015625,0.9609375,0.9765625,0.78125,0.9609375,0.90625,1.1875,1.0234375,0.703125,1.2421875,1.03125,0.7265625,0.5703125,0.43359375,0.3046875,0.27734375,0.29296875
498,498,base,0,nan,nan,0.29296875,0.40234375,0.4765625,0.3046875,0.19921875,0.296875,0.8046875,0.703125,1.1875,0.90625,1.0390625,1.0625,0.84765625,0.94140625,0.93359375,1.1640625,1.1015625,0.83984375,1.15625,0.953125,0.8515625,0.6484375,0.4375,0.31640625,0.30078125,0.29296875
1244,1244,base,0,nan,nan,0.328125,0.47265625,0.484375,0.3359375,0.22265625,0.359375,0.80859375,0.734375,1.1875,0.91015625,1.046875,1.0703125,0.73828125,0.9921875,0.96484375,1.109375,0.96484375,0.78125,1.265625,1.0546875,0.7421875,0.5703125,0.390625,0.2578125,0.28515625,0.30859375
2748,2748,base,0,nan,nan,0.31640625,0.4140625,0.484375,0.3203125,0.234375,0.33203125,0.734375,0.76171875,1.1484375,0.953125,1.046875,1.0546875,0.796875,0.9375,0.8671875,1.171875,1.0,0.76171875,1.125,0.875,0.6796875,0.5546875,0.40234375,0.30078125,0.30859375,0.328125
1992,1992,base,0,nan,nan,0.3046875,0.46484375,0.5390625,0.3359375,0.21484375,0.35546875,0.765625,0.75,1.0859375,1.015625,0.9609375,0.9765625,0.78125,0.9609375,0.90625,1.1875,1.0234375,0.703125,1.2421875,1.03125,0.7265625,0.5703125,0.43359375,0.3046875,0.27734375,0.29296875
1245,1245,base,1,nan,nan,0.328125,0.47265625,0.484375,0.3359375,0.22265625,0.359375,0.80859375,0.734375,1.1875,0.91015625,1.046875,1.0703125,0.73828125,0.9921875,0.96484375,1.109375,0.96484375,0.78125,1.265625,1.0546875,0.7421875,0.5703125,0.390625,0.2578125,0.28515625,0.30859375
499,499,base,0,nan,nan,0.3046875,0.42578125,0.44921875,0.28125,0.1875,0.33203125,0.8203125,0.71484375,1.171875,0.89453125,1.0703125,1.0625,0.79296875,0.95703125,0.94921875,1.15625,1.03125,0.78125,1.2265625,0.96484375,0.8515625,0.6484375,0.40234375,0.2734375,0.26953125,0.30078125
2749,2749,base,0,nan,nan,0.3125,0.44921875,0.4609375,0.28515625,0.19140625,0.31640625,0.8125,0.6953125,1.140625,0.92578125,1.0390625,0.984375,0.8671875,0.96484375,0.95703125,1.1953125,1.1171875,0.7890625,1.1640625,0.9453125,0.8125,0.60546875,0.42578125,0.30859375,0.28515625,0.30859375
1246,1246,base,0,nan,nan,0.328125,0.47265625,0.484375,0.3359375,0.22265625,0.359375,0.80859375,0.734375,1.1875,0.91015625,1.046875,1.0703125,0.73828125,0.9921875,0.96484375,1.109375,0.96484375,0.78125,1.265625,1.0546875,0.7421875,0.5703125,0.390625,0.2578125,0.28515625,0.30859375
1993,1993,base,0,nan,nan,0.3046875,0.42578125,0.48828125,0.30859375,0.2109375,0.35546875,0.75,0.73828125,1.1640625,0.91796875,1.046875,1.0,0.7578125,0.953125,0.9140625,1.234375,1.078125,0.7265625,1.2265625,0.98046875,0.765625,0.5859375,0.37109375,0.2734375,0.30078125,0.29296875
500,500,base,0,nan,nan,0.3046875,0.42578125,0.44921875,0.28125,0.1875,0.33203125,0.8203125,0.71484375,1.171875,0.89453125,1.0703125,1.0625,0.79296875,0.95703125,0.94921875,1.15625,1.03125,0.78125,1.2265625,0.96484375,0.8515625,0.6484375,0.40234375,0.2734375,0.26953125,0.30078125
2750,2750,base,0,nan,nan,0.3125,0.44921875,0.4609375,0.28515625,0.19140625,0.31640625,0.8125,0.6953125,1.140625,0.92578125,1.0390625,0.984375,0.8671875,0.96484375,0.95703125,1.1953125,1.1171875,0.7890625,1.1640625,0.9453125,0.8125,0.60546875,0.42578125,0.30859375,0.28515625,0.30859375
1247,1247,base,1,nan,nan,0.328125,0.47265625,0.484375,0.3359375,0.22265625,0.359375,0.80859375,0.734375,1.1875,0.91015625,1.046875,1.0703125,0.73828125,0.9921875,0.96484375,1.109375,0.96484375,0.78125,1.265625,1.0546875,0.7421875,0.5703125,0.390625,0.2578125,0.28515625,0.30859375
1994,1994,base,0,nan,nan,0.3046875,0.42578125,0.48828125,0.30859375,0.2109375,0.35546875,0.75,0.73828125,1.1640625,0.91796875,1.046875,1.0,0.7578125,0.953125,0.9140625,1.234375,1.078125,0.7265625,1.2265625,0.98046875,0.765625,0.5859375,0.37109375,0.2734375,0.30078125,0.29296875
501,501,base,1,nan,nan,0.3046875,0.42578125,0.44921875,0.28125,0.1875,0.33203125,0.8203125,0.71484375,1.171875,0.89453125,1.0703125,1.0625,0.79296875,0.95703125,0.94921875,1.15625,1.03125,0.78125,1.2265625,0.96484375,0.8515625,0.6484375,0.40234375,0.2734375,0.26953125,0.30078125
2751,2751,base,0,nan,nan,0.3125,0.44921875,0.4609375,0.28515625,0.19140625,0.31640625,0.8125,0.6953125,1.140625,0.92578125,1.0390625,0.984375,0.8671875,0.96484375,0.95703125,1.1953125,1.1171875,0.7890625,1.1640625,0.9453125,0.8125,0.60546875,0.42578125,0.30859375,0.28515625,0.30859375
1248,1248,base,0,nan,nan,0.328125,0.47265625,0.484375,0.3359375,0.22265625,0.359375,0.80859375,0.734375,1.1875,0.91015625,1.046875,1.0703125,0.73828125,0.9921875,0.96484375,1.109375,0.96484375,0.78125,1.265625,1.0546875,0.7421875,0.5703125,0.390625,0.2578125,0.28515625,0.30859375
1995,1995,base,1,nan,nan,0.3046875,0.42578125,0.48828125,0.30859375,0.2109375,0.35546875,0.75,0.73828125,1.1640625,0.91796875,1.046875,1.0,0.7578125,0.953125,0.9140625,1.234375,1.078125,0.7265625,1.2265625,0.98046875,0.765625,0.5859375,0.37109375,0.2734375,0.30078125,0.29296875
502,502,base,0,nan,nan,0.3046875,0.42578125,0.44921875,0.28125,0.1875,0.33203125,0.8203125,0.71484375,1.171875,0.89453125,1.0703125,1.0625,0.79296875,0.95703125,0.94921875,1.15625,1.03125,0.78125,1.2265625,0.96484375,0.8515625,0.6484375,0.40234375,0.2734375,0.26953125,0.30078125
2752,2752,base,0,nan,nan,0.3125,0.44921875,0.4609375,0.28515625,0.19140625,0.31640625,0.8125,0.6953125,1.140625,0.92578125,1.0390625,0.984375,0.8671875,0.96484375,0.95703125,1.1953125,1.1171875,0.7890625,1.1640625,0.9453125,0.8125,0.60546875,0.42578125,0.30859375,0.28515625,0.30859375
1249,1249,base,1,nan,nan,0.3125,0.5234375,0.5625,0.3671875,0.24609375,0.3515625,0.7421875,0.765625,1.078125,1.109375,1.046875,1.0390625,0.8359375,0.95703125,0.859375,1.1875,1.015625,0.71875,1.03125,0.8671875,0.71875,0.625,0.47265625,0.4140625,0.453125,0.48046875
1996,1996,base,0,nan,nan,0.3046875,0.42578125,0.48828125,0.30859375,0.2109375,0.35546875,0.75,0.73828125,1.1640625,0.91796875,1.046875,1.0,0.7578125,0.953125,0.9140625,1.234375,1.078125,0.7265625,1.2265625,0.98046875,0.765625,0.5859375,0.37109375,0.2734375,0.30078125,0.29296875
503,503,base,0,nan,nan,0.3046875,0.42578125,0.44921875,0.28125,0.1875,0.33203125,0.8203125,0.71484375,1.171875,0.89453125,1.0703125,1.0625,0.79296875,0.95703125,0.94921875,1.15625,1.03125,0.78125,1.2265625,0.96484375,0.8515625,0.6484375,0.40234375,0.2734375,0.26953125,0.30078125
1250,1250,base,0,nan,nan,0.3125,0.5234375,0.5625,0.3671875,0.24609375,0.3515625,0.7421875,0.765625,1.078125,1.109375,1.046875,1.0390625,0.8359375,0.95703125,0.859375,1.1875,1.015625,0.71875,1.03125,0.8671875,0.71875,0.625,0.47265625,0.4140625,0.453125,0.48046875
2753,2753,base,0,nan,nan,0.3125,0.44921875,0.4609375,0.28515625,0.19140625,0.31640625,0.8125,0.6953125,1.140625,0.92578125,1.0390625,0.984375,0.8671875,0.96484375,0.95703125,1.1953125,1.1171875,0.7890625,1.1640625,0.9453125,0.8125,0.60546875,0.42578125,0.30859375,0.28515625,0.30859375
1997,1997,base,0,nan,nan,0.3046875,0.42578125,0.48828125,0.30859375,0.2109375,0.35546875,0.75,0.73828125,1.1640625,0.91796875,1.046875,1.0,0.7578125,0.953125,0.9140625,1.234375,1.078125,0.7265625,1.2265625,0.98046875,0.765625,0.5859375,0.37109375,0.2734375,0.30078125,0.29296875
504,504,base,0,nan,nan,0.3046875,0.42578125,0.44921875,0.28125,0.1875,0.33203125,0.8203125,0.71484375,1.171875,0.89453125,1.0703125,1.0625,0.79296875,0.95703125,0.94921875,1.15625,1.03125,0.78125,1.2265625,0.96484375,0.8515625,0.6484375,0.40234375,0.2734375,0.26953125,0.30078125
1251,1251,base,1,nan,nan,0.3125,0.5234375,0.5625,0.3671875,0.24609375,0.3515625,0.7421875,0.765625,1.078125,1.109375,1.046875,1.0390625,0.8359375,0.95703125,0.859375,1.1875,1.015625,0.71875,1.03125,0.8671875,0.71875,0.625,0.47265625,0.4140625,0.453125,0.48046875
2754,2754,base,0,nan,nan,0.3125,0.44921875,0.4609375,0.28515625,0.19140625,0.31640625,0.8125,0.6953125,1.140625,0.92578125,1.0390625,0.984375,0.8671875,0.96484375,0.95703125,1.1953125,1.1171875,0.7890625,1.1640625,0.9453125,0.8125,0.60546875,0.42578125,0.30859375,0.28515625,0.30859375
1998,1998,base,0,nan,nan,0.3046875,0.42578125,0.48828125,0.30859375,0.2109375,0.35546875,0.75,0.73828125,1.1640625,0.91796875,1.046875,1.0,0.7578125,0.953125,0.9140625,1.234375,1.078125,0.7265625,1.2265625,0.98046875,0.765625,0.5859375,0.37109375,0.2734375,0.30078125,0.29296875
1252,1252,base,0,nan,nan,0.3125,0.5234375,0.5625,0.3671875,0.24609375,0.3515625,0.7421875,0.765625,1.078125,1.109375,1.046875,1.0390625,0.8359375,0.95703125,0.859375,1.1875,1.015625,0.71875,1.03125,0.8671875,0.71875,0.625,0.47265625,0.4140625,0.453125,0.48046875
505,505,base,1,nan,nan,0.296875,0.4140625,0.48046875,0.3515625,0.203125,0.3515625,0.734375,0.7421875,1.140625,0.96875,1.015625,0.984375,0.828125,0.921875,0.86328125,1.171875,1.0625,0.7265625,1.203125,0.8984375,0.78515625,0.578125,0.44140625,0.33984375,0.3359375,0.375
2755,2755,base,0,nan,nan,0.30859375,0.4609375,0.48046875,0.328125,0.25,0.31640625,0.75,0.7421875,1.0546875,1.0703125,0.9609375,0.9609375,0.703125,1.0078125,0.94921875,1.203125,1.0234375,0.69921875,1.15625,0.9609375,0.66796875,0.5234375,0.3828125,0.26953125,0.328125,0.34765625
1999,1999,base,0,nan,nan,0.33203125,0.4765625,0.51171875,0.30859375,0.19921875,0.34375,0.8515625,0.7109375,1.1328125,0.92578125,1.03125,1.046875,0.8046875,0.95703125,0.98046875,1.203125,1.03125,0.7734375,1.2734375,1.0546875,0.87890625,0.74609375,0.44140625,0.3359375,0.31640625,0.3203125
1253,1253,base,1,nan,nan,0.3125,0.5234375,0.5625,0.3671875,0.24609375,0.3515625,0.7421875,0.765625,1.078125,1.109375,1.046875,1.0390625,0.8359375,0.95703125,0.859375,1.1875,1.015625,0.71875,1.03125,0.8671875,0.71875,0.625,0.47265625,0.4140625,0.453125,0.48046875
506,506,base,0,nan,nan,0.296875,0.4140625,0.48046875,0.3515625,0.203125,0.3515625,0.734375,0.7421875,1.140625,0.96875,1.015625,0.984375,0.828125,0.921875,0.86328125,1.171875,1.0625,0.7265625,1.203125,0.8984375,0.78515625,0.578125,0.44140625,0.33984375,0.3359375,0.375
2756,2756,base,0,nan,nan,0.30859375,0.4609375,0.48046875,0.328125,0.25,0.31640625,0.75,0.7421875,1.0546875,1.0703125,0.9609375,0.9609375,0.703125,1.0078125,0.94921875,1.203125,1.0234375,0.69921875,1.15625,0.9609375,0.66796875,0.5234375,0.3828125,0.26953125,0.328125,0.34765625
2000,2000,base,0,nan,nan,0.33203125,0.4765625,0.51171875,0.30859375,0.19921875,0.34375,0.8515625,0.7109375,1.1328125,0.92578125,1.03125,1.046875,0.8046875,0.95703125,0.98046875,1.203125,1.03125,0.7734375,1.2734375,1.0546875,0.87890625,0.74609375,0.44140625,0.3359375,0.31640625,0.3203125
1254,1254,base,0,nan,nan,0.3125,0.5234375,0.5625,0.3671875,0.24609375,0.3515625,0.7421875,0.765625,1.078125,1.109375,1.046875,1.0390625,0.8359375,0.95703125,0.859375,1.1875,1.015625,0.71875,1.03125,0.8671875,0.71875,0.625,0.47265625,0.4140625,0.453125,0.48046875
507,507,base,1,nan,nan,0.296875,0.4140625,0.48046875,0.3515625,0.203125,0.3515625,0.734375,0.7421875,1.140625,0.96875,1.015625,0.984375,0.828125,0.921875,0.86328125,1.171875,1.0625,0.7265625,1.203125,0.8984375,0.78515625,0.578125,0.44140625,0.33984375,0.3359375,0.375
2757,2757,base,0,nan,nan,0.30859375,0.4609375,0.48046875,0.328125,0.25,0.31640625,0.75,0.7421875,1.0546875,1.0703125,0.9609375,0.9609375,0.703125,1.0078125,0.94921875,1.203125,1.0234375,0.69921875,1.15625,0.9609375,0.66796875,0.5234375,0.3828125,0.26953125,0.328125,0.34765625
2001,2001,base,1,nan,nan,0.33203125,0.4765625,0.51171875,0.30859375,0.19921875,0.34375,0.8515625,0.7109375,1.1328125,0.92578125,1.03125,1.046875,0.8046875,0.95703125,0.98046875,1.203125,1.03125,0.7734375,1.2734375,1.0546875,0.87890625,0.74609375,0.44140625,0.3359375,0.31640625,0.3203125
1255,1255,base,1,nan,nan,0.29296875,0.4453125,0.484375,0.30859375,0.23828125,0.35546875,0.765625,0.765625,1.125,1.015625,1.0234375,0.953125,0.796875,1.0078125,0.9609375,1.21875,1.0234375,0.6875,1.1171875,0.875,0.5859375,0.515625,0.3984375,0.27734375,0.28125,0.30078125
2002,2002,base,0,nan,nan,0.33203125,0.4765625,0.51171875,0.30859375,0.19921875,0.34375,0.8515625,0.7109375,1.1328125,0.92578125,1.03125,1.046875,0.8046875,0.95703125,0.98046875,1.203125,1.03125,0.7734375,1.2734375,1.0546875,0.87890625,0.74609375,0.44140625,0.3359375,0.31640625,0.3203125
508,508,base,0,nan,nan,0.296875,0.4140625,0.48046875,0.3515625,0.203125,0.3515625,0.734375,0.7421875,1.140625,0.96875,1.015625,0.984375,0.828125,0.921875,0.86328125,1.171875,1.0625,0.7265625,1.203125,0.8984375,0.78515625,0.578125,0.44140625,0.33984375,0.3359375,0.375
2758,2758,base,0,nan,nan,0.30859375,0.4609375,0.48046875,0.328125,0.25,0.31640625,0.75,0.7421875,1.0546875,1.0703125,0.9609375,0.9609375,0.703125,1.0078125,0.94921875,1.203125,1.0234375,0.69921875,1.15625,0.9609375,0.66796875,0.5234375,0.3828125,0.26953125,0.328125,0.34765625
1256,1256,base,0,nan,nan,0.29296875,0.4453125,0.484375,0.30859375,0.23828125,0.35546875,0.765625,0.765625,1.125,1.015625,1.0234375,0.953125,0.796875,1.0078125,0.9609375,1.21875,1.0234375,0.6875,1.1171875,0.875,0.5859375,0.515625,0.3984375,0.27734375,0.28125,0.30078125
2003,2003,base,1,nan,nan,0.33203125,0.4765625,0.51171875,0.30859375,0.19921875,0.34375,0.8515625,0.7109375,1.1328125,0.92578125,1.03125,1.046875,0.8046875,0.95703125,0.98046875,1.203125,1.03125,0.7734375,1.2734375,1.0546875,0.87890625,0.74609375,0.44140625,0.3359375,0.31640625,0.3203125
2759,2759,base,0,nan,nan,0.30859375,0.4609375,0.48046875,0.328125,0.25,0.31640625,0.75,0.7421875,1.0546875,1.0703125,0.9609375,0.9609375,0.703125,1.0078125,0.94921875,1.203125,1.0234375,0.69921875,1.15625,0.9609375,0.66796875,0.5234375,0.3828125,0.26953125,0.328125,0.34765625
509,509,base,0,nan,nan,0.296875,0.4140625,0.48046875,0.3515625,0.203125,0.3515625,0.734375,0.7421875,1.140625,0.96875,1.015625,0.984375,0.828125,0.921875,0.86328125,1.171875,1.0625,0.7265625,1.203125,0.8984375,0.78515625,0.578125,0.44140625,0.33984375,0.3359375,0.375
2004,2004,base,0,nan,nan,0.33203125,0.4765625,0.51171875,0.30859375,0.19921875,0.34375,0.8515625,0.7109375,1.1328125,0.92578125,1.03125,1.046875,0.8046875,0.95703125,0.98046875,1.203125,1.03125,0.7734375,1.2734375,1.0546875,0.87890625,0.74609375,0.44140625,0.3359375,0.31640625,0.3203125
1257,1257,base,0,nan,nan,0.29296875,0.4453125,0.484375,0.30859375,0.23828125,0.35546875,0.765625,0.765625,1.125,1.015625,1.0234375,0.953125,0.796875,1.0078125,0.9609375,1.21875,1.0234375,0.6875,1.1171875,0.875,0.5859375,0.515625,0.3984375,0.27734375,0.28125,0.30078125
2760,2760,base,0,nan,nan,0.30859375,0.4609375,0.48046875,0.328125,0.25,0.31640625,0.75,0.7421875,1.0546875,1.0703125,0.9609375,0.9609375,0.703125,1.0078125,0.94921875,1.203125,1.0234375,0.69921875,1.15625,0.9609375,0.66796875,0.5234375,0.3828125,0.26953125,0.328125,0.34765625
510,510,base,0,nan,nan,0.296875,0.4140625,0.48046875,0.3515625,0.203125,0.3515625,0.734375,0.7421875,1.140625,0.96875,1.015625,0.984375,0.828125,0.921875,0.86328125,1.171875,1.0625,0.7265625,1.203125,0.8984375,0.78515625,0.578125,0.44140625,0.33984375,0.3359375,0.375
2005,2005,base,0,nan,nan,0.30078125,0.44921875,0.484375,0.3046875,0.21484375,0.3359375,0.7734375,0.73046875,1.1015625,0.99609375,1.0625,1.0234375,0.796875,0.9140625,0.87890625,1.265625,1.0703125,0.74609375,1.1640625,0.93359375,0.84375,0.6796875,0.48046875,0.37109375,0.359375,0.34375
1258,1258,base,0,nan,nan,0.29296875,0.4453125,0.484375,0.30859375,0.23828125,0.35546875,0.765625,0.765625,1.125,1.015625,1.0234375,0.953125,0.796875,1.0078125,0.9609375,1.21875,1.0234375,0.6875,1.1171875,0.875,0.5859375,0.515625,0.3984375,0.27734375,0.28125,0.30078125
2761,2761,base,0,nan,nan,0.28125,0.4609375,0.4921875,0.3046875,0.2265625,0.3203125,0.734375,0.8203125,0.99609375,1.15625,0.9921875,0.9765625,0.8046875,1.0,0.953125,1.328125,1.0859375,0.6875,1.15625,0.9296875,0.69140625,0.5859375,0.4765625,0.3828125,0.390625,0.37890625
511,511,base,0,nan,nan,0.29296875,0.43359375,0.4765625,0.29296875,0.21484375,0.34765625,0.7734375,0.69921875,1.1484375,0.91796875,1.0078125,1.0078125,0.73828125,1.03125,0.9765625,1.234375,1.0625,0.640625,1.1171875,0.91796875,0.62109375,0.53125,0.3671875,0.2578125,0.3046875,0.31640625
2006,2006,base,0,nan,nan,0.30078125,0.44921875,0.484375,0.3046875,0.21484375,0.3359375,0.7734375,0.73046875,1.1015625,0.99609375,1.0625,1.0234375,0.796875,0.9140625,0.87890625,1.265625,1.0703125,0.74609375,1.1640625,0.93359375,0.84375,0.6796875,0.48046875,0.37109375,0.359375,0.34375
1259,1259,base,0,nan,nan,0.29296875,0.4453125,0.484375,0.30859375,0.23828125,0.35546875,0.765625,0.765625,1.125,1.015625,1.0234375,0.953125,0.796875,1.0078125,0.9609375,1.21875,1.0234375,0.6875,1.1171875,0.875,0.5859375,0.515625,0.3984375,0.27734375,0.28125,0.30078125
2762,2762,base,0,nan,nan,0.28125,0.4609375,0.4921875,0.3046875,0.2265625,0.3203125,0.734375,0.8203125,0.99609375,1.15625,0.9921875,0.9765625,0.8046875,1.0,0.953125,1.328125,1.0859375,0.6875,1.15625,0.9296875,0.69140625,0.5859375,0.4765625,0.3828125,0.390625,0.37890625
512,512,base,0,nan,nan,0.29296875,0.43359375,0.4765625,0.29296875,0.21484375,0.34765625,0.7734375,0.69921875,1.1484375,0.91796875,1.0078125,1.0078125,0.73828125,1.03125,0.9765625,1.234375,1.0625,0.640625,1.1171875,0.91796875,0.62109375,0.53125,0.3671875,0.2578125,0.3046875,0.31640625
2007,2007,base,1,nan,nan,0.30078125,0.44921875,0.484375,0.3046875,0.21484375,0.3359375,0.7734375,0.73046875,1.1015625,0.99609375,1.0625,1.0234375,0.796875,0.9140625,0.87890625,1.265625,1.0703125,0.74609375,1.1640625,0.93359375,0.84375,0.6796875,0.48046875,0.37109375,0.359375,0.34375
1260,1260,base,0,nan,nan,0.29296875,0.4453125,0.484375,0.30859375,0.23828125,0.35546875,0.765625,0.765625,1.125,1.015625,1.0234375,0.953125,0.796875,1.0078125,0.9609375,1.21875,1.0234375,0.6875,1.1171875,0.875,0.5859375,0.515625,0.3984375,0.27734375,0.28125,0.30078125
2763,2763,base,0,nan,nan,0.28125,0.4609375,0.4921875,0.3046875,0.2265625,0.3203125,0.734375,0.8203125,0.99609375,1.15625,0.9921875,0.9765625,0.8046875,1.0,0.953125,1.328125,1.0859375,0.6875,1.15625,0.9296875,0.69140625,0.5859375,0.4765625,0.3828125,0.390625,0.37890625
513,513,base,1,nan,nan,0.29296875,0.43359375,0.4765625,0.29296875,0.21484375,0.34765625,0.7734375,0.69921875,1.1484375,0.91796875,1.0078125,1.0078125,0.73828125,1.03125,0.9765625,1.234375,1.0625,0.640625,1.1171875,0.91796875,0.62109375,0.53125,0.3671875,0.2578125,0.3046875,0.31640625
2008,2008,base,0,nan,nan,0.30078125,0.44921875,0.484375,0.3046875,0.21484375,0.3359375,0.7734375,0.73046875,1.1015625,0.99609375,1.0625,1.0234375,0.796875,0.9140625,0.87890625,1.265625,1.0703125,0.74609375,1.1640625,0.93359375,0.84375,0.6796875,0.48046875,0.37109375,0.359375,0.34375
1261,1261,base,1,nan,nan,0.3046875,0.45703125,0.5078125,0.34765625,0.27734375,0.34375,0.72265625,0.75390625,1.078125,1.0390625,0.98828125,1.0078125,0.78125,0.9453125,0.89453125,1.1484375,0.9765625,0.703125,1.125,0.8984375,0.640625,0.53125,0.41796875,0.26953125,0.26953125,0.3046875
2764,2764,base,0,nan,nan,0.28125,0.4609375,0.4921875,0.3046875,0.2265625,0.3203125,0.734375,0.8203125,0.99609375,1.15625,0.9921875,0.9765625,0.8046875,1.0,0.953125,1.328125,1.0859375,0.6875,1.15625,0.9296875,0.69140625,0.5859375,0.4765625,0.3828125,0.390625,0.37890625
514,514,base,0,nan,nan,0.29296875,0.43359375,0.4765625,0.29296875,0.21484375,0.34765625,0.7734375,0.69921875,1.1484375,0.91796875,1.0078125,1.0078125,0.73828125,1.03125,0.9765625,1.234375,1.0625,0.640625,1.1171875,0.91796875,0.62109375,0.53125,0.3671875,0.2578125,0.3046875,0.31640625
2009,2009,base,0,nan,nan,0.30078125,0.44921875,0.484375,0.3046875,0.21484375,0.3359375,0.7734375,0.73046875,1.1015625,0.99609375,1.0625,1.0234375,0.796875,0.9140625,0.87890625,1.265625,1.0703125,0.74609375,1.1640625,0.93359375,0.84375,0.6796875,0.48046875,0.37109375,0.359375,0.34375
1262,1262,base,0,nan,nan,0.3046875,0.45703125,0.5078125,0.34765625,0.27734375,0.34375,0.72265625,0.75390625,1.078125,1.0390625,0.98828125,1.0078125,0.78125,0.9453125,0.89453125,1.1484375,0.9765625,0.703125,1.125,0.8984375,0.640625,0.53125,0.41796875,0.26953125,0.26953125,0.3046875
2765,2765,base,0,nan,nan,0.28125,0.4609375,0.4921875,0.3046875,0.2265625,0.3203125,0.734375,0.8203125,0.99609375,1.15625,0.9921875,0.9765625,0.8046875,1.0,0.953125,1.328125,1.0859375,0.6875,1.15625,0.9296875,0.69140625,0.5859375,0.4765625,0.3828125,0.390625,0.37890625
2010,2010,base,0,nan,nan,0.30078125,0.44921875,0.484375,0.3046875,0.21484375,0.3359375,0.7734375,0.73046875,1.1015625,0.99609375,1.0625,1.0234375,0.796875,0.9140625,0.87890625,1.265625,1.0703125,0.74609375,1.1640625,0.93359375,0.84375,0.6796875,0.48046875,0.37109375,0.359375,0.34375
515,515,base,0,nan,nan,0.29296875,0.43359375,0.4765625,0.29296875,0.21484375,0.34765625,0.7734375,0.69921875,1.1484375,0.91796875,1.0078125,1.0078125,0.73828125,1.03125,0.9765625,1.234375,1.0625,0.640625,1.1171875,0.91796875,0.62109375,0.53125,0.3671875,0.2578125,0.3046875,0.31640625
2766,2766,base,0,nan,nan,0.28125,0.4609375,0.4921875,0.3046875,0.2265625,0.3203125,0.734375,0.8203125,0.99609375,1.15625,0.9921875,0.9765625,0.8046875,1.0,0.953125,1.328125,1.0859375,0.6875,1.15625,0.9296875,0.69140625,0.5859375,0.4765625,0.3828125,0.390625,0.37890625
1263,1263,base,0,nan,nan,0.3046875,0.45703125,0.5078125,0.34765625,0.27734375,0.34375,0.72265625,0.75390625,1.078125,1.0390625,0.98828125,1.0078125,0.78125,0.9453125,0.89453125,1.1484375,0.9765625,0.703125,1.125,0.8984375,0.640625,0.53125,0.41796875,0.26953125,0.26953125,0.3046875
2011,2011,base,0,nan,nan,0.3046875,0.45703125,0.5234375,0.35546875,0.2109375,0.36328125,0.73828125,0.7734375,1.1015625,0.97265625,1.015625,1.046875,0.7734375,1.0390625,0.97265625,1.234375,1.078125,0.65625,1.15625,0.9765625,0.67578125,0.578125,0.3828125,0.27734375,0.30859375,0.3203125
516,516,base,0,nan,nan,0.29296875,0.43359375,0.4765625,0.29296875,0.21484375,0.34765625,0.7734375,0.69921875,1.1484375,0.91796875,1.0078125,1.0078125,0.73828125,1.03125,0.9765625,1.234375,1.0625,0.640625,1.1171875,0.91796875,0.62109375,0.53125,0.3671875,0.2578125,0.3046875,0.31640625
2767,2767,base,0,nan,nan,0.3203125,0.453125,0.5078125,0.33984375,0.21875,0.32421875,0.8203125,0.71875,1.125,0.9375,1.0078125,1.0390625,0.77734375,0.98828125,0.9375,1.2109375,1.0703125,0.6875,1.1953125,0.9765625,0.6484375,0.53125,0.359375,0.2734375,0.265625,0.296875
517,517,base,1,nan,nan,0.31640625,0.48046875,0.515625,0.36328125,0.25390625,0.36328125,0.82421875,0.74609375,1.046875,1.0859375,1.0234375,1.0,0.796875,0.9921875,0.97265625,1.234375,1.0390625,0.7109375,1.1796875,0.9375,0.7578125,0.6484375,0.515625,0.41015625,0.4296875,0.42578125
1264,1264,base,0,nan,nan,0.3046875,0.45703125,0.5078125,0.34765625,0.27734375,0.34375,0.72265625,0.75390625,1.078125,1.0390625,0.98828125,1.0078125,0.78125,0.9453125,0.89453125,1.1484375,0.9765625,0.703125,1.125,0.8984375,0.640625,0.53125,0.41796875,0.26953125,0.26953125,0.3046875
2012,2012,base,0,nan,nan,0.3046875,0.45703125,0.5234375,0.35546875,0.2109375,0.36328125,0.73828125,0.7734375,1.1015625,0.97265625,1.015625,1.046875,0.7734375,1.0390625,0.97265625,1.234375,1.078125,0.65625,1.15625,0.9765625,0.67578125,0.578125,0.3828125,0.27734375,0.30859375,0.3203125
518,518,base,0,nan,nan,0.31640625,0.48046875,0.515625,0.36328125,0.25390625,0.36328125,0.82421875,0.74609375,1.046875,1.0859375,1.0234375,1.0,0.796875,0.9921875,0.97265625,1.234375,1.0390625,0.7109375,1.1796875,0.9375,0.7578125,0.6484375,0.515625,0.41015625,0.4296875,0.42578125
2768,2768,base,0,nan,nan,0.3203125,0.453125,0.5078125,0.33984375,0.21875,0.32421875,0.8203125,0.71875,1.125,0.9375,1.0078125,1.0390625,0.77734375,0.98828125,0.9375,1.2109375,1.0703125,0.6875,1.1953125,0.9765625,0.6484375,0.53125,0.359375,0.2734375,0.265625,0.296875
1265,1265,base,0,nan,nan,0.3046875,0.45703125,0.5078125,0.34765625,0.27734375,0.34375,0.72265625,0.75390625,1.078125,1.0390625,0.98828125,1.0078125,0.78125,0.9453125,0.89453125,1.1484375,0.9765625,0.703125,1.125,0.8984375,0.640625,0.53125,0.41796875,0.26953125,0.26953125,0.3046875
2013,2013,base,1,nan,nan,0.3046875,0.45703125,0.5234375,0.35546875,0.2109375,0.36328125,0.73828125,0.7734375,1.1015625,0.97265625,1.015625,1.046875,0.7734375,1.0390625,0.97265625,1.234375,1.078125,0.65625,1.15625,0.9765625,0.67578125,0.578125,0.3828125,0.27734375,0.30859375,0.3203125
519,519,base,0,nan,nan,0.31640625,0.48046875,0.515625,0.36328125,0.25390625,0.36328125,0.82421875,0.74609375,1.046875,1.0859375,1.0234375,1.0,0.796875,0.9921875,0.97265625,1.234375,1.0390625,0.7109375,1.1796875,0.9375,0.7578125,0.6484375,0.515625,0.41015625,0.4296875,0.42578125
2769,2769,base,1,nan,nan,0.3203125,0.453125,0.5078125,0.33984375,0.21875,0.32421875,0.8203125,0.71875,1.125,0.9375,1.0078125,1.0390625,0.77734375,0.98828125,0.9375,1.2109375,1.0703125,0.6875,1.1953125,0.9765625,0.6484375,0.53125,0.359375,0.2734375,0.265625,0.296875
1266,1266,base,0,nan,nan,0.3046875,0.45703125,0.5078125,0.34765625,0.27734375,0.34375,0.72265625,0.75390625,1.078125,1.0390625,0.98828125,1.0078125,0.78125,0.9453125,0.89453125,1.1484375,0.9765625,0.703125,1.125,0.8984375,0.640625,0.53125,0.41796875,0.26953125,0.26953125,0.3046875
2014,2014,base,0,nan,nan,0.3046875,0.45703125,0.5234375,0.35546875,0.2109375,0.36328125,0.73828125,0.7734375,1.1015625,0.97265625,1.015625,1.046875,0.7734375,1.0390625,0.97265625,1.234375,1.078125,0.65625,1.15625,0.9765625,0.67578125,0.578125,0.3828125,0.27734375,0.30859375,0.3203125
520,520,base,0,nan,nan,0.31640625,0.48046875,0.515625,0.36328125,0.25390625,0.36328125,0.82421875,0.74609375,1.046875,1.0859375,1.0234375,1.0,0.796875,0.9921875,0.97265625,1.234375,1.0390625,0.7109375,1.1796875,0.9375,0.7578125,0.6484375,0.515625,0.41015625,0.4296875,0.42578125
2770,2770,base,0,nan,nan,0.3203125,0.453125,0.5078125,0.33984375,0.21875,0.32421875,0.8203125,0.71875,1.125,0.9375,1.0078125,1.0390625,0.77734375,0.98828125,0.9375,1.2109375,1.0703125,0.6875,1.1953125,0.9765625,0.6484375,0.53125,0.359375,0.2734375,0.265625,0.296875
521,521,base,1,nan,nan,0.31640625,0.48046875,0.515625,0.36328125,0.25390625,0.36328125,0.82421875,0.74609375,1.046875,1.0859375,1.0234375,1.0,0.796875,0.9921875,0.97265625,1.234375,1.0390625,0.7109375,1.1796875,0.9375,0.7578125,0.6484375,0.515625,0.41015625,0.4296875,0.42578125
1267,1267,base,1,nan,nan,0.2890625,0.43359375,0.49609375,0.3046875,0.203125,0.33203125,0.76953125,0.75,1.0390625,1.046875,1.046875,1.0078125,0.84375,0.9375,0.890625,1.15625,1.0703125,0.75,1.1875,0.96484375,0.8203125,0.64453125,0.4453125,0.3046875,0.328125,0.34765625
2015,2015,base,0,nan,nan,0.3046875,0.45703125,0.5234375,0.35546875,0.2109375,0.36328125,0.73828125,0.7734375,1.1015625,0.97265625,1.015625,1.046875,0.7734375,1.0390625,0.97265625,1.234375,1.078125,0.65625,1.15625,0.9765625,0.67578125,0.578125,0.3828125,0.27734375,0.30859375,0.3203125
2771,2771,base,0,nan,nan,0.3203125,0.453125,0.5078125,0.33984375,0.21875,0.32421875,0.8203125,0.71875,1.125,0.9375,1.0078125,1.0390625,0.77734375,0.98828125,0.9375,1.2109375,1.0703125,0.6875,1.1953125,0.9765625,0.6484375,0.53125,0.359375,0.2734375,0.265625,0.296875
522,522,base,0,nan,nan,0.31640625,0.48046875,0.515625,0.36328125,0.25390625,0.36328125,0.82421875,0.74609375,1.046875,1.0859375,1.0234375,1.0,0.796875,0.9921875,0.97265625,1.234375,1.0390625,0.7109375,1.1796875,0.9375,0.7578125,0.6484375,0.515625,0.41015625,0.4296875,0.42578125
2016,2016,base,0,nan,nan,0.3046875,0.45703125,0.5234375,0.35546875,0.2109375,0.36328125,0.73828125,0.7734375,1.1015625,0.97265625,1.015625,1.046875,0.7734375,1.0390625,0.97265625,1.234375,1.078125,0.65625,1.15625,0.9765625,0.67578125,0.578125,0.3828125,0.27734375,0.30859375,0.3203125
1268,1268,base,0,nan,nan,0.2890625,0.43359375,0.49609375,0.3046875,0.203125,0.33203125,0.76953125,0.75,1.0390625,1.046875,1.046875,1.0078125,0.84375,0.9375,0.890625,1.15625,1.0703125,0.75,1.1875,0.96484375,0.8203125,0.64453125,0.4453125,0.3046875,0.328125,0.34765625
2772,2772,base,0,nan,nan,0.3203125,0.453125,0.5078125,0.33984375,0.21875,0.32421875,0.8203125,0.71875,1.125,0.9375,1.0078125,1.0390625,0.77734375,0.98828125,0.9375,1.2109375,1.0703125,0.6875,1.1953125,0.9765625,0.6484375,0.53125,0.359375,0.2734375,0.265625,0.296875
523,523,base,1,nan,nan,0.28515625,0.44921875,0.47265625,0.34375,0.26953125,0.328125,0.76171875,0.7421875,1.0390625,1.0546875,1.0390625,1.0390625,0.7890625,0.953125,0.84375,1.1640625,1.0546875,0.734375,1.2109375,0.94140625,0.76171875,0.546875,0.3828125,0.28515625,0.28515625,0.32421875
2017,2017,base,0,nan,nan,0.296875,0.42578125,0.44921875,0.28125,0.18359375,0.3125,0.82421875,0.6953125,1.1796875,0.89453125,1.0703125,1.0625,0.8359375,0.96875,0.96484375,1.171875,1.1015625,0.8515625,1.1640625,0.984375,0.84375,0.640625,0.4375,0.3125,0.3125,0.32421875
1269,1269,base,0,nan,nan,0.2890625,0.43359375,0.49609375,0.3046875,0.203125,0.33203125,0.76953125,0.75,1.0390625,1.046875,1.046875,1.0078125,0.84375,0.9375,0.890625,1.15625,1.0703125,0.75,1.1875,0.96484375,0.8203125,0.64453125,0.4453125,0.3046875,0.328125,0.34765625
2773,2773,base,1,nan,nan,0.29296875,0.47265625,0.515625,0.32421875,0.19921875,0.328125,0.75390625,0.73828125,1.0546875,1.015625,1.015625,1.015625,0.7734375,0.9765625,0.91796875,1.1328125,0.9765625,0.734375,1.2421875,0.99609375,0.7265625,0.57421875,0.40625,0.2890625,0.296875,0.3515625
524,524,base,0,nan,nan,0.28515625,0.44921875,0.47265625,0.34375,0.26953125,0.328125,0.76171875,0.7421875,1.0390625,1.0546875,1.0390625,1.0390625,0.7890625,0.953125,0.84375,1.1640625,1.0546875,0.734375,1.2109375,0.94140625,0.76171875,0.546875,0.3828125,0.28515625,0.28515625,0.32421875
2018,2018,base,0,nan,nan,0.296875,0.42578125,0.44921875,0.28125,0.18359375,0.3125,0.82421875,0.6953125,1.1796875,0.89453125,1.0703125,1.0625,0.8359375,0.96875,0.96484375,1.171875,1.1015625,0.8515625,1.1640625,0.984375,0.84375,0.640625,0.4375,0.3125,0.3125,0.32421875
1270,1270,base,0,nan,nan,0.2890625,0.43359375,0.49609375,0.3046875,0.203125,0.33203125,0.76953125,0.75,1.0390625,1.046875,1.046875,1.0078125,0.84375,0.9375,0.890625,1.15625,1.0703125,0.75,1.1875,0.96484375,0.8203125,0.64453125,0.4453125,0.3046875,0.328125,0.34765625
2774,2774,base,0,nan,nan,0.29296875,0.47265625,0.515625,0.32421875,0.19921875,0.328125,0.75390625,0.73828125,1.0546875,1.015625,1.015625,1.015625,0.7734375,0.9765625,0.91796875,1.1328125,0.9765625,0.734375,1.2421875,0.99609375,0.7265625,0.57421875,0.40625,0.2890625,0.296875,0.3515625
525,525,base,0,nan,nan,0.28515625,0.44921875,0.47265625,0.34375,0.26953125,0.328125,0.76171875,0.7421875,1.0390625,1.0546875,1.0390625,1.0390625,0.7890625,0.953125,0.84375,1.1640625,1.0546875,0.734375,1.2109375,0.94140625,0.76171875,0.546875,0.3828125,0.28515625,0.28515625,0.32421875
2019,2019,base,0,nan,nan,0.296875,0.42578125,0.44921875,0.28125,0.18359375,0.3125,0.82421875,0.6953125,1.1796875,0.89453125,1.0703125,1.0625,0.8359375,0.96875,0.96484375,1.171875,1.1015625,0.8515625,1.1640625,0.984375,0.84375,0.640625,0.4375,0.3125,0.3125,0.32421875
1271,1271,base,1,nan,nan,0.2890625,0.43359375,0.49609375,0.3046875,0.203125,0.33203125,0.76953125,0.75,1.0390625,1.046875,1.046875,1.0078125,0.84375,0.9375,0.890625,1.15625,1.0703125,0.75,1.1875,0.96484375,0.8203125,0.64453125,0.4453125,0.3046875,0.328125,0.34765625
2775,2775,base,1,nan,nan,0.29296875,0.47265625,0.515625,0.32421875,0.19921875,0.328125,0.75390625,0.73828125,1.0546875,1.015625,1.015625,1.015625,0.7734375,0.9765625,0.91796875,1.1328125,0.9765625,0.734375,1.2421875,0.99609375,0.7265625,0.57421875,0.40625,0.2890625,0.296875,0.3515625
526,526,base,0,nan,nan,0.28515625,0.44921875,0.47265625,0.34375,0.26953125,0.328125,0.76171875,0.7421875,1.0390625,1.0546875,1.0390625,1.0390625,0.7890625,0.953125,0.84375,1.1640625,1.0546875,0.734375,1.2109375,0.94140625,0.76171875,0.546875,0.3828125,0.28515625,0.28515625,0.32421875
2020,2020,base,0,nan,nan,0.296875,0.42578125,0.44921875,0.28125,0.18359375,0.3125,0.82421875,0.6953125,1.1796875,0.89453125,1.0703125,1.0625,0.8359375,0.96875,0.96484375,1.171875,1.1015625,0.8515625,1.1640625,0.984375,0.84375,0.640625,0.4375,0.3125,0.3125,0.32421875
2776,2776,base,0,nan,nan,0.29296875,0.47265625,0.515625,0.32421875,0.19921875,0.328125,0.75390625,0.73828125,1.0546875,1.015625,1.015625,1.015625,0.7734375,0.9765625,0.91796875,1.1328125,0.9765625,0.734375,1.2421875,0.99609375,0.7265625,0.57421875,0.40625,0.2890625,0.296875,0.3515625
1272,1272,base,0,nan,nan,0.2890625,0.43359375,0.49609375,0.3046875,0.203125,0.33203125,0.76953125,0.75,1.0390625,1.046875,1.046875,1.0078125,0.84375,0.9375,0.890625,1.15625,1.0703125,0.75,1.1875,0.96484375,0.8203125,0.64453125,0.4453125,0.3046875,0.328125,0.34765625
527,527,base,1,nan,nan,0.28515625,0.44921875,0.47265625,0.34375,0.26953125,0.328125,0.76171875,0.7421875,1.0390625,1.0546875,1.0390625,1.0390625,0.7890625,0.953125,0.84375,1.1640625,1.0546875,0.734375,1.2109375,0.94140625,0.76171875,0.546875,0.3828125,0.28515625,0.28515625,0.32421875
2021,2021,base,1,nan,nan,0.296875,0.42578125,0.44921875,0.28125,0.18359375,0.3125,0.82421875,0.6953125,1.1796875,0.89453125,1.0703125,1.0625,0.8359375,0.96875,0.96484375,1.171875,1.1015625,0.8515625,1.1640625,0.984375,0.84375,0.640625,0.4375,0.3125,0.3125,0.32421875
2777,2777,base,0,nan,nan,0.29296875,0.47265625,0.515625,0.32421875,0.19921875,0.328125,0.75390625,0.73828125,1.0546875,1.015625,1.015625,1.015625,0.7734375,0.9765625,0.91796875,1.1328125,0.9765625,0.734375,1.2421875,0.99609375,0.7265625,0.57421875,0.40625,0.2890625,0.296875,0.3515625
1273,1273,base,1,nan,nan,0.296875,0.42578125,0.43359375,0.27734375,0.20703125,0.3203125,0.76171875,0.7578125,1.0703125,1.0390625,1.03125,1.03125,0.79296875,0.9375,0.875,1.15625,1.0078125,0.74609375,1.2109375,0.921875,0.78515625,0.59375,0.390625,0.28515625,0.29296875,0.3125
528,528,base,0,nan,nan,0.28515625,0.44921875,0.47265625,0.34375,0.26953125,0.328125,0.76171875,0.7421875,1.0390625,1.0546875,1.0390625,1.0390625,0.7890625,0.953125,0.84375,1.1640625,1.0546875,0.734375,1.2109375,0.94140625,0.76171875,0.546875,0.3828125,0.28515625,0.28515625,0.32421875
2022,2022,base,0,nan,nan,0.296875,0.42578125,0.44921875,0.28125,0.18359375,0.3125,0.82421875,0.6953125,1.1796875,0.89453125,1.0703125,1.0625,0.8359375,0.96875,0.96484375,1.171875,1.1015625,0.8515625,1.1640625,0.984375,0.84375,0.640625,0.4375,0.3125,0.3125,0.32421875
2778,2778,base,0,nan,nan,0.29296875,0.47265625,0.515625,0.32421875,0.19921875,0.328125,0.75390625,0.73828125,1.0546875,1.015625,1.015625,1.015625,0.7734375,0.9765625,0.91796875,1.1328125,0.9765625,0.734375,1.2421875,0.99609375,0.7265625,0.57421875,0.40625,0.2890625,0.296875,0.3515625
1274,1274,base,0,nan,nan,0.296875,0.42578125,0.43359375,0.27734375,0.20703125,0.3203125,0.76171875,0.7578125,1.0703125,1.0390625,1.03125,1.03125,0.79296875,0.9375,0.875,1.15625,1.0078125,0.74609375,1.2109375,0.921875,0.78515625,0.59375,0.390625,0.28515625,0.29296875,0.3125
529,529,base,0,nan,nan,0.296875,0.44140625,0.48828125,0.30078125,0.21484375,0.30078125,0.80859375,0.7265625,1.1640625,0.90234375,0.9921875,1.0234375,0.8359375,0.96484375,0.95703125,1.234375,1.09375,0.75390625,1.1875,0.93359375,0.7578125,0.5859375,0.41015625,0.27734375,0.28125,0.328125
2023,2023,base,1,nan,nan,0.2890625,0.47265625,0.5078125,0.29296875,0.2109375,0.32421875,0.765625,0.6953125,1.1484375,0.93359375,0.9765625,0.98828125,0.74609375,0.99609375,0.9765625,1.328125,1.125,0.65625,1.2109375,1.015625,0.640625,0.5390625,0.38671875,0.2890625,0.29296875,0.31640625
2779,2779,base,0,nan,nan,0.296875,0.44921875,0.5234375,0.3515625,0.23046875,0.3046875,0.7265625,0.765625,1.140625,0.96484375,0.93359375,0.98046875,0.7109375,1.015625,0.96875,1.234375,1.0546875,0.6796875,1.1328125,0.98046875,0.6484375,0.56640625,0.41015625,0.29296875,0.328125,0.3359375
1275,1275,base,0,nan,nan,0.296875,0.42578125,0.43359375,0.27734375,0.20703125,0.3203125,0.76171875,0.7578125,1.0703125,1.0390625,1.03125,1.03125,0.79296875,0.9375,0.875,1.15625,1.0078125,0.74609375,1.2109375,0.921875,0.78515625,0.59375,0.390625,0.28515625,0.29296875,0.3125
530,530,base,0,nan,nan,0.296875,0.44140625,0.48828125,0.30078125,0.21484375,0.30078125,0.80859375,0.7265625,1.1640625,0.90234375,0.9921875,1.0234375,0.8359375,0.96484375,0.95703125,1.234375,1.09375,0.75390625,1.1875,0.93359375,0.7578125,0.5859375,0.41015625,0.27734375,0.28125,0.328125
2024,2024,base,0,nan,nan,0.2890625,0.47265625,0.5078125,0.29296875,0.2109375,0.32421875,0.765625,0.6953125,1.1484375,0.93359375,0.9765625,0.98828125,0.74609375,0.99609375,0.9765625,1.328125,1.125,0.65625,1.2109375,1.015625,0.640625,0.5390625,0.38671875,0.2890625,0.29296875,0.31640625
2780,2780,base,0,nan,nan,0.296875,0.44921875,0.5234375,0.3515625,0.23046875,0.3046875,0.7265625,0.765625,1.140625,0.96484375,0.93359375,0.98046875,0.7109375,1.015625,0.96875,1.234375,1.0546875,0.6796875,1.1328125,0.98046875,0.6484375,0.56640625,0.41015625,0.29296875,0.328125,0.3359375
1276,1276,base,0,nan,nan,0.296875,0.42578125,0.43359375,0.27734375,0.20703125,0.3203125,0.76171875,0.7578125,1.0703125,1.0390625,1.03125,1.03125,0.79296875,0.9375,0.875,1.15625,1.0078125,0.74609375,1.2109375,0.921875,0.78515625,0.59375,0.390625,0.28515625,0.29296875,0.3125
531,531,base,0,nan,nan,0.296875,0.44140625,0.48828125,0.30078125,0.21484375,0.30078125,0.80859375,0.7265625,1.1640625,0.90234375,0.9921875,1.0234375,0.8359375,0.96484375,0.95703125,1.234375,1.09375,0.75390625,1.1875,0.93359375,0.7578125,0.5859375,0.41015625,0.27734375,0.28125,0.328125
2025,2025,base,0,nan,nan,0.2890625,0.47265625,0.5078125,0.29296875,0.2109375,0.32421875,0.765625,0.6953125,1.1484375,0.93359375,0.9765625,0.98828125,0.74609375,0.99609375,0.9765625,1.328125,1.125,0.65625,1.2109375,1.015625,0.640625,0.5390625,0.38671875,0.2890625,0.29296875,0.31640625
2781,2781,base,1,nan,nan,0.296875,0.44921875,0.5234375,0.3515625,0.23046875,0.3046875,0.7265625,0.765625,1.140625,0.96484375,0.93359375,0.98046875,0.7109375,1.015625,0.96875,1.234375,1.0546875,0.6796875,1.1328125,0.98046875,0.6484375,0.56640625,0.41015625,0.29296875,0.328125,0.3359375
1277,1277,base,1,nan,nan,0.296875,0.42578125,0.43359375,0.27734375,0.20703125,0.3203125,0.76171875,0.7578125,1.0703125,1.0390625,1.03125,1.03125,0.79296875,0.9375,0.875,1.15625,1.0078125,0.74609375,1.2109375,0.921875,0.78515625,0.59375,0.390625,0.28515625,0.29296875,0.3125
532,532,base,0,nan,nan,0.296875,0.44140625,0.48828125,0.30078125,0.21484375,0.30078125,0.80859375,0.7265625,1.1640625,0.90234375,0.9921875,1.0234375,0.8359375,0.96484375,0.95703125,1.234375,1.09375,0.75390625,1.1875,0.93359375,0.7578125,0.5859375,0.41015625,0.27734375,0.28125,0.328125
2026,2026,base,0,nan,nan,0.2890625,0.47265625,0.5078125,0.29296875,0.2109375,0.32421875,0.765625,0.6953125,1.1484375,0.93359375,0.9765625,0.98828125,0.74609375,0.99609375,0.9765625,1.328125,1.125,0.65625,1.2109375,1.015625,0.640625,0.5390625,0.38671875,0.2890625,0.29296875,0.31640625
2782,2782,base,0,nan,nan,0.296875,0.44921875,0.5234375,0.3515625,0.23046875,0.3046875,0.7265625,0.765625,1.140625,0.96484375,0.93359375,0.98046875,0.7109375,1.015625,0.96875,1.234375,1.0546875,0.6796875,1.1328125,0.98046875,0.6484375,0.56640625,0.41015625,0.29296875,0.328125,0.3359375
1278,1278,base,0,nan,nan,0.296875,0.42578125,0.43359375,0.27734375,0.20703125,0.3203125,0.76171875,0.7578125,1.0703125,1.0390625,1.03125,1.03125,0.79296875,0.9375,0.875,1.15625,1.0078125,0.74609375,1.2109375,0.921875,0.78515625,0.59375,0.390625,0.28515625,0.29296875,0.3125
533,533,base,1,nan,nan,0.296875,0.44140625,0.48828125,0.30078125,0.21484375,0.30078125,0.80859375,0.7265625,1.1640625,0.90234375,0.9921875,1.0234375,0.8359375,0.96484375,0.95703125,1.234375,1.09375,0.75390625,1.1875,0.93359375,0.7578125,0.5859375,0.41015625,0.27734375,0.28125,0.328125
2027,2027,base,1,nan,nan,0.2890625,0.47265625,0.5078125,0.29296875,0.2109375,0.32421875,0.765625,0.6953125,1.1484375,0.93359375,0.9765625,0.98828125,0.74609375,0.99609375,0.9765625,1.328125,1.125,0.65625,1.2109375,1.015625,0.640625,0.5390625,0.38671875,0.2890625,0.29296875,0.31640625
2783,2783,base,0,nan,nan,0.296875,0.44921875,0.5234375,0.3515625,0.23046875,0.3046875,0.7265625,0.765625,1.140625,0.96484375,0.93359375,0.98046875,0.7109375,1.015625,0.96875,1.234375,1.0546875,0.6796875,1.1328125,0.98046875,0.6484375,0.56640625,0.41015625,0.29296875,0.328125,0.3359375
1279,1279,base,0,nan,nan,0.30078125,0.4375,0.5078125,0.3359375,0.19921875,0.33984375,0.7734375,0.73828125,1.125,0.95703125,0.98828125,1.0,0.77734375,1.0234375,0.97265625,1.2265625,1.0703125,0.73046875,1.265625,1.1171875,0.7265625,0.578125,0.3984375,0.265625,0.25390625,0.28125
534,534,base,0,nan,nan,0.296875,0.44140625,0.48828125,0.30078125,0.21484375,0.30078125,0.80859375,0.7265625,1.1640625,0.90234375,0.9921875,1.0234375,0.8359375,0.96484375,0.95703125,1.234375,1.09375,0.75390625,1.1875,0.93359375,0.7578125,0.5859375,0.41015625,0.27734375,0.28125,0.328125
2028,2028,base,0,nan,nan,0.2890625,0.47265625,0.5078125,0.29296875,0.2109375,0.32421875,0.765625,0.6953125,1.1484375,0.93359375,0.9765625,0.98828125,0.74609375,0.99609375,0.9765625,1.328125,1.125,0.65625,1.2109375,1.015625,0.640625,0.5390625,0.38671875,0.2890625,0.29296875,0.31640625
2784,2784,base,0,nan,nan,0.296875,0.44921875,0.5234375,0.3515625,0.23046875,0.3046875,0.7265625,0.765625,1.140625,0.96484375,0.93359375,0.98046875,0.7109375,1.015625,0.96875,1.234375,1.0546875,0.6796875,1.1328125,0.98046875,0.6484375,0.56640625,0.41015625,0.29296875,0.328125,0.3359375
1280,1280,base,0,nan,nan,0.30078125,0.4375,0.5078125,0.3359375,0.19921875,0.33984375,0.7734375,0.73828125,1.125,0.95703125,0.98828125,1.0,0.77734375,1.0234375,0.97265625,1.2265625,1.0703125,0.73046875,1.265625,1.1171875,0.7265625,0.578125,0.3984375,0.265625,0.25390625,0.28125
535,535,base,0,nan,nan,0.3125,0.45703125,0.578125,0.37890625,0.23046875,0.34765625,0.75,0.765625,1.0703125,1.0859375,0.96875,1.03125,0.7734375,0.953125,0.875,1.1796875,1.03125,0.67578125,1.0859375,0.86328125,0.7109375,0.60546875,0.44921875,0.3515625,0.35546875,0.3515625
2029,2029,base,0,nan,nan,0.30859375,0.44921875,0.453125,0.28125,0.2421875,0.3828125,0.73046875,0.765625,1.140625,1.0234375,1.046875,0.96875,0.875,0.9765625,0.94140625,1.203125,1.078125,0.703125,1.0546875,0.8359375,0.6953125,0.54296875,0.3828125,0.30078125,0.34765625,0.359375
1281,1281,base,0,nan,nan,0.30078125,0.4375,0.5078125,0.3359375,0.19921875,0.33984375,0.7734375,0.73828125,1.125,0.95703125,0.98828125,1.0,0.77734375,1.0234375,0.97265625,1.2265625,1.0703125,0.73046875,1.265625,1.1171875,0.7265625,0.578125,0.3984375,0.265625,0.25390625,0.28125
2785,2785,base,1,nan,nan,0.296875,0.4609375,0.4765625,0.3125,0.24609375,0.34765625,0.7734375,0.7578125,1.015625,1.078125,1.015625,1.0390625,0.8515625,0.953125,0.84375,1.09375,1.0078125,0.73828125,1.15625,0.9140625,0.71875,0.55859375,0.42578125,0.3125,0.3046875,0.3359375
536,536,base,0,nan,nan,0.3125,0.45703125,0.578125,0.37890625,0.23046875,0.34765625,0.75,0.765625,1.0703125,1.0859375,0.96875,1.03125,0.7734375,0.953125,0.875,1.1796875,1.03125,0.67578125,1.0859375,0.86328125,0.7109375,0.60546875,0.44921875,0.3515625,0.35546875,0.3515625
2030,2030,base,0,nan,nan,0.30859375,0.44921875,0.453125,0.28125,0.2421875,0.3828125,0.73046875,0.765625,1.140625,1.0234375,1.046875,0.96875,0.875,0.9765625,0.94140625,1.203125,1.078125,0.703125,1.0546875,0.8359375,0.6953125,0.54296875,0.3828125,0.30078125,0.34765625,0.359375
1282,1282,base,0,nan,nan,0.30078125,0.4375,0.5078125,0.3359375,0.19921875,0.33984375,0.7734375,0.73828125,1.125,0.95703125,0.98828125,1.0,0.77734375,1.0234375,0.97265625,1.2265625,1.0703125,0.73046875,1.265625,1.1171875,0.7265625,0.578125,0.3984375,0.265625,0.25390625,0.28125
2786,2786,base,0,nan,nan,0.296875,0.4609375,0.4765625,0.3125,0.24609375,0.34765625,0.7734375,0.7578125,1.015625,1.078125,1.015625,1.0390625,0.8515625,0.953125,0.84375,1.09375,1.0078125,0.73828125,1.15625,0.9140625,0.71875,0.55859375,0.42578125,0.3125,0.3046875,0.3359375
537,537,base,0,nan,nan,0.3125,0.45703125,0.578125,0.37890625,0.23046875,0.34765625,0.75,0.765625,1.0703125,1.0859375,0.96875,1.03125,0.7734375,0.953125,0.875,1.1796875,1.03125,0.67578125,1.0859375,0.86328125,0.7109375,0.60546875,0.44921875,0.3515625,0.35546875,0.3515625
2031,2031,base,1,nan,nan,0.30859375,0.44921875,0.453125,0.28125,0.2421875,0.3828125,0.73046875,0.765625,1.140625,1.0234375,1.046875,0.96875,0.875,0.9765625,0.94140625,1.203125,1.078125,0.703125,1.0546875,0.8359375,0.6953125,0.54296875,0.3828125,0.30078125,0.34765625,0.359375
1283,1283,base,0,nan,nan,0.30078125,0.4375,0.5078125,0.3359375,0.19921875,0.33984375,0.7734375,0.73828125,1.125,0.95703125,0.98828125,1.0,0.77734375,1.0234375,0.97265625,1.2265625,1.0703125,0.73046875,1.265625,1.1171875,0.7265625,0.578125,0.3984375,0.265625,0.25390625,0.28125
2787,2787,base,1,nan,nan,0.296875,0.4609375,0.4765625,0.3125,0.24609375,0.34765625,0.7734375,0.7578125,1.015625,1.078125,1.015625,1.0390625,0.8515625,0.953125,0.84375,1.09375,1.0078125,0.73828125,1.15625,0.9140625,0.71875,0.55859375,0.42578125,0.3125,0.3046875,0.3359375
538,538,base,0,nan,nan,0.3125,0.45703125,0.578125,0.37890625,0.23046875,0.34765625,0.75,0.765625,1.0703125,1.0859375,0.96875,1.03125,0.7734375,0.953125,0.875,1.1796875,1.03125,0.67578125,1.0859375,0.86328125,0.7109375,0.60546875,0.44921875,0.3515625,0.35546875,0.3515625
2032,2032,base,0,nan,nan,0.30859375,0.44921875,0.453125,0.28125,0.2421875,0.3828125,0.73046875,0.765625,1.140625,1.0234375,1.046875,0.96875,0.875,0.9765625,0.94140625,1.203125,1.078125,0.703125,1.0546875,0.8359375,0.6953125,0.54296875,0.3828125,0.30078125,0.34765625,0.359375
1284,1284,base,0,nan,nan,0.30078125,0.4375,0.5078125,0.3359375,0.19921875,0.33984375,0.7734375,0.73828125,1.125,0.95703125,0.98828125,1.0,0.77734375,1.0234375,0.97265625,1.2265625,1.0703125,0.73046875,1.265625,1.1171875,0.7265625,0.578125,0.3984375,0.265625,0.25390625,0.28125
2788,2788,base,0,nan,nan,0.296875,0.4609375,0.4765625,0.3125,0.24609375,0.34765625,0.7734375,0.7578125,1.015625,1.078125,1.015625,1.0390625,0.8515625,0.953125,0.84375,1.09375,1.0078125,0.73828125,1.15625,0.9140625,0.71875,0.55859375,0.42578125,0.3125,0.3046875,0.3359375
539,539,base,0,nan,nan,0.3125,0.45703125,0.578125,0.37890625,0.23046875,0.34765625,0.75,0.765625,1.0703125,1.0859375,0.96875,1.03125,0.7734375,0.953125,0.875,1.1796875,1.03125,0.67578125,1.0859375,0.86328125,0.7109375,0.60546875,0.44921875,0.3515625,0.35546875,0.3515625
1285,1285,base,0,nan,nan,0.30859375,0.4921875,0.57421875,0.31640625,0.2265625,0.328125,0.79296875,0.734375,1.078125,1.015625,0.95703125,0.96875,0.8046875,0.9921875,0.97265625,1.25,1.0625,0.69140625,1.2578125,1.0390625,0.7421875,0.6015625,0.453125,0.34375,0.34375,0.3515625
2033,2033,base,0,nan,nan,0.30859375,0.44921875,0.453125,0.28125,0.2421875,0.3828125,0.73046875,0.765625,1.140625,1.0234375,1.046875,0.96875,0.875,0.9765625,0.94140625,1.203125,1.078125,0.703125,1.0546875,0.8359375,0.6953125,0.54296875,0.3828125,0.30078125,0.34765625,0.359375
2789,2789,base,1,nan,nan,0.296875,0.4609375,0.4765625,0.3125,0.24609375,0.34765625,0.7734375,0.7578125,1.015625,1.078125,1.015625,1.0390625,0.8515625,0.953125,0.84375,1.09375,1.0078125,0.73828125,1.15625,0.9140625,0.71875,0.55859375,0.42578125,0.3125,0.3046875,0.3359375
540,540,base,0,nan,nan,0.3125,0.45703125,0.578125,0.37890625,0.23046875,0.34765625,0.75,0.765625,1.0703125,1.0859375,0.96875,1.03125,0.7734375,0.953125,0.875,1.1796875,1.03125,0.67578125,1.0859375,0.86328125,0.7109375,0.60546875,0.44921875,0.3515625,0.35546875,0.3515625
1286,1286,base,0,nan,nan,0.30859375,0.4921875,0.57421875,0.31640625,0.2265625,0.328125,0.79296875,0.734375,1.078125,1.015625,0.95703125,0.96875,0.8046875,0.9921875,0.97265625,1.25,1.0625,0.69140625,1.2578125,1.0390625,0.7421875,0.6015625,0.453125,0.34375,0.34375,0.3515625
2034,2034,base,0,nan,nan,0.30859375,0.44921875,0.453125,0.28125,0.2421875,0.3828125,0.73046875,0.765625,1.140625,1.0234375,1.046875,0.96875,0.875,0.9765625,0.94140625,1.203125,1.078125,0.703125,1.0546875,0.8359375,0.6953125,0.54296875,0.3828125,0.30078125,0.34765625,0.359375
541,541,base,1,nan,nan,0.29296875,0.46875,0.52734375,0.3046875,0.22265625,0.33203125,0.71875,0.75,1.0703125,1.0390625,1.0546875,0.9921875,0.77734375,1.0546875,0.99609375,1.28125,1.0234375,0.7421875,1.2578125,1.0546875,0.6875,0.55859375,0.3984375,0.27734375,0.27734375,0.33203125
2790,2790,base,0,nan,nan,0.296875,0.4609375,0.4765625,0.3125,0.24609375,0.34765625,0.7734375,0.7578125,1.015625,1.078125,1.015625,1.0390625,0.8515625,0.953125,0.84375,1.09375,1.0078125,0.73828125,1.15625,0.9140625,0.71875,0.55859375,0.42578125,0.3125,0.3046875,0.3359375
1287,1287,base,1,nan,nan,0.30859375,0.4921875,0.57421875,0.31640625,0.2265625,0.328125,0.79296875,0.734375,1.078125,1.015625,0.95703125,0.96875,0.8046875,0.9921875,0.97265625,1.25,1.0625,0.69140625,1.2578125,1.0390625,0.7421875,0.6015625,0.453125,0.34375,0.34375,0.3515625
2035,2035,base,1,nan,nan,0.30078125,0.44140625,0.48828125,0.30078125,0.21875,0.33984375,0.7578125,0.859375,1.015625,1.109375,1.03125,1.0,0.7890625,0.97265625,0.9140625,1.359375,1.109375,0.69140625,1.1875,0.97265625,0.734375,0.640625,0.5,0.38671875,0.40625,0.390625
2791,2791,base,0,nan,nan,0.33203125,0.5,0.578125,0.328125,0.23046875,0.4375,0.73046875,0.796875,1.078125,1.03125,1.0,1.0078125,0.76171875,0.984375,0.93359375,1.265625,1.046875,0.7109375,1.140625,0.953125,0.80078125,0.6640625,0.4375,0.328125,0.359375,0.3359375
1288,1288,base,0,nan,nan,0.30859375,0.4921875,0.57421875,0.31640625,0.2265625,0.328125,0.79296875,0.734375,1.078125,1.015625,0.95703125,0.96875,0.8046875,0.9921875,0.97265625,1.25,1.0625,0.69140625,1.2578125,1.0390625,0.7421875,0.6015625,0.453125,0.34375,0.34375,0.3515625
542,542,base,0,nan,nan,0.29296875,0.46875,0.52734375,0.3046875,0.22265625,0.33203125,0.71875,0.75,1.0703125,1.0390625,1.0546875,0.9921875,0.77734375,1.0546875,0.99609375,1.28125,1.0234375,0.7421875,1.2578125,1.0546875,0.6875,0.55859375,0.3984375,0.27734375,0.27734375,0.33203125
2036,2036,base,0,nan,nan,0.30078125,0.44140625,0.48828125,0.30078125,0.21875,0.33984375,0.7578125,0.859375,1.015625,1.109375,1.03125,1.0,0.7890625,0.97265625,0.9140625,1.359375,1.109375,0.69140625,1.1875,0.97265625,0.734375,0.640625,0.5,0.38671875,0.40625,0.390625
2792,2792,base,0,nan,nan,0.33203125,0.5,0.578125,0.328125,0.23046875,0.4375,0.73046875,0.796875,1.078125,1.03125,1.0,1.0078125,0.76171875,0.984375,0.93359375,1.265625,1.046875,0.7109375,1.140625,0.953125,0.80078125,0.6640625,0.4375,0.328125,0.359375,0.3359375
1289,1289,base,0,nan,nan,0.30859375,0.4921875,0.57421875,0.31640625,0.2265625,0.328125,0.79296875,0.734375,1.078125,1.015625,0.95703125,0.96875,0.8046875,0.9921875,0.97265625,1.25,1.0625,0.69140625,1.2578125,1.0390625,0.7421875,0.6015625,0.453125,0.34375,0.34375,0.3515625
543,543,base,1,nan,nan,0.29296875,0.46875,0.52734375,0.3046875,0.22265625,0.33203125,0.71875,0.75,1.0703125,1.0390625,1.0546875,0.9921875,0.77734375,1.0546875,0.99609375,1.28125,1.0234375,0.7421875,1.2578125,1.0546875,0.6875,0.55859375,0.3984375,0.27734375,0.27734375,0.33203125
2037,2037,base,0,nan,nan,0.30078125,0.44140625,0.48828125,0.30078125,0.21875,0.33984375,0.7578125,0.859375,1.015625,1.109375,1.03125,1.0,0.7890625,0.97265625,0.9140625,1.359375,1.109375,0.69140625,1.1875,0.97265625,0.734375,0.640625,0.5,0.38671875,0.40625,0.390625
2793,2793,base,1,nan,nan,0.33203125,0.5,0.578125,0.328125,0.23046875,0.4375,0.73046875,0.796875,1.078125,1.03125,1.0,1.0078125,0.76171875,0.984375,0.93359375,1.265625,1.046875,0.7109375,1.140625,0.953125,0.80078125,0.6640625,0.4375,0.328125,0.359375,0.3359375
1290,1290,base,0,nan,nan,0.30859375,0.4921875,0.57421875,0.31640625,0.2265625,0.328125,0.79296875,0.734375,1.078125,1.015625,0.95703125,0.96875,0.8046875,0.9921875,0.97265625,1.25,1.0625,0.69140625,1.2578125,1.0390625,0.7421875,0.6015625,0.453125,0.34375,0.34375,0.3515625
544,544,base,0,nan,nan,0.29296875,0.46875,0.52734375,0.3046875,0.22265625,0.33203125,0.71875,0.75,1.0703125,1.0390625,1.0546875,0.9921875,0.77734375,1.0546875,0.99609375,1.28125,1.0234375,0.7421875,1.2578125,1.0546875,0.6875,0.55859375,0.3984375,0.27734375,0.27734375,0.33203125
2038,2038,base,0,nan,nan,0.30078125,0.44140625,0.48828125,0.30078125,0.21875,0.33984375,0.7578125,0.859375,1.015625,1.109375,1.03125,1.0,0.7890625,0.97265625,0.9140625,1.359375,1.109375,0.69140625,1.1875,0.97265625,0.734375,0.640625,0.5,0.38671875,0.40625,0.390625
2794,2794,base,0,nan,nan,0.33203125,0.5,0.578125,0.328125,0.23046875,0.4375,0.73046875,0.796875,1.078125,1.03125,1.0,1.0078125,0.76171875,0.984375,0.93359375,1.265625,1.046875,0.7109375,1.140625,0.953125,0.80078125,0.6640625,0.4375,0.328125,0.359375,0.3359375
545,545,base,0,nan,nan,0.29296875,0.46875,0.52734375,0.3046875,0.22265625,0.33203125,0.71875,0.75,1.0703125,1.0390625,1.0546875,0.9921875,0.77734375,1.0546875,0.99609375,1.28125,1.0234375,0.7421875,1.2578125,1.0546875,0.6875,0.55859375,0.3984375,0.27734375,0.27734375,0.33203125
1291,1291,base,0,nan,nan,0.296875,0.45703125,0.5,0.31640625,0.19921875,0.35546875,0.7578125,0.73046875,1.15625,0.93359375,0.98046875,0.99609375,0.78125,0.875,0.8125,1.140625,1.03125,0.75,1.171875,0.96875,0.7265625,0.546875,0.40625,0.30078125,0.30859375,0.3203125
2039,2039,base,0,nan,nan,0.30078125,0.44140625,0.48828125,0.30078125,0.21875,0.33984375,0.7578125,0.859375,1.015625,1.109375,1.03125,1.0,0.7890625,0.97265625,0.9140625,1.359375,1.109375,0.69140625,1.1875,0.97265625,0.734375,0.640625,0.5,0.38671875,0.40625,0.390625
2795,2795,base,1,nan,nan,0.33203125,0.5,0.578125,0.328125,0.23046875,0.4375,0.73046875,0.796875,1.078125,1.03125,1.0,1.0078125,0.76171875,0.984375,0.93359375,1.265625,1.046875,0.7109375,1.140625,0.953125,0.80078125,0.6640625,0.4375,0.328125,0.359375,0.3359375
546,546,base,0,nan,nan,0.29296875,0.46875,0.52734375,0.3046875,0.22265625,0.33203125,0.71875,0.75,1.0703125,1.0390625,1.0546875,0.9921875,0.77734375,1.0546875,0.99609375,1.28125,1.0234375,0.7421875,1.2578125,1.0546875,0.6875,0.55859375,0.3984375,0.27734375,0.27734375,0.33203125
2040,2040,base,0,nan,nan,0.30078125,0.44140625,0.48828125,0.30078125,0.21875,0.33984375,0.7578125,0.859375,1.015625,1.109375,1.03125,1.0,0.7890625,0.97265625,0.9140625,1.359375,1.109375,0.69140625,1.1875,0.97265625,0.734375,0.640625,0.5,0.38671875,0.40625,0.390625
1292,1292,base,0,nan,nan,0.296875,0.45703125,0.5,0.31640625,0.19921875,0.35546875,0.7578125,0.73046875,1.15625,0.93359375,0.98046875,0.99609375,0.78125,0.875,0.8125,1.140625,1.03125,0.75,1.171875,0.96875,0.7265625,0.546875,0.40625,0.30078125,0.30859375,0.3203125
2796,2796,base,0,nan,nan,0.33203125,0.5,0.578125,0.328125,0.23046875,0.4375,0.73046875,0.796875,1.078125,1.03125,1.0,1.0078125,0.76171875,0.984375,0.93359375,1.265625,1.046875,0.7109375,1.140625,0.953125,0.80078125,0.6640625,0.4375,0.328125,0.359375,0.3359375
547,547,base,0,nan,nan,0.30078125,0.484375,0.5234375,0.32421875,0.19921875,0.359375,0.7578125,0.7421875,1.1015625,0.94140625,1.125,1.03125,0.78515625,0.94921875,0.9375,1.1640625,1.0390625,0.76171875,1.2421875,0.96875,0.82421875,0.6328125,0.390625,0.2890625,0.28515625,0.28125
2041,2041,base,0,nan,nan,0.29296875,0.4296875,0.46875,0.28515625,0.1953125,0.3125,0.7578125,0.734375,1.171875,0.9453125,0.9921875,1.015625,0.7421875,1.03125,0.99609375,1.234375,1.0703125,0.71875,1.1796875,1.0234375,0.6640625,0.5234375,0.3828125,0.26171875,0.23828125,0.28515625
1293,1293,base,0,nan,nan,0.296875,0.45703125,0.5,0.31640625,0.19921875,0.35546875,0.7578125,0.73046875,1.15625,0.93359375,0.98046875,0.99609375,0.78125,0.875,0.8125,1.140625,1.03125,0.75,1.171875,0.96875,0.7265625,0.546875,0.40625,0.30078125,0.30859375,0.3203125
2797,2797,base,0,nan,nan,0.32421875,0.45703125,0.48046875,0.29296875,0.21484375,0.32421875,0.734375,0.765625,1.125,1.0078125,1.0078125,0.9609375,0.80078125,0.98828125,0.95703125,1.15625,1.0,0.71875,1.125,0.93359375,0.69921875,0.59375,0.43359375,0.3203125,0.34375,0.34765625
548,548,base,0,nan,nan,0.30078125,0.484375,0.5234375,0.32421875,0.19921875,0.359375,0.7578125,0.7421875,1.1015625,0.94140625,1.125,1.03125,0.78515625,0.94921875,0.9375,1.1640625,1.0390625,0.76171875,1.2421875,0.96875,0.82421875,0.6328125,0.390625,0.2890625,0.28515625,0.28125
2042,2042,base,0,nan,nan,0.29296875,0.4296875,0.46875,0.28515625,0.1953125,0.3125,0.7578125,0.734375,1.171875,0.9453125,0.9921875,1.015625,0.7421875,1.03125,0.99609375,1.234375,1.0703125,0.71875,1.1796875,1.0234375,0.6640625,0.5234375,0.3828125,0.26171875,0.23828125,0.28515625
1294,1294,base,0,nan,nan,0.296875,0.45703125,0.5,0.31640625,0.19921875,0.35546875,0.7578125,0.73046875,1.15625,0.93359375,0.98046875,0.99609375,0.78125,0.875,0.8125,1.140625,1.03125,0.75,1.171875,0.96875,0.7265625,0.546875,0.40625,0.30078125,0.30859375,0.3203125
2798,2798,base,0,nan,nan,0.32421875,0.45703125,0.48046875,0.29296875,0.21484375,0.32421875,0.734375,0.765625,1.125,1.0078125,1.0078125,0.9609375,0.80078125,0.98828125,0.95703125,1.15625,1.0,0.71875,1.125,0.93359375,0.69921875,0.59375,0.43359375,0.3203125,0.34375,0.34765625
549,549,base,0,nan,nan,0.30078125,0.484375,0.5234375,0.32421875,0.19921875,0.359375,0.7578125,0.7421875,1.1015625,0.94140625,1.125,1.03125,0.78515625,0.94921875,0.9375,1.1640625,1.0390625,0.76171875,1.2421875,0.96875,0.82421875,0.6328125,0.390625,0.2890625,0.28515625,0.28125
2043,2043,base,0,nan,nan,0.29296875,0.4296875,0.46875,0.28515625,0.1953125,0.3125,0.7578125,0.734375,1.171875,0.9453125,0.9921875,1.015625,0.7421875,1.03125,0.99609375,1.234375,1.0703125,0.71875,1.1796875,1.0234375,0.6640625,0.5234375,0.3828125,0.26171875,0.23828125,0.28515625
1295,1295,base,1,nan,nan,0.296875,0.45703125,0.5,0.31640625,0.19921875,0.35546875,0.7578125,0.73046875,1.15625,0.93359375,0.98046875,0.99609375,0.78125,0.875,0.8125,1.140625,1.03125,0.75,1.171875,0.96875,0.7265625,0.546875,0.40625,0.30078125,0.30859375,0.3203125
2799,2799,base,1,nan,nan,0.32421875,0.45703125,0.48046875,0.29296875,0.21484375,0.32421875,0.734375,0.765625,1.125,1.0078125,1.0078125,0.9609375,0.80078125,0.98828125,0.95703125,1.15625,1.0,0.71875,1.125,0.93359375,0.69921875,0.59375,0.43359375,0.3203125,0.34375,0.34765625
550,550,base,0,nan,nan,0.30078125,0.484375,0.5234375,0.32421875,0.19921875,0.359375,0.7578125,0.7421875,1.1015625,0.94140625,1.125,1.03125,0.78515625,0.94921875,0.9375,1.1640625,1.0390625,0.76171875,1.2421875,0.96875,0.82421875,0.6328125,0.390625,0.2890625,0.28515625,0.28125
2044,2044,base,0,nan,nan,0.29296875,0.4296875,0.46875,0.28515625,0.1953125,0.3125,0.7578125,0.734375,1.171875,0.9453125,0.9921875,1.015625,0.7421875,1.03125,0.99609375,1.234375,1.0703125,0.71875,1.1796875,1.0234375,0.6640625,0.5234375,0.3828125,0.26171875,0.23828125,0.28515625
1296,1296,base,0,nan,nan,0.296875,0.45703125,0.5,0.31640625,0.19921875,0.35546875,0.7578125,0.73046875,1.15625,0.93359375,0.98046875,0.99609375,0.78125,0.875,0.8125,1.140625,1.03125,0.75,1.171875,0.96875,0.7265625,0.546875,0.40625,0.30078125,0.30859375,0.3203125
2800,2800,base,0,nan,nan,0.32421875,0.45703125,0.48046875,0.29296875,0.21484375,0.32421875,0.734375,0.765625,1.125,1.0078125,1.0078125,0.9609375,0.80078125,0.98828125,0.95703125,1.15625,1.0,0.71875,1.125,0.93359375,0.69921875,0.59375,0.43359375,0.3203125,0.34375,0.34765625
551,551,base,0,nan,nan,0.30078125,0.484375,0.5234375,0.32421875,0.19921875,0.359375,0.7578125,0.7421875,1.1015625,0.94140625,1.125,1.03125,0.78515625,0.94921875,0.9375,1.1640625,1.0390625,0.76171875,1.2421875,0.96875,0.82421875,0.6328125,0.390625,0.2890625,0.28515625,0.28125
2045,2045,base,0,nan,nan,0.29296875,0.4296875,0.46875,0.28515625,0.1953125,0.3125,0.7578125,0.734375,1.171875,0.9453125,0.9921875,1.015625,0.7421875,1.03125,0.99609375,1.234375,1.0703125,0.71875,1.1796875,1.0234375,0.6640625,0.5234375,0.3828125,0.26171875,0.23828125,0.28515625
1297,1297,base,1,nan,nan,0.2890625,0.44140625,0.47265625,0.29296875,0.20703125,0.30078125,0.77734375,0.703125,1.171875,0.90234375,1.0234375,1.0234375,0.7890625,0.9765625,0.9453125,1.1875,1.046875,0.765625,1.1953125,0.99609375,0.69921875,0.53125,0.38671875,0.26953125,0.28125,0.296875
2801,2801,base,0,nan,nan,0.32421875,0.45703125,0.48046875,0.29296875,0.21484375,0.32421875,0.734375,0.765625,1.125,1.0078125,1.0078125,0.9609375,0.80078125,0.98828125,0.95703125,1.15625,1.0,0.71875,1.125,0.93359375,0.69921875,0.59375,0.43359375,0.3203125,0.34375,0.34765625
552,552,base,0,nan,nan,0.30078125,0.484375,0.5234375,0.32421875,0.19921875,0.359375,0.7578125,0.7421875,1.1015625,0.94140625,1.125,1.03125,0.78515625,0.94921875,0.9375,1.1640625,1.0390625,0.76171875,1.2421875,0.96875,0.82421875,0.6328125,0.390625,0.2890625,0.28515625,0.28125
2046,2046,base,0,nan,nan,0.29296875,0.4296875,0.46875,0.28515625,0.1953125,0.3125,0.7578125,0.734375,1.171875,0.9453125,0.9921875,1.015625,0.7421875,1.03125,0.99609375,1.234375,1.0703125,0.71875,1.1796875,1.0234375,0.6640625,0.5234375,0.3828125,0.26171875,0.23828125,0.28515625
1298,1298,base,0,nan,nan,0.2890625,0.44140625,0.47265625,0.29296875,0.20703125,0.30078125,0.77734375,0.703125,1.171875,0.90234375,1.0234375,1.0234375,0.7890625,0.9765625,0.9453125,1.1875,1.046875,0.765625,1.1953125,0.99609375,0.69921875,0.53125,0.38671875,0.26953125,0.28125,0.296875
2802,2802,base,0,nan,nan,0.32421875,0.45703125,0.48046875,0.29296875,0.21484375,0.32421875,0.734375,0.765625,1.125,1.0078125,1.0078125,0.9609375,0.80078125,0.98828125,0.95703125,1.15625,1.0,0.71875,1.125,0.93359375,0.69921875,0.59375,0.43359375,0.3203125,0.34375,0.34765625
553,553,base,1,nan,nan,0.30078125,0.4609375,0.5,0.30078125,0.21484375,0.3671875,0.75,0.75390625,1.09375,1.03125,0.99609375,1.015625,0.78125,0.9453125,0.890625,1.1796875,1.046875,0.67578125,1.1875,0.96484375,0.6953125,0.59375,0.40234375,0.29296875,0.33203125,0.37109375
2047,2047,base,1,nan,nan,0.30859375,0.49609375,0.5625,0.37109375,0.2421875,0.34765625,0.73046875,0.8125,1.0625,1.078125,0.98828125,0.98046875,0.80078125,1.03125,0.94921875,1.1640625,0.984375,0.6796875,1.1953125,0.9921875,0.6015625,0.5390625,0.43359375,0.30078125,0.30078125,0.34375
1299,1299,base,0,nan,nan,0.2890625,0.44140625,0.47265625,0.29296875,0.20703125,0.30078125,0.77734375,0.703125,1.171875,0.90234375,1.0234375,1.0234375,0.7890625,0.9765625,0.9453125,1.1875,1.046875,0.765625,1.1953125,0.99609375,0.69921875,0.53125,0.38671875,0.26953125,0.28125,0.296875
2803,2803,base,1,nan,nan,0.296875,0.4296875,0.515625,0.328125,0.20703125,0.34765625,0.71875,0.76953125,1.1640625,0.95703125,0.98046875,0.98828125,0.78125,0.8671875,0.82421875,1.1328125,0.9921875,0.6953125,1.1171875,0.8984375,0.6953125,0.6015625,0.43359375,0.3046875,0.31640625,0.3046875
554,554,base,0,nan,nan,0.30078125,0.4609375,0.5,0.30078125,0.21484375,0.3671875,0.75,0.75390625,1.09375,1.03125,0.99609375,1.015625,0.78125,0.9453125,0.890625,1.1796875,1.046875,0.67578125,1.1875,0.96484375,0.6953125,0.59375,0.40234375,0.29296875,0.33203125,0.37109375
2048,2048,base,0,nan,nan,0.30859375,0.49609375,0.5625,0.37109375,0.2421875,0.34765625,0.73046875,0.8125,1.0625,1.078125,0.98828125,0.98046875,0.80078125,1.03125,0.94921875,1.1640625,0.984375,0.6796875,1.1953125,0.9921875,0.6015625,0.5390625,0.43359375,0.30078125,0.30078125,0.34375
1300,1300,base,0,nan,nan,0.2890625,0.44140625,0.47265625,0.29296875,0.20703125,0.30078125,0.77734375,0.703125,1.171875,0.90234375,1.0234375,1.0234375,0.7890625,0.9765625,0.9453125,1.1875,1.046875,0.765625,1.1953125,0.99609375,0.69921875,0.53125,0.38671875,0.26953125,0.28125,0.296875
2804,2804,base,0,nan,nan,0.296875,0.4296875,0.515625,0.328125,0.20703125,0.34765625,0.71875,0.76953125,1.1640625,0.95703125,0.98046875,0.98828125,0.78125,0.8671875,0.82421875,1.1328125,0.9921875,0.6953125,1.1171875,0.8984375,0.6953125,0.6015625,0.43359375,0.3046875,0.31640625,0.3046875
555,555,base,1,nan,nan,0.30078125,0.4609375,0.5,0.30078125,0.21484375,0.3671875,0.75,0.75390625,1.09375,1.03125,0.99609375,1.015625,0.78125,0.9453125,0.890625,1.1796875,1.046875,0.67578125,1.1875,0.96484375,0.6953125,0.59375,0.40234375,0.29296875,0.33203125,0.37109375
2049,2049,base,0,nan,nan,0.30859375,0.49609375,0.5625,0.37109375,0.2421875,0.34765625,0.73046875,0.8125,1.0625,1.078125,0.98828125,0.98046875,0.80078125,1.03125,0.94921875,1.1640625,0.984375,0.6796875,1.1953125,0.9921875,0.6015625,0.5390625,0.43359375,0.30078125,0.30078125,0.34375
1301,1301,base,0,nan,nan,0.2890625,0.44140625,0.47265625,0.29296875,0.20703125,0.30078125,0.77734375,0.703125,1.171875,0.90234375,1.0234375,1.0234375,0.7890625,0.9765625,0.9453125,1.1875,1.046875,0.765625,1.1953125,0.99609375,0.69921875,0.53125,0.38671875,0.26953125,0.28125,0.296875
2805,2805,base,1,nan,nan,0.296875,0.4296875,0.515625,0.328125,0.20703125,0.34765625,0.71875,0.76953125,1.1640625,0.95703125,0.98046875,0.98828125,0.78125,0.8671875,0.82421875,1.1328125,0.9921875,0.6953125,1.1171875,0.8984375,0.6953125,0.6015625,0.43359375,0.3046875,0.31640625,0.3046875
2050,2050,base,0,nan,nan,0.30859375,0.49609375,0.5625,0.37109375,0.2421875,0.34765625,0.73046875,0.8125,1.0625,1.078125,0.98828125,0.98046875,0.80078125,1.03125,0.94921875,1.1640625,0.984375,0.6796875,1.1953125,0.9921875,0.6015625,0.5390625,0.43359375,0.30078125,0.30078125,0.34375
556,556,base,0,nan,nan,0.30078125,0.4609375,0.5,0.30078125,0.21484375,0.3671875,0.75,0.75390625,1.09375,1.03125,0.99609375,1.015625,0.78125,0.9453125,0.890625,1.1796875,1.046875,0.67578125,1.1875,0.96484375,0.6953125,0.59375,0.40234375,0.29296875,0.33203125,0.37109375
1302,1302,base,0,nan,nan,0.2890625,0.44140625,0.47265625,0.29296875,0.20703125,0.30078125,0.77734375,0.703125,1.171875,0.90234375,1.0234375,1.0234375,0.7890625,0.9765625,0.9453125,1.1875,1.046875,0.765625,1.1953125,0.99609375,0.69921875,0.53125,0.38671875,0.26953125,0.28125,0.296875
2806,2806,base,0,nan,nan,0.296875,0.4296875,0.515625,0.328125,0.20703125,0.34765625,0.71875,0.76953125,1.1640625,0.95703125,0.98046875,0.98828125,0.78125,0.8671875,0.82421875,1.1328125,0.9921875,0.6953125,1.1171875,0.8984375,0.6953125,0.6015625,0.43359375,0.3046875,0.31640625,0.3046875
2051,2051,base,0,nan,nan,0.30859375,0.49609375,0.5625,0.37109375,0.2421875,0.34765625,0.73046875,0.8125,1.0625,1.078125,0.98828125,0.98046875,0.80078125,1.03125,0.94921875,1.1640625,0.984375,0.6796875,1.1953125,0.9921875,0.6015625,0.5390625,0.43359375,0.30078125,0.30078125,0.34375
557,557,base,1,nan,nan,0.30078125,0.4609375,0.5,0.30078125,0.21484375,0.3671875,0.75,0.75390625,1.09375,1.03125,0.99609375,1.015625,0.78125,0.9453125,0.890625,1.1796875,1.046875,0.67578125,1.1875,0.96484375,0.6953125,0.59375,0.40234375,0.29296875,0.33203125,0.37109375
1303,1303,base,0,nan,nan,0.3203125,0.4609375,0.4921875,0.32421875,0.21875,0.35546875,0.71484375,0.78125,1.1875,0.94140625,1.0859375,1.03125,0.76171875,1.015625,0.984375,1.1328125,1.0,0.6484375,1.1640625,0.9453125,0.5625,0.49609375,0.34765625,0.2265625,0.23828125,0.3046875
2807,2807,base,0,nan,nan,0.296875,0.4296875,0.515625,0.328125,0.20703125,0.34765625,0.71875,0.76953125,1.1640625,0.95703125,0.98046875,0.98828125,0.78125,0.8671875,0.82421875,1.1328125,0.9921875,0.6953125,1.1171875,0.8984375,0.6953125,0.6015625,0.43359375,0.3046875,0.31640625,0.3046875
2052,2052,base,0,nan,nan,0.30859375,0.49609375,0.5625,0.37109375,0.2421875,0.34765625,0.73046875,0.8125,1.0625,1.078125,0.98828125,0.98046875,0.80078125,1.03125,0.94921875,1.1640625,0.984375,0.6796875,1.1953125,0.9921875,0.6015625,0.5390625,0.43359375,0.30078125,0.30078125,0.34375
558,558,base,0,nan,nan,0.30078125,0.4609375,0.5,0.30078125,0.21484375,0.3671875,0.75,0.75390625,1.09375,1.03125,0.99609375,1.015625,0.78125,0.9453125,0.890625,1.1796875,1.046875,0.67578125,1.1875,0.96484375,0.6953125,0.59375,0.40234375,0.29296875,0.33203125,0.37109375
1304,1304,base,0,nan,nan,0.3203125,0.4609375,0.4921875,0.32421875,0.21875,0.35546875,0.71484375,0.78125,1.1875,0.94140625,1.0859375,1.03125,0.76171875,1.015625,0.984375,1.1328125,1.0,0.6484375,1.1640625,0.9453125,0.5625,0.49609375,0.34765625,0.2265625,0.23828125,0.3046875
2808,2808,base,0,nan,nan,0.296875,0.4296875,0.515625,0.328125,0.20703125,0.34765625,0.71875,0.76953125,1.1640625,0.95703125,0.98046875,0.98828125,0.78125,0.8671875,0.82421875,1.1328125,0.9921875,0.6953125,1.1171875,0.8984375,0.6953125,0.6015625,0.43359375,0.3046875,0.31640625,0.3046875
2053,2053,base,1,nan,nan,0.3125,0.4609375,0.484375,0.3125,0.2109375,0.3125,0.80859375,0.703125,1.109375,0.96484375,1.0546875,0.96875,0.828125,0.9921875,0.98046875,1.2421875,1.0859375,0.7421875,1.2265625,1.0234375,0.765625,0.6328125,0.40234375,0.28125,0.3046875,0.32421875
559,559,base,0,nan,nan,0.296875,0.44140625,0.48046875,0.33203125,0.23046875,0.33984375,0.7578125,0.76171875,1.1171875,1.0390625,1.1015625,0.99609375,0.83203125,0.92578125,0.859375,1.2265625,1.078125,0.76953125,1.1640625,0.86328125,0.80078125,0.609375,0.40234375,0.2890625,0.30078125,0.33203125
1305,1305,base,1,nan,nan,0.3203125,0.4609375,0.4921875,0.32421875,0.21875,0.35546875,0.71484375,0.78125,1.1875,0.94140625,1.0859375,1.03125,0.76171875,1.015625,0.984375,1.1328125,1.0,0.6484375,1.1640625,0.9453125,0.5625,0.49609375,0.34765625,0.2265625,0.23828125,0.3046875
2809,2809,base,0,nan,nan,0.29296875,0.4453125,0.5,0.31640625,0.19140625,0.328125,0.71875,0.71875,1.1328125,0.96484375,1.0546875,0.9609375,0.82421875,0.95703125,0.94921875,1.171875,1.0546875,0.734375,1.1640625,1.0,0.671875,0.5234375,0.37890625,0.28515625,0.28515625,0.29296875
2054,2054,base,0,nan,nan,0.3125,0.4609375,0.484375,0.3125,0.2109375,0.3125,0.80859375,0.703125,1.109375,0.96484375,1.0546875,0.96875,0.828125,0.9921875,0.98046875,1.2421875,1.0859375,0.7421875,1.2265625,1.0234375,0.765625,0.6328125,0.40234375,0.28125,0.3046875,0.32421875
560,560,base,0,nan,nan,0.296875,0.44140625,0.48046875,0.33203125,0.23046875,0.33984375,0.7578125,0.76171875,1.1171875,1.0390625,1.1015625,0.99609375,0.83203125,0.92578125,0.859375,1.2265625,1.078125,0.76953125,1.1640625,0.86328125,0.80078125,0.609375,0.40234375,0.2890625,0.30078125,0.33203125
1306,1306,base,0,nan,nan,0.3203125,0.4609375,0.4921875,0.32421875,0.21875,0.35546875,0.71484375,0.78125,1.1875,0.94140625,1.0859375,1.03125,0.76171875,1.015625,0.984375,1.1328125,1.0,0.6484375,1.1640625,0.9453125,0.5625,0.49609375,0.34765625,0.2265625,0.23828125,0.3046875
2810,2810,base,0,nan,nan,0.29296875,0.4453125,0.5,0.31640625,0.19140625,0.328125,0.71875,0.71875,1.1328125,0.96484375,1.0546875,0.9609375,0.82421875,0.95703125,0.94921875,1.171875,1.0546875,0.734375,1.1640625,1.0,0.671875,0.5234375,0.37890625,0.28515625,0.28515625,0.29296875
561,561,base,1,nan,nan,0.296875,0.44140625,0.48046875,0.33203125,0.23046875,0.33984375,0.7578125,0.76171875,1.1171875,1.0390625,1.1015625,0.99609375,0.83203125,0.92578125,0.859375,1.2265625,1.078125,0.76953125,1.1640625,0.86328125,0.80078125,0.609375,0.40234375,0.2890625,0.30078125,0.33203125
2055,2055,base,1,nan,nan,0.3125,0.4609375,0.484375,0.3125,0.2109375,0.3125,0.80859375,0.703125,1.109375,0.96484375,1.0546875,0.96875,0.828125,0.9921875,0.98046875,1.2421875,1.0859375,0.7421875,1.2265625,1.0234375,0.765625,0.6328125,0.40234375,0.28125,0.3046875,0.32421875
1307,1307,base,0,nan,nan,0.3203125,0.4609375,0.4921875,0.32421875,0.21875,0.35546875,0.71484375,0.78125,1.1875,0.94140625,1.0859375,1.03125,0.76171875,1.015625,0.984375,1.1328125,1.0,0.6484375,1.1640625,0.9453125,0.5625,0.49609375,0.34765625,0.2265625,0.23828125,0.3046875
2056,2056,base,0,nan,nan,0.3125,0.4609375,0.484375,0.3125,0.2109375,0.3125,0.80859375,0.703125,1.109375,0.96484375,1.0546875,0.96875,0.828125,0.9921875,0.98046875,1.2421875,1.0859375,0.7421875,1.2265625,1.0234375,0.765625,0.6328125,0.40234375,0.28125,0.3046875,0.32421875
2811,2811,base,0,nan,nan,0.29296875,0.4453125,0.5,0.31640625,0.19140625,0.328125,0.71875,0.71875,1.1328125,0.96484375,1.0546875,0.9609375,0.82421875,0.95703125,0.94921875,1.171875,1.0546875,0.734375,1.1640625,1.0,0.671875,0.5234375,0.37890625,0.28515625,0.28515625,0.29296875
562,562,base,0,nan,nan,0.296875,0.44140625,0.48046875,0.33203125,0.23046875,0.33984375,0.7578125,0.76171875,1.1171875,1.0390625,1.1015625,0.99609375,0.83203125,0.92578125,0.859375,1.2265625,1.078125,0.76953125,1.1640625,0.86328125,0.80078125,0.609375,0.40234375,0.2890625,0.30078125,0.33203125
1308,1308,base,0,nan,nan,0.3203125,0.4609375,0.4921875,0.32421875,0.21875,0.35546875,0.71484375,0.78125,1.1875,0.94140625,1.0859375,1.03125,0.76171875,1.015625,0.984375,1.1328125,1.0,0.6484375,1.1640625,0.9453125,0.5625,0.49609375,0.34765625,0.2265625,0.23828125,0.3046875
2057,2057,base,1,nan,nan,0.3125,0.4609375,0.484375,0.3125,0.2109375,0.3125,0.80859375,0.703125,1.109375,0.96484375,1.0546875,0.96875,0.828125,0.9921875,0.98046875,1.2421875,1.0859375,0.7421875,1.2265625,1.0234375,0.765625,0.6328125,0.40234375,0.28125,0.3046875,0.32421875
563,563,base,1,nan,nan,0.296875,0.44140625,0.48046875,0.33203125,0.23046875,0.33984375,0.7578125,0.76171875,1.1171875,1.0390625,1.1015625,0.99609375,0.83203125,0.92578125,0.859375,1.2265625,1.078125,0.76953125,1.1640625,0.86328125,0.80078125,0.609375,0.40234375,0.2890625,0.30078125,0.33203125
2812,2812,base,0,nan,nan,0.29296875,0.4453125,0.5,0.31640625,0.19140625,0.328125,0.71875,0.71875,1.1328125,0.96484375,1.0546875,0.9609375,0.82421875,0.95703125,0.94921875,1.171875,1.0546875,0.734375,1.1640625,1.0,0.671875,0.5234375,0.37890625,0.28515625,0.28515625,0.29296875
1309,1309,base,0,nan,nan,0.3046875,0.4609375,0.53125,0.3359375,0.2265625,0.35546875,0.72265625,0.7421875,1.1328125,0.96484375,1.0625,1.046875,0.77734375,1.046875,1.0,1.1640625,1.046875,0.6953125,1.1875,0.95703125,0.6953125,0.5859375,0.39453125,0.2890625,0.30078125,0.30859375
564,564,base,0,nan,nan,0.296875,0.44140625,0.48046875,0.33203125,0.23046875,0.33984375,0.7578125,0.76171875,1.1171875,1.0390625,1.1015625,0.99609375,0.83203125,0.92578125,0.859375,1.2265625,1.078125,0.76953125,1.1640625,0.86328125,0.80078125,0.609375,0.40234375,0.2890625,0.30078125,0.33203125
2058,2058,base,0,nan,nan,0.3125,0.4609375,0.484375,0.3125,0.2109375,0.3125,0.80859375,0.703125,1.109375,0.96484375,1.0546875,0.96875,0.828125,0.9921875,0.98046875,1.2421875,1.0859375,0.7421875,1.2265625,1.0234375,0.765625,0.6328125,0.40234375,0.28125,0.3046875,0.32421875
2813,2813,base,0,nan,nan,0.29296875,0.4453125,0.5,0.31640625,0.19140625,0.328125,0.71875,0.71875,1.1328125,0.96484375,1.0546875,0.9609375,0.82421875,0.95703125,0.94921875,1.171875,1.0546875,0.734375,1.1640625,1.0,0.671875,0.5234375,0.37890625,0.28515625,0.28515625,0.29296875
1310,1310,base,0,nan,nan,0.3046875,0.4609375,0.53125,0.3359375,0.2265625,0.35546875,0.72265625,0.7421875,1.1328125,0.96484375,1.0625,1.046875,0.77734375,1.046875,1.0,1.1640625,1.046875,0.6953125,1.1875,0.95703125,0.6953125,0.5859375,0.39453125,0.2890625,0.30078125,0.30859375
565,565,base,0,nan,nan,0.30078125,0.44140625,0.484375,0.27734375,0.20703125,0.31640625,0.796875,0.703125,1.140625,0.94921875,1.0546875,1.015625,0.8203125,0.9140625,0.921875,1.2421875,1.046875,0.78125,1.203125,0.9609375,0.8046875,0.640625,0.42578125,0.3203125,0.3203125,0.30078125
2059,2059,base,0,nan,nan,0.30078125,0.453125,0.5078125,0.3203125,0.21875,0.33203125,0.6875,0.7578125,1.125,0.97265625,0.9921875,1.0,0.75390625,0.8828125,0.8125,1.1953125,1.0390625,0.70703125,1.0859375,0.8359375,0.76171875,0.6015625,0.37890625,0.27734375,0.3046875,0.30078125
1311,1311,base,0,nan,nan,0.3046875,0.4609375,0.53125,0.3359375,0.2265625,0.35546875,0.72265625,0.7421875,1.1328125,0.96484375,1.0625,1.046875,0.77734375,1.046875,1.0,1.1640625,1.046875,0.6953125,1.1875,0.95703125,0.6953125,0.5859375,0.39453125,0.2890625,0.30078125,0.30859375
2814,2814,base,0,nan,nan,0.29296875,0.4453125,0.5,0.31640625,0.19140625,0.328125,0.71875,0.71875,1.1328125,0.96484375,1.0546875,0.9609375,0.82421875,0.95703125,0.94921875,1.171875,1.0546875,0.734375,1.1640625,1.0,0.671875,0.5234375,0.37890625,0.28515625,0.28515625,0.29296875
566,566,base,0,nan,nan,0.30078125,0.44140625,0.484375,0.27734375,0.20703125,0.31640625,0.796875,0.703125,1.140625,0.94921875,1.0546875,1.015625,0.8203125,0.9140625,0.921875,1.2421875,1.046875,0.78125,1.203125,0.9609375,0.8046875,0.640625,0.42578125,0.3203125,0.3203125,0.30078125
2060,2060,base,0,nan,nan,0.30078125,0.453125,0.5078125,0.3203125,0.21875,0.33203125,0.6875,0.7578125,1.125,0.97265625,0.9921875,1.0,0.75390625,0.8828125,0.8125,1.1953125,1.0390625,0.70703125,1.0859375,0.8359375,0.76171875,0.6015625,0.37890625,0.27734375,0.3046875,0.30078125
1312,1312,base,0,nan,nan,0.3046875,0.4609375,0.53125,0.3359375,0.2265625,0.35546875,0.72265625,0.7421875,1.1328125,0.96484375,1.0625,1.046875,0.77734375,1.046875,1.0,1.1640625,1.046875,0.6953125,1.1875,0.95703125,0.6953125,0.5859375,0.39453125,0.2890625,0.30078125,0.30859375
567,567,base,0,nan,nan,0.30078125,0.44140625,0.484375,0.27734375,0.20703125,0.31640625,0.796875,0.703125,1.140625,0.94921875,1.0546875,1.015625,0.8203125,0.9140625,0.921875,1.2421875,1.046875,0.78125,1.203125,0.9609375,0.8046875,0.640625,0.42578125,0.3203125,0.3203125,0.30078125
2815,2815,base,1,nan,nan,0.28515625,0.42578125,0.4921875,0.3203125,0.1953125,0.3671875,0.77734375,0.76953125,1.078125,0.9140625,1.0703125,0.9765625,0.8515625,1.0703125,1.03125,1.2421875,1.046875,0.703125,1.2109375,0.95703125,0.63671875,0.5703125,0.41796875,0.29296875,0.3359375,0.3515625
2061,2061,base,1,nan,nan,0.30078125,0.453125,0.5078125,0.3203125,0.21875,0.33203125,0.6875,0.7578125,1.125,0.97265625,0.9921875,1.0,0.75390625,0.8828125,0.8125,1.1953125,1.0390625,0.70703125,1.0859375,0.8359375,0.76171875,0.6015625,0.37890625,0.27734375,0.3046875,0.30078125
568,568,base,0,nan,nan,0.30078125,0.44140625,0.484375,0.27734375,0.20703125,0.31640625,0.796875,0.703125,1.140625,0.94921875,1.0546875,1.015625,0.8203125,0.9140625,0.921875,1.2421875,1.046875,0.78125,1.203125,0.9609375,0.8046875,0.640625,0.42578125,0.3203125,0.3203125,0.30078125
1313,1313,base,1,nan,nan,0.3046875,0.4609375,0.53125,0.3359375,0.2265625,0.35546875,0.72265625,0.7421875,1.1328125,0.96484375,1.0625,1.046875,0.77734375,1.046875,1.0,1.1640625,1.046875,0.6953125,1.1875,0.95703125,0.6953125,0.5859375,0.39453125,0.2890625,0.30078125,0.30859375
2816,2816,base,0,nan,nan,0.28515625,0.42578125,0.4921875,0.3203125,0.1953125,0.3671875,0.77734375,0.76953125,1.078125,0.9140625,1.0703125,0.9765625,0.8515625,1.0703125,1.03125,1.2421875,1.046875,0.703125,1.2109375,0.95703125,0.63671875,0.5703125,0.41796875,0.29296875,0.3359375,0.3515625
2062,2062,base,0,nan,nan,0.30078125,0.453125,0.5078125,0.3203125,0.21875,0.33203125,0.6875,0.7578125,1.125,0.97265625,0.9921875,1.0,0.75390625,0.8828125,0.8125,1.1953125,1.0390625,0.70703125,1.0859375,0.8359375,0.76171875,0.6015625,0.37890625,0.27734375,0.3046875,0.30078125
569,569,base,0,nan,nan,0.30078125,0.44140625,0.484375,0.27734375,0.20703125,0.31640625,0.796875,0.703125,1.140625,0.94921875,1.0546875,1.015625,0.8203125,0.9140625,0.921875,1.2421875,1.046875,0.78125,1.203125,0.9609375,0.8046875,0.640625,0.42578125,0.3203125,0.3203125,0.30078125
1314,1314,base,0,nan,nan,0.3046875,0.4609375,0.53125,0.3359375,0.2265625,0.35546875,0.72265625,0.7421875,1.1328125,0.96484375,1.0625,1.046875,0.77734375,1.046875,1.0,1.1640625,1.046875,0.6953125,1.1875,0.95703125,0.6953125,0.5859375,0.39453125,0.2890625,0.30078125,0.30859375
2817,2817,base,0,nan,nan,0.28515625,0.42578125,0.4921875,0.3203125,0.1953125,0.3671875,0.77734375,0.76953125,1.078125,0.9140625,1.0703125,0.9765625,0.8515625,1.0703125,1.03125,1.2421875,1.046875,0.703125,1.2109375,0.95703125,0.63671875,0.5703125,0.41796875,0.29296875,0.3359375,0.3515625
570,570,base,0,nan,nan,0.30078125,0.44140625,0.484375,0.27734375,0.20703125,0.31640625,0.796875,0.703125,1.140625,0.94921875,1.0546875,1.015625,0.8203125,0.9140625,0.921875,1.2421875,1.046875,0.78125,1.203125,0.9609375,0.8046875,0.640625,0.42578125,0.3203125,0.3203125,0.30078125
2063,2063,base,0,nan,nan,0.30078125,0.453125,0.5078125,0.3203125,0.21875,0.33203125,0.6875,0.7578125,1.125,0.97265625,0.9921875,1.0,0.75390625,0.8828125,0.8125,1.1953125,1.0390625,0.70703125,1.0859375,0.8359375,0.76171875,0.6015625,0.37890625,0.27734375,0.3046875,0.30078125
1315,1315,base,0,nan,nan,0.2890625,0.47265625,0.4765625,0.3125,0.22265625,0.35546875,0.71875,0.78125,1.09375,1.0,1.0546875,0.95703125,0.8359375,0.9609375,0.9296875,1.2265625,1.046875,0.78125,1.2109375,0.99609375,0.7109375,0.5625,0.40625,0.3046875,0.3359375,0.35546875
2818,2818,base,0,nan,nan,0.28515625,0.42578125,0.4921875,0.3203125,0.1953125,0.3671875,0.77734375,0.76953125,1.078125,0.9140625,1.0703125,0.9765625,0.8515625,1.0703125,1.03125,1.2421875,1.046875,0.703125,1.2109375,0.95703125,0.63671875,0.5703125,0.41796875,0.29296875,0.3359375,0.3515625
571,571,base,0,nan,nan,0.30859375,0.45703125,0.4609375,0.30859375,0.20703125,0.30859375,0.81640625,0.73046875,1.1015625,0.98828125,1.0390625,1.03125,0.8203125,0.96484375,0.90625,1.25,1.0625,0.828125,1.1796875,0.953125,0.828125,0.65625,0.41015625,0.3125,0.296875,0.33203125
2064,2064,base,0,nan,nan,0.30078125,0.453125,0.5078125,0.3203125,0.21875,0.33203125,0.6875,0.7578125,1.125,0.97265625,0.9921875,1.0,0.75390625,0.8828125,0.8125,1.1953125,1.0390625,0.70703125,1.0859375,0.8359375,0.76171875,0.6015625,0.37890625,0.27734375,0.3046875,0.30078125
1316,1316,base,0,nan,nan,0.2890625,0.47265625,0.4765625,0.3125,0.22265625,0.35546875,0.71875,0.78125,1.09375,1.0,1.0546875,0.95703125,0.8359375,0.9609375,0.9296875,1.2265625,1.046875,0.78125,1.2109375,0.99609375,0.7109375,0.5625,0.40625,0.3046875,0.3359375,0.35546875
2819,2819,base,1,nan,nan,0.28515625,0.42578125,0.4921875,0.3203125,0.1953125,0.3671875,0.77734375,0.76953125,1.078125,0.9140625,1.0703125,0.9765625,0.8515625,1.0703125,1.03125,1.2421875,1.046875,0.703125,1.2109375,0.95703125,0.63671875,0.5703125,0.41796875,0.29296875,0.3359375,0.3515625
572,572,base,0,nan,nan,0.30859375,0.45703125,0.4609375,0.30859375,0.20703125,0.30859375,0.81640625,0.73046875,1.1015625,0.98828125,1.0390625,1.03125,0.8203125,0.96484375,0.90625,1.25,1.0625,0.828125,1.1796875,0.953125,0.828125,0.65625,0.41015625,0.3125,0.296875,0.33203125
2065,2065,base,1,nan,nan,0.30859375,0.44140625,0.47265625,0.27734375,0.1953125,0.33984375,0.80859375,0.72265625,1.125,0.9375,1.046875,0.9921875,0.84375,0.9453125,0.9140625,1.1796875,1.0625,0.74609375,1.203125,0.95703125,0.8125,0.640625,0.39453125,0.28125,0.2734375,0.2890625
1317,1317,base,0,nan,nan,0.2890625,0.47265625,0.4765625,0.3125,0.22265625,0.35546875,0.71875,0.78125,1.09375,1.0,1.0546875,0.95703125,0.8359375,0.9609375,0.9296875,1.2265625,1.046875,0.78125,1.2109375,0.99609375,0.7109375,0.5625,0.40625,0.3046875,0.3359375,0.35546875
573,573,base,0,nan,nan,0.30859375,0.45703125,0.4609375,0.30859375,0.20703125,0.30859375,0.81640625,0.73046875,1.1015625,0.98828125,1.0390625,1.03125,0.8203125,0.96484375,0.90625,1.25,1.0625,0.828125,1.1796875,0.953125,0.828125,0.65625,0.41015625,0.3125,0.296875,0.33203125
2820,2820,base,0,nan,nan,0.28515625,0.42578125,0.4921875,0.3203125,0.1953125,0.3671875,0.77734375,0.76953125,1.078125,0.9140625,1.0703125,0.9765625,0.8515625,1.0703125,1.03125,1.2421875,1.046875,0.703125,1.2109375,0.95703125,0.63671875,0.5703125,0.41796875,0.29296875,0.3359375,0.3515625
2066,2066,base,0,nan,nan,0.30859375,0.44140625,0.47265625,0.27734375,0.1953125,0.33984375,0.80859375,0.72265625,1.125,0.9375,1.046875,0.9921875,0.84375,0.9453125,0.9140625,1.1796875,1.0625,0.74609375,1.203125,0.95703125,0.8125,0.640625,0.39453125,0.28125,0.2734375,0.2890625
574,574,base,0,nan,nan,0.30859375,0.45703125,0.4609375,0.30859375,0.20703125,0.30859375,0.81640625,0.73046875,1.1015625,0.98828125,1.0390625,1.03125,0.8203125,0.96484375,0.90625,1.25,1.0625,0.828125,1.1796875,0.953125,0.828125,0.65625,0.41015625,0.3125,0.296875,0.33203125
1318,1318,base,0,nan,nan,0.2890625,0.47265625,0.4765625,0.3125,0.22265625,0.35546875,0.71875,0.78125,1.09375,1.0,1.0546875,0.95703125,0.8359375,0.9609375,0.9296875,1.2265625,1.046875,0.78125,1.2109375,0.99609375,0.7109375,0.5625,0.40625,0.3046875,0.3359375,0.35546875
2821,2821,base,0,nan,nan,0.29296875,0.4609375,0.47265625,0.2734375,0.19921875,0.33203125,0.80078125,0.703125,1.1328125,0.93359375,0.984375,1.0390625,0.796875,0.95703125,0.9375,1.1953125,1.046875,0.7734375,1.171875,0.9765625,0.69921875,0.546875,0.41015625,0.28125,0.28515625,0.30078125
2067,2067,base,0,nan,nan,0.30859375,0.44140625,0.47265625,0.27734375,0.1953125,0.33984375,0.80859375,0.72265625,1.125,0.9375,1.046875,0.9921875,0.84375,0.9453125,0.9140625,1.1796875,1.0625,0.74609375,1.203125,0.95703125,0.8125,0.640625,0.39453125,0.28125,0.2734375,0.2890625
575,575,base,0,nan,nan,0.30859375,0.45703125,0.4609375,0.30859375,0.20703125,0.30859375,0.81640625,0.73046875,1.1015625,0.98828125,1.0390625,1.03125,0.8203125,0.96484375,0.90625,1.25,1.0625,0.828125,1.1796875,0.953125,0.828125,0.65625,0.41015625,0.3125,0.296875,0.33203125
1319,1319,base,1,nan,nan,0.2890625,0.47265625,0.4765625,0.3125,0.22265625,0.35546875,0.71875,0.78125,1.09375,1.0,1.0546875,0.95703125,0.8359375,0.9609375,0.9296875,1.2265625,1.046875,0.78125,1.2109375,0.99609375,0.7109375,0.5625,0.40625,0.3046875,0.3359375,0.35546875
2822,2822,base,0,nan,nan,0.29296875,0.4609375,0.47265625,0.2734375,0.19921875,0.33203125,0.80078125,0.703125,1.1328125,0.93359375,0.984375,1.0390625,0.796875,0.95703125,0.9375,1.1953125,1.046875,0.7734375,1.171875,0.9765625,0.69921875,0.546875,0.41015625,0.28125,0.28515625,0.30078125
2068,2068,base,0,nan,nan,0.30859375,0.44140625,0.47265625,0.27734375,0.1953125,0.33984375,0.80859375,0.72265625,1.125,0.9375,1.046875,0.9921875,0.84375,0.9453125,0.9140625,1.1796875,1.0625,0.74609375,1.203125,0.95703125,0.8125,0.640625,0.39453125,0.28125,0.2734375,0.2890625
576,576,base,0,nan,nan,0.30859375,0.45703125,0.4609375,0.30859375,0.20703125,0.30859375,0.81640625,0.73046875,1.1015625,0.98828125,1.0390625,1.03125,0.8203125,0.96484375,0.90625,1.25,1.0625,0.828125,1.1796875,0.953125,0.828125,0.65625,0.41015625,0.3125,0.296875,0.33203125
2823,2823,base,1,nan,nan,0.29296875,0.4609375,0.47265625,0.2734375,0.19921875,0.33203125,0.80078125,0.703125,1.1328125,0.93359375,0.984375,1.0390625,0.796875,0.95703125,0.9375,1.1953125,1.046875,0.7734375,1.171875,0.9765625,0.69921875,0.546875,0.41015625,0.28125,0.28515625,0.30078125
1320,1320,base,0,nan,nan,0.2890625,0.47265625,0.4765625,0.3125,0.22265625,0.35546875,0.71875,0.78125,1.09375,1.0,1.0546875,0.95703125,0.8359375,0.9609375,0.9296875,1.2265625,1.046875,0.78125,1.2109375,0.99609375,0.7109375,0.5625,0.40625,0.3046875,0.3359375,0.35546875
2069,2069,base,1,nan,nan,0.30859375,0.44140625,0.47265625,0.27734375,0.1953125,0.33984375,0.80859375,0.72265625,1.125,0.9375,1.046875,0.9921875,0.84375,0.9453125,0.9140625,1.1796875,1.0625,0.74609375,1.203125,0.95703125,0.8125,0.640625,0.39453125,0.28125,0.2734375,0.2890625
577,577,base,0,nan,nan,0.31640625,0.44921875,0.51171875,0.328125,0.19140625,0.359375,0.78125,0.7109375,1.125,0.9296875,1.03125,1.03125,0.83984375,0.98046875,0.984375,1.21875,1.0703125,0.734375,1.25,1.0234375,0.77734375,0.640625,0.41015625,0.30078125,0.30078125,0.30078125
2824,2824,base,0,nan,nan,0.29296875,0.4609375,0.47265625,0.2734375,0.19921875,0.33203125,0.80078125,0.703125,1.1328125,0.93359375,0.984375,1.0390625,0.796875,0.95703125,0.9375,1.1953125,1.046875,0.7734375,1.171875,0.9765625,0.69921875,0.546875,0.41015625,0.28125,0.28515625,0.30078125
1321,1321,base,0,nan,nan,0.28515625,0.41796875,0.4765625,0.30078125,0.20703125,0.3359375,0.734375,0.7421875,1.1953125,0.921875,1.015625,1.0390625,0.828125,0.93359375,0.890625,1.1796875,1.0703125,0.79296875,1.15625,0.96875,0.79296875,0.609375,0.4453125,0.30078125,0.32421875,0.34375
2070,2070,base,0,nan,nan,0.30859375,0.44140625,0.47265625,0.27734375,0.1953125,0.33984375,0.80859375,0.72265625,1.125,0.9375,1.046875,0.9921875,0.84375,0.9453125,0.9140625,1.1796875,1.0625,0.74609375,1.203125,0.95703125,0.8125,0.640625,0.39453125,0.28125,0.2734375,0.2890625
578,578,base,0,nan,nan,0.31640625,0.44921875,0.51171875,0.328125,0.19140625,0.359375,0.78125,0.7109375,1.125,0.9296875,1.03125,1.03125,0.83984375,0.98046875,0.984375,1.21875,1.0703125,0.734375,1.25,1.0234375,0.77734375,0.640625,0.41015625,0.30078125,0.30078125,0.30078125
2825,2825,base,0,nan,nan,0.29296875,0.4609375,0.47265625,0.2734375,0.19921875,0.33203125,0.80078125,0.703125,1.1328125,0.93359375,0.984375,1.0390625,0.796875,0.95703125,0.9375,1.1953125,1.046875,0.7734375,1.171875,0.9765625,0.69921875,0.546875,0.41015625,0.28125,0.28515625,0.30078125
1322,1322,base,0,nan,nan,0.28515625,0.41796875,0.4765625,0.30078125,0.20703125,0.3359375,0.734375,0.7421875,1.1953125,0.921875,1.015625,1.0390625,0.828125,0.93359375,0.890625,1.1796875,1.0703125,0.79296875,1.15625,0.96875,0.79296875,0.609375,0.4453125,0.30078125,0.32421875,0.34375
2071,2071,base,1,nan,nan,0.3203125,0.48046875,0.5390625,0.35546875,0.2578125,0.40625,0.6953125,0.8125,1.0859375,0.99609375,0.98828125,0.953125,0.84765625,1.03125,0.98828125,1.2265625,1.0625,0.6015625,0.90234375,0.7578125,0.58984375,0.5625,0.40234375,0.26171875,0.3125,0.3046875
579,579,base,0,nan,nan,0.31640625,0.44921875,0.51171875,0.328125,0.19140625,0.359375,0.78125,0.7109375,1.125,0.9296875,1.03125,1.03125,0.83984375,0.98046875,0.984375,1.21875,1.0703125,0.734375,1.25,1.0234375,0.77734375,0.640625,0.41015625,0.30078125,0.30078125,0.30078125
2826,2826,base,0,nan,nan,0.29296875,0.4609375,0.47265625,0.2734375,0.19921875,0.33203125,0.80078125,0.703125,1.1328125,0.93359375,0.984375,1.0390625,0.796875,0.95703125,0.9375,1.1953125,1.046875,0.7734375,1.171875,0.9765625,0.69921875,0.546875,0.41015625,0.28125,0.28515625,0.30078125
1323,1323,base,0,nan,nan,0.28515625,0.41796875,0.4765625,0.30078125,0.20703125,0.3359375,0.734375,0.7421875,1.1953125,0.921875,1.015625,1.0390625,0.828125,0.93359375,0.890625,1.1796875,1.0703125,0.79296875,1.15625,0.96875,0.79296875,0.609375,0.4453125,0.30078125,0.32421875,0.34375
2072,2072,base,0,nan,nan,0.3203125,0.48046875,0.5390625,0.35546875,0.2578125,0.40625,0.6953125,0.8125,1.0859375,0.99609375,0.98828125,0.953125,0.84765625,1.03125,0.98828125,1.2265625,1.0625,0.6015625,0.90234375,0.7578125,0.58984375,0.5625,0.40234375,0.26171875,0.3125,0.3046875
580,580,base,0,nan,nan,0.31640625,0.44921875,0.51171875,0.328125,0.19140625,0.359375,0.78125,0.7109375,1.125,0.9296875,1.03125,1.03125,0.83984375,0.98046875,0.984375,1.21875,1.0703125,0.734375,1.25,1.0234375,0.77734375,0.640625,0.41015625,0.30078125,0.30078125,0.30078125
2827,2827,base,0,nan,nan,0.3046875,0.4609375,0.52734375,0.3515625,0.25,0.3828125,0.765625,0.77734375,1.109375,1.0078125,0.953125,0.9296875,0.7734375,0.9921875,0.9453125,1.296875,1.03125,0.7109375,1.1015625,0.8828125,0.59375,0.53515625,0.41796875,0.296875,0.296875,0.3125
1324,1324,base,0,nan,nan,0.28515625,0.41796875,0.4765625,0.30078125,0.20703125,0.3359375,0.734375,0.7421875,1.1953125,0.921875,1.015625,1.0390625,0.828125,0.93359375,0.890625,1.1796875,1.0703125,0.79296875,1.15625,0.96875,0.79296875,0.609375,0.4453125,0.30078125,0.32421875,0.34375
2073,2073,base,0,nan,nan,0.3203125,0.48046875,0.5390625,0.35546875,0.2578125,0.40625,0.6953125,0.8125,1.0859375,0.99609375,0.98828125,0.953125,0.84765625,1.03125,0.98828125,1.2265625,1.0625,0.6015625,0.90234375,0.7578125,0.58984375,0.5625,0.40234375,0.26171875,0.3125,0.3046875
581,581,base,0,nan,nan,0.31640625,0.44921875,0.51171875,0.328125,0.19140625,0.359375,0.78125,0.7109375,1.125,0.9296875,1.03125,1.03125,0.83984375,0.98046875,0.984375,1.21875,1.0703125,0.734375,1.25,1.0234375,0.77734375,0.640625,0.41015625,0.30078125,0.30078125,0.30078125
2828,2828,base,0,nan,nan,0.3046875,0.4609375,0.52734375,0.3515625,0.25,0.3828125,0.765625,0.77734375,1.109375,1.0078125,0.953125,0.9296875,0.7734375,0.9921875,0.9453125,1.296875,1.03125,0.7109375,1.1015625,0.8828125,0.59375,0.53515625,0.41796875,0.296875,0.296875,0.3125
1325,1325,base,0,nan,nan,0.28515625,0.41796875,0.4765625,0.30078125,0.20703125,0.3359375,0.734375,0.7421875,1.1953125,0.921875,1.015625,1.0390625,0.828125,0.93359375,0.890625,1.1796875,1.0703125,0.79296875,1.15625,0.96875,0.79296875,0.609375,0.4453125,0.30078125,0.32421875,0.34375
2074,2074,base,0,nan,nan,0.3203125,0.48046875,0.5390625,0.35546875,0.2578125,0.40625,0.6953125,0.8125,1.0859375,0.99609375,0.98828125,0.953125,0.84765625,1.03125,0.98828125,1.2265625,1.0625,0.6015625,0.90234375,0.7578125,0.58984375,0.5625,0.40234375,0.26171875,0.3125,0.3046875
582,582,base,0,nan,nan,0.31640625,0.44921875,0.51171875,0.328125,0.19140625,0.359375,0.78125,0.7109375,1.125,0.9296875,1.03125,1.03125,0.83984375,0.98046875,0.984375,1.21875,1.0703125,0.734375,1.25,1.0234375,0.77734375,0.640625,0.41015625,0.30078125,0.30078125,0.30078125
2829,2829,base,0,nan,nan,0.3046875,0.4609375,0.52734375,0.3515625,0.25,0.3828125,0.765625,0.77734375,1.109375,1.0078125,0.953125,0.9296875,0.7734375,0.9921875,0.9453125,1.296875,1.03125,0.7109375,1.1015625,0.8828125,0.59375,0.53515625,0.41796875,0.296875,0.296875,0.3125
1326,1326,base,0,nan,nan,0.28515625,0.41796875,0.4765625,0.30078125,0.20703125,0.3359375,0.734375,0.7421875,1.1953125,0.921875,1.015625,1.0390625,0.828125,0.93359375,0.890625,1.1796875,1.0703125,0.79296875,1.15625,0.96875,0.79296875,0.609375,0.4453125,0.30078125,0.32421875,0.34375
583,583,base,0,nan,nan,0.30859375,0.4609375,0.5390625,0.33984375,0.23046875,0.30859375,0.79296875,0.71875,1.078125,1.0625,0.94140625,1.0078125,0.75,0.98046875,0.9296875,1.21875,1.0390625,0.6953125,1.265625,1.1171875,0.7265625,0.625,0.4765625,0.38671875,0.37890625,0.40625
2075,2075,base,0,nan,nan,0.3203125,0.48046875,0.5390625,0.35546875,0.2578125,0.40625,0.6953125,0.8125,1.0859375,0.99609375,0.98828125,0.953125,0.84765625,1.03125,0.98828125,1.2265625,1.0625,0.6015625,0.90234375,0.7578125,0.58984375,0.5625,0.40234375,0.26171875,0.3125,0.3046875
2830,2830,base,0,nan,nan,0.3046875,0.4609375,0.52734375,0.3515625,0.25,0.3828125,0.765625,0.77734375,1.109375,1.0078125,0.953125,0.9296875,0.7734375,0.9921875,0.9453125,1.296875,1.03125,0.7109375,1.1015625,0.8828125,0.59375,0.53515625,0.41796875,0.296875,0.296875,0.3125
1327,1327,base,1,nan,nan,0.3046875,0.46875,0.5078125,0.3359375,0.21484375,0.34765625,0.81640625,0.7265625,1.1015625,0.98828125,1.015625,1.0703125,0.76953125,0.93359375,0.91796875,1.171875,1.0078125,0.80078125,1.1796875,0.99609375,0.8359375,0.68359375,0.47265625,0.34765625,0.375,0.390625
584,584,base,0,nan,nan,0.30859375,0.4609375,0.5390625,0.33984375,0.23046875,0.30859375,0.79296875,0.71875,1.078125,1.0625,0.94140625,1.0078125,0.75,0.98046875,0.9296875,1.21875,1.0390625,0.6953125,1.265625,1.1171875,0.7265625,0.625,0.4765625,0.38671875,0.37890625,0.40625
2076,2076,base,0,nan,nan,0.3203125,0.48046875,0.5390625,0.35546875,0.2578125,0.40625,0.6953125,0.8125,1.0859375,0.99609375,0.98828125,0.953125,0.84765625,1.03125,0.98828125,1.2265625,1.0625,0.6015625,0.90234375,0.7578125,0.58984375,0.5625,0.40234375,0.26171875,0.3125,0.3046875
2831,2831,base,0,nan,nan,0.3046875,0.4609375,0.52734375,0.3515625,0.25,0.3828125,0.765625,0.77734375,1.109375,1.0078125,0.953125,0.9296875,0.7734375,0.9921875,0.9453125,1.296875,1.03125,0.7109375,1.1015625,0.8828125,0.59375,0.53515625,0.41796875,0.296875,0.296875,0.3125
1328,1328,base,0,nan,nan,0.3046875,0.46875,0.5078125,0.3359375,0.21484375,0.34765625,0.81640625,0.7265625,1.1015625,0.98828125,1.015625,1.0703125,0.76953125,0.93359375,0.91796875,1.171875,1.0078125,0.80078125,1.1796875,0.99609375,0.8359375,0.68359375,0.47265625,0.34765625,0.375,0.390625
585,585,base,0,nan,nan,0.30859375,0.4609375,0.5390625,0.33984375,0.23046875,0.30859375,0.79296875,0.71875,1.078125,1.0625,0.94140625,1.0078125,0.75,0.98046875,0.9296875,1.21875,1.0390625,0.6953125,1.265625,1.1171875,0.7265625,0.625,0.4765625,0.38671875,0.37890625,0.40625
2077,2077,base,0,nan,nan,0.30078125,0.44921875,0.4453125,0.30859375,0.22265625,0.33984375,0.76953125,0.7421875,1.125,0.98046875,0.97265625,1.0546875,0.7578125,0.984375,0.90625,1.0625,0.97265625,0.7578125,1.1796875,0.96484375,0.7421875,0.55859375,0.37890625,0.2578125,0.26953125,0.3046875
2832,2832,base,0,nan,nan,0.3046875,0.4609375,0.52734375,0.3515625,0.25,0.3828125,0.765625,0.77734375,1.109375,1.0078125,0.953125,0.9296875,0.7734375,0.9921875,0.9453125,1.296875,1.03125,0.7109375,1.1015625,0.8828125,0.59375,0.53515625,0.41796875,0.296875,0.296875,0.3125
1329,1329,base,0,nan,nan,0.3046875,0.46875,0.5078125,0.3359375,0.21484375,0.34765625,0.81640625,0.7265625,1.1015625,0.98828125,1.015625,1.0703125,0.76953125,0.93359375,0.91796875,1.171875,1.0078125,0.80078125,1.1796875,0.99609375,0.8359375,0.68359375,0.47265625,0.34765625,0.375,0.390625
586,586,base,0,nan,nan,0.30859375,0.4609375,0.5390625,0.33984375,0.23046875,0.30859375,0.79296875,0.71875,1.078125,1.0625,0.94140625,1.0078125,0.75,0.98046875,0.9296875,1.21875,1.0390625,0.6953125,1.265625,1.1171875,0.7265625,0.625,0.4765625,0.38671875,0.37890625,0.40625
2078,2078,base,0,nan,nan,0.30078125,0.44921875,0.4453125,0.30859375,0.22265625,0.33984375,0.76953125,0.7421875,1.125,0.98046875,0.97265625,1.0546875,0.7578125,0.984375,0.90625,1.0625,0.97265625,0.7578125,1.1796875,0.96484375,0.7421875,0.55859375,0.37890625,0.2578125,0.26953125,0.3046875
2833,2833,base,1,nan,nan,0.296875,0.44140625,0.4921875,0.296875,0.2421875,0.33984375,0.734375,0.7578125,1.0546875,1.0234375,0.96875,1.03125,0.7890625,0.90234375,0.8203125,1.125,0.99609375,0.7421875,1.1484375,0.875,0.765625,0.578125,0.4296875,0.30078125,0.3046875,0.32421875
1330,1330,base,0,nan,nan,0.3046875,0.46875,0.5078125,0.3359375,0.21484375,0.34765625,0.81640625,0.7265625,1.1015625,0.98828125,1.015625,1.0703125,0.76953125,0.93359375,0.91796875,1.171875,1.0078125,0.80078125,1.1796875,0.99609375,0.8359375,0.68359375,0.47265625,0.34765625,0.375,0.390625
587,587,base,0,nan,nan,0.30859375,0.4609375,0.5390625,0.33984375,0.23046875,0.30859375,0.79296875,0.71875,1.078125,1.0625,0.94140625,1.0078125,0.75,0.98046875,0.9296875,1.21875,1.0390625,0.6953125,1.265625,1.1171875,0.7265625,0.625,0.4765625,0.38671875,0.37890625,0.40625
2079,2079,base,1,nan,nan,0.30078125,0.44921875,0.4453125,0.30859375,0.22265625,0.33984375,0.76953125,0.7421875,1.125,0.98046875,0.97265625,1.0546875,0.7578125,0.984375,0.90625,1.0625,0.97265625,0.7578125,1.1796875,0.96484375,0.7421875,0.55859375,0.37890625,0.2578125,0.26953125,0.3046875
2834,2834,base,0,nan,nan,0.296875,0.44140625,0.4921875,0.296875,0.2421875,0.33984375,0.734375,0.7578125,1.0546875,1.0234375,0.96875,1.03125,0.7890625,0.90234375,0.8203125,1.125,0.99609375,0.7421875,1.1484375,0.875,0.765625,0.578125,0.4296875,0.30078125,0.3046875,0.32421875
1331,1331,base,1,nan,nan,0.3046875,0.46875,0.5078125,0.3359375,0.21484375,0.34765625,0.81640625,0.7265625,1.1015625,0.98828125,1.015625,1.0703125,0.76953125,0.93359375,0.91796875,1.171875,1.0078125,0.80078125,1.1796875,0.99609375,0.8359375,0.68359375,0.47265625,0.34765625,0.375,0.390625
588,588,base,0,nan,nan,0.30859375,0.4609375,0.5390625,0.33984375,0.23046875,0.30859375,0.79296875,0.71875,1.078125,1.0625,0.94140625,1.0078125,0.75,0.98046875,0.9296875,1.21875,1.0390625,0.6953125,1.265625,1.1171875,0.7265625,0.625,0.4765625,0.38671875,0.37890625,0.40625
2080,2080,base,0,nan,nan,0.30078125,0.44921875,0.4453125,0.30859375,0.22265625,0.33984375,0.76953125,0.7421875,1.125,0.98046875,0.97265625,1.0546875,0.7578125,0.984375,0.90625,1.0625,0.97265625,0.7578125,1.1796875,0.96484375,0.7421875,0.55859375,0.37890625,0.2578125,0.26953125,0.3046875
2835,2835,base,1,nan,nan,0.296875,0.44140625,0.4921875,0.296875,0.2421875,0.33984375,0.734375,0.7578125,1.0546875,1.0234375,0.96875,1.03125,0.7890625,0.90234375,0.8203125,1.125,0.99609375,0.7421875,1.1484375,0.875,0.765625,0.578125,0.4296875,0.30078125,0.3046875,0.32421875
1332,1332,base,0,nan,nan,0.3046875,0.46875,0.5078125,0.3359375,0.21484375,0.34765625,0.81640625,0.7265625,1.1015625,0.98828125,1.015625,1.0703125,0.76953125,0.93359375,0.91796875,1.171875,1.0078125,0.80078125,1.1796875,0.99609375,0.8359375,0.68359375,0.47265625,0.34765625,0.375,0.390625
589,589,base,0,nan,nan,0.3046875,0.4296875,0.51171875,0.33203125,0.21875,0.33203125,0.75390625,0.7421875,1.125,0.9375,1.0,0.97265625,0.8515625,0.94921875,0.8984375,1.234375,1.1015625,0.71875,1.0859375,0.8828125,0.7265625,0.609375,0.43359375,0.31640625,0.32421875,0.328125
2081,2081,base,0,nan,nan,0.30078125,0.44921875,0.4453125,0.30859375,0.22265625,0.33984375,0.76953125,0.7421875,1.125,0.98046875,0.97265625,1.0546875,0.7578125,0.984375,0.90625,1.0625,0.97265625,0.7578125,1.1796875,0.96484375,0.7421875,0.55859375,0.37890625,0.2578125,0.26953125,0.3046875
2836,2836,base,0,nan,nan,0.296875,0.44140625,0.4921875,0.296875,0.2421875,0.33984375,0.734375,0.7578125,1.0546875,1.0234375,0.96875,1.03125,0.7890625,0.90234375,0.8203125,1.125,0.99609375,0.7421875,1.1484375,0.875,0.765625,0.578125,0.4296875,0.30078125,0.3046875,0.32421875
1333,1333,base,0,nan,nan,0.30078125,0.46484375,0.515625,0.328125,0.21875,0.34765625,0.7578125,0.73046875,1.0625,1.0234375,1.0546875,1.046875,0.81640625,0.95703125,0.8984375,1.2265625,1.0390625,0.734375,1.234375,1.0078125,0.703125,0.56640625,0.4140625,0.3046875,0.2578125,0.29296875
590,590,base,0,nan,nan,0.3046875,0.4296875,0.51171875,0.33203125,0.21875,0.33203125,0.75390625,0.7421875,1.125,0.9375,1.0,0.97265625,0.8515625,0.94921875,0.8984375,1.234375,1.1015625,0.71875,1.0859375,0.8828125,0.7265625,0.609375,0.43359375,0.31640625,0.32421875,0.328125
2082,2082,base,0,nan,nan,0.30078125,0.44921875,0.4453125,0.30859375,0.22265625,0.33984375,0.76953125,0.7421875,1.125,0.98046875,0.97265625,1.0546875,0.7578125,0.984375,0.90625,1.0625,0.97265625,0.7578125,1.1796875,0.96484375,0.7421875,0.55859375,0.37890625,0.2578125,0.26953125,0.3046875
2837,2837,base,0,nan,nan,0.296875,0.44140625,0.4921875,0.296875,0.2421875,0.33984375,0.734375,0.7578125,1.0546875,1.0234375,0.96875,1.03125,0.7890625,0.90234375,0.8203125,1.125,0.99609375,0.7421875,1.1484375,0.875,0.765625,0.578125,0.4296875,0.30078125,0.3046875,0.32421875
1334,1334,base,0,nan,nan,0.30078125,0.46484375,0.515625,0.328125,0.21875,0.34765625,0.7578125,0.73046875,1.0625,1.0234375,1.0546875,1.046875,0.81640625,0.95703125,0.8984375,1.2265625,1.0390625,0.734375,1.234375,1.0078125,0.703125,0.56640625,0.4140625,0.3046875,0.2578125,0.29296875
591,591,base,0,nan,nan,0.3046875,0.4296875,0.51171875,0.33203125,0.21875,0.33203125,0.75390625,0.7421875,1.125,0.9375,1.0,0.97265625,0.8515625,0.94921875,0.8984375,1.234375,1.1015625,0.71875,1.0859375,0.8828125,0.7265625,0.609375,0.43359375,0.31640625,0.32421875,0.328125
2083,2083,base,0,nan,nan,0.2890625,0.44921875,0.49609375,0.31640625,0.20703125,0.31640625,0.75390625,0.71875,1.1328125,0.94921875,1.0078125,0.96875,0.78515625,0.96484375,0.92578125,1.171875,1.0703125,0.75390625,1.1328125,0.96875,0.74609375,0.58203125,0.375,0.28515625,0.296875,0.32421875
2838,2838,base,0,nan,nan,0.296875,0.44140625,0.4921875,0.296875,0.2421875,0.33984375,0.734375,0.7578125,1.0546875,1.0234375,0.96875,1.03125,0.7890625,0.90234375,0.8203125,1.125,0.99609375,0.7421875,1.1484375,0.875,0.765625,0.578125,0.4296875,0.30078125,0.3046875,0.32421875
1335,1335,base,1,nan,nan,0.30078125,0.46484375,0.515625,0.328125,0.21875,0.34765625,0.7578125,0.73046875,1.0625,1.0234375,1.0546875,1.046875,0.81640625,0.95703125,0.8984375,1.2265625,1.0390625,0.734375,1.234375,1.0078125,0.703125,0.56640625,0.4140625,0.3046875,0.2578125,0.29296875
592,592,base,0,nan,nan,0.3046875,0.4296875,0.51171875,0.33203125,0.21875,0.33203125,0.75390625,0.7421875,1.125,0.9375,1.0,0.97265625,0.8515625,0.94921875,0.8984375,1.234375,1.1015625,0.71875,1.0859375,0.8828125,0.7265625,0.609375,0.43359375,0.31640625,0.32421875,0.328125
2084,2084,base,1,nan,nan,0.2890625,0.44921875,0.49609375,0.31640625,0.20703125,0.31640625,0.75390625,0.71875,1.1328125,0.94921875,1.0078125,0.96875,0.78515625,0.96484375,0.92578125,1.171875,1.0703125,0.75390625,1.1328125,0.96875,0.74609375,0.58203125,0.375,0.28515625,0.296875,0.32421875
2839,2839,base,0,nan,nan,0.30078125,0.453125,0.4765625,0.296875,0.2109375,0.30859375,0.77734375,0.8046875,1.0546875,1.0078125,1.03125,1.046875,0.81640625,0.96875,0.953125,1.28125,1.1015625,0.78125,1.2265625,0.96484375,0.83984375,0.67578125,0.5078125,0.36328125,0.359375,0.37109375
1336,1336,base,0,nan,nan,0.30078125,0.46484375,0.515625,0.328125,0.21875,0.34765625,0.7578125,0.73046875,1.0625,1.0234375,1.0546875,1.046875,0.81640625,0.95703125,0.8984375,1.2265625,1.0390625,0.734375,1.234375,1.0078125,0.703125,0.56640625,0.4140625,0.3046875,0.2578125,0.29296875
593,593,base,0,nan,nan,0.3046875,0.4296875,0.51171875,0.33203125,0.21875,0.33203125,0.75390625,0.7421875,1.125,0.9375,1.0,0.97265625,0.8515625,0.94921875,0.8984375,1.234375,1.1015625,0.71875,1.0859375,0.8828125,0.7265625,0.609375,0.43359375,0.31640625,0.32421875,0.328125
2085,2085,base,0,nan,nan,0.2890625,0.44921875,0.49609375,0.31640625,0.20703125,0.31640625,0.75390625,0.71875,1.1328125,0.94921875,1.0078125,0.96875,0.78515625,0.96484375,0.92578125,1.171875,1.0703125,0.75390625,1.1328125,0.96875,0.74609375,0.58203125,0.375,0.28515625,0.296875,0.32421875
2840,2840,base,0,nan,nan,0.30078125,0.453125,0.4765625,0.296875,0.2109375,0.30859375,0.77734375,0.8046875,1.0546875,1.0078125,1.03125,1.046875,0.81640625,0.96875,0.953125,1.28125,1.1015625,0.78125,1.2265625,0.96484375,0.83984375,0.67578125,0.5078125,0.36328125,0.359375,0.37109375
1337,1337,base,0,nan,nan,0.30078125,0.46484375,0.515625,0.328125,0.21875,0.34765625,0.7578125,0.73046875,1.0625,1.0234375,1.0546875,1.046875,0.81640625,0.95703125,0.8984375,1.2265625,1.0390625,0.734375,1.234375,1.0078125,0.703125,0.56640625,0.4140625,0.3046875,0.2578125,0.29296875
594,594,base,0,nan,nan,0.3046875,0.4296875,0.51171875,0.33203125,0.21875,0.33203125,0.75390625,0.7421875,1.125,0.9375,1.0,0.97265625,0.8515625,0.94921875,0.8984375,1.234375,1.1015625,0.71875,1.0859375,0.8828125,0.7265625,0.609375,0.43359375,0.31640625,0.32421875,0.328125
2086,2086,base,0,nan,nan,0.2890625,0.44921875,0.49609375,0.31640625,0.20703125,0.31640625,0.75390625,0.71875,1.1328125,0.94921875,1.0078125,0.96875,0.78515625,0.96484375,0.92578125,1.171875,1.0703125,0.75390625,1.1328125,0.96875,0.74609375,0.58203125,0.375,0.28515625,0.296875,0.32421875
2841,2841,base,0,nan,nan,0.30078125,0.453125,0.4765625,0.296875,0.2109375,0.30859375,0.77734375,0.8046875,1.0546875,1.0078125,1.03125,1.046875,0.81640625,0.96875,0.953125,1.28125,1.1015625,0.78125,1.2265625,0.96484375,0.83984375,0.67578125,0.5078125,0.36328125,0.359375,0.37109375
1338,1338,base,0,nan,nan,0.30078125,0.46484375,0.515625,0.328125,0.21875,0.34765625,0.7578125,0.73046875,1.0625,1.0234375,1.0546875,1.046875,0.81640625,0.95703125,0.8984375,1.2265625,1.0390625,0.734375,1.234375,1.0078125,0.703125,0.56640625,0.4140625,0.3046875,0.2578125,0.29296875
595,595,base,0,nan,nan,0.28515625,0.44921875,0.484375,0.3203125,0.1953125,0.35546875,0.83203125,0.734375,1.125,0.94921875,1.0234375,1.03125,0.90234375,0.953125,0.9375,1.15625,1.0859375,0.8359375,1.21875,0.93359375,0.90625,0.69921875,0.48828125,0.3359375,0.32421875,0.35546875
2087,2087,base,1,nan,nan,0.2890625,0.44921875,0.49609375,0.31640625,0.20703125,0.31640625,0.75390625,0.71875,1.1328125,0.94921875,1.0078125,0.96875,0.78515625,0.96484375,0.92578125,1.171875,1.0703125,0.75390625,1.1328125,0.96875,0.74609375,0.58203125,0.375,0.28515625,0.296875,0.32421875
2842,2842,base,0,nan,nan,0.30078125,0.453125,0.4765625,0.296875,0.2109375,0.30859375,0.77734375,0.8046875,1.0546875,1.0078125,1.03125,1.046875,0.81640625,0.96875,0.953125,1.28125,1.1015625,0.78125,1.2265625,0.96484375,0.83984375,0.67578125,0.5078125,0.36328125,0.359375,0.37109375
1339,1339,base,1,nan,nan,0.2890625,0.4375,0.515625,0.32421875,0.21875,0.328125,0.7265625,0.734375,1.046875,1.078125,0.97265625,0.9921875,0.79296875,1.0078125,0.94140625,1.1796875,1.046875,0.6640625,1.2421875,1.046875,0.68359375,0.58984375,0.42578125,0.3046875,0.30078125,0.32421875
596,596,base,0,nan,nan,0.28515625,0.44921875,0.484375,0.3203125,0.1953125,0.35546875,0.83203125,0.734375,1.125,0.94921875,1.0234375,1.03125,0.90234375,0.953125,0.9375,1.15625,1.0859375,0.8359375,1.21875,0.93359375,0.90625,0.69921875,0.48828125,0.3359375,0.32421875,0.35546875
2843,2843,base,1,nan,nan,0.30078125,0.453125,0.4765625,0.296875,0.2109375,0.30859375,0.77734375,0.8046875,1.0546875,1.0078125,1.03125,1.046875,0.81640625,0.96875,0.953125,1.28125,1.1015625,0.78125,1.2265625,0.96484375,0.83984375,0.67578125,0.5078125,0.36328125,0.359375,0.37109375
2088,2088,base,0,nan,nan,0.2890625,0.44921875,0.49609375,0.31640625,0.20703125,0.31640625,0.75390625,0.71875,1.1328125,0.94921875,1.0078125,0.96875,0.78515625,0.96484375,0.92578125,1.171875,1.0703125,0.75390625,1.1328125,0.96875,0.74609375,0.58203125,0.375,0.28515625,0.296875,0.32421875
1340,1340,base,0,nan,nan,0.2890625,0.4375,0.515625,0.32421875,0.21875,0.328125,0.7265625,0.734375,1.046875,1.078125,0.97265625,0.9921875,0.79296875,1.0078125,0.94140625,1.1796875,1.046875,0.6640625,1.2421875,1.046875,0.68359375,0.58984375,0.42578125,0.3046875,0.30078125,0.32421875
597,597,base,0,nan,nan,0.28515625,0.44921875,0.484375,0.3203125,0.1953125,0.35546875,0.83203125,0.734375,1.125,0.94921875,1.0234375,1.03125,0.90234375,0.953125,0.9375,1.15625,1.0859375,0.8359375,1.21875,0.93359375,0.90625,0.69921875,0.48828125,0.3359375,0.32421875,0.35546875
2844,2844,base,0,nan,nan,0.30078125,0.453125,0.4765625,0.296875,0.2109375,0.30859375,0.77734375,0.8046875,1.0546875,1.0078125,1.03125,1.046875,0.81640625,0.96875,0.953125,1.28125,1.1015625,0.78125,1.2265625,0.96484375,0.83984375,0.67578125,0.5078125,0.36328125,0.359375,0.37109375
2089,2089,base,1,nan,nan,0.3046875,0.4375,0.515625,0.3046875,0.22265625,0.34765625,0.78125,0.75390625,1.1484375,0.8984375,0.98046875,1.0234375,0.81640625,0.97265625,0.94140625,1.1875,1.0234375,0.77734375,1.203125,0.9765625,0.796875,0.61328125,0.40234375,0.28515625,0.296875,0.3046875
1341,1341,base,1,nan,nan,0.2890625,0.4375,0.515625,0.32421875,0.21875,0.328125,0.7265625,0.734375,1.046875,1.078125,0.97265625,0.9921875,0.79296875,1.0078125,0.94140625,1.1796875,1.046875,0.6640625,1.2421875,1.046875,0.68359375,0.58984375,0.42578125,0.3046875,0.30078125,0.32421875
598,598,base,0,nan,nan,0.28515625,0.44921875,0.484375,0.3203125,0.1953125,0.35546875,0.83203125,0.734375,1.125,0.94921875,1.0234375,1.03125,0.90234375,0.953125,0.9375,1.15625,1.0859375,0.8359375,1.21875,0.93359375,0.90625,0.69921875,0.48828125,0.3359375,0.32421875,0.35546875
2845,2845,base,0,nan,nan,0.3046875,0.453125,0.46484375,0.296875,0.2109375,0.296875,0.7578125,0.7578125,1.1328125,0.9375,1.046875,1.0546875,0.8671875,0.96484375,0.90625,1.15625,1.078125,0.859375,1.15625,0.9453125,0.8515625,0.6484375,0.43359375,0.30078125,0.30078125,0.31640625
2090,2090,base,0,nan,nan,0.3046875,0.4375,0.515625,0.3046875,0.22265625,0.34765625,0.78125,0.75390625,1.1484375,0.8984375,0.98046875,1.0234375,0.81640625,0.97265625,0.94140625,1.1875,1.0234375,0.77734375,1.203125,0.9765625,0.796875,0.61328125,0.40234375,0.28515625,0.296875,0.3046875
1342,1342,base,0,nan,nan,0.2890625,0.4375,0.515625,0.32421875,0.21875,0.328125,0.7265625,0.734375,1.046875,1.078125,0.97265625,0.9921875,0.79296875,1.0078125,0.94140625,1.1796875,1.046875,0.6640625,1.2421875,1.046875,0.68359375,0.58984375,0.42578125,0.3046875,0.30078125,0.32421875
2846,2846,base,0,nan,nan,0.3046875,0.453125,0.46484375,0.296875,0.2109375,0.296875,0.7578125,0.7578125,1.1328125,0.9375,1.046875,1.0546875,0.8671875,0.96484375,0.90625,1.15625,1.078125,0.859375,1.15625,0.9453125,0.8515625,0.6484375,0.43359375,0.30078125,0.30078125,0.31640625
599,599,base,0,nan,nan,0.28515625,0.44921875,0.484375,0.3203125,0.1953125,0.35546875,0.83203125,0.734375,1.125,0.94921875,1.0234375,1.03125,0.90234375,0.953125,0.9375,1.15625,1.0859375,0.8359375,1.21875,0.93359375,0.90625,0.69921875,0.48828125,0.3359375,0.32421875,0.35546875
2091,2091,base,1,nan,nan,0.3046875,0.4375,0.515625,0.3046875,0.22265625,0.34765625,0.78125,0.75390625,1.1484375,0.8984375,0.98046875,1.0234375,0.81640625,0.97265625,0.94140625,1.1875,1.0234375,0.77734375,1.203125,0.9765625,0.796875,0.61328125,0.40234375,0.28515625,0.296875,0.3046875
1343,1343,base,0,nan,nan,0.2890625,0.4375,0.515625,0.32421875,0.21875,0.328125,0.7265625,0.734375,1.046875,1.078125,0.97265625,0.9921875,0.79296875,1.0078125,0.94140625,1.1796875,1.046875,0.6640625,1.2421875,1.046875,0.68359375,0.58984375,0.42578125,0.3046875,0.30078125,0.32421875
2847,2847,base,0,nan,nan,0.3046875,0.453125,0.46484375,0.296875,0.2109375,0.296875,0.7578125,0.7578125,1.1328125,0.9375,1.046875,1.0546875,0.8671875,0.96484375,0.90625,1.15625,1.078125,0.859375,1.15625,0.9453125,0.8515625,0.6484375,0.43359375,0.30078125,0.30078125,0.31640625
600,600,base,0,nan,nan,0.28515625,0.44921875,0.484375,0.3203125,0.1953125,0.35546875,0.83203125,0.734375,1.125,0.94921875,1.0234375,1.03125,0.90234375,0.953125,0.9375,1.15625,1.0859375,0.8359375,1.21875,0.93359375,0.90625,0.69921875,0.48828125,0.3359375,0.32421875,0.35546875
2092,2092,base,0,nan,nan,0.3046875,0.4375,0.515625,0.3046875,0.22265625,0.34765625,0.78125,0.75390625,1.1484375,0.8984375,0.98046875,1.0234375,0.81640625,0.97265625,0.94140625,1.1875,1.0234375,0.77734375,1.203125,0.9765625,0.796875,0.61328125,0.40234375,0.28515625,0.296875,0.3046875
1344,1344,base,0,nan,nan,0.2890625,0.4375,0.515625,0.32421875,0.21875,0.328125,0.7265625,0.734375,1.046875,1.078125,0.97265625,0.9921875,0.79296875,1.0078125,0.94140625,1.1796875,1.046875,0.6640625,1.2421875,1.046875,0.68359375,0.58984375,0.42578125,0.3046875,0.30078125,0.32421875
2848,2848,base,0,nan,nan,0.3046875,0.453125,0.46484375,0.296875,0.2109375,0.296875,0.7578125,0.7578125,1.1328125,0.9375,1.046875,1.0546875,0.8671875,0.96484375,0.90625,1.15625,1.078125,0.859375,1.15625,0.9453125,0.8515625,0.6484375,0.43359375,0.30078125,0.30078125,0.31640625
2093,2093,base,0,nan,nan,0.3046875,0.4375,0.515625,0.3046875,0.22265625,0.34765625,0.78125,0.75390625,1.1484375,0.8984375,0.98046875,1.0234375,0.81640625,0.97265625,0.94140625,1.1875,1.0234375,0.77734375,1.203125,0.9765625,0.796875,0.61328125,0.40234375,0.28515625,0.296875,0.3046875
601,601,base,0,nan,nan,0.30078125,0.453125,0.49609375,0.296875,0.19921875,0.3671875,0.75,0.71875,1.109375,0.97265625,0.94921875,1.0234375,0.7578125,0.99609375,0.94140625,1.171875,1.03125,0.68359375,1.2109375,0.96875,0.74609375,0.61328125,0.41015625,0.2890625,0.296875,0.33203125
1345,1345,base,1,nan,nan,0.30078125,0.4375,0.53125,0.375,0.21875,0.34375,0.7578125,0.75,1.203125,0.9140625,1.015625,1.0703125,0.76171875,0.98046875,0.92578125,1.109375,1.0546875,0.73828125,1.1875,1.0390625,0.671875,0.53515625,0.36328125,0.2421875,0.3046875,0.33984375
2849,2849,base,0,nan,nan,0.3046875,0.453125,0.46484375,0.296875,0.2109375,0.296875,0.7578125,0.7578125,1.1328125,0.9375,1.046875,1.0546875,0.8671875,0.96484375,0.90625,1.15625,1.078125,0.859375,1.15625,0.9453125,0.8515625,0.6484375,0.43359375,0.30078125,0.30078125,0.31640625
2094,2094,base,0,nan,nan,0.3046875,0.4375,0.515625,0.3046875,0.22265625,0.34765625,0.78125,0.75390625,1.1484375,0.8984375,0.98046875,1.0234375,0.81640625,0.97265625,0.94140625,1.1875,1.0234375,0.77734375,1.203125,0.9765625,0.796875,0.61328125,0.40234375,0.28515625,0.296875,0.3046875
602,602,base,0,nan,nan,0.30078125,0.453125,0.49609375,0.296875,0.19921875,0.3671875,0.75,0.71875,1.109375,0.97265625,0.94921875,1.0234375,0.7578125,0.99609375,0.94140625,1.171875,1.03125,0.68359375,1.2109375,0.96875,0.74609375,0.61328125,0.41015625,0.2890625,0.296875,0.33203125
1346,1346,base,0,nan,nan,0.30078125,0.4375,0.53125,0.375,0.21875,0.34375,0.7578125,0.75,1.203125,0.9140625,1.015625,1.0703125,0.76171875,0.98046875,0.92578125,1.109375,1.0546875,0.73828125,1.1875,1.0390625,0.671875,0.53515625,0.36328125,0.2421875,0.3046875,0.33984375
2850,2850,base,0,nan,nan,0.3046875,0.453125,0.46484375,0.296875,0.2109375,0.296875,0.7578125,0.7578125,1.1328125,0.9375,1.046875,1.0546875,0.8671875,0.96484375,0.90625,1.15625,1.078125,0.859375,1.15625,0.9453125,0.8515625,0.6484375,0.43359375,0.30078125,0.30078125,0.31640625
2095,2095,base,1,nan,nan,0.30078125,0.46875,0.51953125,0.29296875,0.2265625,0.34375,0.74609375,0.765625,1.0625,1.0234375,0.984375,1.0078125,0.76953125,0.98828125,0.94921875,1.234375,1.03125,0.7109375,1.2109375,0.98828125,0.73828125,0.5625,0.38671875,0.2734375,0.26953125,0.33203125
603,603,base,0,nan,nan,0.30078125,0.453125,0.49609375,0.296875,0.19921875,0.3671875,0.75,0.71875,1.109375,0.97265625,0.94921875,1.0234375,0.7578125,0.99609375,0.94140625,1.171875,1.03125,0.68359375,1.2109375,0.96875,0.74609375,0.61328125,0.41015625,0.2890625,0.296875,0.33203125
2851,2851,base,1,nan,nan,0.296875,0.44921875,0.546875,0.3125,0.23828125,0.36328125,0.76171875,0.73828125,1.1171875,0.9765625,0.9921875,1.0234375,0.82421875,0.98046875,0.96484375,1.3359375,1.1640625,0.609375,1.2109375,0.9765625,0.70703125,0.609375,0.421875,0.27734375,0.28125,0.29296875
1347,1347,base,0,nan,nan,0.30078125,0.4375,0.53125,0.375,0.21875,0.34375,0.7578125,0.75,1.203125,0.9140625,1.015625,1.0703125,0.76171875,0.98046875,0.92578125,1.109375,1.0546875,0.73828125,1.1875,1.0390625,0.671875,0.53515625,0.36328125,0.2421875,0.3046875,0.33984375
2096,2096,base,0,nan,nan,0.30078125,0.46875,0.51953125,0.29296875,0.2265625,0.34375,0.74609375,0.765625,1.0625,1.0234375,0.984375,1.0078125,0.76953125,0.98828125,0.94921875,1.234375,1.03125,0.7109375,1.2109375,0.98828125,0.73828125,0.5625,0.38671875,0.2734375,0.26953125,0.33203125
604,604,base,0,nan,nan,0.30078125,0.453125,0.49609375,0.296875,0.19921875,0.3671875,0.75,0.71875,1.109375,0.97265625,0.94921875,1.0234375,0.7578125,0.99609375,0.94140625,1.171875,1.03125,0.68359375,1.2109375,0.96875,0.74609375,0.61328125,0.41015625,0.2890625,0.296875,0.33203125
2852,2852,base,0,nan,nan,0.296875,0.44921875,0.546875,0.3125,0.23828125,0.36328125,0.76171875,0.73828125,1.1171875,0.9765625,0.9921875,1.0234375,0.82421875,0.98046875,0.96484375,1.3359375,1.1640625,0.609375,1.2109375,0.9765625,0.70703125,0.609375,0.421875,0.27734375,0.28125,0.29296875
1348,1348,base,0,nan,nan,0.30078125,0.4375,0.53125,0.375,0.21875,0.34375,0.7578125,0.75,1.203125,0.9140625,1.015625,1.0703125,0.76171875,0.98046875,0.92578125,1.109375,1.0546875,0.73828125,1.1875,1.0390625,0.671875,0.53515625,0.36328125,0.2421875,0.3046875,0.33984375
2097,2097,base,0,nan,nan,0.30078125,0.46875,0.51953125,0.29296875,0.2265625,0.34375,0.74609375,0.765625,1.0625,1.0234375,0.984375,1.0078125,0.76953125,0.98828125,0.94921875,1.234375,1.03125,0.7109375,1.2109375,0.98828125,0.73828125,0.5625,0.38671875,0.2734375,0.26953125,0.33203125
605,605,base,0,nan,nan,0.30078125,0.453125,0.49609375,0.296875,0.19921875,0.3671875,0.75,0.71875,1.109375,0.97265625,0.94921875,1.0234375,0.7578125,0.99609375,0.94140625,1.171875,1.03125,0.68359375,1.2109375,0.96875,0.74609375,0.61328125,0.41015625,0.2890625,0.296875,0.33203125
2853,2853,base,0,nan,nan,0.296875,0.44921875,0.546875,0.3125,0.23828125,0.36328125,0.76171875,0.73828125,1.1171875,0.9765625,0.9921875,1.0234375,0.82421875,0.98046875,0.96484375,1.3359375,1.1640625,0.609375,1.2109375,0.9765625,0.70703125,0.609375,0.421875,0.27734375,0.28125,0.29296875
1349,1349,base,0,nan,nan,0.30078125,0.4375,0.53125,0.375,0.21875,0.34375,0.7578125,0.75,1.203125,0.9140625,1.015625,1.0703125,0.76171875,0.98046875,0.92578125,1.109375,1.0546875,0.73828125,1.1875,1.0390625,0.671875,0.53515625,0.36328125,0.2421875,0.3046875,0.33984375
2098,2098,base,0,nan,nan,0.30078125,0.46875,0.51953125,0.29296875,0.2265625,0.34375,0.74609375,0.765625,1.0625,1.0234375,0.984375,1.0078125,0.76953125,0.98828125,0.94921875,1.234375,1.03125,0.7109375,1.2109375,0.98828125,0.73828125,0.5625,0.38671875,0.2734375,0.26953125,0.33203125
606,606,base,0,nan,nan,0.30078125,0.453125,0.49609375,0.296875,0.19921875,0.3671875,0.75,0.71875,1.109375,0.97265625,0.94921875,1.0234375,0.7578125,0.99609375,0.94140625,1.171875,1.03125,0.68359375,1.2109375,0.96875,0.74609375,0.61328125,0.41015625,0.2890625,0.296875,0.33203125
2854,2854,base,0,nan,nan,0.296875,0.44921875,0.546875,0.3125,0.23828125,0.36328125,0.76171875,0.73828125,1.1171875,0.9765625,0.9921875,1.0234375,0.82421875,0.98046875,0.96484375,1.3359375,1.1640625,0.609375,1.2109375,0.9765625,0.70703125,0.609375,0.421875,0.27734375,0.28125,0.29296875
1350,1350,base,0,nan,nan,0.30078125,0.4375,0.53125,0.375,0.21875,0.34375,0.7578125,0.75,1.203125,0.9140625,1.015625,1.0703125,0.76171875,0.98046875,0.92578125,1.109375,1.0546875,0.73828125,1.1875,1.0390625,0.671875,0.53515625,0.36328125,0.2421875,0.3046875,0.33984375
2099,2099,base,1,nan,nan,0.30078125,0.46875,0.51953125,0.29296875,0.2265625,0.34375,0.74609375,0.765625,1.0625,1.0234375,0.984375,1.0078125,0.76953125,0.98828125,0.94921875,1.234375,1.03125,0.7109375,1.2109375,0.98828125,0.73828125,0.5625,0.38671875,0.2734375,0.26953125,0.33203125
607,607,base,0,nan,nan,0.30078125,0.43359375,0.4609375,0.27734375,0.2109375,0.3125,0.81640625,0.71875,1.0703125,1.03125,1.0390625,1.046875,0.859375,0.9296875,0.875,1.1875,1.0703125,0.83984375,1.171875,0.953125,0.796875,0.578125,0.43359375,0.3125,0.328125,0.328125
2855,2855,base,0,nan,nan,0.296875,0.44921875,0.546875,0.3125,0.23828125,0.36328125,0.76171875,0.73828125,1.1171875,0.9765625,0.9921875,1.0234375,0.82421875,0.98046875,0.96484375,1.3359375,1.1640625,0.609375,1.2109375,0.9765625,0.70703125,0.609375,0.421875,0.27734375,0.28125,0.29296875
2100,2100,base,0,nan,nan,0.30078125,0.46875,0.51953125,0.29296875,0.2265625,0.34375,0.74609375,0.765625,1.0625,1.0234375,0.984375,1.0078125,0.76953125,0.98828125,0.94921875,1.234375,1.03125,0.7109375,1.2109375,0.98828125,0.73828125,0.5625,0.38671875,0.2734375,0.26953125,0.33203125
1351,1351,base,1,nan,nan,0.29296875,0.46875,0.515625,0.296875,0.21875,0.37109375,0.78125,0.71484375,1.140625,0.9765625,0.9453125,0.9921875,0.79296875,0.9765625,0.92578125,1.234375,1.0234375,0.734375,1.09375,0.875,0.8046875,0.625,0.4609375,0.34765625,0.359375,0.33984375
608,608,base,0,nan,nan,0.30078125,0.43359375,0.4609375,0.27734375,0.2109375,0.3125,0.81640625,0.71875,1.0703125,1.03125,1.0390625,1.046875,0.859375,0.9296875,0.875,1.1875,1.0703125,0.83984375,1.171875,0.953125,0.796875,0.578125,0.43359375,0.3125,0.328125,0.328125
2856,2856,base,0,nan,nan,0.296875,0.44921875,0.546875,0.3125,0.23828125,0.36328125,0.76171875,0.73828125,1.1171875,0.9765625,0.9921875,1.0234375,0.82421875,0.98046875,0.96484375,1.3359375,1.1640625,0.609375,1.2109375,0.9765625,0.70703125,0.609375,0.421875,0.27734375,0.28125,0.29296875
2101,2101,base,1,nan,nan,0.3125,0.4609375,0.48828125,0.33203125,0.19921875,0.3359375,0.7890625,0.73046875,1.171875,0.91796875,1.0390625,1.078125,0.8046875,0.97265625,0.953125,1.1328125,1.03125,0.8515625,1.2109375,1.015625,0.86328125,0.6796875,0.42578125,0.296875,0.3359375,0.34375
1352,1352,base,0,nan,nan,0.29296875,0.46875,0.515625,0.296875,0.21875,0.37109375,0.78125,0.71484375,1.140625,0.9765625,0.9453125,0.9921875,0.79296875,0.9765625,0.92578125,1.234375,1.0234375,0.734375,1.09375,0.875,0.8046875,0.625,0.4609375,0.34765625,0.359375,0.33984375
609,609,base,0,nan,nan,0.30078125,0.43359375,0.4609375,0.27734375,0.2109375,0.3125,0.81640625,0.71875,1.0703125,1.03125,1.0390625,1.046875,0.859375,0.9296875,0.875,1.1875,1.0703125,0.83984375,1.171875,0.953125,0.796875,0.578125,0.43359375,0.3125,0.328125,0.328125
2857,2857,base,0,nan,nan,0.30078125,0.44140625,0.44140625,0.296875,0.1875,0.3203125,0.8203125,0.71484375,1.140625,0.92578125,1.0625,1.0078125,0.859375,0.984375,0.9609375,1.1484375,1.0859375,0.88671875,1.1875,0.9609375,0.89453125,0.67578125,0.4375,0.296875,0.31640625,0.34375
2102,2102,base,0,nan,nan,0.3125,0.4609375,0.48828125,0.33203125,0.19921875,0.3359375,0.7890625,0.73046875,1.171875,0.91796875,1.0390625,1.078125,0.8046875,0.97265625,0.953125,1.1328125,1.03125,0.8515625,1.2109375,1.015625,0.86328125,0.6796875,0.42578125,0.296875,0.3359375,0.34375
1353,1353,base,0,nan,nan,0.29296875,0.46875,0.515625,0.296875,0.21875,0.37109375,0.78125,0.71484375,1.140625,0.9765625,0.9453125,0.9921875,0.79296875,0.9765625,0.92578125,1.234375,1.0234375,0.734375,1.09375,0.875,0.8046875,0.625,0.4609375,0.34765625,0.359375,0.33984375
610,610,base,0,nan,nan,0.30078125,0.43359375,0.4609375,0.27734375,0.2109375,0.3125,0.81640625,0.71875,1.0703125,1.03125,1.0390625,1.046875,0.859375,0.9296875,0.875,1.1875,1.0703125,0.83984375,1.171875,0.953125,0.796875,0.578125,0.43359375,0.3125,0.328125,0.328125
2858,2858,base,0,nan,nan,0.30078125,0.44140625,0.44140625,0.296875,0.1875,0.3203125,0.8203125,0.71484375,1.140625,0.92578125,1.0625,1.0078125,0.859375,0.984375,0.9609375,1.1484375,1.0859375,0.88671875,1.1875,0.9609375,0.89453125,0.67578125,0.4375,0.296875,0.31640625,0.34375
2103,2103,base,0,nan,nan,0.3125,0.4609375,0.48828125,0.33203125,0.19921875,0.3359375,0.7890625,0.73046875,1.171875,0.91796875,1.0390625,1.078125,0.8046875,0.97265625,0.953125,1.1328125,1.03125,0.8515625,1.2109375,1.015625,0.86328125,0.6796875,0.42578125,0.296875,0.3359375,0.34375
1354,1354,base,0,nan,nan,0.29296875,0.46875,0.515625,0.296875,0.21875,0.37109375,0.78125,0.71484375,1.140625,0.9765625,0.9453125,0.9921875,0.79296875,0.9765625,0.92578125,1.234375,1.0234375,0.734375,1.09375,0.875,0.8046875,0.625,0.4609375,0.34765625,0.359375,0.33984375
611,611,base,1,nan,nan,0.30078125,0.43359375,0.4609375,0.27734375,0.2109375,0.3125,0.81640625,0.71875,1.0703125,1.03125,1.0390625,1.046875,0.859375,0.9296875,0.875,1.1875,1.0703125,0.83984375,1.171875,0.953125,0.796875,0.578125,0.43359375,0.3125,0.328125,0.328125
2859,2859,base,0,nan,nan,0.30078125,0.44140625,0.44140625,0.296875,0.1875,0.3203125,0.8203125,0.71484375,1.140625,0.92578125,1.0625,1.0078125,0.859375,0.984375,0.9609375,1.1484375,1.0859375,0.88671875,1.1875,0.9609375,0.89453125,0.67578125,0.4375,0.296875,0.31640625,0.34375
2104,2104,base,0,nan,nan,0.3125,0.4609375,0.48828125,0.33203125,0.19921875,0.3359375,0.7890625,0.73046875,1.171875,0.91796875,1.0390625,1.078125,0.8046875,0.97265625,0.953125,1.1328125,1.03125,0.8515625,1.2109375,1.015625,0.86328125,0.6796875,0.42578125,0.296875,0.3359375,0.34375
1355,1355,base,0,nan,nan,0.29296875,0.46875,0.515625,0.296875,0.21875,0.37109375,0.78125,0.71484375,1.140625,0.9765625,0.9453125,0.9921875,0.79296875,0.9765625,0.92578125,1.234375,1.0234375,0.734375,1.09375,0.875,0.8046875,0.625,0.4609375,0.34765625,0.359375,0.33984375
612,612,base,0,nan,nan,0.30078125,0.43359375,0.4609375,0.27734375,0.2109375,0.3125,0.81640625,0.71875,1.0703125,1.03125,1.0390625,1.046875,0.859375,0.9296875,0.875,1.1875,1.0703125,0.83984375,1.171875,0.953125,0.796875,0.578125,0.43359375,0.3125,0.328125,0.328125
2860,2860,base,0,nan,nan,0.30078125,0.44140625,0.44140625,0.296875,0.1875,0.3203125,0.8203125,0.71484375,1.140625,0.92578125,1.0625,1.0078125,0.859375,0.984375,0.9609375,1.1484375,1.0859375,0.88671875,1.1875,0.9609375,0.89453125,0.67578125,0.4375,0.296875,0.31640625,0.34375
2105,2105,base,1,nan,nan,0.3125,0.4609375,0.48828125,0.33203125,0.19921875,0.3359375,0.7890625,0.73046875,1.171875,0.91796875,1.0390625,1.078125,0.8046875,0.97265625,0.953125,1.1328125,1.03125,0.8515625,1.2109375,1.015625,0.86328125,0.6796875,0.42578125,0.296875,0.3359375,0.34375
1356,1356,base,0,nan,nan,0.29296875,0.46875,0.515625,0.296875,0.21875,0.37109375,0.78125,0.71484375,1.140625,0.9765625,0.9453125,0.9921875,0.79296875,0.9765625,0.92578125,1.234375,1.0234375,0.734375,1.09375,0.875,0.8046875,0.625,0.4609375,0.34765625,0.359375,0.33984375
613,613,base,0,nan,nan,0.296875,0.44921875,0.44921875,0.29296875,0.21484375,0.32421875,0.796875,0.71875,1.0546875,0.99609375,1.0234375,0.98828125,0.78125,0.953125,0.91015625,1.1953125,1.0625,0.7578125,1.171875,0.97265625,0.76953125,0.5859375,0.3828125,0.2734375,0.30078125,0.31640625
2861,2861,base,0,nan,nan,0.30078125,0.44140625,0.44140625,0.296875,0.1875,0.3203125,0.8203125,0.71484375,1.140625,0.92578125,1.0625,1.0078125,0.859375,0.984375,0.9609375,1.1484375,1.0859375,0.88671875,1.1875,0.9609375,0.89453125,0.67578125,0.4375,0.296875,0.31640625,0.34375
2106,2106,base,0,nan,nan,0.3125,0.4609375,0.48828125,0.33203125,0.19921875,0.3359375,0.7890625,0.73046875,1.171875,0.91796875,1.0390625,1.078125,0.8046875,0.97265625,0.953125,1.1328125,1.03125,0.8515625,1.2109375,1.015625,0.86328125,0.6796875,0.42578125,0.296875,0.3359375,0.34375
1357,1357,base,1,nan,nan,0.28515625,0.48046875,0.52734375,0.296875,0.22265625,0.328125,0.78515625,0.734375,1.0859375,0.98828125,1.0,0.97265625,0.8203125,0.98828125,0.94140625,1.21875,1.0546875,0.7421875,1.25,1.046875,0.734375,0.5703125,0.40625,0.28515625,0.265625,0.3046875
614,614,base,0,nan,nan,0.296875,0.44921875,0.44921875,0.29296875,0.21484375,0.32421875,0.796875,0.71875,1.0546875,0.99609375,1.0234375,0.98828125,0.78125,0.953125,0.91015625,1.1953125,1.0625,0.7578125,1.171875,0.97265625,0.76953125,0.5859375,0.3828125,0.2734375,0.30078125,0.31640625
2862,2862,base,0,nan,nan,0.30078125,0.44140625,0.44140625,0.296875,0.1875,0.3203125,0.8203125,0.71484375,1.140625,0.92578125,1.0625,1.0078125,0.859375,0.984375,0.9609375,1.1484375,1.0859375,0.88671875,1.1875,0.9609375,0.89453125,0.67578125,0.4375,0.296875,0.31640625,0.34375
2107,2107,base,0,nan,nan,0.2890625,0.4453125,0.4609375,0.28125,0.22265625,0.2890625,0.76953125,0.72265625,1.0703125,1.0078125,1.0078125,1.03125,0.78125,0.9453125,0.88671875,1.21875,1.1015625,0.71875,1.1875,0.95703125,0.73046875,0.5703125,0.3671875,0.2421875,0.265625,0.3125
1358,1358,base,0,nan,nan,0.28515625,0.48046875,0.52734375,0.296875,0.22265625,0.328125,0.78515625,0.734375,1.0859375,0.98828125,1.0,0.97265625,0.8203125,0.98828125,0.94140625,1.21875,1.0546875,0.7421875,1.25,1.046875,0.734375,0.5703125,0.40625,0.28515625,0.265625,0.3046875
615,615,base,0,nan,nan,0.296875,0.44921875,0.44921875,0.29296875,0.21484375,0.32421875,0.796875,0.71875,1.0546875,0.99609375,1.0234375,0.98828125,0.78125,0.953125,0.91015625,1.1953125,1.0625,0.7578125,1.171875,0.97265625,0.76953125,0.5859375,0.3828125,0.2734375,0.30078125,0.31640625
2863,2863,base,0,nan,nan,0.30078125,0.45703125,0.5234375,0.3203125,0.2109375,0.375,0.73828125,0.7578125,1.140625,0.96484375,1.0390625,1.0078125,0.765625,0.953125,0.921875,1.25,1.046875,0.70703125,1.140625,0.9375,0.77734375,0.625,0.41796875,0.35546875,0.390625,0.35546875
2108,2108,base,0,nan,nan,0.2890625,0.4453125,0.4609375,0.28125,0.22265625,0.2890625,0.76953125,0.72265625,1.0703125,1.0078125,1.0078125,1.03125,0.78125,0.9453125,0.88671875,1.21875,1.1015625,0.71875,1.1875,0.95703125,0.73046875,0.5703125,0.3671875,0.2421875,0.265625,0.3125
1359,1359,base,0,nan,nan,0.28515625,0.48046875,0.52734375,0.296875,0.22265625,0.328125,0.78515625,0.734375,1.0859375,0.98828125,1.0,0.97265625,0.8203125,0.98828125,0.94140625,1.21875,1.0546875,0.7421875,1.25,1.046875,0.734375,0.5703125,0.40625,0.28515625,0.265625,0.3046875
616,616,base,0,nan,nan,0.296875,0.44921875,0.44921875,0.29296875,0.21484375,0.32421875,0.796875,0.71875,1.0546875,0.99609375,1.0234375,0.98828125,0.78125,0.953125,0.91015625,1.1953125,1.0625,0.7578125,1.171875,0.97265625,0.76953125,0.5859375,0.3828125,0.2734375,0.30078125,0.31640625
2864,2864,base,0,nan,nan,0.30078125,0.45703125,0.5234375,0.3203125,0.2109375,0.375,0.73828125,0.7578125,1.140625,0.96484375,1.0390625,1.0078125,0.765625,0.953125,0.921875,1.25,1.046875,0.70703125,1.140625,0.9375,0.77734375,0.625,0.41796875,0.35546875,0.390625,0.35546875
2109,2109,base,0,nan,nan,0.2890625,0.4453125,0.4609375,0.28125,0.22265625,0.2890625,0.76953125,0.72265625,1.0703125,1.0078125,1.0078125,1.03125,0.78125,0.9453125,0.88671875,1.21875,1.1015625,0.71875,1.1875,0.95703125,0.73046875,0.5703125,0.3671875,0.2421875,0.265625,0.3125
1360,1360,base,0,nan,nan,0.28515625,0.48046875,0.52734375,0.296875,0.22265625,0.328125,0.78515625,0.734375,1.0859375,0.98828125,1.0,0.97265625,0.8203125,0.98828125,0.94140625,1.21875,1.0546875,0.7421875,1.25,1.046875,0.734375,0.5703125,0.40625,0.28515625,0.265625,0.3046875
2865,2865,base,0,nan,nan,0.30078125,0.45703125,0.5234375,0.3203125,0.2109375,0.375,0.73828125,0.7578125,1.140625,0.96484375,1.0390625,1.0078125,0.765625,0.953125,0.921875,1.25,1.046875,0.70703125,1.140625,0.9375,0.77734375,0.625,0.41796875,0.35546875,0.390625,0.35546875
617,617,base,1,nan,nan,0.296875,0.44921875,0.44921875,0.29296875,0.21484375,0.32421875,0.796875,0.71875,1.0546875,0.99609375,1.0234375,0.98828125,0.78125,0.953125,0.91015625,1.1953125,1.0625,0.7578125,1.171875,0.97265625,0.76953125,0.5859375,0.3828125,0.2734375,0.30078125,0.31640625
2110,2110,base,0,nan,nan,0.2890625,0.4453125,0.4609375,0.28125,0.22265625,0.2890625,0.76953125,0.72265625,1.0703125,1.0078125,1.0078125,1.03125,0.78125,0.9453125,0.88671875,1.21875,1.1015625,0.71875,1.1875,0.95703125,0.73046875,0.5703125,0.3671875,0.2421875,0.265625,0.3125
2866,2866,base,0,nan,nan,0.30078125,0.45703125,0.5234375,0.3203125,0.2109375,0.375,0.73828125,0.7578125,1.140625,0.96484375,1.0390625,1.0078125,0.765625,0.953125,0.921875,1.25,1.046875,0.70703125,1.140625,0.9375,0.77734375,0.625,0.41796875,0.35546875,0.390625,0.35546875
1361,1361,base,1,nan,nan,0.28515625,0.48046875,0.52734375,0.296875,0.22265625,0.328125,0.78515625,0.734375,1.0859375,0.98828125,1.0,0.97265625,0.8203125,0.98828125,0.94140625,1.21875,1.0546875,0.7421875,1.25,1.046875,0.734375,0.5703125,0.40625,0.28515625,0.265625,0.3046875
618,618,base,0,nan,nan,0.296875,0.44921875,0.44921875,0.29296875,0.21484375,0.32421875,0.796875,0.71875,1.0546875,0.99609375,1.0234375,0.98828125,0.78125,0.953125,0.91015625,1.1953125,1.0625,0.7578125,1.171875,0.97265625,0.76953125,0.5859375,0.3828125,0.2734375,0.30078125,0.31640625
2111,2111,base,0,nan,nan,0.2890625,0.4453125,0.4609375,0.28125,0.22265625,0.2890625,0.76953125,0.72265625,1.0703125,1.0078125,1.0078125,1.03125,0.78125,0.9453125,0.88671875,1.21875,1.1015625,0.71875,1.1875,0.95703125,0.73046875,0.5703125,0.3671875,0.2421875,0.265625,0.3125
2867,2867,base,0,nan,nan,0.30078125,0.45703125,0.5234375,0.3203125,0.2109375,0.375,0.73828125,0.7578125,1.140625,0.96484375,1.0390625,1.0078125,0.765625,0.953125,0.921875,1.25,1.046875,0.70703125,1.140625,0.9375,0.77734375,0.625,0.41796875,0.35546875,0.390625,0.35546875
1362,1362,base,0,nan,nan,0.28515625,0.48046875,0.52734375,0.296875,0.22265625,0.328125,0.78515625,0.734375,1.0859375,0.98828125,1.0,0.97265625,0.8203125,0.98828125,0.94140625,1.21875,1.0546875,0.7421875,1.25,1.046875,0.734375,0.5703125,0.40625,0.28515625,0.265625,0.3046875
619,619,base,1,nan,nan,0.3125,0.515625,0.5234375,0.390625,0.29296875,0.3671875,0.7421875,0.7734375,1.09375,1.03125,1.0,1.0078125,0.84375,0.98046875,0.90625,1.1875,1.0,0.6875,1.109375,0.875,0.625,0.5859375,0.4296875,0.26953125,0.28515625,0.3515625
2112,2112,base,0,nan,nan,0.2890625,0.4453125,0.4609375,0.28125,0.22265625,0.2890625,0.76953125,0.72265625,1.0703125,1.0078125,1.0078125,1.03125,0.78125,0.9453125,0.88671875,1.21875,1.1015625,0.71875,1.1875,0.95703125,0.73046875,0.5703125,0.3671875,0.2421875,0.265625,0.3125
2868,2868,base,0,nan,nan,0.30078125,0.45703125,0.5234375,0.3203125,0.2109375,0.375,0.73828125,0.7578125,1.140625,0.96484375,1.0390625,1.0078125,0.765625,0.953125,0.921875,1.25,1.046875,0.70703125,1.140625,0.9375,0.77734375,0.625,0.41796875,0.35546875,0.390625,0.35546875
1363,1363,base,0,nan,nan,0.3046875,0.4453125,0.4921875,0.296875,0.20703125,0.29296875,0.83203125,0.7265625,1.15625,0.953125,1.0546875,1.0625,0.828125,0.98828125,0.94921875,1.265625,1.125,0.7734375,1.2265625,0.9921875,0.8046875,0.57421875,0.4453125,0.31640625,0.30859375,0.33984375
620,620,base,0,nan,nan,0.3125,0.515625,0.5234375,0.390625,0.29296875,0.3671875,0.7421875,0.7734375,1.09375,1.03125,1.0,1.0078125,0.84375,0.98046875,0.90625,1.1875,1.0,0.6875,1.109375,0.875,0.625,0.5859375,0.4296875,0.26953125,0.28515625,0.3515625
2113,2113,base,0,nan,nan,0.30859375,0.453125,0.49609375,0.3125,0.2109375,0.33984375,0.6953125,0.80859375,1.2265625,0.890625,1.046875,0.9765625,0.8125,0.953125,0.890625,1.078125,0.96875,0.7109375,1.125,0.9375,0.63671875,0.5,0.359375,0.23828125,0.265625,0.3203125
2869,2869,base,0,nan,nan,0.2890625,0.44140625,0.4765625,0.29296875,0.23046875,0.3203125,0.7578125,0.75,1.046875,1.03125,0.9765625,1.046875,0.765625,0.95703125,0.87109375,1.1875,1.0234375,0.7109375,1.1328125,0.88671875,0.6875,0.5234375,0.4453125,0.3125,0.296875,0.3359375
1364,1364,base,0,nan,nan,0.3046875,0.4453125,0.4921875,0.296875,0.20703125,0.29296875,0.83203125,0.7265625,1.15625,0.953125,1.0546875,1.0625,0.828125,0.98828125,0.94921875,1.265625,1.125,0.7734375,1.2265625,0.9921875,0.8046875,0.57421875,0.4453125,0.31640625,0.30859375,0.33984375
621,621,base,1,nan,nan,0.3125,0.515625,0.5234375,0.390625,0.29296875,0.3671875,0.7421875,0.7734375,1.09375,1.03125,1.0,1.0078125,0.84375,0.98046875,0.90625,1.1875,1.0,0.6875,1.109375,0.875,0.625,0.5859375,0.4296875,0.26953125,0.28515625,0.3515625
2114,2114,base,0,nan,nan,0.30859375,0.453125,0.49609375,0.3125,0.2109375,0.33984375,0.6953125,0.80859375,1.2265625,0.890625,1.046875,0.9765625,0.8125,0.953125,0.890625,1.078125,0.96875,0.7109375,1.125,0.9375,0.63671875,0.5,0.359375,0.23828125,0.265625,0.3203125
2870,2870,base,0,nan,nan,0.2890625,0.44140625,0.4765625,0.29296875,0.23046875,0.3203125,0.7578125,0.75,1.046875,1.03125,0.9765625,1.046875,0.765625,0.95703125,0.87109375,1.1875,1.0234375,0.7109375,1.1328125,0.88671875,0.6875,0.5234375,0.4453125,0.3125,0.296875,0.3359375
1365,1365,base,0,nan,nan,0.3046875,0.4453125,0.4921875,0.296875,0.20703125,0.29296875,0.83203125,0.7265625,1.15625,0.953125,1.0546875,1.0625,0.828125,0.98828125,0.94921875,1.265625,1.125,0.7734375,1.2265625,0.9921875,0.8046875,0.57421875,0.4453125,0.31640625,0.30859375,0.33984375
622,622,base,0,nan,nan,0.3125,0.515625,0.5234375,0.390625,0.29296875,0.3671875,0.7421875,0.7734375,1.09375,1.03125,1.0,1.0078125,0.84375,0.98046875,0.90625,1.1875,1.0,0.6875,1.109375,0.875,0.625,0.5859375,0.4296875,0.26953125,0.28515625,0.3515625
2115,2115,base,1,nan,nan,0.30859375,0.453125,0.49609375,0.3125,0.2109375,0.33984375,0.6953125,0.80859375,1.2265625,0.890625,1.046875,0.9765625,0.8125,0.953125,0.890625,1.078125,0.96875,0.7109375,1.125,0.9375,0.63671875,0.5,0.359375,0.23828125,0.265625,0.3203125
2871,2871,base,0,nan,nan,0.2890625,0.44140625,0.4765625,0.29296875,0.23046875,0.3203125,0.7578125,0.75,1.046875,1.03125,0.9765625,1.046875,0.765625,0.95703125,0.87109375,1.1875,1.0234375,0.7109375,1.1328125,0.88671875,0.6875,0.5234375,0.4453125,0.3125,0.296875,0.3359375
1366,1366,base,0,nan,nan,0.3046875,0.4453125,0.4921875,0.296875,0.20703125,0.29296875,0.83203125,0.7265625,1.15625,0.953125,1.0546875,1.0625,0.828125,0.98828125,0.94921875,1.265625,1.125,0.7734375,1.2265625,0.9921875,0.8046875,0.57421875,0.4453125,0.31640625,0.30859375,0.33984375
623,623,base,0,nan,nan,0.3125,0.515625,0.5234375,0.390625,0.29296875,0.3671875,0.7421875,0.7734375,1.09375,1.03125,1.0,1.0078125,0.84375,0.98046875,0.90625,1.1875,1.0,0.6875,1.109375,0.875,0.625,0.5859375,0.4296875,0.26953125,0.28515625,0.3515625
2116,2116,base,0,nan,nan,0.30859375,0.453125,0.49609375,0.3125,0.2109375,0.33984375,0.6953125,0.80859375,1.2265625,0.890625,1.046875,0.9765625,0.8125,0.953125,0.890625,1.078125,0.96875,0.7109375,1.125,0.9375,0.63671875,0.5,0.359375,0.23828125,0.265625,0.3203125
2872,2872,base,0,nan,nan,0.2890625,0.44140625,0.4765625,0.29296875,0.23046875,0.3203125,0.7578125,0.75,1.046875,1.03125,0.9765625,1.046875,0.765625,0.95703125,0.87109375,1.1875,1.0234375,0.7109375,1.1328125,0.88671875,0.6875,0.5234375,0.4453125,0.3125,0.296875,0.3359375
624,624,base,0,nan,nan,0.3125,0.515625,0.5234375,0.390625,0.29296875,0.3671875,0.7421875,0.7734375,1.09375,1.03125,1.0,1.0078125,0.84375,0.98046875,0.90625,1.1875,1.0,0.6875,1.109375,0.875,0.625,0.5859375,0.4296875,0.26953125,0.28515625,0.3515625
1367,1367,base,1,nan,nan,0.3046875,0.4453125,0.4921875,0.296875,0.20703125,0.29296875,0.83203125,0.7265625,1.15625,0.953125,1.0546875,1.0625,0.828125,0.98828125,0.94921875,1.265625,1.125,0.7734375,1.2265625,0.9921875,0.8046875,0.57421875,0.4453125,0.31640625,0.30859375,0.33984375
2117,2117,base,0,nan,nan,0.30859375,0.453125,0.49609375,0.3125,0.2109375,0.33984375,0.6953125,0.80859375,1.2265625,0.890625,1.046875,0.9765625,0.8125,0.953125,0.890625,1.078125,0.96875,0.7109375,1.125,0.9375,0.63671875,0.5,0.359375,0.23828125,0.265625,0.3203125
2873,2873,base,0,nan,nan,0.2890625,0.44140625,0.4765625,0.29296875,0.23046875,0.3203125,0.7578125,0.75,1.046875,1.03125,0.9765625,1.046875,0.765625,0.95703125,0.87109375,1.1875,1.0234375,0.7109375,1.1328125,0.88671875,0.6875,0.5234375,0.4453125,0.3125,0.296875,0.3359375
625,625,base,0,nan,nan,0.30078125,0.42578125,0.5,0.3359375,0.23828125,0.3671875,0.765625,0.7734375,1.109375,1.0,0.98828125,0.97265625,0.78515625,1.015625,0.9609375,1.34375,1.1171875,0.6484375,1.1796875,0.96875,0.609375,0.56640625,0.421875,0.27734375,0.2890625,0.3046875
2118,2118,base,0,nan,nan,0.30859375,0.453125,0.49609375,0.3125,0.2109375,0.33984375,0.6953125,0.80859375,1.2265625,0.890625,1.046875,0.9765625,0.8125,0.953125,0.890625,1.078125,0.96875,0.7109375,1.125,0.9375,0.63671875,0.5,0.359375,0.23828125,0.265625,0.3203125
1368,1368,base,0,nan,nan,0.3046875,0.4453125,0.4921875,0.296875,0.20703125,0.29296875,0.83203125,0.7265625,1.15625,0.953125,1.0546875,1.0625,0.828125,0.98828125,0.94921875,1.265625,1.125,0.7734375,1.2265625,0.9921875,0.8046875,0.57421875,0.4453125,0.31640625,0.30859375,0.33984375
2874,2874,base,0,nan,nan,0.2890625,0.44140625,0.4765625,0.29296875,0.23046875,0.3203125,0.7578125,0.75,1.046875,1.03125,0.9765625,1.046875,0.765625,0.95703125,0.87109375,1.1875,1.0234375,0.7109375,1.1328125,0.88671875,0.6875,0.5234375,0.4453125,0.3125,0.296875,0.3359375
626,626,base,0,nan,nan,0.30078125,0.42578125,0.5,0.3359375,0.23828125,0.3671875,0.765625,0.7734375,1.109375,1.0,0.98828125,0.97265625,0.78515625,1.015625,0.9609375,1.34375,1.1171875,0.6484375,1.1796875,0.96875,0.609375,0.56640625,0.421875,0.27734375,0.2890625,0.3046875
2119,2119,base,0,nan,nan,0.3046875,0.453125,0.45703125,0.28125,0.20703125,0.30078125,0.8203125,0.6953125,1.125,0.921875,1.0234375,0.984375,0.8515625,0.97265625,0.9609375,1.1796875,1.0625,0.83984375,1.15625,0.9609375,0.80078125,0.6015625,0.41015625,0.26171875,0.28125,0.33984375
1369,1369,base,0,nan,nan,0.29296875,0.453125,0.47265625,0.328125,0.2578125,0.34765625,0.796875,0.7578125,1.0703125,1.015625,1.03125,0.9765625,0.80859375,0.91796875,0.8359375,1.2109375,1.0390625,0.80078125,1.1875,0.9375,0.8359375,0.640625,0.41015625,0.31640625,0.31640625,0.34765625
2875,2875,base,0,nan,nan,0.29296875,0.4609375,0.49609375,0.296875,0.21484375,0.3515625,0.75,0.76171875,1.046875,1.078125,1.0390625,1.0625,0.8359375,0.92578125,0.796875,1.09375,0.984375,0.80078125,1.1640625,0.87890625,0.8125,0.609375,0.48828125,0.3828125,0.30859375,0.33203125
627,627,base,1,nan,nan,0.30078125,0.42578125,0.5,0.3359375,0.23828125,0.3671875,0.765625,0.7734375,1.109375,1.0,0.98828125,0.97265625,0.78515625,1.015625,0.9609375,1.34375,1.1171875,0.6484375,1.1796875,0.96875,0.609375,0.56640625,0.421875,0.27734375,0.2890625,0.3046875
1370,1370,base,0,nan,nan,0.29296875,0.453125,0.47265625,0.328125,0.2578125,0.34765625,0.796875,0.7578125,1.0703125,1.015625,1.03125,0.9765625,0.80859375,0.91796875,0.8359375,1.2109375,1.0390625,0.80078125,1.1875,0.9375,0.8359375,0.640625,0.41015625,0.31640625,0.31640625,0.34765625
2120,2120,base,0,nan,nan,0.3046875,0.453125,0.45703125,0.28125,0.20703125,0.30078125,0.8203125,0.6953125,1.125,0.921875,1.0234375,0.984375,0.8515625,0.97265625,0.9609375,1.1796875,1.0625,0.83984375,1.15625,0.9609375,0.80078125,0.6015625,0.41015625,0.26171875,0.28125,0.33984375
2876,2876,base,0,nan,nan,0.29296875,0.4609375,0.49609375,0.296875,0.21484375,0.3515625,0.75,0.76171875,1.046875,1.078125,1.0390625,1.0625,0.8359375,0.92578125,0.796875,1.09375,0.984375,0.80078125,1.1640625,0.87890625,0.8125,0.609375,0.48828125,0.3828125,0.30859375,0.33203125
628,628,base,0,nan,nan,0.30078125,0.42578125,0.5,0.3359375,0.23828125,0.3671875,0.765625,0.7734375,1.109375,1.0,0.98828125,0.97265625,0.78515625,1.015625,0.9609375,1.34375,1.1171875,0.6484375,1.1796875,0.96875,0.609375,0.56640625,0.421875,0.27734375,0.2890625,0.3046875
1371,1371,base,1,nan,nan,0.29296875,0.453125,0.47265625,0.328125,0.2578125,0.34765625,0.796875,0.7578125,1.0703125,1.015625,1.03125,0.9765625,0.80859375,0.91796875,0.8359375,1.2109375,1.0390625,0.80078125,1.1875,0.9375,0.8359375,0.640625,0.41015625,0.31640625,0.31640625,0.34765625
2877,2877,base,1,nan,nan,0.29296875,0.4609375,0.49609375,0.296875,0.21484375,0.3515625,0.75,0.76171875,1.046875,1.078125,1.0390625,1.0625,0.8359375,0.92578125,0.796875,1.09375,0.984375,0.80078125,1.1640625,0.87890625,0.8125,0.609375,0.48828125,0.3828125,0.30859375,0.33203125
2121,2121,base,0,nan,nan,0.3046875,0.453125,0.45703125,0.28125,0.20703125,0.30078125,0.8203125,0.6953125,1.125,0.921875,1.0234375,0.984375,0.8515625,0.97265625,0.9609375,1.1796875,1.0625,0.83984375,1.15625,0.9609375,0.80078125,0.6015625,0.41015625,0.26171875,0.28125,0.33984375
1372,1372,base,0,nan,nan,0.29296875,0.453125,0.47265625,0.328125,0.2578125,0.34765625,0.796875,0.7578125,1.0703125,1.015625,1.03125,0.9765625,0.80859375,0.91796875,0.8359375,1.2109375,1.0390625,0.80078125,1.1875,0.9375,0.8359375,0.640625,0.41015625,0.31640625,0.31640625,0.34765625
629,629,base,0,nan,nan,0.30078125,0.42578125,0.5,0.3359375,0.23828125,0.3671875,0.765625,0.7734375,1.109375,1.0,0.98828125,0.97265625,0.78515625,1.015625,0.9609375,1.34375,1.1171875,0.6484375,1.1796875,0.96875,0.609375,0.56640625,0.421875,0.27734375,0.2890625,0.3046875
2878,2878,base,0,nan,nan,0.29296875,0.4609375,0.49609375,0.296875,0.21484375,0.3515625,0.75,0.76171875,1.046875,1.078125,1.0390625,1.0625,0.8359375,0.92578125,0.796875,1.09375,0.984375,0.80078125,1.1640625,0.87890625,0.8125,0.609375,0.48828125,0.3828125,0.30859375,0.33203125
2122,2122,base,0,nan,nan,0.3046875,0.453125,0.45703125,0.28125,0.20703125,0.30078125,0.8203125,0.6953125,1.125,0.921875,1.0234375,0.984375,0.8515625,0.97265625,0.9609375,1.1796875,1.0625,0.83984375,1.15625,0.9609375,0.80078125,0.6015625,0.41015625,0.26171875,0.28125,0.33984375
1373,1373,base,0,nan,nan,0.29296875,0.453125,0.47265625,0.328125,0.2578125,0.34765625,0.796875,0.7578125,1.0703125,1.015625,1.03125,0.9765625,0.80859375,0.91796875,0.8359375,1.2109375,1.0390625,0.80078125,1.1875,0.9375,0.8359375,0.640625,0.41015625,0.31640625,0.31640625,0.34765625
630,630,base,0,nan,nan,0.30078125,0.42578125,0.5,0.3359375,0.23828125,0.3671875,0.765625,0.7734375,1.109375,1.0,0.98828125,0.97265625,0.78515625,1.015625,0.9609375,1.34375,1.1171875,0.6484375,1.1796875,0.96875,0.609375,0.56640625,0.421875,0.27734375,0.2890625,0.3046875
2879,2879,base,0,nan,nan,0.29296875,0.4609375,0.49609375,0.296875,0.21484375,0.3515625,0.75,0.76171875,1.046875,1.078125,1.0390625,1.0625,0.8359375,0.92578125,0.796875,1.09375,0.984375,0.80078125,1.1640625,0.87890625,0.8125,0.609375,0.48828125,0.3828125,0.30859375,0.33203125
2123,2123,base,0,nan,nan,0.3046875,0.453125,0.45703125,0.28125,0.20703125,0.30078125,0.8203125,0.6953125,1.125,0.921875,1.0234375,0.984375,0.8515625,0.97265625,0.9609375,1.1796875,1.0625,0.83984375,1.15625,0.9609375,0.80078125,0.6015625,0.41015625,0.26171875,0.28125,0.33984375
1374,1374,base,0,nan,nan,0.29296875,0.453125,0.47265625,0.328125,0.2578125,0.34765625,0.796875,0.7578125,1.0703125,1.015625,1.03125,0.9765625,0.80859375,0.91796875,0.8359375,1.2109375,1.0390625,0.80078125,1.1875,0.9375,0.8359375,0.640625,0.41015625,0.31640625,0.31640625,0.34765625
631,631,base,1,nan,nan,0.2890625,0.48046875,0.546875,0.3671875,0.265625,0.3203125,0.7421875,0.76953125,1.0390625,1.15625,0.97265625,0.94140625,0.875,0.953125,0.9140625,1.3359375,1.1015625,0.734375,1.015625,0.84765625,0.59375,0.5390625,0.42578125,0.34375,0.328125,0.34375
2880,2880,base,0,nan,nan,0.29296875,0.4609375,0.49609375,0.296875,0.21484375,0.3515625,0.75,0.76171875,1.046875,1.078125,1.0390625,1.0625,0.8359375,0.92578125,0.796875,1.09375,0.984375,0.80078125,1.1640625,0.87890625,0.8125,0.609375,0.48828125,0.3828125,0.30859375,0.33203125
2124,2124,base,0,nan,nan,0.3046875,0.453125,0.45703125,0.28125,0.20703125,0.30078125,0.8203125,0.6953125,1.125,0.921875,1.0234375,0.984375,0.8515625,0.97265625,0.9609375,1.1796875,1.0625,0.83984375,1.15625,0.9609375,0.80078125,0.6015625,0.41015625,0.26171875,0.28125,0.33984375
1375,1375,base,1,nan,nan,0.3359375,0.48046875,0.4765625,0.296875,0.21484375,0.328125,0.76953125,0.72265625,1.1796875,0.9296875,1.0078125,1.015625,0.78125,0.94921875,0.90234375,1.1484375,1.0234375,0.7265625,1.1640625,0.9609375,0.71875,0.5703125,0.39453125,0.27734375,0.3203125,0.33203125
632,632,base,0,nan,nan,0.2890625,0.48046875,0.546875,0.3671875,0.265625,0.3203125,0.7421875,0.76953125,1.0390625,1.15625,0.97265625,0.94140625,0.875,0.953125,0.9140625,1.3359375,1.1015625,0.734375,1.015625,0.84765625,0.59375,0.5390625,0.42578125,0.34375,0.328125,0.34375
2881,2881,base,1,nan,nan,0.32421875,0.4609375,0.4921875,0.28515625,0.234375,0.3359375,0.76953125,0.7421875,1.1171875,1.0,1.0390625,1.046875,0.77734375,0.9453125,0.875,1.203125,0.9921875,0.7109375,1.1328125,0.87890625,0.65625,0.546875,0.37890625,0.25390625,0.296875,0.32421875
2125,2125,base,0,nan,nan,0.2890625,0.44921875,0.48046875,0.3046875,0.19921875,0.32421875,0.7890625,0.703125,1.140625,0.94921875,1.046875,1.015625,0.80078125,1.0078125,0.96875,1.234375,1.109375,0.78125,1.1796875,1.03125,0.84375,0.64453125,0.4375,0.3203125,0.36328125,0.37890625
1376,1376,base,0,nan,nan,0.3359375,0.48046875,0.4765625,0.296875,0.21484375,0.328125,0.76953125,0.72265625,1.1796875,0.9296875,1.0078125,1.015625,0.78125,0.94921875,0.90234375,1.1484375,1.0234375,0.7265625,1.1640625,0.9609375,0.71875,0.5703125,0.39453125,0.27734375,0.3203125,0.33203125
633,633,base,0,nan,nan,0.2890625,0.48046875,0.546875,0.3671875,0.265625,0.3203125,0.7421875,0.76953125,1.0390625,1.15625,0.97265625,0.94140625,0.875,0.953125,0.9140625,1.3359375,1.1015625,0.734375,1.015625,0.84765625,0.59375,0.5390625,0.42578125,0.34375,0.328125,0.34375
2882,2882,base,0,nan,nan,0.32421875,0.4609375,0.4921875,0.28515625,0.234375,0.3359375,0.76953125,0.7421875,1.1171875,1.0,1.0390625,1.046875,0.77734375,0.9453125,0.875,1.203125,0.9921875,0.7109375,1.1328125,0.87890625,0.65625,0.546875,0.37890625,0.25390625,0.296875,0.32421875
2126,2126,base,0,nan,nan,0.2890625,0.44921875,0.48046875,0.3046875,0.19921875,0.32421875,0.7890625,0.703125,1.140625,0.94921875,1.046875,1.015625,0.80078125,1.0078125,0.96875,1.234375,1.109375,0.78125,1.1796875,1.03125,0.84375,0.64453125,0.4375,0.3203125,0.36328125,0.37890625
1377,1377,base,1,nan,nan,0.3359375,0.48046875,0.4765625,0.296875,0.21484375,0.328125,0.76953125,0.72265625,1.1796875,0.9296875,1.0078125,1.015625,0.78125,0.94921875,0.90234375,1.1484375,1.0234375,0.7265625,1.1640625,0.9609375,0.71875,0.5703125,0.39453125,0.27734375,0.3203125,0.33203125
634,634,base,0,nan,nan,0.2890625,0.48046875,0.546875,0.3671875,0.265625,0.3203125,0.7421875,0.76953125,1.0390625,1.15625,0.97265625,0.94140625,0.875,0.953125,0.9140625,1.3359375,1.1015625,0.734375,1.015625,0.84765625,0.59375,0.5390625,0.42578125,0.34375,0.328125,0.34375
2883,2883,base,0,nan,nan,0.32421875,0.4609375,0.4921875,0.28515625,0.234375,0.3359375,0.76953125,0.7421875,1.1171875,1.0,1.0390625,1.046875,0.77734375,0.9453125,0.875,1.203125,0.9921875,0.7109375,1.1328125,0.87890625,0.65625,0.546875,0.37890625,0.25390625,0.296875,0.32421875
2127,2127,base,0,nan,nan,0.2890625,0.44921875,0.48046875,0.3046875,0.19921875,0.32421875,0.7890625,0.703125,1.140625,0.94921875,1.046875,1.015625,0.80078125,1.0078125,0.96875,1.234375,1.109375,0.78125,1.1796875,1.03125,0.84375,0.64453125,0.4375,0.3203125,0.36328125,0.37890625
1378,1378,base,0,nan,nan,0.3359375,0.48046875,0.4765625,0.296875,0.21484375,0.328125,0.76953125,0.72265625,1.1796875,0.9296875,1.0078125,1.015625,0.78125,0.94921875,0.90234375,1.1484375,1.0234375,0.7265625,1.1640625,0.9609375,0.71875,0.5703125,0.39453125,0.27734375,0.3203125,0.33203125
635,635,base,0,nan,nan,0.2890625,0.48046875,0.546875,0.3671875,0.265625,0.3203125,0.7421875,0.76953125,1.0390625,1.15625,0.97265625,0.94140625,0.875,0.953125,0.9140625,1.3359375,1.1015625,0.734375,1.015625,0.84765625,0.59375,0.5390625,0.42578125,0.34375,0.328125,0.34375
2884,2884,base,0,nan,nan,0.32421875,0.4609375,0.4921875,0.28515625,0.234375,0.3359375,0.76953125,0.7421875,1.1171875,1.0,1.0390625,1.046875,0.77734375,0.9453125,0.875,1.203125,0.9921875,0.7109375,1.1328125,0.87890625,0.65625,0.546875,0.37890625,0.25390625,0.296875,0.32421875
2128,2128,base,0,nan,nan,0.2890625,0.44921875,0.48046875,0.3046875,0.19921875,0.32421875,0.7890625,0.703125,1.140625,0.94921875,1.046875,1.015625,0.80078125,1.0078125,0.96875,1.234375,1.109375,0.78125,1.1796875,1.03125,0.84375,0.64453125,0.4375,0.3203125,0.36328125,0.37890625
1379,1379,base,0,nan,nan,0.3359375,0.48046875,0.4765625,0.296875,0.21484375,0.328125,0.76953125,0.72265625,1.1796875,0.9296875,1.0078125,1.015625,0.78125,0.94921875,0.90234375,1.1484375,1.0234375,0.7265625,1.1640625,0.9609375,0.71875,0.5703125,0.39453125,0.27734375,0.3203125,0.33203125
636,636,base,0,nan,nan,0.2890625,0.48046875,0.546875,0.3671875,0.265625,0.3203125,0.7421875,0.76953125,1.0390625,1.15625,0.97265625,0.94140625,0.875,0.953125,0.9140625,1.3359375,1.1015625,0.734375,1.015625,0.84765625,0.59375,0.5390625,0.42578125,0.34375,0.328125,0.34375
2885,2885,base,0,nan,nan,0.32421875,0.4609375,0.4921875,0.28515625,0.234375,0.3359375,0.76953125,0.7421875,1.1171875,1.0,1.0390625,1.046875,0.77734375,0.9453125,0.875,1.203125,0.9921875,0.7109375,1.1328125,0.87890625,0.65625,0.546875,0.37890625,0.25390625,0.296875,0.32421875
2129,2129,base,0,nan,nan,0.2890625,0.44921875,0.48046875,0.3046875,0.19921875,0.32421875,0.7890625,0.703125,1.140625,0.94921875,1.046875,1.015625,0.80078125,1.0078125,0.96875,1.234375,1.109375,0.78125,1.1796875,1.03125,0.84375,0.64453125,0.4375,0.3203125,0.36328125,0.37890625
1380,1380,base,0,nan,nan,0.3359375,0.48046875,0.4765625,0.296875,0.21484375,0.328125,0.76953125,0.72265625,1.1796875,0.9296875,1.0078125,1.015625,0.78125,0.94921875,0.90234375,1.1484375,1.0234375,0.7265625,1.1640625,0.9609375,0.71875,0.5703125,0.39453125,0.27734375,0.3203125,0.33203125
637,637,base,1,nan,nan,0.3046875,0.4453125,0.46484375,0.31640625,0.203125,0.34765625,0.8046875,0.703125,1.1640625,0.921875,1.0390625,1.046875,0.77734375,0.9609375,0.9609375,1.1484375,1.0390625,0.84765625,1.1484375,0.984375,0.8359375,0.6328125,0.43359375,0.30859375,0.35546875,0.36328125
2886,2886,base,0,nan,nan,0.32421875,0.4609375,0.4921875,0.28515625,0.234375,0.3359375,0.76953125,0.7421875,1.1171875,1.0,1.0390625,1.046875,0.77734375,0.9453125,0.875,1.203125,0.9921875,0.7109375,1.1328125,0.87890625,0.65625,0.546875,0.37890625,0.25390625,0.296875,0.32421875
2130,2130,base,0,nan,nan,0.2890625,0.44921875,0.48046875,0.3046875,0.19921875,0.32421875,0.7890625,0.703125,1.140625,0.94921875,1.046875,1.015625,0.80078125,1.0078125,0.96875,1.234375,1.109375,0.78125,1.1796875,1.03125,0.84375,0.64453125,0.4375,0.3203125,0.36328125,0.37890625
1381,1381,base,0,nan,nan,0.30859375,0.4921875,0.49609375,0.29296875,0.2109375,0.296875,0.81640625,0.734375,1.140625,0.9375,1.0078125,1.0078125,0.78125,1.0390625,1.0390625,1.2421875,1.1015625,0.7578125,1.1640625,0.984375,0.73828125,0.5859375,0.3984375,0.28125,0.27734375,0.27734375
638,638,base,0,nan,nan,0.3046875,0.4453125,0.46484375,0.31640625,0.203125,0.34765625,0.8046875,0.703125,1.1640625,0.921875,1.0390625,1.046875,0.77734375,0.9609375,0.9609375,1.1484375,1.0390625,0.84765625,1.1484375,0.984375,0.8359375,0.6328125,0.43359375,0.30859375,0.35546875,0.36328125
2887,2887,base,1,nan,nan,0.2890625,0.4453125,0.515625,0.296875,0.2265625,0.3359375,0.734375,0.8046875,1.09375,0.984375,0.9921875,0.98828125,0.7265625,0.953125,0.890625,1.2109375,1.0234375,0.6796875,1.125,0.92578125,0.6171875,0.546875,0.40625,0.26953125,0.296875,0.296875
2131,2131,base,0,nan,nan,0.3046875,0.4453125,0.5234375,0.36328125,0.2265625,0.3359375,0.73046875,0.7421875,1.0625,1.0234375,0.98046875,0.9921875,0.8203125,0.92578125,0.89453125,1.234375,1.09375,0.6953125,1.125,0.8828125,0.7109375,0.5703125,0.421875,0.33203125,0.30078125,0.3046875
1382,1382,base,0,nan,nan,0.30859375,0.4921875,0.49609375,0.29296875,0.2109375,0.296875,0.81640625,0.734375,1.140625,0.9375,1.0078125,1.0078125,0.78125,1.0390625,1.0390625,1.2421875,1.1015625,0.7578125,1.1640625,0.984375,0.73828125,0.5859375,0.3984375,0.28125,0.27734375,0.27734375
2888,2888,base,0,nan,nan,0.2890625,0.4453125,0.515625,0.296875,0.2265625,0.3359375,0.734375,0.8046875,1.09375,0.984375,0.9921875,0.98828125,0.7265625,0.953125,0.890625,1.2109375,1.0234375,0.6796875,1.125,0.92578125,0.6171875,0.546875,0.40625,0.26953125,0.296875,0.296875
639,639,base,0,nan,nan,0.3046875,0.4453125,0.46484375,0.31640625,0.203125,0.34765625,0.8046875,0.703125,1.1640625,0.921875,1.0390625,1.046875,0.77734375,0.9609375,0.9609375,1.1484375,1.0390625,0.84765625,1.1484375,0.984375,0.8359375,0.6328125,0.43359375,0.30859375,0.35546875,0.36328125
2132,2132,base,0,nan,nan,0.3046875,0.4453125,0.5234375,0.36328125,0.2265625,0.3359375,0.73046875,0.7421875,1.0625,1.0234375,0.98046875,0.9921875,0.8203125,0.92578125,0.89453125,1.234375,1.09375,0.6953125,1.125,0.8828125,0.7109375,0.5703125,0.421875,0.33203125,0.30078125,0.3046875
1383,1383,base,0,nan,nan,0.30859375,0.4921875,0.49609375,0.29296875,0.2109375,0.296875,0.81640625,0.734375,1.140625,0.9375,1.0078125,1.0078125,0.78125,1.0390625,1.0390625,1.2421875,1.1015625,0.7578125,1.1640625,0.984375,0.73828125,0.5859375,0.3984375,0.28125,0.27734375,0.27734375
2889,2889,base,0,nan,nan,0.2890625,0.4453125,0.515625,0.296875,0.2265625,0.3359375,0.734375,0.8046875,1.09375,0.984375,0.9921875,0.98828125,0.7265625,0.953125,0.890625,1.2109375,1.0234375,0.6796875,1.125,0.92578125,0.6171875,0.546875,0.40625,0.26953125,0.296875,0.296875
640,640,base,0,nan,nan,0.3046875,0.4453125,0.46484375,0.31640625,0.203125,0.34765625,0.8046875,0.703125,1.1640625,0.921875,1.0390625,1.046875,0.77734375,0.9609375,0.9609375,1.1484375,1.0390625,0.84765625,1.1484375,0.984375,0.8359375,0.6328125,0.43359375,0.30859375,0.35546875,0.36328125
2133,2133,base,0,nan,nan,0.3046875,0.4453125,0.5234375,0.36328125,0.2265625,0.3359375,0.73046875,0.7421875,1.0625,1.0234375,0.98046875,0.9921875,0.8203125,0.92578125,0.89453125,1.234375,1.09375,0.6953125,1.125,0.8828125,0.7109375,0.5703125,0.421875,0.33203125,0.30078125,0.3046875
1384,1384,base,0,nan,nan,0.30859375,0.4921875,0.49609375,0.29296875,0.2109375,0.296875,0.81640625,0.734375,1.140625,0.9375,1.0078125,1.0078125,0.78125,1.0390625,1.0390625,1.2421875,1.1015625,0.7578125,1.1640625,0.984375,0.73828125,0.5859375,0.3984375,0.28125,0.27734375,0.27734375
2890,2890,base,0,nan,nan,0.2890625,0.4453125,0.515625,0.296875,0.2265625,0.3359375,0.734375,0.8046875,1.09375,0.984375,0.9921875,0.98828125,0.7265625,0.953125,0.890625,1.2109375,1.0234375,0.6796875,1.125,0.92578125,0.6171875,0.546875,0.40625,0.26953125,0.296875,0.296875
641,641,base,1,nan,nan,0.3046875,0.4453125,0.46484375,0.31640625,0.203125,0.34765625,0.8046875,0.703125,1.1640625,0.921875,1.0390625,1.046875,0.77734375,0.9609375,0.9609375,1.1484375,1.0390625,0.84765625,1.1484375,0.984375,0.8359375,0.6328125,0.43359375,0.30859375,0.35546875,0.36328125
2134,2134,base,0,nan,nan,0.3046875,0.4453125,0.5234375,0.36328125,0.2265625,0.3359375,0.73046875,0.7421875,1.0625,1.0234375,0.98046875,0.9921875,0.8203125,0.92578125,0.89453125,1.234375,1.09375,0.6953125,1.125,0.8828125,0.7109375,0.5703125,0.421875,0.33203125,0.30078125,0.3046875
1385,1385,base,0,nan,nan,0.30859375,0.4921875,0.49609375,0.29296875,0.2109375,0.296875,0.81640625,0.734375,1.140625,0.9375,1.0078125,1.0078125,0.78125,1.0390625,1.0390625,1.2421875,1.1015625,0.7578125,1.1640625,0.984375,0.73828125,0.5859375,0.3984375,0.28125,0.27734375,0.27734375
2891,2891,base,0,nan,nan,0.2890625,0.4453125,0.515625,0.296875,0.2265625,0.3359375,0.734375,0.8046875,1.09375,0.984375,0.9921875,0.98828125,0.7265625,0.953125,0.890625,1.2109375,1.0234375,0.6796875,1.125,0.92578125,0.6171875,0.546875,0.40625,0.26953125,0.296875,0.296875
642,642,base,0,nan,nan,0.3046875,0.4453125,0.46484375,0.31640625,0.203125,0.34765625,0.8046875,0.703125,1.1640625,0.921875,1.0390625,1.046875,0.77734375,0.9609375,0.9609375,1.1484375,1.0390625,0.84765625,1.1484375,0.984375,0.8359375,0.6328125,0.43359375,0.30859375,0.35546875,0.36328125
2135,2135,base,0,nan,nan,0.3046875,0.4453125,0.5234375,0.36328125,0.2265625,0.3359375,0.73046875,0.7421875,1.0625,1.0234375,0.98046875,0.9921875,0.8203125,0.92578125,0.89453125,1.234375,1.09375,0.6953125,1.125,0.8828125,0.7109375,0.5703125,0.421875,0.33203125,0.30078125,0.3046875
1386,1386,base,0,nan,nan,0.30859375,0.4921875,0.49609375,0.29296875,0.2109375,0.296875,0.81640625,0.734375,1.140625,0.9375,1.0078125,1.0078125,0.78125,1.0390625,1.0390625,1.2421875,1.1015625,0.7578125,1.1640625,0.984375,0.73828125,0.5859375,0.3984375,0.28125,0.27734375,0.27734375
2892,2892,base,0,nan,nan,0.2890625,0.4453125,0.515625,0.296875,0.2265625,0.3359375,0.734375,0.8046875,1.09375,0.984375,0.9921875,0.98828125,0.7265625,0.953125,0.890625,1.2109375,1.0234375,0.6796875,1.125,0.92578125,0.6171875,0.546875,0.40625,0.26953125,0.296875,0.296875
643,643,base,0,nan,nan,0.3046875,0.4296875,0.51171875,0.3203125,0.23828125,0.34765625,0.73046875,0.765625,1.125,0.92578125,1.0,1.015625,0.7421875,0.9609375,0.921875,1.2890625,1.109375,0.6484375,1.09375,0.8828125,0.625,0.5390625,0.37890625,0.26953125,0.296875,0.30078125
2136,2136,base,0,nan,nan,0.3046875,0.4453125,0.5234375,0.36328125,0.2265625,0.3359375,0.73046875,0.7421875,1.0625,1.0234375,0.98046875,0.9921875,0.8203125,0.92578125,0.89453125,1.234375,1.09375,0.6953125,1.125,0.8828125,0.7109375,0.5703125,0.421875,0.33203125,0.30078125,0.3046875
1387,1387,base,1,nan,nan,0.31640625,0.44140625,0.4921875,0.29296875,0.21484375,0.328125,0.8125,0.703125,1.1640625,0.89453125,0.9609375,1.03125,0.72265625,0.921875,0.8828125,1.21875,1.0546875,0.7109375,1.203125,0.9765625,0.6796875,0.52734375,0.3828125,0.265625,0.2890625,0.30078125
2893,2893,base,1,nan,nan,0.3125,0.484375,0.5546875,0.34765625,0.2421875,0.34765625,0.76953125,0.87109375,1.015625,1.1015625,0.99609375,0.95703125,0.78125,1.03125,1.0,1.3671875,1.0703125,0.69140625,1.234375,0.99609375,0.70703125,0.6328125,0.5078125,0.40625,0.44921875,0.41796875
2137,2137,base,0,nan,nan,0.30859375,0.484375,0.546875,0.35546875,0.2109375,0.2890625,0.78125,0.796875,1.0859375,1.0390625,0.9921875,1.0078125,0.7734375,0.9921875,0.94921875,1.28125,1.0625,0.73046875,1.1640625,1.03125,0.7265625,0.5859375,0.46484375,0.359375,0.3359375,0.37109375
644,644,base,0,nan,nan,0.3046875,0.4296875,0.51171875,0.3203125,0.23828125,0.34765625,0.73046875,0.765625,1.125,0.92578125,1.0,1.015625,0.7421875,0.9609375,0.921875,1.2890625,1.109375,0.6484375,1.09375,0.8828125,0.625,0.5390625,0.37890625,0.26953125,0.296875,0.30078125
1388,1388,base,0,nan,nan,0.31640625,0.44140625,0.4921875,0.29296875,0.21484375,0.328125,0.8125,0.703125,1.1640625,0.89453125,0.9609375,1.03125,0.72265625,0.921875,0.8828125,1.21875,1.0546875,0.7109375,1.203125,0.9765625,0.6796875,0.52734375,0.3828125,0.265625,0.2890625,0.30078125
2894,2894,base,0,nan,nan,0.3125,0.484375,0.5546875,0.34765625,0.2421875,0.34765625,0.76953125,0.87109375,1.015625,1.1015625,0.99609375,0.95703125,0.78125,1.03125,1.0,1.3671875,1.0703125,0.69140625,1.234375,0.99609375,0.70703125,0.6328125,0.5078125,0.40625,0.44921875,0.41796875
2138,2138,base,0,nan,nan,0.30859375,0.484375,0.546875,0.35546875,0.2109375,0.2890625,0.78125,0.796875,1.0859375,1.0390625,0.9921875,1.0078125,0.7734375,0.9921875,0.94921875,1.28125,1.0625,0.73046875,1.1640625,1.03125,0.7265625,0.5859375,0.46484375,0.359375,0.3359375,0.37109375
645,645,base,0,nan,nan,0.3046875,0.4296875,0.51171875,0.3203125,0.23828125,0.34765625,0.73046875,0.765625,1.125,0.92578125,1.0,1.015625,0.7421875,0.9609375,0.921875,1.2890625,1.109375,0.6484375,1.09375,0.8828125,0.625,0.5390625,0.37890625,0.26953125,0.296875,0.30078125
2895,2895,base,0,nan,nan,0.3125,0.484375,0.5546875,0.34765625,0.2421875,0.34765625,0.76953125,0.87109375,1.015625,1.1015625,0.99609375,0.95703125,0.78125,1.03125,1.0,1.3671875,1.0703125,0.69140625,1.234375,0.99609375,0.70703125,0.6328125,0.5078125,0.40625,0.44921875,0.41796875
1389,1389,base,0,nan,nan,0.31640625,0.44140625,0.4921875,0.29296875,0.21484375,0.328125,0.8125,0.703125,1.1640625,0.89453125,0.9609375,1.03125,0.72265625,0.921875,0.8828125,1.21875,1.0546875,0.7109375,1.203125,0.9765625,0.6796875,0.52734375,0.3828125,0.265625,0.2890625,0.30078125
2139,2139,base,0,nan,nan,0.30859375,0.484375,0.546875,0.35546875,0.2109375,0.2890625,0.78125,0.796875,1.0859375,1.0390625,0.9921875,1.0078125,0.7734375,0.9921875,0.94921875,1.28125,1.0625,0.73046875,1.1640625,1.03125,0.7265625,0.5859375,0.46484375,0.359375,0.3359375,0.37109375
646,646,base,0,nan,nan,0.3046875,0.4296875,0.51171875,0.3203125,0.23828125,0.34765625,0.73046875,0.765625,1.125,0.92578125,1.0,1.015625,0.7421875,0.9609375,0.921875,1.2890625,1.109375,0.6484375,1.09375,0.8828125,0.625,0.5390625,0.37890625,0.26953125,0.296875,0.30078125
2140,2140,base,0,nan,nan,0.30859375,0.484375,0.546875,0.35546875,0.2109375,0.2890625,0.78125,0.796875,1.0859375,1.0390625,0.9921875,1.0078125,0.7734375,0.9921875,0.94921875,1.28125,1.0625,0.73046875,1.1640625,1.03125,0.7265625,0.5859375,0.46484375,0.359375,0.3359375,0.37109375
2896,2896,base,0,nan,nan,0.3125,0.484375,0.5546875,0.34765625,0.2421875,0.34765625,0.76953125,0.87109375,1.015625,1.1015625,0.99609375,0.95703125,0.78125,1.03125,1.0,1.3671875,1.0703125,0.69140625,1.234375,0.99609375,0.70703125,0.6328125,0.5078125,0.40625,0.44921875,0.41796875
1390,1390,base,0,nan,nan,0.31640625,0.44140625,0.4921875,0.29296875,0.21484375,0.328125,0.8125,0.703125,1.1640625,0.89453125,0.9609375,1.03125,0.72265625,0.921875,0.8828125,1.21875,1.0546875,0.7109375,1.203125,0.9765625,0.6796875,0.52734375,0.3828125,0.265625,0.2890625,0.30078125
2141,2141,base,1,nan,nan,0.30859375,0.484375,0.546875,0.35546875,0.2109375,0.2890625,0.78125,0.796875,1.0859375,1.0390625,0.9921875,1.0078125,0.7734375,0.9921875,0.94921875,1.28125,1.0625,0.73046875,1.1640625,1.03125,0.7265625,0.5859375,0.46484375,0.359375,0.3359375,0.37109375
647,647,base,1,nan,nan,0.3046875,0.4296875,0.51171875,0.3203125,0.23828125,0.34765625,0.73046875,0.765625,1.125,0.92578125,1.0,1.015625,0.7421875,0.9609375,0.921875,1.2890625,1.109375,0.6484375,1.09375,0.8828125,0.625,0.5390625,0.37890625,0.26953125,0.296875,0.30078125
2897,2897,base,0,nan,nan,0.3125,0.484375,0.5546875,0.34765625,0.2421875,0.34765625,0.76953125,0.87109375,1.015625,1.1015625,0.99609375,0.95703125,0.78125,1.03125,1.0,1.3671875,1.0703125,0.69140625,1.234375,0.99609375,0.70703125,0.6328125,0.5078125,0.40625,0.44921875,0.41796875
1391,1391,base,0,nan,nan,0.31640625,0.44140625,0.4921875,0.29296875,0.21484375,0.328125,0.8125,0.703125,1.1640625,0.89453125,0.9609375,1.03125,0.72265625,0.921875,0.8828125,1.21875,1.0546875,0.7109375,1.203125,0.9765625,0.6796875,0.52734375,0.3828125,0.265625,0.2890625,0.30078125
2142,2142,base,0,nan,nan,0.30859375,0.484375,0.546875,0.35546875,0.2109375,0.2890625,0.78125,0.796875,1.0859375,1.0390625,0.9921875,1.0078125,0.7734375,0.9921875,0.94921875,1.28125,1.0625,0.73046875,1.1640625,1.03125,0.7265625,0.5859375,0.46484375,0.359375,0.3359375,0.37109375
2898,2898,base,0,nan,nan,0.3125,0.484375,0.5546875,0.34765625,0.2421875,0.34765625,0.76953125,0.87109375,1.015625,1.1015625,0.99609375,0.95703125,0.78125,1.03125,1.0,1.3671875,1.0703125,0.69140625,1.234375,0.99609375,0.70703125,0.6328125,0.5078125,0.40625,0.44921875,0.41796875
648,648,base,0,nan,nan,0.3046875,0.4296875,0.51171875,0.3203125,0.23828125,0.34765625,0.73046875,0.765625,1.125,0.92578125,1.0,1.015625,0.7421875,0.9609375,0.921875,1.2890625,1.109375,0.6484375,1.09375,0.8828125,0.625,0.5390625,0.37890625,0.26953125,0.296875,0.30078125
1392,1392,base,0,nan,nan,0.31640625,0.44140625,0.4921875,0.29296875,0.21484375,0.328125,0.8125,0.703125,1.1640625,0.89453125,0.9609375,1.03125,0.72265625,0.921875,0.8828125,1.21875,1.0546875,0.7109375,1.203125,0.9765625,0.6796875,0.52734375,0.3828125,0.265625,0.2890625,0.30078125
2143,2143,base,0,nan,nan,0.296875,0.44140625,0.46484375,0.26953125,0.20703125,0.3125,0.7890625,0.71484375,1.1484375,0.9296875,1.015625,1.0078125,0.8125,0.98046875,0.9375,1.2265625,1.0703125,0.765625,1.1953125,0.96875,0.7578125,0.58984375,0.37890625,0.28125,0.29296875,0.32421875
2899,2899,base,1,nan,nan,0.30859375,0.453125,0.47265625,0.2890625,0.2109375,0.30078125,0.80078125,0.71875,1.1796875,0.91015625,1.0234375,1.046875,0.8515625,0.984375,0.921875,1.203125,1.0859375,0.7890625,1.140625,0.93359375,0.7890625,0.64453125,0.4375,0.29296875,0.34375,0.3515625
649,649,base,0,nan,nan,0.29296875,0.43359375,0.4609375,0.27734375,0.2109375,0.328125,0.80859375,0.71484375,1.1953125,0.8671875,1.046875,1.0390625,0.8359375,0.98046875,0.94921875,1.15625,1.078125,0.79296875,1.1953125,0.9921875,0.78125,0.59375,0.40625,0.27734375,0.27734375,0.30078125
1393,1393,base,0,nan,nan,0.3125,0.44140625,0.4765625,0.29296875,0.19140625,0.3203125,0.7578125,0.7265625,1.15625,0.95703125,1.0234375,1.0078125,0.765625,1.0078125,0.9765625,1.1640625,1.0234375,0.74609375,1.1875,1.015625,0.671875,0.5078125,0.38671875,0.28125,0.296875,0.30078125
2144,2144,base,0,nan,nan,0.296875,0.44140625,0.46484375,0.26953125,0.20703125,0.3125,0.7890625,0.71484375,1.1484375,0.9296875,1.015625,1.0078125,0.8125,0.98046875,0.9375,1.2265625,1.0703125,0.765625,1.1953125,0.96875,0.7578125,0.58984375,0.37890625,0.28125,0.29296875,0.32421875
2900,2900,base,0,nan,nan,0.30859375,0.453125,0.47265625,0.2890625,0.2109375,0.30078125,0.80078125,0.71875,1.1796875,0.91015625,1.0234375,1.046875,0.8515625,0.984375,0.921875,1.203125,1.0859375,0.7890625,1.140625,0.93359375,0.7890625,0.64453125,0.4375,0.29296875,0.34375,0.3515625
650,650,base,0,nan,nan,0.29296875,0.43359375,0.4609375,0.27734375,0.2109375,0.328125,0.80859375,0.71484375,1.1953125,0.8671875,1.046875,1.0390625,0.8359375,0.98046875,0.94921875,1.15625,1.078125,0.79296875,1.1953125,0.9921875,0.78125,0.59375,0.40625,0.27734375,0.27734375,0.30078125
1394,1394,base,0,nan,nan,0.3125,0.44140625,0.4765625,0.29296875,0.19140625,0.3203125,0.7578125,0.7265625,1.15625,0.95703125,1.0234375,1.0078125,0.765625,1.0078125,0.9765625,1.1640625,1.0234375,0.74609375,1.1875,1.015625,0.671875,0.5078125,0.38671875,0.28125,0.296875,0.30078125
2145,2145,base,0,nan,nan,0.296875,0.44140625,0.46484375,0.26953125,0.20703125,0.3125,0.7890625,0.71484375,1.1484375,0.9296875,1.015625,1.0078125,0.8125,0.98046875,0.9375,1.2265625,1.0703125,0.765625,1.1953125,0.96875,0.7578125,0.58984375,0.37890625,0.28125,0.29296875,0.32421875
2901,2901,base,0,nan,nan,0.30859375,0.453125,0.47265625,0.2890625,0.2109375,0.30078125,0.80078125,0.71875,1.1796875,0.91015625,1.0234375,1.046875,0.8515625,0.984375,0.921875,1.203125,1.0859375,0.7890625,1.140625,0.93359375,0.7890625,0.64453125,0.4375,0.29296875,0.34375,0.3515625
651,651,base,1,nan,nan,0.29296875,0.43359375,0.4609375,0.27734375,0.2109375,0.328125,0.80859375,0.71484375,1.1953125,0.8671875,1.046875,1.0390625,0.8359375,0.98046875,0.94921875,1.15625,1.078125,0.79296875,1.1953125,0.9921875,0.78125,0.59375,0.40625,0.27734375,0.27734375,0.30078125
1395,1395,base,0,nan,nan,0.3125,0.44140625,0.4765625,0.29296875,0.19140625,0.3203125,0.7578125,0.7265625,1.15625,0.95703125,1.0234375,1.0078125,0.765625,1.0078125,0.9765625,1.1640625,1.0234375,0.74609375,1.1875,1.015625,0.671875,0.5078125,0.38671875,0.28125,0.296875,0.30078125
2146,2146,base,0,nan,nan,0.296875,0.44140625,0.46484375,0.26953125,0.20703125,0.3125,0.7890625,0.71484375,1.1484375,0.9296875,1.015625,1.0078125,0.8125,0.98046875,0.9375,1.2265625,1.0703125,0.765625,1.1953125,0.96875,0.7578125,0.58984375,0.37890625,0.28125,0.29296875,0.32421875
2902,2902,base,0,nan,nan,0.30859375,0.453125,0.47265625,0.2890625,0.2109375,0.30078125,0.80078125,0.71875,1.1796875,0.91015625,1.0234375,1.046875,0.8515625,0.984375,0.921875,1.203125,1.0859375,0.7890625,1.140625,0.93359375,0.7890625,0.64453125,0.4375,0.29296875,0.34375,0.3515625
652,652,base,0,nan,nan,0.29296875,0.43359375,0.4609375,0.27734375,0.2109375,0.328125,0.80859375,0.71484375,1.1953125,0.8671875,1.046875,1.0390625,0.8359375,0.98046875,0.94921875,1.15625,1.078125,0.79296875,1.1953125,0.9921875,0.78125,0.59375,0.40625,0.27734375,0.27734375,0.30078125
1396,1396,base,0,nan,nan,0.3125,0.44140625,0.4765625,0.29296875,0.19140625,0.3203125,0.7578125,0.7265625,1.15625,0.95703125,1.0234375,1.0078125,0.765625,1.0078125,0.9765625,1.1640625,1.0234375,0.74609375,1.1875,1.015625,0.671875,0.5078125,0.38671875,0.28125,0.296875,0.30078125
2147,2147,base,1,nan,nan,0.296875,0.44140625,0.46484375,0.26953125,0.20703125,0.3125,0.7890625,0.71484375,1.1484375,0.9296875,1.015625,1.0078125,0.8125,0.98046875,0.9375,1.2265625,1.0703125,0.765625,1.1953125,0.96875,0.7578125,0.58984375,0.37890625,0.28125,0.29296875,0.32421875
2903,2903,base,0,nan,nan,0.30859375,0.453125,0.47265625,0.2890625,0.2109375,0.30078125,0.80078125,0.71875,1.1796875,0.91015625,1.0234375,1.046875,0.8515625,0.984375,0.921875,1.203125,1.0859375,0.7890625,1.140625,0.93359375,0.7890625,0.64453125,0.4375,0.29296875,0.34375,0.3515625
653,653,base,1,nan,nan,0.29296875,0.43359375,0.4609375,0.27734375,0.2109375,0.328125,0.80859375,0.71484375,1.1953125,0.8671875,1.046875,1.0390625,0.8359375,0.98046875,0.94921875,1.15625,1.078125,0.79296875,1.1953125,0.9921875,0.78125,0.59375,0.40625,0.27734375,0.27734375,0.30078125
2148,2148,base,0,nan,nan,0.296875,0.44140625,0.46484375,0.26953125,0.20703125,0.3125,0.7890625,0.71484375,1.1484375,0.9296875,1.015625,1.0078125,0.8125,0.98046875,0.9375,1.2265625,1.0703125,0.765625,1.1953125,0.96875,0.7578125,0.58984375,0.37890625,0.28125,0.29296875,0.32421875
1397,1397,base,0,nan,nan,0.3125,0.44140625,0.4765625,0.29296875,0.19140625,0.3203125,0.7578125,0.7265625,1.15625,0.95703125,1.0234375,1.0078125,0.765625,1.0078125,0.9765625,1.1640625,1.0234375,0.74609375,1.1875,1.015625,0.671875,0.5078125,0.38671875,0.28125,0.296875,0.30078125
2904,2904,base,0,nan,nan,0.30859375,0.453125,0.47265625,0.2890625,0.2109375,0.30078125,0.80078125,0.71875,1.1796875,0.91015625,1.0234375,1.046875,0.8515625,0.984375,0.921875,1.203125,1.0859375,0.7890625,1.140625,0.93359375,0.7890625,0.64453125,0.4375,0.29296875,0.34375,0.3515625
654,654,base,0,nan,nan,0.29296875,0.43359375,0.4609375,0.27734375,0.2109375,0.328125,0.80859375,0.71484375,1.1953125,0.8671875,1.046875,1.0390625,0.8359375,0.98046875,0.94921875,1.15625,1.078125,0.79296875,1.1953125,0.9921875,0.78125,0.59375,0.40625,0.27734375,0.27734375,0.30078125
2149,2149,base,0,nan,nan,0.3046875,0.46484375,0.52734375,0.33203125,0.23828125,0.41015625,0.76171875,0.796875,1.09375,1.0546875,0.93359375,0.94140625,0.8125,0.94921875,0.8984375,1.2421875,1.0234375,0.6953125,1.0625,0.828125,0.6875,0.59375,0.453125,0.296875,0.31640625,0.32421875
1398,1398,base,0,nan,nan,0.3125,0.44140625,0.4765625,0.29296875,0.19140625,0.3203125,0.7578125,0.7265625,1.15625,0.95703125,1.0234375,1.0078125,0.765625,1.0078125,0.9765625,1.1640625,1.0234375,0.74609375,1.1875,1.015625,0.671875,0.5078125,0.38671875,0.28125,0.296875,0.30078125
2905,2905,base,1,nan,nan,0.3125,0.47265625,0.49609375,0.328125,0.22265625,0.3671875,0.81640625,0.7109375,1.109375,1.0,1.0,1.0078125,0.81640625,0.9375,0.8671875,1.2265625,1.0546875,0.8203125,1.171875,0.99609375,0.87109375,0.73046875,0.48046875,0.38671875,0.42578125,0.41015625
655,655,base,1,nan,nan,0.31640625,0.4375,0.5,0.34375,0.20703125,0.3828125,0.78125,0.7265625,1.09375,0.9921875,1.0078125,0.9921875,0.86328125,0.92578125,0.91796875,1.2734375,1.109375,0.7109375,1.0859375,0.91796875,0.72265625,0.6015625,0.4375,0.3515625,0.328125,0.30078125
2150,2150,base,0,nan,nan,0.3046875,0.46484375,0.52734375,0.33203125,0.23828125,0.41015625,0.76171875,0.796875,1.09375,1.0546875,0.93359375,0.94140625,0.8125,0.94921875,0.8984375,1.2421875,1.0234375,0.6953125,1.0625,0.828125,0.6875,0.59375,0.453125,0.296875,0.31640625,0.32421875
2906,2906,base,0,nan,nan,0.3125,0.47265625,0.49609375,0.328125,0.22265625,0.3671875,0.81640625,0.7109375,1.109375,1.0,1.0,1.0078125,0.81640625,0.9375,0.8671875,1.2265625,1.0546875,0.8203125,1.171875,0.99609375,0.87109375,0.73046875,0.48046875,0.38671875,0.42578125,0.41015625
1399,1399,base,1,nan,nan,0.29296875,0.4453125,0.50390625,0.2890625,0.19921875,0.328125,0.7734375,0.7265625,1.109375,0.93359375,1.0234375,1.03125,0.828125,0.98046875,0.9375,1.203125,1.09375,0.734375,1.2109375,0.9453125,0.75390625,0.6015625,0.3828125,0.24609375,0.2890625,0.30859375
656,656,base,0,nan,nan,0.31640625,0.4375,0.5,0.34375,0.20703125,0.3828125,0.78125,0.7265625,1.09375,0.9921875,1.0078125,0.9921875,0.86328125,0.92578125,0.91796875,1.2734375,1.109375,0.7109375,1.0859375,0.91796875,0.72265625,0.6015625,0.4375,0.3515625,0.328125,0.30078125
2151,2151,base,0,nan,nan,0.3046875,0.46484375,0.52734375,0.33203125,0.23828125,0.41015625,0.76171875,0.796875,1.09375,1.0546875,0.93359375,0.94140625,0.8125,0.94921875,0.8984375,1.2421875,1.0234375,0.6953125,1.0625,0.828125,0.6875,0.59375,0.453125,0.296875,0.31640625,0.32421875
2907,2907,base,1,nan,nan,0.3125,0.47265625,0.49609375,0.328125,0.22265625,0.3671875,0.81640625,0.7109375,1.109375,1.0,1.0,1.0078125,0.81640625,0.9375,0.8671875,1.2265625,1.0546875,0.8203125,1.171875,0.99609375,0.87109375,0.73046875,0.48046875,0.38671875,0.42578125,0.41015625
1400,1400,base,0,nan,nan,0.29296875,0.4453125,0.50390625,0.2890625,0.19921875,0.328125,0.7734375,0.7265625,1.109375,0.93359375,1.0234375,1.03125,0.828125,0.98046875,0.9375,1.203125,1.09375,0.734375,1.2109375,0.9453125,0.75390625,0.6015625,0.3828125,0.24609375,0.2890625,0.30859375
657,657,base,0,nan,nan,0.31640625,0.4375,0.5,0.34375,0.20703125,0.3828125,0.78125,0.7265625,1.09375,0.9921875,1.0078125,0.9921875,0.86328125,0.92578125,0.91796875,1.2734375,1.109375,0.7109375,1.0859375,0.91796875,0.72265625,0.6015625,0.4375,0.3515625,0.328125,0.30078125
2908,2908,base,0,nan,nan,0.3125,0.47265625,0.49609375,0.328125,0.22265625,0.3671875,0.81640625,0.7109375,1.109375,1.0,1.0,1.0078125,0.81640625,0.9375,0.8671875,1.2265625,1.0546875,0.8203125,1.171875,0.99609375,0.87109375,0.73046875,0.48046875,0.38671875,0.42578125,0.41015625
2152,2152,base,0,nan,nan,0.3046875,0.46484375,0.52734375,0.33203125,0.23828125,0.41015625,0.76171875,0.796875,1.09375,1.0546875,0.93359375,0.94140625,0.8125,0.94921875,0.8984375,1.2421875,1.0234375,0.6953125,1.0625,0.828125,0.6875,0.59375,0.453125,0.296875,0.31640625,0.32421875
1401,1401,base,0,nan,nan,0.29296875,0.4453125,0.50390625,0.2890625,0.19921875,0.328125,0.7734375,0.7265625,1.109375,0.93359375,1.0234375,1.03125,0.828125,0.98046875,0.9375,1.203125,1.09375,0.734375,1.2109375,0.9453125,0.75390625,0.6015625,0.3828125,0.24609375,0.2890625,0.30859375
658,658,base,0,nan,nan,0.31640625,0.4375,0.5,0.34375,0.20703125,0.3828125,0.78125,0.7265625,1.09375,0.9921875,1.0078125,0.9921875,0.86328125,0.92578125,0.91796875,1.2734375,1.109375,0.7109375,1.0859375,0.91796875,0.72265625,0.6015625,0.4375,0.3515625,0.328125,0.30078125
2909,2909,base,0,nan,nan,0.3125,0.47265625,0.49609375,0.328125,0.22265625,0.3671875,0.81640625,0.7109375,1.109375,1.0,1.0,1.0078125,0.81640625,0.9375,0.8671875,1.2265625,1.0546875,0.8203125,1.171875,0.99609375,0.87109375,0.73046875,0.48046875,0.38671875,0.42578125,0.41015625
2153,2153,base,1,nan,nan,0.3046875,0.46484375,0.52734375,0.33203125,0.23828125,0.41015625,0.76171875,0.796875,1.09375,1.0546875,0.93359375,0.94140625,0.8125,0.94921875,0.8984375,1.2421875,1.0234375,0.6953125,1.0625,0.828125,0.6875,0.59375,0.453125,0.296875,0.31640625,0.32421875
659,659,base,0,nan,nan,0.31640625,0.4375,0.5,0.34375,0.20703125,0.3828125,0.78125,0.7265625,1.09375,0.9921875,1.0078125,0.9921875,0.86328125,0.92578125,0.91796875,1.2734375,1.109375,0.7109375,1.0859375,0.91796875,0.72265625,0.6015625,0.4375,0.3515625,0.328125,0.30078125
1402,1402,base,0,nan,nan,0.29296875,0.4453125,0.50390625,0.2890625,0.19921875,0.328125,0.7734375,0.7265625,1.109375,0.93359375,1.0234375,1.03125,0.828125,0.98046875,0.9375,1.203125,1.09375,0.734375,1.2109375,0.9453125,0.75390625,0.6015625,0.3828125,0.24609375,0.2890625,0.30859375
2910,2910,base,0,nan,nan,0.3125,0.47265625,0.49609375,0.328125,0.22265625,0.3671875,0.81640625,0.7109375,1.109375,1.0,1.0,1.0078125,0.81640625,0.9375,0.8671875,1.2265625,1.0546875,0.8203125,1.171875,0.99609375,0.87109375,0.73046875,0.48046875,0.38671875,0.42578125,0.41015625
2154,2154,base,0,nan,nan,0.3046875,0.46484375,0.52734375,0.33203125,0.23828125,0.41015625,0.76171875,0.796875,1.09375,1.0546875,0.93359375,0.94140625,0.8125,0.94921875,0.8984375,1.2421875,1.0234375,0.6953125,1.0625,0.828125,0.6875,0.59375,0.453125,0.296875,0.31640625,0.32421875
660,660,base,0,nan,nan,0.31640625,0.4375,0.5,0.34375,0.20703125,0.3828125,0.78125,0.7265625,1.09375,0.9921875,1.0078125,0.9921875,0.86328125,0.92578125,0.91796875,1.2734375,1.109375,0.7109375,1.0859375,0.91796875,0.72265625,0.6015625,0.4375,0.3515625,0.328125,0.30078125
1403,1403,base,0,nan,nan,0.29296875,0.4453125,0.50390625,0.2890625,0.19921875,0.328125,0.7734375,0.7265625,1.109375,0.93359375,1.0234375,1.03125,0.828125,0.98046875,0.9375,1.203125,1.09375,0.734375,1.2109375,0.9453125,0.75390625,0.6015625,0.3828125,0.24609375,0.2890625,0.30859375
2911,2911,base,1,nan,nan,0.29296875,0.484375,0.52734375,0.29296875,0.2109375,0.328125,0.7578125,0.75,1.0625,1.03125,1.046875,1.0703125,0.81640625,0.9375,0.8359375,1.109375,1.0234375,0.75,1.2265625,0.98828125,0.734375,0.54296875,0.38671875,0.296875,0.2734375,0.32421875
2155,2155,base,0,nan,nan,0.32421875,0.46875,0.52734375,0.35546875,0.21484375,0.3203125,0.7578125,0.7890625,1.0859375,1.015625,1.0859375,1.09375,0.78125,0.921875,0.87109375,1.2109375,1.0078125,0.7421875,1.2421875,1.0234375,0.70703125,0.578125,0.41015625,0.2890625,0.265625,0.3125
661,661,base,0,nan,nan,0.2890625,0.43359375,0.47265625,0.3203125,0.25,0.34375,0.765625,0.75390625,1.09375,1.046875,0.9765625,0.96875,0.82421875,0.93359375,0.875,1.1796875,1.0625,0.75390625,1.109375,0.90625,0.703125,0.5546875,0.40625,0.2890625,0.34375,0.359375
1404,1404,base,0,nan,nan,0.29296875,0.4453125,0.50390625,0.2890625,0.19921875,0.328125,0.7734375,0.7265625,1.109375,0.93359375,1.0234375,1.03125,0.828125,0.98046875,0.9375,1.203125,1.09375,0.734375,1.2109375,0.9453125,0.75390625,0.6015625,0.3828125,0.24609375,0.2890625,0.30859375
2912,2912,base,0,nan,nan,0.29296875,0.484375,0.52734375,0.29296875,0.2109375,0.328125,0.7578125,0.75,1.0625,1.03125,1.046875,1.0703125,0.81640625,0.9375,0.8359375,1.109375,1.0234375,0.75,1.2265625,0.98828125,0.734375,0.54296875,0.38671875,0.296875,0.2734375,0.32421875
2156,2156,base,0,nan,nan,0.32421875,0.46875,0.52734375,0.35546875,0.21484375,0.3203125,0.7578125,0.7890625,1.0859375,1.015625,1.0859375,1.09375,0.78125,0.921875,0.87109375,1.2109375,1.0078125,0.7421875,1.2421875,1.0234375,0.70703125,0.578125,0.41015625,0.2890625,0.265625,0.3125
662,662,base,0,nan,nan,0.2890625,0.43359375,0.47265625,0.3203125,0.25,0.34375,0.765625,0.75390625,1.09375,1.046875,0.9765625,0.96875,0.82421875,0.93359375,0.875,1.1796875,1.0625,0.75390625,1.109375,0.90625,0.703125,0.5546875,0.40625,0.2890625,0.34375,0.359375
1405,1405,base,0,nan,nan,0.3203125,0.47265625,0.4921875,0.2890625,0.2265625,0.33203125,0.734375,0.76953125,1.125,0.9765625,0.9453125,0.94140625,0.8203125,0.96875,0.9296875,1.21875,1.0625,0.66015625,1.109375,0.91015625,0.66796875,0.578125,0.375,0.27734375,0.30078125,0.29296875
2913,2913,base,0,nan,nan,0.29296875,0.484375,0.52734375,0.29296875,0.2109375,0.328125,0.7578125,0.75,1.0625,1.03125,1.046875,1.0703125,0.81640625,0.9375,0.8359375,1.109375,1.0234375,0.75,1.2265625,0.98828125,0.734375,0.54296875,0.38671875,0.296875,0.2734375,0.32421875
2157,2157,base,0,nan,nan,0.32421875,0.46875,0.52734375,0.35546875,0.21484375,0.3203125,0.7578125,0.7890625,1.0859375,1.015625,1.0859375,1.09375,0.78125,0.921875,0.87109375,1.2109375,1.0078125,0.7421875,1.2421875,1.0234375,0.70703125,0.578125,0.41015625,0.2890625,0.265625,0.3125
663,663,base,0,nan,nan,0.2890625,0.43359375,0.47265625,0.3203125,0.25,0.34375,0.765625,0.75390625,1.09375,1.046875,0.9765625,0.96875,0.82421875,0.93359375,0.875,1.1796875,1.0625,0.75390625,1.109375,0.90625,0.703125,0.5546875,0.40625,0.2890625,0.34375,0.359375
1406,1406,base,0,nan,nan,0.3203125,0.47265625,0.4921875,0.2890625,0.2265625,0.33203125,0.734375,0.76953125,1.125,0.9765625,0.9453125,0.94140625,0.8203125,0.96875,0.9296875,1.21875,1.0625,0.66015625,1.109375,0.91015625,0.66796875,0.578125,0.375,0.27734375,0.30078125,0.29296875
2914,2914,base,0,nan,nan,0.29296875,0.484375,0.52734375,0.29296875,0.2109375,0.328125,0.7578125,0.75,1.0625,1.03125,1.046875,1.0703125,0.81640625,0.9375,0.8359375,1.109375,1.0234375,0.75,1.2265625,0.98828125,0.734375,0.54296875,0.38671875,0.296875,0.2734375,0.32421875
2158,2158,base,0,nan,nan,0.32421875,0.46875,0.52734375,0.35546875,0.21484375,0.3203125,0.7578125,0.7890625,1.0859375,1.015625,1.0859375,1.09375,0.78125,0.921875,0.87109375,1.2109375,1.0078125,0.7421875,1.2421875,1.0234375,0.70703125,0.578125,0.41015625,0.2890625,0.265625,0.3125
664,664,base,0,nan,nan,0.2890625,0.43359375,0.47265625,0.3203125,0.25,0.34375,0.765625,0.75390625,1.09375,1.046875,0.9765625,0.96875,0.82421875,0.93359375,0.875,1.1796875,1.0625,0.75390625,1.109375,0.90625,0.703125,0.5546875,0.40625,0.2890625,0.34375,0.359375
1407,1407,base,0,nan,nan,0.3203125,0.47265625,0.4921875,0.2890625,0.2265625,0.33203125,0.734375,0.76953125,1.125,0.9765625,0.9453125,0.94140625,0.8203125,0.96875,0.9296875,1.21875,1.0625,0.66015625,1.109375,0.91015625,0.66796875,0.578125,0.375,0.27734375,0.30078125,0.29296875
2915,2915,base,1,nan,nan,0.29296875,0.484375,0.52734375,0.29296875,0.2109375,0.328125,0.7578125,0.75,1.0625,1.03125,1.046875,1.0703125,0.81640625,0.9375,0.8359375,1.109375,1.0234375,0.75,1.2265625,0.98828125,0.734375,0.54296875,0.38671875,0.296875,0.2734375,0.32421875
2159,2159,base,1,nan,nan,0.32421875,0.46875,0.52734375,0.35546875,0.21484375,0.3203125,0.7578125,0.7890625,1.0859375,1.015625,1.0859375,1.09375,0.78125,0.921875,0.87109375,1.2109375,1.0078125,0.7421875,1.2421875,1.0234375,0.70703125,0.578125,0.41015625,0.2890625,0.265625,0.3125
665,665,base,0,nan,nan,0.2890625,0.43359375,0.47265625,0.3203125,0.25,0.34375,0.765625,0.75390625,1.09375,1.046875,0.9765625,0.96875,0.82421875,0.93359375,0.875,1.1796875,1.0625,0.75390625,1.109375,0.90625,0.703125,0.5546875,0.40625,0.2890625,0.34375,0.359375
1408,1408,base,0,nan,nan,0.3203125,0.47265625,0.4921875,0.2890625,0.2265625,0.33203125,0.734375,0.76953125,1.125,0.9765625,0.9453125,0.94140625,0.8203125,0.96875,0.9296875,1.21875,1.0625,0.66015625,1.109375,0.91015625,0.66796875,0.578125,0.375,0.27734375,0.30078125,0.29296875
2916,2916,base,0,nan,nan,0.29296875,0.484375,0.52734375,0.29296875,0.2109375,0.328125,0.7578125,0.75,1.0625,1.03125,1.046875,1.0703125,0.81640625,0.9375,0.8359375,1.109375,1.0234375,0.75,1.2265625,0.98828125,0.734375,0.54296875,0.38671875,0.296875,0.2734375,0.32421875
2160,2160,base,0,nan,nan,0.32421875,0.46875,0.52734375,0.35546875,0.21484375,0.3203125,0.7578125,0.7890625,1.0859375,1.015625,1.0859375,1.09375,0.78125,0.921875,0.87109375,1.2109375,1.0078125,0.7421875,1.2421875,1.0234375,0.70703125,0.578125,0.41015625,0.2890625,0.265625,0.3125
666,666,base,0,nan,nan,0.2890625,0.43359375,0.47265625,0.3203125,0.25,0.34375,0.765625,0.75390625,1.09375,1.046875,0.9765625,0.96875,0.82421875,0.93359375,0.875,1.1796875,1.0625,0.75390625,1.109375,0.90625,0.703125,0.5546875,0.40625,0.2890625,0.34375,0.359375
1409,1409,base,0,nan,nan,0.3203125,0.47265625,0.4921875,0.2890625,0.2265625,0.33203125,0.734375,0.76953125,1.125,0.9765625,0.9453125,0.94140625,0.8203125,0.96875,0.9296875,1.21875,1.0625,0.66015625,1.109375,0.91015625,0.66796875,0.578125,0.375,0.27734375,0.30078125,0.29296875
2917,2917,base,1,nan,nan,0.296875,0.4609375,0.49609375,0.37109375,0.27734375,0.31640625,0.76953125,0.7421875,1.0234375,1.09375,1.015625,0.984375,0.8203125,1.0390625,1.0078125,1.2421875,1.0078125,0.7265625,1.140625,0.9140625,0.609375,0.5703125,0.4453125,0.2734375,0.28125,0.328125
2161,2161,base,0,nan,nan,0.30859375,0.42578125,0.48046875,0.29296875,0.20703125,0.30859375,0.7734375,0.76171875,1.125,0.953125,1.0078125,1.015625,0.8203125,0.98046875,0.984375,1.25,1.109375,0.7421875,1.234375,0.96875,0.85546875,0.671875,0.45703125,0.36328125,0.328125,0.33203125
667,667,base,1,nan,nan,0.30078125,0.44140625,0.51171875,0.35546875,0.2109375,0.33984375,0.7734375,0.71875,1.1484375,0.9375,0.98046875,1.0625,0.7421875,1.046875,1.0,1.1640625,1.0703125,0.75,1.234375,1.1015625,0.703125,0.546875,0.421875,0.30078125,0.29296875,0.3203125
2918,2918,base,0,nan,nan,0.296875,0.4609375,0.49609375,0.37109375,0.27734375,0.31640625,0.76953125,0.7421875,1.0234375,1.09375,1.015625,0.984375,0.8203125,1.0390625,1.0078125,1.2421875,1.0078125,0.7265625,1.140625,0.9140625,0.609375,0.5703125,0.4453125,0.2734375,0.28125,0.328125
1410,1410,base,0,nan,nan,0.3203125,0.47265625,0.4921875,0.2890625,0.2265625,0.33203125,0.734375,0.76953125,1.125,0.9765625,0.9453125,0.94140625,0.8203125,0.96875,0.9296875,1.21875,1.0625,0.66015625,1.109375,0.91015625,0.66796875,0.578125,0.375,0.27734375,0.30078125,0.29296875
2162,2162,base,0,nan,nan,0.30859375,0.42578125,0.48046875,0.29296875,0.20703125,0.30859375,0.7734375,0.76171875,1.125,0.953125,1.0078125,1.015625,0.8203125,0.98046875,0.984375,1.25,1.109375,0.7421875,1.234375,0.96875,0.85546875,0.671875,0.45703125,0.36328125,0.328125,0.33203125
668,668,base,0,nan,nan,0.30078125,0.44140625,0.51171875,0.35546875,0.2109375,0.33984375,0.7734375,0.71875,1.1484375,0.9375,0.98046875,1.0625,0.7421875,1.046875,1.0,1.1640625,1.0703125,0.75,1.234375,1.1015625,0.703125,0.546875,0.421875,0.30078125,0.29296875,0.3203125
2919,2919,base,0,nan,nan,0.296875,0.4609375,0.49609375,0.37109375,0.27734375,0.31640625,0.76953125,0.7421875,1.0234375,1.09375,1.015625,0.984375,0.8203125,1.0390625,1.0078125,1.2421875,1.0078125,0.7265625,1.140625,0.9140625,0.609375,0.5703125,0.4453125,0.2734375,0.28125,0.328125
2163,2163,base,0,nan,nan,0.30859375,0.42578125,0.48046875,0.29296875,0.20703125,0.30859375,0.7734375,0.76171875,1.125,0.953125,1.0078125,1.015625,0.8203125,0.98046875,0.984375,1.25,1.109375,0.7421875,1.234375,0.96875,0.85546875,0.671875,0.45703125,0.36328125,0.328125,0.33203125
1411,1411,base,0,nan,nan,0.30859375,0.46875,0.5078125,0.3125,0.22265625,0.31640625,0.73046875,0.7421875,1.1875,0.91015625,0.97265625,1.0234375,0.76953125,0.95703125,0.89453125,1.1328125,0.9921875,0.734375,1.171875,1.046875,0.6484375,0.5078125,0.359375,0.26953125,0.296875,0.3046875
2920,2920,base,0,nan,nan,0.296875,0.4609375,0.49609375,0.37109375,0.27734375,0.31640625,0.76953125,0.7421875,1.0234375,1.09375,1.015625,0.984375,0.8203125,1.0390625,1.0078125,1.2421875,1.0078125,0.7265625,1.140625,0.9140625,0.609375,0.5703125,0.4453125,0.2734375,0.28125,0.328125
669,669,base,0,nan,nan,0.30078125,0.44140625,0.51171875,0.35546875,0.2109375,0.33984375,0.7734375,0.71875,1.1484375,0.9375,0.98046875,1.0625,0.7421875,1.046875,1.0,1.1640625,1.0703125,0.75,1.234375,1.1015625,0.703125,0.546875,0.421875,0.30078125,0.29296875,0.3203125
1412,1412,base,0,nan,nan,0.30859375,0.46875,0.5078125,0.3125,0.22265625,0.31640625,0.73046875,0.7421875,1.1875,0.91015625,0.97265625,1.0234375,0.76953125,0.95703125,0.89453125,1.1328125,0.9921875,0.734375,1.171875,1.046875,0.6484375,0.5078125,0.359375,0.26953125,0.296875,0.3046875
2164,2164,base,0,nan,nan,0.30859375,0.42578125,0.48046875,0.29296875,0.20703125,0.30859375,0.7734375,0.76171875,1.125,0.953125,1.0078125,1.015625,0.8203125,0.98046875,0.984375,1.25,1.109375,0.7421875,1.234375,0.96875,0.85546875,0.671875,0.45703125,0.36328125,0.328125,0.33203125
2921,2921,base,0,nan,nan,0.296875,0.4609375,0.49609375,0.37109375,0.27734375,0.31640625,0.76953125,0.7421875,1.0234375,1.09375,1.015625,0.984375,0.8203125,1.0390625,1.0078125,1.2421875,1.0078125,0.7265625,1.140625,0.9140625,0.609375,0.5703125,0.4453125,0.2734375,0.28125,0.328125
670,670,base,0,nan,nan,0.30078125,0.44140625,0.51171875,0.35546875,0.2109375,0.33984375,0.7734375,0.71875,1.1484375,0.9375,0.98046875,1.0625,0.7421875,1.046875,1.0,1.1640625,1.0703125,0.75,1.234375,1.1015625,0.703125,0.546875,0.421875,0.30078125,0.29296875,0.3203125
1413,1413,base,1,nan,nan,0.30859375,0.46875,0.5078125,0.3125,0.22265625,0.31640625,0.73046875,0.7421875,1.1875,0.91015625,0.97265625,1.0234375,0.76953125,0.95703125,0.89453125,1.1328125,0.9921875,0.734375,1.171875,1.046875,0.6484375,0.5078125,0.359375,0.26953125,0.296875,0.3046875
2165,2165,base,0,nan,nan,0.30859375,0.42578125,0.48046875,0.29296875,0.20703125,0.30859375,0.7734375,0.76171875,1.125,0.953125,1.0078125,1.015625,0.8203125,0.98046875,0.984375,1.25,1.109375,0.7421875,1.234375,0.96875,0.85546875,0.671875,0.45703125,0.36328125,0.328125,0.33203125
2922,2922,base,0,nan,nan,0.296875,0.4609375,0.49609375,0.37109375,0.27734375,0.31640625,0.76953125,0.7421875,1.0234375,1.09375,1.015625,0.984375,0.8203125,1.0390625,1.0078125,1.2421875,1.0078125,0.7265625,1.140625,0.9140625,0.609375,0.5703125,0.4453125,0.2734375,0.28125,0.328125
671,671,base,0,nan,nan,0.30078125,0.44140625,0.51171875,0.35546875,0.2109375,0.33984375,0.7734375,0.71875,1.1484375,0.9375,0.98046875,1.0625,0.7421875,1.046875,1.0,1.1640625,1.0703125,0.75,1.234375,1.1015625,0.703125,0.546875,0.421875,0.30078125,0.29296875,0.3203125
2166,2166,base,0,nan,nan,0.30859375,0.42578125,0.48046875,0.29296875,0.20703125,0.30859375,0.7734375,0.76171875,1.125,0.953125,1.0078125,1.015625,0.8203125,0.98046875,0.984375,1.25,1.109375,0.7421875,1.234375,0.96875,0.85546875,0.671875,0.45703125,0.36328125,0.328125,0.33203125
1414,1414,base,0,nan,nan,0.30859375,0.46875,0.5078125,0.3125,0.22265625,0.31640625,0.73046875,0.7421875,1.1875,0.91015625,0.97265625,1.0234375,0.76953125,0.95703125,0.89453125,1.1328125,0.9921875,0.734375,1.171875,1.046875,0.6484375,0.5078125,0.359375,0.26953125,0.296875,0.3046875
2923,2923,base,0,nan,nan,0.28515625,0.46875,0.5234375,0.2890625,0.22265625,0.30078125,0.70703125,0.7265625,1.078125,1.0546875,1.0,0.9765625,0.7890625,0.98046875,0.9609375,1.1796875,1.0234375,0.71875,1.1015625,0.90625,0.65234375,0.53125,0.38671875,0.27734375,0.265625,0.30078125
2167,2167,base,1,nan,nan,0.29296875,0.453125,0.49609375,0.2890625,0.203125,0.3046875,0.75,0.7421875,1.1171875,0.99609375,1.0234375,1.015625,0.83984375,1.0,0.984375,1.265625,1.09375,0.78515625,1.1171875,0.93359375,0.76171875,0.609375,0.4375,0.31640625,0.34765625,0.35546875
672,672,base,0,nan,nan,0.30078125,0.44140625,0.51171875,0.35546875,0.2109375,0.33984375,0.7734375,0.71875,1.1484375,0.9375,0.98046875,1.0625,0.7421875,1.046875,1.0,1.1640625,1.0703125,0.75,1.234375,1.1015625,0.703125,0.546875,0.421875,0.30078125,0.29296875,0.3203125
1415,1415,base,1,nan,nan,0.30859375,0.46875,0.5078125,0.3125,0.22265625,0.31640625,0.73046875,0.7421875,1.1875,0.91015625,0.97265625,1.0234375,0.76953125,0.95703125,0.89453125,1.1328125,0.9921875,0.734375,1.171875,1.046875,0.6484375,0.5078125,0.359375,0.26953125,0.296875,0.3046875
2924,2924,base,0,nan,nan,0.28515625,0.46875,0.5234375,0.2890625,0.22265625,0.30078125,0.70703125,0.7265625,1.078125,1.0546875,1.0,0.9765625,0.7890625,0.98046875,0.9609375,1.1796875,1.0234375,0.71875,1.1015625,0.90625,0.65234375,0.53125,0.38671875,0.27734375,0.265625,0.30078125
2168,2168,base,0,nan,nan,0.29296875,0.453125,0.49609375,0.2890625,0.203125,0.3046875,0.75,0.7421875,1.1171875,0.99609375,1.0234375,1.015625,0.83984375,1.0,0.984375,1.265625,1.09375,0.78515625,1.1171875,0.93359375,0.76171875,0.609375,0.4375,0.31640625,0.34765625,0.35546875
673,673,base,0,nan,nan,0.3125,0.4609375,0.4921875,0.3046875,0.21484375,0.34765625,0.8359375,0.734375,1.15625,0.953125,1.046875,1.078125,0.8046875,0.9375,0.89453125,1.171875,1.046875,0.78125,1.15625,0.92578125,0.78125,0.5859375,0.4140625,0.296875,0.30859375,0.3515625
1416,1416,base,0,nan,nan,0.30859375,0.46875,0.5078125,0.3125,0.22265625,0.31640625,0.73046875,0.7421875,1.1875,0.91015625,0.97265625,1.0234375,0.76953125,0.95703125,0.89453125,1.1328125,0.9921875,0.734375,1.171875,1.046875,0.6484375,0.5078125,0.359375,0.26953125,0.296875,0.3046875
2925,2925,base,0,nan,nan,0.28515625,0.46875,0.5234375,0.2890625,0.22265625,0.30078125,0.70703125,0.7265625,1.078125,1.0546875,1.0,0.9765625,0.7890625,0.98046875,0.9609375,1.1796875,1.0234375,0.71875,1.1015625,0.90625,0.65234375,0.53125,0.38671875,0.27734375,0.265625,0.30078125
2169,2169,base,0,nan,nan,0.29296875,0.453125,0.49609375,0.2890625,0.203125,0.3046875,0.75,0.7421875,1.1171875,0.99609375,1.0234375,1.015625,0.83984375,1.0,0.984375,1.265625,1.09375,0.78515625,1.1171875,0.93359375,0.76171875,0.609375,0.4375,0.31640625,0.34765625,0.35546875
674,674,base,0,nan,nan,0.3125,0.4609375,0.4921875,0.3046875,0.21484375,0.34765625,0.8359375,0.734375,1.15625,0.953125,1.046875,1.078125,0.8046875,0.9375,0.89453125,1.171875,1.046875,0.78125,1.15625,0.92578125,0.78125,0.5859375,0.4140625,0.296875,0.30859375,0.3515625
1417,1417,base,0,nan,nan,0.28515625,0.41796875,0.44140625,0.2734375,0.20703125,0.30859375,0.7421875,0.7109375,1.0625,0.9921875,1.0546875,1.0234375,0.8203125,0.9375,0.9140625,1.2421875,1.1171875,0.734375,1.21875,0.97265625,0.78125,0.6484375,0.41796875,0.30859375,0.31640625,0.33203125
2926,2926,base,0,nan,nan,0.28515625,0.46875,0.5234375,0.2890625,0.22265625,0.30078125,0.70703125,0.7265625,1.078125,1.0546875,1.0,0.9765625,0.7890625,0.98046875,0.9609375,1.1796875,1.0234375,0.71875,1.1015625,0.90625,0.65234375,0.53125,0.38671875,0.27734375,0.265625,0.30078125
2170,2170,base,0,nan,nan,0.29296875,0.453125,0.49609375,0.2890625,0.203125,0.3046875,0.75,0.7421875,1.1171875,0.99609375,1.0234375,1.015625,0.83984375,1.0,0.984375,1.265625,1.09375,0.78515625,1.1171875,0.93359375,0.76171875,0.609375,0.4375,0.31640625,0.34765625,0.35546875
1418,1418,base,0,nan,nan,0.28515625,0.41796875,0.44140625,0.2734375,0.20703125,0.30859375,0.7421875,0.7109375,1.0625,0.9921875,1.0546875,1.0234375,0.8203125,0.9375,0.9140625,1.2421875,1.1171875,0.734375,1.21875,0.97265625,0.78125,0.6484375,0.41796875,0.30859375,0.31640625,0.33203125
675,675,base,0,nan,nan,0.3125,0.4609375,0.4921875,0.3046875,0.21484375,0.34765625,0.8359375,0.734375,1.15625,0.953125,1.046875,1.078125,0.8046875,0.9375,0.89453125,1.171875,1.046875,0.78125,1.15625,0.92578125,0.78125,0.5859375,0.4140625,0.296875,0.30859375,0.3515625
2927,2927,base,1,nan,nan,0.28515625,0.46875,0.5234375,0.2890625,0.22265625,0.30078125,0.70703125,0.7265625,1.078125,1.0546875,1.0,0.9765625,0.7890625,0.98046875,0.9609375,1.1796875,1.0234375,0.71875,1.1015625,0.90625,0.65234375,0.53125,0.38671875,0.27734375,0.265625,0.30078125
2171,2171,base,0,nan,nan,0.29296875,0.453125,0.49609375,0.2890625,0.203125,0.3046875,0.75,0.7421875,1.1171875,0.99609375,1.0234375,1.015625,0.83984375,1.0,0.984375,1.265625,1.09375,0.78515625,1.1171875,0.93359375,0.76171875,0.609375,0.4375,0.31640625,0.34765625,0.35546875
1419,1419,base,0,nan,nan,0.28515625,0.41796875,0.44140625,0.2734375,0.20703125,0.30859375,0.7421875,0.7109375,1.0625,0.9921875,1.0546875,1.0234375,0.8203125,0.9375,0.9140625,1.2421875,1.1171875,0.734375,1.21875,0.97265625,0.78125,0.6484375,0.41796875,0.30859375,0.31640625,0.33203125
676,676,base,0,nan,nan,0.3125,0.4609375,0.4921875,0.3046875,0.21484375,0.34765625,0.8359375,0.734375,1.15625,0.953125,1.046875,1.078125,0.8046875,0.9375,0.89453125,1.171875,1.046875,0.78125,1.15625,0.92578125,0.78125,0.5859375,0.4140625,0.296875,0.30859375,0.3515625
2928,2928,base,0,nan,nan,0.28515625,0.46875,0.5234375,0.2890625,0.22265625,0.30078125,0.70703125,0.7265625,1.078125,1.0546875,1.0,0.9765625,0.7890625,0.98046875,0.9609375,1.1796875,1.0234375,0.71875,1.1015625,0.90625,0.65234375,0.53125,0.38671875,0.27734375,0.265625,0.30078125
2172,2172,base,0,nan,nan,0.29296875,0.453125,0.49609375,0.2890625,0.203125,0.3046875,0.75,0.7421875,1.1171875,0.99609375,1.0234375,1.015625,0.83984375,1.0,0.984375,1.265625,1.09375,0.78515625,1.1171875,0.93359375,0.76171875,0.609375,0.4375,0.31640625,0.34765625,0.35546875
1420,1420,base,0,nan,nan,0.28515625,0.41796875,0.44140625,0.2734375,0.20703125,0.30859375,0.7421875,0.7109375,1.0625,0.9921875,1.0546875,1.0234375,0.8203125,0.9375,0.9140625,1.2421875,1.1171875,0.734375,1.21875,0.97265625,0.78125,0.6484375,0.41796875,0.30859375,0.31640625,0.33203125
2929,2929,base,1,nan,nan,0.3125,0.41796875,0.48828125,0.28515625,0.21484375,0.3359375,0.765625,0.71875,1.0703125,1.0625,1.03125,0.98828125,0.7890625,0.99609375,0.96484375,1.328125,1.078125,0.7265625,1.234375,1.0546875,0.765625,0.65625,0.4453125,0.34375,0.37109375,0.3671875
677,677,base,0,nan,nan,0.3125,0.4609375,0.4921875,0.3046875,0.21484375,0.34765625,0.8359375,0.734375,1.15625,0.953125,1.046875,1.078125,0.8046875,0.9375,0.89453125,1.171875,1.046875,0.78125,1.15625,0.92578125,0.78125,0.5859375,0.4140625,0.296875,0.30859375,0.3515625
2173,2173,base,1,nan,nan,0.29296875,0.41796875,0.48046875,0.30078125,0.2109375,0.32421875,0.734375,0.72265625,1.078125,1.03125,1.0234375,1.0078125,0.78515625,0.9296875,0.890625,1.2265625,1.0703125,0.73046875,1.125,0.94921875,0.69921875,0.578125,0.42578125,0.3046875,0.30078125,0.3125
1421,1421,base,1,nan,nan,0.28515625,0.41796875,0.44140625,0.2734375,0.20703125,0.30859375,0.7421875,0.7109375,1.0625,0.9921875,1.0546875,1.0234375,0.8203125,0.9375,0.9140625,1.2421875,1.1171875,0.734375,1.21875,0.97265625,0.78125,0.6484375,0.41796875,0.30859375,0.31640625,0.33203125
2930,2930,base,0,nan,nan,0.3125,0.41796875,0.48828125,0.28515625,0.21484375,0.3359375,0.765625,0.71875,1.0703125,1.0625,1.03125,0.98828125,0.7890625,0.99609375,0.96484375,1.328125,1.078125,0.7265625,1.234375,1.0546875,0.765625,0.65625,0.4453125,0.34375,0.37109375,0.3671875
678,678,base,0,nan,nan,0.3125,0.4609375,0.4921875,0.3046875,0.21484375,0.34765625,0.8359375,0.734375,1.15625,0.953125,1.046875,1.078125,0.8046875,0.9375,0.89453125,1.171875,1.046875,0.78125,1.15625,0.92578125,0.78125,0.5859375,0.4140625,0.296875,0.30859375,0.3515625
2174,2174,base,0,nan,nan,0.29296875,0.41796875,0.48046875,0.30078125,0.2109375,0.32421875,0.734375,0.72265625,1.078125,1.03125,1.0234375,1.0078125,0.78515625,0.9296875,0.890625,1.2265625,1.0703125,0.73046875,1.125,0.94921875,0.69921875,0.578125,0.42578125,0.3046875,0.30078125,0.3125
1422,1422,base,0,nan,nan,0.28515625,0.41796875,0.44140625,0.2734375,0.20703125,0.30859375,0.7421875,0.7109375,1.0625,0.9921875,1.0546875,1.0234375,0.8203125,0.9375,0.9140625,1.2421875,1.1171875,0.734375,1.21875,0.97265625,0.78125,0.6484375,0.41796875,0.30859375,0.31640625,0.33203125
2931,2931,base,1,nan,nan,0.3125,0.41796875,0.48828125,0.28515625,0.21484375,0.3359375,0.765625,0.71875,1.0703125,1.0625,1.03125,0.98828125,0.7890625,0.99609375,0.96484375,1.328125,1.078125,0.7265625,1.234375,1.0546875,0.765625,0.65625,0.4453125,0.34375,0.37109375,0.3671875
1423,1423,base,1,nan,nan,0.33203125,0.4765625,0.484375,0.33984375,0.26171875,0.35546875,0.81640625,0.765625,1.140625,1.0390625,1.0546875,1.078125,0.75390625,1.0078125,0.921875,1.140625,0.99609375,0.73828125,1.15625,0.9375,0.73828125,0.640625,0.45703125,0.3515625,0.3515625,0.390625
679,679,base,0,nan,nan,0.30078125,0.46875,0.49609375,0.3203125,0.23828125,0.30859375,0.7421875,0.80078125,1.0625,1.015625,1.0234375,1.0,0.76171875,0.953125,0.88671875,1.171875,0.98828125,0.6875,1.1875,0.96875,0.6015625,0.48828125,0.3515625,0.234375,0.21875,0.3125
2932,2932,base,0,nan,nan,0.3125,0.41796875,0.48828125,0.28515625,0.21484375,0.3359375,0.765625,0.71875,1.0703125,1.0625,1.03125,0.98828125,0.7890625,0.99609375,0.96484375,1.328125,1.078125,0.7265625,1.234375,1.0546875,0.765625,0.65625,0.4453125,0.34375,0.37109375,0.3671875
2175,2175,base,0,nan,nan,0.29296875,0.41796875,0.48046875,0.30078125,0.2109375,0.32421875,0.734375,0.72265625,1.078125,1.03125,1.0234375,1.0078125,0.78515625,0.9296875,0.890625,1.2265625,1.0703125,0.73046875,1.125,0.94921875,0.69921875,0.578125,0.42578125,0.3046875,0.30078125,0.3125
1424,1424,base,0,nan,nan,0.33203125,0.4765625,0.484375,0.33984375,0.26171875,0.35546875,0.81640625,0.765625,1.140625,1.0390625,1.0546875,1.078125,0.75390625,1.0078125,0.921875,1.140625,0.99609375,0.73828125,1.15625,0.9375,0.73828125,0.640625,0.45703125,0.3515625,0.3515625,0.390625
2933,2933,base,0,nan,nan,0.3125,0.41796875,0.48828125,0.28515625,0.21484375,0.3359375,0.765625,0.71875,1.0703125,1.0625,1.03125,0.98828125,0.7890625,0.99609375,0.96484375,1.328125,1.078125,0.7265625,1.234375,1.0546875,0.765625,0.65625,0.4453125,0.34375,0.37109375,0.3671875
680,680,base,0,nan,nan,0.30078125,0.46875,0.49609375,0.3203125,0.23828125,0.30859375,0.7421875,0.80078125,1.0625,1.015625,1.0234375,1.0,0.76171875,0.953125,0.88671875,1.171875,0.98828125,0.6875,1.1875,0.96875,0.6015625,0.48828125,0.3515625,0.234375,0.21875,0.3125
2176,2176,base,0,nan,nan,0.29296875,0.41796875,0.48046875,0.30078125,0.2109375,0.32421875,0.734375,0.72265625,1.078125,1.03125,1.0234375,1.0078125,0.78515625,0.9296875,0.890625,1.2265625,1.0703125,0.73046875,1.125,0.94921875,0.69921875,0.578125,0.42578125,0.3046875,0.30078125,0.3125
2934,2934,base,0,nan,nan,0.3125,0.41796875,0.48828125,0.28515625,0.21484375,0.3359375,0.765625,0.71875,1.0703125,1.0625,1.03125,0.98828125,0.7890625,0.99609375,0.96484375,1.328125,1.078125,0.7265625,1.234375,1.0546875,0.765625,0.65625,0.4453125,0.34375,0.37109375,0.3671875
1425,1425,base,0,nan,nan,0.33203125,0.4765625,0.484375,0.33984375,0.26171875,0.35546875,0.81640625,0.765625,1.140625,1.0390625,1.0546875,1.078125,0.75390625,1.0078125,0.921875,1.140625,0.99609375,0.73828125,1.15625,0.9375,0.73828125,0.640625,0.45703125,0.3515625,0.3515625,0.390625
681,681,base,0,nan,nan,0.30078125,0.46875,0.49609375,0.3203125,0.23828125,0.30859375,0.7421875,0.80078125,1.0625,1.015625,1.0234375,1.0,0.76171875,0.953125,0.88671875,1.171875,0.98828125,0.6875,1.1875,0.96875,0.6015625,0.48828125,0.3515625,0.234375,0.21875,0.3125
2177,2177,base,0,nan,nan,0.29296875,0.41796875,0.48046875,0.30078125,0.2109375,0.32421875,0.734375,0.72265625,1.078125,1.03125,1.0234375,1.0078125,0.78515625,0.9296875,0.890625,1.2265625,1.0703125,0.73046875,1.125,0.94921875,0.69921875,0.578125,0.42578125,0.3046875,0.30078125,0.3125
2935,2935,base,0,nan,nan,0.30078125,0.4609375,0.515625,0.3125,0.21875,0.34375,0.78125,0.734375,1.1328125,0.953125,0.9453125,0.9375,0.8203125,0.96875,0.9140625,1.2265625,1.03125,0.7734375,1.125,0.88671875,0.7890625,0.63671875,0.4296875,0.30859375,0.34765625,0.375
1426,1426,base,0,nan,nan,0.33203125,0.4765625,0.484375,0.33984375,0.26171875,0.35546875,0.81640625,0.765625,1.140625,1.0390625,1.0546875,1.078125,0.75390625,1.0078125,0.921875,1.140625,0.99609375,0.73828125,1.15625,0.9375,0.73828125,0.640625,0.45703125,0.3515625,0.3515625,0.390625
2178,2178,base,0,nan,nan,0.29296875,0.41796875,0.48046875,0.30078125,0.2109375,0.32421875,0.734375,0.72265625,1.078125,1.03125,1.0234375,1.0078125,0.78515625,0.9296875,0.890625,1.2265625,1.0703125,0.73046875,1.125,0.94921875,0.69921875,0.578125,0.42578125,0.3046875,0.30078125,0.3125
682,682,base,0,nan,nan,0.30078125,0.46875,0.49609375,0.3203125,0.23828125,0.30859375,0.7421875,0.80078125,1.0625,1.015625,1.0234375,1.0,0.76171875,0.953125,0.88671875,1.171875,0.98828125,0.6875,1.1875,0.96875,0.6015625,0.48828125,0.3515625,0.234375,0.21875,0.3125
2936,2936,base,0,nan,nan,0.30078125,0.4609375,0.515625,0.3125,0.21875,0.34375,0.78125,0.734375,1.1328125,0.953125,0.9453125,0.9375,0.8203125,0.96875,0.9140625,1.2265625,1.03125,0.7734375,1.125,0.88671875,0.7890625,0.63671875,0.4296875,0.30859375,0.34765625,0.375
1427,1427,base,1,nan,nan,0.33203125,0.4765625,0.484375,0.33984375,0.26171875,0.35546875,0.81640625,0.765625,1.140625,1.0390625,1.0546875,1.078125,0.75390625,1.0078125,0.921875,1.140625,0.99609375,0.73828125,1.15625,0.9375,0.73828125,0.640625,0.45703125,0.3515625,0.3515625,0.390625
2179,2179,base,1,nan,nan,0.29296875,0.42578125,0.47265625,0.3125,0.19921875,0.328125,0.73828125,0.76171875,1.15625,0.92578125,1.0078125,0.9765625,0.80859375,0.92578125,0.8984375,1.25,1.1171875,0.74609375,1.1796875,0.9609375,0.8046875,0.625,0.421875,0.3203125,0.37890625,0.36328125
683,683,base,0,nan,nan,0.30078125,0.46875,0.49609375,0.3203125,0.23828125,0.30859375,0.7421875,0.80078125,1.0625,1.015625,1.0234375,1.0,0.76171875,0.953125,0.88671875,1.171875,0.98828125,0.6875,1.1875,0.96875,0.6015625,0.48828125,0.3515625,0.234375,0.21875,0.3125
1428,1428,base,0,nan,nan,0.33203125,0.4765625,0.484375,0.33984375,0.26171875,0.35546875,0.81640625,0.765625,1.140625,1.0390625,1.0546875,1.078125,0.75390625,1.0078125,0.921875,1.140625,0.99609375,0.73828125,1.15625,0.9375,0.73828125,0.640625,0.45703125,0.3515625,0.3515625,0.390625
2937,2937,base,1,nan,nan,0.30078125,0.4609375,0.515625,0.3125,0.21875,0.34375,0.78125,0.734375,1.1328125,0.953125,0.9453125,0.9375,0.8203125,0.96875,0.9140625,1.2265625,1.03125,0.7734375,1.125,0.88671875,0.7890625,0.63671875,0.4296875,0.30859375,0.34765625,0.375
2180,2180,base,0,nan,nan,0.29296875,0.42578125,0.47265625,0.3125,0.19921875,0.328125,0.73828125,0.76171875,1.15625,0.92578125,1.0078125,0.9765625,0.80859375,0.92578125,0.8984375,1.25,1.1171875,0.74609375,1.1796875,0.9609375,0.8046875,0.625,0.421875,0.3203125,0.37890625,0.36328125
684,684,base,0,nan,nan,0.30078125,0.46875,0.49609375,0.3203125,0.23828125,0.30859375,0.7421875,0.80078125,1.0625,1.015625,1.0234375,1.0,0.76171875,0.953125,0.88671875,1.171875,0.98828125,0.6875,1.1875,0.96875,0.6015625,0.48828125,0.3515625,0.234375,0.21875,0.3125
1429,1429,base,0,nan,nan,0.3046875,0.453125,0.5859375,0.3828125,0.22265625,0.32421875,0.7265625,0.7578125,1.1015625,1.0859375,0.9921875,1.0,0.80859375,0.98046875,0.91796875,1.25,1.09375,0.6328125,1.21875,1.0625,0.69140625,0.578125,0.42578125,0.328125,0.3359375,0.3515625
2938,2938,base,0,nan,nan,0.30078125,0.4609375,0.515625,0.3125,0.21875,0.34375,0.78125,0.734375,1.1328125,0.953125,0.9453125,0.9375,0.8203125,0.96875,0.9140625,1.2265625,1.03125,0.7734375,1.125,0.88671875,0.7890625,0.63671875,0.4296875,0.30859375,0.34765625,0.375
2181,2181,base,0,nan,nan,0.29296875,0.42578125,0.47265625,0.3125,0.19921875,0.328125,0.73828125,0.76171875,1.15625,0.92578125,1.0078125,0.9765625,0.80859375,0.92578125,0.8984375,1.25,1.1171875,0.74609375,1.1796875,0.9609375,0.8046875,0.625,0.421875,0.3203125,0.37890625,0.36328125
685,685,base,0,nan,nan,0.29296875,0.42578125,0.48828125,0.28125,0.21875,0.296875,0.73046875,0.765625,1.171875,0.9921875,1.0078125,1.0,0.83984375,1.0,0.9453125,1.171875,1.0390625,0.7421875,1.234375,1.0234375,0.79296875,0.625,0.4765625,0.34375,0.38671875,0.3984375
2939,2939,base,1,nan,nan,0.30078125,0.4609375,0.515625,0.3125,0.21875,0.34375,0.78125,0.734375,1.1328125,0.953125,0.9453125,0.9375,0.8203125,0.96875,0.9140625,1.2265625,1.03125,0.7734375,1.125,0.88671875,0.7890625,0.63671875,0.4296875,0.30859375,0.34765625,0.375
1430,1430,base,0,nan,nan,0.3046875,0.453125,0.5859375,0.3828125,0.22265625,0.32421875,0.7265625,0.7578125,1.1015625,1.0859375,0.9921875,1.0,0.80859375,0.98046875,0.91796875,1.25,1.09375,0.6328125,1.21875,1.0625,0.69140625,0.578125,0.42578125,0.328125,0.3359375,0.3515625
2182,2182,base,0,nan,nan,0.29296875,0.42578125,0.47265625,0.3125,0.19921875,0.328125,0.73828125,0.76171875,1.15625,0.92578125,1.0078125,0.9765625,0.80859375,0.92578125,0.8984375,1.25,1.1171875,0.74609375,1.1796875,0.9609375,0.8046875,0.625,0.421875,0.3203125,0.37890625,0.36328125
686,686,base,0,nan,nan,0.29296875,0.42578125,0.48828125,0.28125,0.21875,0.296875,0.73046875,0.765625,1.171875,0.9921875,1.0078125,1.0,0.83984375,1.0,0.9453125,1.171875,1.0390625,0.7421875,1.234375,1.0234375,0.79296875,0.625,0.4765625,0.34375,0.38671875,0.3984375
2940,2940,base,0,nan,nan,0.30078125,0.4609375,0.515625,0.3125,0.21875,0.34375,0.78125,0.734375,1.1328125,0.953125,0.9453125,0.9375,0.8203125,0.96875,0.9140625,1.2265625,1.03125,0.7734375,1.125,0.88671875,0.7890625,0.63671875,0.4296875,0.30859375,0.34765625,0.375
1431,1431,base,0,nan,nan,0.3046875,0.453125,0.5859375,0.3828125,0.22265625,0.32421875,0.7265625,0.7578125,1.1015625,1.0859375,0.9921875,1.0,0.80859375,0.98046875,0.91796875,1.25,1.09375,0.6328125,1.21875,1.0625,0.69140625,0.578125,0.42578125,0.328125,0.3359375,0.3515625
2183,2183,base,0,nan,nan,0.29296875,0.42578125,0.47265625,0.3125,0.19921875,0.328125,0.73828125,0.76171875,1.15625,0.92578125,1.0078125,0.9765625,0.80859375,0.92578125,0.8984375,1.25,1.1171875,0.74609375,1.1796875,0.9609375,0.8046875,0.625,0.421875,0.3203125,0.37890625,0.36328125
687,687,base,0,nan,nan,0.29296875,0.42578125,0.48828125,0.28125,0.21875,0.296875,0.73046875,0.765625,1.171875,0.9921875,1.0078125,1.0,0.83984375,1.0,0.9453125,1.171875,1.0390625,0.7421875,1.234375,1.0234375,0.79296875,0.625,0.4765625,0.34375,0.38671875,0.3984375
2941,2941,base,0,nan,nan,0.3125,0.4765625,0.546875,0.34765625,0.22265625,0.38671875,0.7265625,0.8515625,1.109375,0.9296875,1.078125,1.03125,0.7890625,0.98046875,0.921875,1.15625,1.046875,0.66796875,1.234375,0.9921875,0.76171875,0.625,0.41796875,0.27734375,0.30859375,0.3359375
1432,1432,base,0,nan,nan,0.3046875,0.453125,0.5859375,0.3828125,0.22265625,0.32421875,0.7265625,0.7578125,1.1015625,1.0859375,0.9921875,1.0,0.80859375,0.98046875,0.91796875,1.25,1.09375,0.6328125,1.21875,1.0625,0.69140625,0.578125,0.42578125,0.328125,0.3359375,0.3515625
2184,2184,base,0,nan,nan,0.29296875,0.42578125,0.47265625,0.3125,0.19921875,0.328125,0.73828125,0.76171875,1.15625,0.92578125,1.0078125,0.9765625,0.80859375,0.92578125,0.8984375,1.25,1.1171875,0.74609375,1.1796875,0.9609375,0.8046875,0.625,0.421875,0.3203125,0.37890625,0.36328125
688,688,base,0,nan,nan,0.29296875,0.42578125,0.48828125,0.28125,0.21875,0.296875,0.73046875,0.765625,1.171875,0.9921875,1.0078125,1.0,0.83984375,1.0,0.9453125,1.171875,1.0390625,0.7421875,1.234375,1.0234375,0.79296875,0.625,0.4765625,0.34375,0.38671875,0.3984375
2942,2942,base,0,nan,nan,0.3125,0.4765625,0.546875,0.34765625,0.22265625,0.38671875,0.7265625,0.8515625,1.109375,0.9296875,1.078125,1.03125,0.7890625,0.98046875,0.921875,1.15625,1.046875,0.66796875,1.234375,0.9921875,0.76171875,0.625,0.41796875,0.27734375,0.30859375,0.3359375
1433,1433,base,1,nan,nan,0.3046875,0.453125,0.5859375,0.3828125,0.22265625,0.32421875,0.7265625,0.7578125,1.1015625,1.0859375,0.9921875,1.0,0.80859375,0.98046875,0.91796875,1.25,1.09375,0.6328125,1.21875,1.0625,0.69140625,0.578125,0.42578125,0.328125,0.3359375,0.3515625
2185,2185,base,0,nan,nan,0.31640625,0.453125,0.48046875,0.30859375,0.2265625,0.3671875,0.7578125,0.73046875,1.171875,0.9296875,0.97265625,1.0,0.765625,0.9296875,0.8828125,1.15625,1.0078125,0.68359375,1.2109375,0.9765625,0.72265625,0.5859375,0.40234375,0.296875,0.375,0.35546875
689,689,base,0,nan,nan,0.29296875,0.42578125,0.48828125,0.28125,0.21875,0.296875,0.73046875,0.765625,1.171875,0.9921875,1.0078125,1.0,0.83984375,1.0,0.9453125,1.171875,1.0390625,0.7421875,1.234375,1.0234375,0.79296875,0.625,0.4765625,0.34375,0.38671875,0.3984375
2943,2943,base,0,nan,nan,0.3125,0.4765625,0.546875,0.34765625,0.22265625,0.38671875,0.7265625,0.8515625,1.109375,0.9296875,1.078125,1.03125,0.7890625,0.98046875,0.921875,1.15625,1.046875,0.66796875,1.234375,0.9921875,0.76171875,0.625,0.41796875,0.27734375,0.30859375,0.3359375
1434,1434,base,0,nan,nan,0.3046875,0.453125,0.5859375,0.3828125,0.22265625,0.32421875,0.7265625,0.7578125,1.1015625,1.0859375,0.9921875,1.0,0.80859375,0.98046875,0.91796875,1.25,1.09375,0.6328125,1.21875,1.0625,0.69140625,0.578125,0.42578125,0.328125,0.3359375,0.3515625
2186,2186,base,0,nan,nan,0.31640625,0.453125,0.48046875,0.30859375,0.2265625,0.3671875,0.7578125,0.73046875,1.171875,0.9296875,0.97265625,1.0,0.765625,0.9296875,0.8828125,1.15625,1.0078125,0.68359375,1.2109375,0.9765625,0.72265625,0.5859375,0.40234375,0.296875,0.375,0.35546875
690,690,base,0,nan,nan,0.29296875,0.42578125,0.48828125,0.28125,0.21875,0.296875,0.73046875,0.765625,1.171875,0.9921875,1.0078125,1.0,0.83984375,1.0,0.9453125,1.171875,1.0390625,0.7421875,1.234375,1.0234375,0.79296875,0.625,0.4765625,0.34375,0.38671875,0.3984375
2944,2944,base,0,nan,nan,0.3125,0.4765625,0.546875,0.34765625,0.22265625,0.38671875,0.7265625,0.8515625,1.109375,0.9296875,1.078125,1.03125,0.7890625,0.98046875,0.921875,1.15625,1.046875,0.66796875,1.234375,0.9921875,0.76171875,0.625,0.41796875,0.27734375,0.30859375,0.3359375
1435,1435,base,0,nan,nan,0.3046875,0.4375,0.46875,0.31640625,0.2109375,0.3203125,0.7734375,0.71875,1.1328125,0.97265625,1.0078125,0.97265625,0.7734375,0.99609375,0.95703125,1.203125,1.03125,0.703125,1.15625,1.015625,0.66015625,0.5625,0.40234375,0.29296875,0.3203125,0.30859375
2187,2187,base,1,nan,nan,0.31640625,0.453125,0.48046875,0.30859375,0.2265625,0.3671875,0.7578125,0.73046875,1.171875,0.9296875,0.97265625,1.0,0.765625,0.9296875,0.8828125,1.15625,1.0078125,0.68359375,1.2109375,0.9765625,0.72265625,0.5859375,0.40234375,0.296875,0.375,0.35546875
691,691,base,0,nan,nan,0.30078125,0.4453125,0.51171875,0.34375,0.19921875,0.34765625,0.76171875,0.71875,1.1015625,0.97265625,0.9765625,1.0546875,0.75,0.96484375,0.9140625,1.171875,1.0234375,0.703125,1.1953125,0.97265625,0.75390625,0.6171875,0.43359375,0.30078125,0.31640625,0.328125
2945,2945,base,1,nan,nan,0.3125,0.4765625,0.546875,0.34765625,0.22265625,0.38671875,0.7265625,0.8515625,1.109375,0.9296875,1.078125,1.03125,0.7890625,0.98046875,0.921875,1.15625,1.046875,0.66796875,1.234375,0.9921875,0.76171875,0.625,0.41796875,0.27734375,0.30859375,0.3359375
1436,1436,base,0,nan,nan,0.3046875,0.4375,0.46875,0.31640625,0.2109375,0.3203125,0.7734375,0.71875,1.1328125,0.97265625,1.0078125,0.97265625,0.7734375,0.99609375,0.95703125,1.203125,1.03125,0.703125,1.15625,1.015625,0.66015625,0.5625,0.40234375,0.29296875,0.3203125,0.30859375
2188,2188,base,0,nan,nan,0.31640625,0.453125,0.48046875,0.30859375,0.2265625,0.3671875,0.7578125,0.73046875,1.171875,0.9296875,0.97265625,1.0,0.765625,0.9296875,0.8828125,1.15625,1.0078125,0.68359375,1.2109375,0.9765625,0.72265625,0.5859375,0.40234375,0.296875,0.375,0.35546875
692,692,base,0,nan,nan,0.30078125,0.4453125,0.51171875,0.34375,0.19921875,0.34765625,0.76171875,0.71875,1.1015625,0.97265625,0.9765625,1.0546875,0.75,0.96484375,0.9140625,1.171875,1.0234375,0.703125,1.1953125,0.97265625,0.75390625,0.6171875,0.43359375,0.30078125,0.31640625,0.328125
2946,2946,base,0,nan,nan,0.3125,0.4765625,0.546875,0.34765625,0.22265625,0.38671875,0.7265625,0.8515625,1.109375,0.9296875,1.078125,1.03125,0.7890625,0.98046875,0.921875,1.15625,1.046875,0.66796875,1.234375,0.9921875,0.76171875,0.625,0.41796875,0.27734375,0.30859375,0.3359375
1437,1437,base,1,nan,nan,0.3046875,0.4375,0.46875,0.31640625,0.2109375,0.3203125,0.7734375,0.71875,1.1328125,0.97265625,1.0078125,0.97265625,0.7734375,0.99609375,0.95703125,1.203125,1.03125,0.703125,1.15625,1.015625,0.66015625,0.5625,0.40234375,0.29296875,0.3203125,0.30859375
2189,2189,base,1,nan,nan,0.31640625,0.453125,0.48046875,0.30859375,0.2265625,0.3671875,0.7578125,0.73046875,1.171875,0.9296875,0.97265625,1.0,0.765625,0.9296875,0.8828125,1.15625,1.0078125,0.68359375,1.2109375,0.9765625,0.72265625,0.5859375,0.40234375,0.296875,0.375,0.35546875
2947,2947,base,0,nan,nan,0.296875,0.453125,0.4765625,0.33203125,0.21484375,0.34375,0.78125,0.69921875,1.1171875,0.96484375,0.984375,1.0,0.796875,0.9609375,0.93359375,1.1875,1.046875,0.69921875,1.0859375,0.90625,0.66015625,0.5546875,0.40234375,0.3046875,0.29296875,0.30078125
693,693,base,0,nan,nan,0.30078125,0.4453125,0.51171875,0.34375,0.19921875,0.34765625,0.76171875,0.71875,1.1015625,0.97265625,0.9765625,1.0546875,0.75,0.96484375,0.9140625,1.171875,1.0234375,0.703125,1.1953125,0.97265625,0.75390625,0.6171875,0.43359375,0.30078125,0.31640625,0.328125
1438,1438,base,0,nan,nan,0.3046875,0.4375,0.46875,0.31640625,0.2109375,0.3203125,0.7734375,0.71875,1.1328125,0.97265625,1.0078125,0.97265625,0.7734375,0.99609375,0.95703125,1.203125,1.03125,0.703125,1.15625,1.015625,0.66015625,0.5625,0.40234375,0.29296875,0.3203125,0.30859375
2190,2190,base,0,nan,nan,0.31640625,0.453125,0.48046875,0.30859375,0.2265625,0.3671875,0.7578125,0.73046875,1.171875,0.9296875,0.97265625,1.0,0.765625,0.9296875,0.8828125,1.15625,1.0078125,0.68359375,1.2109375,0.9765625,0.72265625,0.5859375,0.40234375,0.296875,0.375,0.35546875
2948,2948,base,0,nan,nan,0.296875,0.453125,0.4765625,0.33203125,0.21484375,0.34375,0.78125,0.69921875,1.1171875,0.96484375,0.984375,1.0,0.796875,0.9609375,0.93359375,1.1875,1.046875,0.69921875,1.0859375,0.90625,0.66015625,0.5546875,0.40234375,0.3046875,0.29296875,0.30078125
694,694,base,0,nan,nan,0.30078125,0.4453125,0.51171875,0.34375,0.19921875,0.34765625,0.76171875,0.71875,1.1015625,0.97265625,0.9765625,1.0546875,0.75,0.96484375,0.9140625,1.171875,1.0234375,0.703125,1.1953125,0.97265625,0.75390625,0.6171875,0.43359375,0.30078125,0.31640625,0.328125
1439,1439,base,0,nan,nan,0.3046875,0.4375,0.46875,0.31640625,0.2109375,0.3203125,0.7734375,0.71875,1.1328125,0.97265625,1.0078125,0.97265625,0.7734375,0.99609375,0.95703125,1.203125,1.03125,0.703125,1.15625,1.015625,0.66015625,0.5625,0.40234375,0.29296875,0.3203125,0.30859375
2191,2191,base,0,nan,nan,0.30078125,0.42578125,0.5390625,0.3359375,0.2265625,0.3984375,0.75,0.8046875,1.1171875,0.9375,0.984375,0.99609375,0.76171875,0.9296875,0.8671875,1.171875,1.0234375,0.67578125,1.109375,0.91796875,0.6171875,0.52734375,0.40625,0.30078125,0.31640625,0.3125
2949,2949,base,0,nan,nan,0.296875,0.453125,0.4765625,0.33203125,0.21484375,0.34375,0.78125,0.69921875,1.1171875,0.96484375,0.984375,1.0,0.796875,0.9609375,0.93359375,1.1875,1.046875,0.69921875,1.0859375,0.90625,0.66015625,0.5546875,0.40234375,0.3046875,0.29296875,0.30078125
695,695,base,1,nan,nan,0.30078125,0.4453125,0.51171875,0.34375,0.19921875,0.34765625,0.76171875,0.71875,1.1015625,0.97265625,0.9765625,1.0546875,0.75,0.96484375,0.9140625,1.171875,1.0234375,0.703125,1.1953125,0.97265625,0.75390625,0.6171875,0.43359375,0.30078125,0.31640625,0.328125
1440,1440,base,0,nan,nan,0.3046875,0.4375,0.46875,0.31640625,0.2109375,0.3203125,0.7734375,0.71875,1.1328125,0.97265625,1.0078125,0.97265625,0.7734375,0.99609375,0.95703125,1.203125,1.03125,0.703125,1.15625,1.015625,0.66015625,0.5625,0.40234375,0.29296875,0.3203125,0.30859375
2192,2192,base,0,nan,nan,0.30078125,0.42578125,0.5390625,0.3359375,0.2265625,0.3984375,0.75,0.8046875,1.1171875,0.9375,0.984375,0.99609375,0.76171875,0.9296875,0.8671875,1.171875,1.0234375,0.67578125,1.109375,0.91796875,0.6171875,0.52734375,0.40625,0.30078125,0.31640625,0.3125
2950,2950,base,0,nan,nan,0.296875,0.453125,0.4765625,0.33203125,0.21484375,0.34375,0.78125,0.69921875,1.1171875,0.96484375,0.984375,1.0,0.796875,0.9609375,0.93359375,1.1875,1.046875,0.69921875,1.0859375,0.90625,0.66015625,0.5546875,0.40234375,0.3046875,0.29296875,0.30078125
696,696,base,0,nan,nan,0.30078125,0.4453125,0.51171875,0.34375,0.19921875,0.34765625,0.76171875,0.71875,1.1015625,0.97265625,0.9765625,1.0546875,0.75,0.96484375,0.9140625,1.171875,1.0234375,0.703125,1.1953125,0.97265625,0.75390625,0.6171875,0.43359375,0.30078125,0.31640625,0.328125
1441,1441,base,1,nan,nan,0.30078125,0.4765625,0.53125,0.37109375,0.2265625,0.3828125,0.734375,0.7578125,1.1875,0.90234375,1.0,0.94921875,0.75,0.94921875,0.91796875,1.1875,1.046875,0.7109375,1.1484375,0.9375,0.6640625,0.53515625,0.40234375,0.2890625,0.328125,0.33203125
2193,2193,base,0,nan,nan,0.30078125,0.42578125,0.5390625,0.3359375,0.2265625,0.3984375,0.75,0.8046875,1.1171875,0.9375,0.984375,0.99609375,0.76171875,0.9296875,0.8671875,1.171875,1.0234375,0.67578125,1.109375,0.91796875,0.6171875,0.52734375,0.40625,0.30078125,0.31640625,0.3125
2951,2951,base,1,nan,nan,0.296875,0.453125,0.4765625,0.33203125,0.21484375,0.34375,0.78125,0.69921875,1.1171875,0.96484375,0.984375,1.0,0.796875,0.9609375,0.93359375,1.1875,1.046875,0.69921875,1.0859375,0.90625,0.66015625,0.5546875,0.40234375,0.3046875,0.29296875,0.30078125
697,697,base,0,nan,nan,0.265625,0.4375,0.46484375,0.26171875,0.19921875,0.31640625,0.71875,0.7421875,1.1328125,0.984375,1.0234375,0.9921875,0.79296875,0.90625,0.8515625,1.203125,1.03125,0.76171875,1.1015625,0.88671875,0.72265625,0.546875,0.40625,0.28125,0.31640625,0.3359375
2194,2194,base,0,nan,nan,0.30078125,0.42578125,0.5390625,0.3359375,0.2265625,0.3984375,0.75,0.8046875,1.1171875,0.9375,0.984375,0.99609375,0.76171875,0.9296875,0.8671875,1.171875,1.0234375,0.67578125,1.109375,0.91796875,0.6171875,0.52734375,0.40625,0.30078125,0.31640625,0.3125
1442,1442,base,0,nan,nan,0.30078125,0.4765625,0.53125,0.37109375,0.2265625,0.3828125,0.734375,0.7578125,1.1875,0.90234375,1.0,0.94921875,0.75,0.94921875,0.91796875,1.1875,1.046875,0.7109375,1.1484375,0.9375,0.6640625,0.53515625,0.40234375,0.2890625,0.328125,0.33203125
2952,2952,base,0,nan,nan,0.296875,0.453125,0.4765625,0.33203125,0.21484375,0.34375,0.78125,0.69921875,1.1171875,0.96484375,0.984375,1.0,0.796875,0.9609375,0.93359375,1.1875,1.046875,0.69921875,1.0859375,0.90625,0.66015625,0.5546875,0.40234375,0.3046875,0.29296875,0.30078125
698,698,base,0,nan,nan,0.265625,0.4375,0.46484375,0.26171875,0.19921875,0.31640625,0.71875,0.7421875,1.1328125,0.984375,1.0234375,0.9921875,0.79296875,0.90625,0.8515625,1.203125,1.03125,0.76171875,1.1015625,0.88671875,0.72265625,0.546875,0.40625,0.28125,0.31640625,0.3359375
2195,2195,base,0,nan,nan,0.30078125,0.42578125,0.5390625,0.3359375,0.2265625,0.3984375,0.75,0.8046875,1.1171875,0.9375,0.984375,0.99609375,0.76171875,0.9296875,0.8671875,1.171875,1.0234375,0.67578125,1.109375,0.91796875,0.6171875,0.52734375,0.40625,0.30078125,0.31640625,0.3125
1443,1443,base,1,nan,nan,0.30078125,0.4765625,0.53125,0.37109375,0.2265625,0.3828125,0.734375,0.7578125,1.1875,0.90234375,1.0,0.94921875,0.75,0.94921875,0.91796875,1.1875,1.046875,0.7109375,1.1484375,0.9375,0.6640625,0.53515625,0.40234375,0.2890625,0.328125,0.33203125
2953,2953,base,0,nan,nan,0.3046875,0.48046875,0.5546875,0.359375,0.234375,0.3203125,0.7734375,0.7734375,1.0859375,1.0546875,0.97265625,0.96875,0.78125,1.0078125,1.0078125,1.265625,1.0234375,0.67578125,1.1328125,0.9375,0.6171875,0.5625,0.421875,0.3125,0.3203125,0.359375
699,699,base,0,nan,nan,0.265625,0.4375,0.46484375,0.26171875,0.19921875,0.31640625,0.71875,0.7421875,1.1328125,0.984375,1.0234375,0.9921875,0.79296875,0.90625,0.8515625,1.203125,1.03125,0.76171875,1.1015625,0.88671875,0.72265625,0.546875,0.40625,0.28125,0.31640625,0.3359375
2196,2196,base,0,nan,nan,0.30078125,0.42578125,0.5390625,0.3359375,0.2265625,0.3984375,0.75,0.8046875,1.1171875,0.9375,0.984375,0.99609375,0.76171875,0.9296875,0.8671875,1.171875,1.0234375,0.67578125,1.109375,0.91796875,0.6171875,0.52734375,0.40625,0.30078125,0.31640625,0.3125
1444,1444,base,0,nan,nan,0.30078125,0.4765625,0.53125,0.37109375,0.2265625,0.3828125,0.734375,0.7578125,1.1875,0.90234375,1.0,0.94921875,0.75,0.94921875,0.91796875,1.1875,1.046875,0.7109375,1.1484375,0.9375,0.6640625,0.53515625,0.40234375,0.2890625,0.328125,0.33203125
2954,2954,base,0,nan,nan,0.3046875,0.48046875,0.5546875,0.359375,0.234375,0.3203125,0.7734375,0.7734375,1.0859375,1.0546875,0.97265625,0.96875,0.78125,1.0078125,1.0078125,1.265625,1.0234375,0.67578125,1.1328125,0.9375,0.6171875,0.5625,0.421875,0.3125,0.3203125,0.359375
2197,2197,base,0,nan,nan,0.28515625,0.45703125,0.53515625,0.30859375,0.234375,0.33203125,0.765625,0.78125,1.09375,1.0546875,0.98046875,0.9453125,0.765625,1.0,0.9375,1.3359375,1.078125,0.7109375,1.15625,0.953125,0.69921875,0.58203125,0.4296875,0.35546875,0.2890625,0.3125
700,700,base,0,nan,nan,0.265625,0.4375,0.46484375,0.26171875,0.19921875,0.31640625,0.71875,0.7421875,1.1328125,0.984375,1.0234375,0.9921875,0.79296875,0.90625,0.8515625,1.203125,1.03125,0.76171875,1.1015625,0.88671875,0.72265625,0.546875,0.40625,0.28125,0.31640625,0.3359375
1445,1445,base,1,nan,nan,0.30078125,0.4765625,0.53125,0.37109375,0.2265625,0.3828125,0.734375,0.7578125,1.1875,0.90234375,1.0,0.94921875,0.75,0.94921875,0.91796875,1.1875,1.046875,0.7109375,1.1484375,0.9375,0.6640625,0.53515625,0.40234375,0.2890625,0.328125,0.33203125
2955,2955,base,1,nan,nan,0.3046875,0.48046875,0.5546875,0.359375,0.234375,0.3203125,0.7734375,0.7734375,1.0859375,1.0546875,0.97265625,0.96875,0.78125,1.0078125,1.0078125,1.265625,1.0234375,0.67578125,1.1328125,0.9375,0.6171875,0.5625,0.421875,0.3125,0.3203125,0.359375
2198,2198,base,0,nan,nan,0.28515625,0.45703125,0.53515625,0.30859375,0.234375,0.33203125,0.765625,0.78125,1.09375,1.0546875,0.98046875,0.9453125,0.765625,1.0,0.9375,1.3359375,1.078125,0.7109375,1.15625,0.953125,0.69921875,0.58203125,0.4296875,0.35546875,0.2890625,0.3125
701,701,base,1,nan,nan,0.265625,0.4375,0.46484375,0.26171875,0.19921875,0.31640625,0.71875,0.7421875,1.1328125,0.984375,1.0234375,0.9921875,0.79296875,0.90625,0.8515625,1.203125,1.03125,0.76171875,1.1015625,0.88671875,0.72265625,0.546875,0.40625,0.28125,0.31640625,0.3359375
2956,2956,base,0,nan,nan,0.3046875,0.48046875,0.5546875,0.359375,0.234375,0.3203125,0.7734375,0.7734375,1.0859375,1.0546875,0.97265625,0.96875,0.78125,1.0078125,1.0078125,1.265625,1.0234375,0.67578125,1.1328125,0.9375,0.6171875,0.5625,0.421875,0.3125,0.3203125,0.359375
1446,1446,base,0,nan,nan,0.30078125,0.4765625,0.53125,0.37109375,0.2265625,0.3828125,0.734375,0.7578125,1.1875,0.90234375,1.0,0.94921875,0.75,0.94921875,0.91796875,1.1875,1.046875,0.7109375,1.1484375,0.9375,0.6640625,0.53515625,0.40234375,0.2890625,0.328125,0.33203125
2199,2199,base,0,nan,nan,0.28515625,0.45703125,0.53515625,0.30859375,0.234375,0.33203125,0.765625,0.78125,1.09375,1.0546875,0.98046875,0.9453125,0.765625,1.0,0.9375,1.3359375,1.078125,0.7109375,1.15625,0.953125,0.69921875,0.58203125,0.4296875,0.35546875,0.2890625,0.3125
702,702,base,0,nan,nan,0.265625,0.4375,0.46484375,0.26171875,0.19921875,0.31640625,0.71875,0.7421875,1.1328125,0.984375,1.0234375,0.9921875,0.79296875,0.90625,0.8515625,1.203125,1.03125,0.76171875,1.1015625,0.88671875,0.72265625,0.546875,0.40625,0.28125,0.31640625,0.3359375
2200,2200,base,0,nan,nan,0.28515625,0.45703125,0.53515625,0.30859375,0.234375,0.33203125,0.765625,0.78125,1.09375,1.0546875,0.98046875,0.9453125,0.765625,1.0,0.9375,1.3359375,1.078125,0.7109375,1.15625,0.953125,0.69921875,0.58203125,0.4296875,0.35546875,0.2890625,0.3125
2957,2957,base,0,nan,nan,0.3046875,0.48046875,0.5546875,0.359375,0.234375,0.3203125,0.7734375,0.7734375,1.0859375,1.0546875,0.97265625,0.96875,0.78125,1.0078125,1.0078125,1.265625,1.0234375,0.67578125,1.1328125,0.9375,0.6171875,0.5625,0.421875,0.3125,0.3203125,0.359375
1447,1447,base,1,nan,nan,0.2890625,0.4375,0.44921875,0.2890625,0.2421875,0.32421875,0.74609375,0.78515625,1.046875,1.0625,1.0,1.0,0.76171875,0.92578125,0.8671875,1.2421875,1.03125,0.7109375,1.171875,0.859375,0.70703125,0.5234375,0.390625,0.26953125,0.265625,0.30078125
2201,2201,base,1,nan,nan,0.28515625,0.45703125,0.53515625,0.30859375,0.234375,0.33203125,0.765625,0.78125,1.09375,1.0546875,0.98046875,0.9453125,0.765625,1.0,0.9375,1.3359375,1.078125,0.7109375,1.15625,0.953125,0.69921875,0.58203125,0.4296875,0.35546875,0.2890625,0.3125
703,703,base,0,nan,nan,0.296875,0.43359375,0.45703125,0.33203125,0.21484375,0.33984375,0.78125,0.734375,1.15625,0.93359375,1.0,1.0625,0.7890625,0.95703125,0.8984375,1.15625,1.0234375,0.77734375,1.21875,0.98046875,0.76953125,0.6171875,0.4375,0.3046875,0.37109375,0.37890625
2958,2958,base,0,nan,nan,0.3046875,0.48046875,0.5546875,0.359375,0.234375,0.3203125,0.7734375,0.7734375,1.0859375,1.0546875,0.97265625,0.96875,0.78125,1.0078125,1.0078125,1.265625,1.0234375,0.67578125,1.1328125,0.9375,0.6171875,0.5625,0.421875,0.3125,0.3203125,0.359375
1448,1448,base,0,nan,nan,0.2890625,0.4375,0.44921875,0.2890625,0.2421875,0.32421875,0.74609375,0.78515625,1.046875,1.0625,1.0,1.0,0.76171875,0.92578125,0.8671875,1.2421875,1.03125,0.7109375,1.171875,0.859375,0.70703125,0.5234375,0.390625,0.26953125,0.265625,0.30078125
2202,2202,base,0,nan,nan,0.28515625,0.45703125,0.53515625,0.30859375,0.234375,0.33203125,0.765625,0.78125,1.09375,1.0546875,0.98046875,0.9453125,0.765625,1.0,0.9375,1.3359375,1.078125,0.7109375,1.15625,0.953125,0.69921875,0.58203125,0.4296875,0.35546875,0.2890625,0.3125
704,704,base,0,nan,nan,0.296875,0.43359375,0.45703125,0.33203125,0.21484375,0.33984375,0.78125,0.734375,1.15625,0.93359375,1.0,1.0625,0.7890625,0.95703125,0.8984375,1.15625,1.0234375,0.77734375,1.21875,0.98046875,0.76953125,0.6171875,0.4375,0.3046875,0.37109375,0.37890625
2959,2959,base,1,nan,nan,0.28515625,0.453125,0.4921875,0.3046875,0.234375,0.328125,0.73046875,0.7890625,1.0625,1.046875,1.0390625,1.0,0.8046875,0.93359375,0.8515625,1.1796875,1.0078125,0.7890625,1.203125,0.9296875,0.76171875,0.5390625,0.40234375,0.28515625,0.2578125,0.3203125
1449,1449,base,1,nan,nan,0.2890625,0.4375,0.44921875,0.2890625,0.2421875,0.32421875,0.74609375,0.78515625,1.046875,1.0625,1.0,1.0,0.76171875,0.92578125,0.8671875,1.2421875,1.03125,0.7109375,1.171875,0.859375,0.70703125,0.5234375,0.390625,0.26953125,0.265625,0.30078125
2203,2203,base,0,nan,nan,0.3046875,0.4921875,0.51953125,0.3203125,0.21875,0.32421875,0.76953125,0.76171875,1.109375,1.078125,0.96484375,0.94921875,0.7734375,0.98046875,0.94140625,1.28125,1.03125,0.72265625,1.15625,0.9921875,0.703125,0.5703125,0.41796875,0.3359375,0.33203125,0.36328125
705,705,base,1,nan,nan,0.296875,0.43359375,0.45703125,0.33203125,0.21484375,0.33984375,0.78125,0.734375,1.15625,0.93359375,1.0,1.0625,0.7890625,0.95703125,0.8984375,1.15625,1.0234375,0.77734375,1.21875,0.98046875,0.76953125,0.6171875,0.4375,0.3046875,0.37109375,0.37890625
2960,2960,base,0,nan,nan,0.28515625,0.453125,0.4921875,0.3046875,0.234375,0.328125,0.73046875,0.7890625,1.0625,1.046875,1.0390625,1.0,0.8046875,0.93359375,0.8515625,1.1796875,1.0078125,0.7890625,1.203125,0.9296875,0.76171875,0.5390625,0.40234375,0.28515625,0.2578125,0.3203125
1450,1450,base,0,nan,nan,0.2890625,0.4375,0.44921875,0.2890625,0.2421875,0.32421875,0.74609375,0.78515625,1.046875,1.0625,1.0,1.0,0.76171875,0.92578125,0.8671875,1.2421875,1.03125,0.7109375,1.171875,0.859375,0.70703125,0.5234375,0.390625,0.26953125,0.265625,0.30078125
2204,2204,base,0,nan,nan,0.3046875,0.4921875,0.51953125,0.3203125,0.21875,0.32421875,0.76953125,0.76171875,1.109375,1.078125,0.96484375,0.94921875,0.7734375,0.98046875,0.94140625,1.28125,1.03125,0.72265625,1.15625,0.9921875,0.703125,0.5703125,0.41796875,0.3359375,0.33203125,0.36328125
2961,2961,base,0,nan,nan,0.28515625,0.453125,0.4921875,0.3046875,0.234375,0.328125,0.73046875,0.7890625,1.0625,1.046875,1.0390625,1.0,0.8046875,0.93359375,0.8515625,1.1796875,1.0078125,0.7890625,1.203125,0.9296875,0.76171875,0.5390625,0.40234375,0.28515625,0.2578125,0.3203125
706,706,base,0,nan,nan,0.296875,0.43359375,0.45703125,0.33203125,0.21484375,0.33984375,0.78125,0.734375,1.15625,0.93359375,1.0,1.0625,0.7890625,0.95703125,0.8984375,1.15625,1.0234375,0.77734375,1.21875,0.98046875,0.76953125,0.6171875,0.4375,0.3046875,0.37109375,0.37890625
1451,1451,base,0,nan,nan,0.2890625,0.4375,0.44921875,0.2890625,0.2421875,0.32421875,0.74609375,0.78515625,1.046875,1.0625,1.0,1.0,0.76171875,0.92578125,0.8671875,1.2421875,1.03125,0.7109375,1.171875,0.859375,0.70703125,0.5234375,0.390625,0.26953125,0.265625,0.30078125
2205,2205,base,1,nan,nan,0.3046875,0.4921875,0.51953125,0.3203125,0.21875,0.32421875,0.76953125,0.76171875,1.109375,1.078125,0.96484375,0.94921875,0.7734375,0.98046875,0.94140625,1.28125,1.03125,0.72265625,1.15625,0.9921875,0.703125,0.5703125,0.41796875,0.3359375,0.33203125,0.36328125
2962,2962,base,0,nan,nan,0.28515625,0.453125,0.4921875,0.3046875,0.234375,0.328125,0.73046875,0.7890625,1.0625,1.046875,1.0390625,1.0,0.8046875,0.93359375,0.8515625,1.1796875,1.0078125,0.7890625,1.203125,0.9296875,0.76171875,0.5390625,0.40234375,0.28515625,0.2578125,0.3203125
707,707,base,0,nan,nan,0.296875,0.43359375,0.45703125,0.33203125,0.21484375,0.33984375,0.78125,0.734375,1.15625,0.93359375,1.0,1.0625,0.7890625,0.95703125,0.8984375,1.15625,1.0234375,0.77734375,1.21875,0.98046875,0.76953125,0.6171875,0.4375,0.3046875,0.37109375,0.37890625
1452,1452,base,0,nan,nan,0.2890625,0.4375,0.44921875,0.2890625,0.2421875,0.32421875,0.74609375,0.78515625,1.046875,1.0625,1.0,1.0,0.76171875,0.92578125,0.8671875,1.2421875,1.03125,0.7109375,1.171875,0.859375,0.70703125,0.5234375,0.390625,0.26953125,0.265625,0.30078125
2206,2206,base,0,nan,nan,0.3046875,0.4921875,0.51953125,0.3203125,0.21875,0.32421875,0.76953125,0.76171875,1.109375,1.078125,0.96484375,0.94921875,0.7734375,0.98046875,0.94140625,1.28125,1.03125,0.72265625,1.15625,0.9921875,0.703125,0.5703125,0.41796875,0.3359375,0.33203125,0.36328125
2963,2963,base,0,nan,nan,0.28515625,0.453125,0.4921875,0.3046875,0.234375,0.328125,0.73046875,0.7890625,1.0625,1.046875,1.0390625,1.0,0.8046875,0.93359375,0.8515625,1.1796875,1.0078125,0.7890625,1.203125,0.9296875,0.76171875,0.5390625,0.40234375,0.28515625,0.2578125,0.3203125
708,708,base,0,nan,nan,0.296875,0.43359375,0.45703125,0.33203125,0.21484375,0.33984375,0.78125,0.734375,1.15625,0.93359375,1.0,1.0625,0.7890625,0.95703125,0.8984375,1.15625,1.0234375,0.77734375,1.21875,0.98046875,0.76953125,0.6171875,0.4375,0.3046875,0.37109375,0.37890625
2207,2207,base,0,nan,nan,0.3046875,0.4921875,0.51953125,0.3203125,0.21875,0.32421875,0.76953125,0.76171875,1.109375,1.078125,0.96484375,0.94921875,0.7734375,0.98046875,0.94140625,1.28125,1.03125,0.72265625,1.15625,0.9921875,0.703125,0.5703125,0.41796875,0.3359375,0.33203125,0.36328125
1453,1453,base,0,nan,nan,0.32421875,0.4375,0.4921875,0.30859375,0.19921875,0.33984375,0.796875,0.7265625,1.0703125,0.9921875,1.03125,0.98828125,0.82421875,0.95703125,0.8984375,1.171875,1.078125,0.81640625,1.1953125,0.9765625,0.828125,0.6640625,0.44140625,0.296875,0.33984375,0.375
2964,2964,base,0,nan,nan,0.28515625,0.453125,0.4921875,0.3046875,0.234375,0.328125,0.73046875,0.7890625,1.0625,1.046875,1.0390625,1.0,0.8046875,0.93359375,0.8515625,1.1796875,1.0078125,0.7890625,1.203125,0.9296875,0.76171875,0.5390625,0.40234375,0.28515625,0.2578125,0.3203125
709,709,base,0,nan,nan,0.296875,0.4609375,0.5234375,0.3125,0.21875,0.31640625,0.7265625,0.73046875,1.1171875,0.96484375,0.9609375,0.98046875,0.8203125,0.9921875,0.94921875,1.2890625,1.09375,0.671875,1.0859375,0.8984375,0.66015625,0.55078125,0.38671875,0.28515625,0.3046875,0.29296875
2208,2208,base,0,nan,nan,0.3046875,0.4921875,0.51953125,0.3203125,0.21875,0.32421875,0.76953125,0.76171875,1.109375,1.078125,0.96484375,0.94921875,0.7734375,0.98046875,0.94140625,1.28125,1.03125,0.72265625,1.15625,0.9921875,0.703125,0.5703125,0.41796875,0.3359375,0.33203125,0.36328125
1454,1454,base,0,nan,nan,0.32421875,0.4375,0.4921875,0.30859375,0.19921875,0.33984375,0.796875,0.7265625,1.0703125,0.9921875,1.03125,0.98828125,0.82421875,0.95703125,0.8984375,1.171875,1.078125,0.81640625,1.1953125,0.9765625,0.828125,0.6640625,0.44140625,0.296875,0.33984375,0.375
2965,2965,base,0,nan,nan,0.3046875,0.4296875,0.4375,0.28515625,0.1953125,0.328125,0.80078125,0.7578125,1.1640625,0.91796875,1.078125,1.0703125,0.90234375,0.98046875,0.96875,1.125,1.0703125,0.95703125,1.1171875,0.9140625,0.91015625,0.7578125,0.49609375,0.3359375,0.3203125,0.3359375
710,710,base,0,nan,nan,0.296875,0.4609375,0.5234375,0.3125,0.21875,0.31640625,0.7265625,0.73046875,1.1171875,0.96484375,0.9609375,0.98046875,0.8203125,0.9921875,0.94921875,1.2890625,1.09375,0.671875,1.0859375,0.8984375,0.66015625,0.55078125,0.38671875,0.28515625,0.3046875,0.29296875
2209,2209,base,0,nan,nan,0.2890625,0.44921875,0.4765625,0.296875,0.203125,0.3203125,0.7421875,0.7421875,1.078125,1.03125,0.9765625,0.92578125,0.76953125,0.93359375,0.875,1.1640625,1.0234375,0.7421875,1.125,0.98046875,0.6875,0.5390625,0.39453125,0.28125,0.2890625,0.33203125
1455,1455,base,0,nan,nan,0.32421875,0.4375,0.4921875,0.30859375,0.19921875,0.33984375,0.796875,0.7265625,1.0703125,0.9921875,1.03125,0.98828125,0.82421875,0.95703125,0.8984375,1.171875,1.078125,0.81640625,1.1953125,0.9765625,0.828125,0.6640625,0.44140625,0.296875,0.33984375,0.375
2966,2966,base,0,nan,nan,0.3046875,0.4296875,0.4375,0.28515625,0.1953125,0.328125,0.80078125,0.7578125,1.1640625,0.91796875,1.078125,1.0703125,0.90234375,0.98046875,0.96875,1.125,1.0703125,0.95703125,1.1171875,0.9140625,0.91015625,0.7578125,0.49609375,0.3359375,0.3203125,0.3359375
711,711,base,0,nan,nan,0.296875,0.4609375,0.5234375,0.3125,0.21875,0.31640625,0.7265625,0.73046875,1.1171875,0.96484375,0.9609375,0.98046875,0.8203125,0.9921875,0.94921875,1.2890625,1.09375,0.671875,1.0859375,0.8984375,0.66015625,0.55078125,0.38671875,0.28515625,0.3046875,0.29296875
2210,2210,base,0,nan,nan,0.2890625,0.44921875,0.4765625,0.296875,0.203125,0.3203125,0.7421875,0.7421875,1.078125,1.03125,0.9765625,0.92578125,0.76953125,0.93359375,0.875,1.1640625,1.0234375,0.7421875,1.125,0.98046875,0.6875,0.5390625,0.39453125,0.28125,0.2890625,0.33203125
1456,1456,base,0,nan,nan,0.32421875,0.4375,0.4921875,0.30859375,0.19921875,0.33984375,0.796875,0.7265625,1.0703125,0.9921875,1.03125,0.98828125,0.82421875,0.95703125,0.8984375,1.171875,1.078125,0.81640625,1.1953125,0.9765625,0.828125,0.6640625,0.44140625,0.296875,0.33984375,0.375
2967,2967,base,0,nan,nan,0.3046875,0.4296875,0.4375,0.28515625,0.1953125,0.328125,0.80078125,0.7578125,1.1640625,0.91796875,1.078125,1.0703125,0.90234375,0.98046875,0.96875,1.125,1.0703125,0.95703125,1.1171875,0.9140625,0.91015625,0.7578125,0.49609375,0.3359375,0.3203125,0.3359375
712,712,base,0,nan,nan,0.296875,0.4609375,0.5234375,0.3125,0.21875,0.31640625,0.7265625,0.73046875,1.1171875,0.96484375,0.9609375,0.98046875,0.8203125,0.9921875,0.94921875,1.2890625,1.09375,0.671875,1.0859375,0.8984375,0.66015625,0.55078125,0.38671875,0.28515625,0.3046875,0.29296875
2211,2211,base,0,nan,nan,0.2890625,0.44921875,0.4765625,0.296875,0.203125,0.3203125,0.7421875,0.7421875,1.078125,1.03125,0.9765625,0.92578125,0.76953125,0.93359375,0.875,1.1640625,1.0234375,0.7421875,1.125,0.98046875,0.6875,0.5390625,0.39453125,0.28125,0.2890625,0.33203125
2968,2968,base,0,nan,nan,0.3046875,0.4296875,0.4375,0.28515625,0.1953125,0.328125,0.80078125,0.7578125,1.1640625,0.91796875,1.078125,1.0703125,0.90234375,0.98046875,0.96875,1.125,1.0703125,0.95703125,1.1171875,0.9140625,0.91015625,0.7578125,0.49609375,0.3359375,0.3203125,0.3359375
1457,1457,base,0,nan,nan,0.32421875,0.4375,0.4921875,0.30859375,0.19921875,0.33984375,0.796875,0.7265625,1.0703125,0.9921875,1.03125,0.98828125,0.82421875,0.95703125,0.8984375,1.171875,1.078125,0.81640625,1.1953125,0.9765625,0.828125,0.6640625,0.44140625,0.296875,0.33984375,0.375
713,713,base,0,nan,nan,0.296875,0.4609375,0.5234375,0.3125,0.21875,0.31640625,0.7265625,0.73046875,1.1171875,0.96484375,0.9609375,0.98046875,0.8203125,0.9921875,0.94921875,1.2890625,1.09375,0.671875,1.0859375,0.8984375,0.66015625,0.55078125,0.38671875,0.28515625,0.3046875,0.29296875
2212,2212,base,0,nan,nan,0.2890625,0.44921875,0.4765625,0.296875,0.203125,0.3203125,0.7421875,0.7421875,1.078125,1.03125,0.9765625,0.92578125,0.76953125,0.93359375,0.875,1.1640625,1.0234375,0.7421875,1.125,0.98046875,0.6875,0.5390625,0.39453125,0.28125,0.2890625,0.33203125
2969,2969,base,1,nan,nan,0.3046875,0.4296875,0.4375,0.28515625,0.1953125,0.328125,0.80078125,0.7578125,1.1640625,0.91796875,1.078125,1.0703125,0.90234375,0.98046875,0.96875,1.125,1.0703125,0.95703125,1.1171875,0.9140625,0.91015625,0.7578125,0.49609375,0.3359375,0.3203125,0.3359375
1458,1458,base,0,nan,nan,0.32421875,0.4375,0.4921875,0.30859375,0.19921875,0.33984375,0.796875,0.7265625,1.0703125,0.9921875,1.03125,0.98828125,0.82421875,0.95703125,0.8984375,1.171875,1.078125,0.81640625,1.1953125,0.9765625,0.828125,0.6640625,0.44140625,0.296875,0.33984375,0.375
714,714,base,0,nan,nan,0.296875,0.4609375,0.5234375,0.3125,0.21875,0.31640625,0.7265625,0.73046875,1.1171875,0.96484375,0.9609375,0.98046875,0.8203125,0.9921875,0.94921875,1.2890625,1.09375,0.671875,1.0859375,0.8984375,0.66015625,0.55078125,0.38671875,0.28515625,0.3046875,0.29296875
2213,2213,base,1,nan,nan,0.2890625,0.44921875,0.4765625,0.296875,0.203125,0.3203125,0.7421875,0.7421875,1.078125,1.03125,0.9765625,0.92578125,0.76953125,0.93359375,0.875,1.1640625,1.0234375,0.7421875,1.125,0.98046875,0.6875,0.5390625,0.39453125,0.28125,0.2890625,0.33203125
2970,2970,base,0,nan,nan,0.3046875,0.4296875,0.4375,0.28515625,0.1953125,0.328125,0.80078125,0.7578125,1.1640625,0.91796875,1.078125,1.0703125,0.90234375,0.98046875,0.96875,1.125,1.0703125,0.95703125,1.1171875,0.9140625,0.91015625,0.7578125,0.49609375,0.3359375,0.3203125,0.3359375
1459,1459,base,0,nan,nan,0.29296875,0.45703125,0.49609375,0.265625,0.203125,0.328125,0.7265625,0.7421875,1.078125,1.0703125,1.015625,0.9765625,0.7890625,0.9140625,0.83203125,1.1875,1.03125,0.7265625,1.1015625,0.91796875,0.6875,0.5390625,0.43359375,0.32421875,0.33984375,0.32421875
715,715,base,1,nan,nan,0.30078125,0.46484375,0.53125,0.33203125,0.21875,0.3515625,0.81640625,0.70703125,1.0625,1.0,1.0,1.015625,0.78125,0.98046875,0.921875,1.203125,1.0546875,0.75,1.234375,0.9921875,0.79296875,0.6328125,0.4609375,0.34375,0.3515625,0.35546875
2214,2214,base,0,nan,nan,0.2890625,0.44921875,0.4765625,0.296875,0.203125,0.3203125,0.7421875,0.7421875,1.078125,1.03125,0.9765625,0.92578125,0.76953125,0.93359375,0.875,1.1640625,1.0234375,0.7421875,1.125,0.98046875,0.6875,0.5390625,0.39453125,0.28125,0.2890625,0.33203125
2971,2971,base,0,nan,nan,0.28515625,0.4375,0.49609375,0.2890625,0.21484375,0.28125,0.7421875,0.765625,1.0703125,1.0546875,0.96484375,0.94140625,0.76953125,1.0078125,0.98046875,1.2265625,1.0390625,0.69140625,1.234375,1.0546875,0.6875,0.5546875,0.4296875,0.33984375,0.3203125,0.328125
1460,1460,base,0,nan,nan,0.29296875,0.45703125,0.49609375,0.265625,0.203125,0.328125,0.7265625,0.7421875,1.078125,1.0703125,1.015625,0.9765625,0.7890625,0.9140625,0.83203125,1.1875,1.03125,0.7265625,1.1015625,0.91796875,0.6875,0.5390625,0.43359375,0.32421875,0.33984375,0.32421875
716,716,base,0,nan,nan,0.30078125,0.46484375,0.53125,0.33203125,0.21875,0.3515625,0.81640625,0.70703125,1.0625,1.0,1.0,1.015625,0.78125,0.98046875,0.921875,1.203125,1.0546875,0.75,1.234375,0.9921875,0.79296875,0.6328125,0.4609375,0.34375,0.3515625,0.35546875
2215,2215,base,0,nan,nan,0.2890625,0.43359375,0.46875,0.3125,0.20703125,0.3046875,0.8046875,0.703125,1.15625,0.92578125,1.0625,1.0078125,0.828125,0.96484375,0.9375,1.2421875,1.0625,0.75,1.21875,1.015625,0.703125,0.5390625,0.390625,0.29296875,0.26171875,0.29296875
2972,2972,base,0,nan,nan,0.28515625,0.4375,0.49609375,0.2890625,0.21484375,0.28125,0.7421875,0.765625,1.0703125,1.0546875,0.96484375,0.94140625,0.76953125,1.0078125,0.98046875,1.2265625,1.0390625,0.69140625,1.234375,1.0546875,0.6875,0.5546875,0.4296875,0.33984375,0.3203125,0.328125
1461,1461,base,0,nan,nan,0.29296875,0.45703125,0.49609375,0.265625,0.203125,0.328125,0.7265625,0.7421875,1.078125,1.0703125,1.015625,0.9765625,0.7890625,0.9140625,0.83203125,1.1875,1.03125,0.7265625,1.1015625,0.91796875,0.6875,0.5390625,0.43359375,0.32421875,0.33984375,0.32421875
717,717,base,1,nan,nan,0.30078125,0.46484375,0.53125,0.33203125,0.21875,0.3515625,0.81640625,0.70703125,1.0625,1.0,1.0,1.015625,0.78125,0.98046875,0.921875,1.203125,1.0546875,0.75,1.234375,0.9921875,0.79296875,0.6328125,0.4609375,0.34375,0.3515625,0.35546875
2216,2216,base,0,nan,nan,0.2890625,0.43359375,0.46875,0.3125,0.20703125,0.3046875,0.8046875,0.703125,1.15625,0.92578125,1.0625,1.0078125,0.828125,0.96484375,0.9375,1.2421875,1.0625,0.75,1.21875,1.015625,0.703125,0.5390625,0.390625,0.29296875,0.26171875,0.29296875
2973,2973,base,0,nan,nan,0.28515625,0.4375,0.49609375,0.2890625,0.21484375,0.28125,0.7421875,0.765625,1.0703125,1.0546875,0.96484375,0.94140625,0.76953125,1.0078125,0.98046875,1.2265625,1.0390625,0.69140625,1.234375,1.0546875,0.6875,0.5546875,0.4296875,0.33984375,0.3203125,0.328125
1462,1462,base,0,nan,nan,0.29296875,0.45703125,0.49609375,0.265625,0.203125,0.328125,0.7265625,0.7421875,1.078125,1.0703125,1.015625,0.9765625,0.7890625,0.9140625,0.83203125,1.1875,1.03125,0.7265625,1.1015625,0.91796875,0.6875,0.5390625,0.43359375,0.32421875,0.33984375,0.32421875
718,718,base,0,nan,nan,0.30078125,0.46484375,0.53125,0.33203125,0.21875,0.3515625,0.81640625,0.70703125,1.0625,1.0,1.0,1.015625,0.78125,0.98046875,0.921875,1.203125,1.0546875,0.75,1.234375,0.9921875,0.79296875,0.6328125,0.4609375,0.34375,0.3515625,0.35546875
2217,2217,base,0,nan,nan,0.2890625,0.43359375,0.46875,0.3125,0.20703125,0.3046875,0.8046875,0.703125,1.15625,0.92578125,1.0625,1.0078125,0.828125,0.96484375,0.9375,1.2421875,1.0625,0.75,1.21875,1.015625,0.703125,0.5390625,0.390625,0.29296875,0.26171875,0.29296875
2974,2974,base,0,nan,nan,0.28515625,0.4375,0.49609375,0.2890625,0.21484375,0.28125,0.7421875,0.765625,1.0703125,1.0546875,0.96484375,0.94140625,0.76953125,1.0078125,0.98046875,1.2265625,1.0390625,0.69140625,1.234375,1.0546875,0.6875,0.5546875,0.4296875,0.33984375,0.3203125,0.328125
1463,1463,base,1,nan,nan,0.29296875,0.45703125,0.49609375,0.265625,0.203125,0.328125,0.7265625,0.7421875,1.078125,1.0703125,1.015625,0.9765625,0.7890625,0.9140625,0.83203125,1.1875,1.03125,0.7265625,1.1015625,0.91796875,0.6875,0.5390625,0.43359375,0.32421875,0.33984375,0.32421875
719,719,base,1,nan,nan,0.30078125,0.46484375,0.53125,0.33203125,0.21875,0.3515625,0.81640625,0.70703125,1.0625,1.0,1.0,1.015625,0.78125,0.98046875,0.921875,1.203125,1.0546875,0.75,1.234375,0.9921875,0.79296875,0.6328125,0.4609375,0.34375,0.3515625,0.35546875
2218,2218,base,0,nan,nan,0.2890625,0.43359375,0.46875,0.3125,0.20703125,0.3046875,0.8046875,0.703125,1.15625,0.92578125,1.0625,1.0078125,0.828125,0.96484375,0.9375,1.2421875,1.0625,0.75,1.21875,1.015625,0.703125,0.5390625,0.390625,0.29296875,0.26171875,0.29296875
2975,2975,base,0,nan,nan,0.28515625,0.4375,0.49609375,0.2890625,0.21484375,0.28125,0.7421875,0.765625,1.0703125,1.0546875,0.96484375,0.94140625,0.76953125,1.0078125,0.98046875,1.2265625,1.0390625,0.69140625,1.234375,1.0546875,0.6875,0.5546875,0.4296875,0.33984375,0.3203125,0.328125
1464,1464,base,0,nan,nan,0.29296875,0.45703125,0.49609375,0.265625,0.203125,0.328125,0.7265625,0.7421875,1.078125,1.0703125,1.015625,0.9765625,0.7890625,0.9140625,0.83203125,1.1875,1.03125,0.7265625,1.1015625,0.91796875,0.6875,0.5390625,0.43359375,0.32421875,0.33984375,0.32421875
720,720,base,0,nan,nan,0.30078125,0.46484375,0.53125,0.33203125,0.21875,0.3515625,0.81640625,0.70703125,1.0625,1.0,1.0,1.015625,0.78125,0.98046875,0.921875,1.203125,1.0546875,0.75,1.234375,0.9921875,0.79296875,0.6328125,0.4609375,0.34375,0.3515625,0.35546875
2219,2219,base,0,nan,nan,0.2890625,0.43359375,0.46875,0.3125,0.20703125,0.3046875,0.8046875,0.703125,1.15625,0.92578125,1.0625,1.0078125,0.828125,0.96484375,0.9375,1.2421875,1.0625,0.75,1.21875,1.015625,0.703125,0.5390625,0.390625,0.29296875,0.26171875,0.29296875
2976,2976,base,0,nan,nan,0.28515625,0.4375,0.49609375,0.2890625,0.21484375,0.28125,0.7421875,0.765625,1.0703125,1.0546875,0.96484375,0.94140625,0.76953125,1.0078125,0.98046875,1.2265625,1.0390625,0.69140625,1.234375,1.0546875,0.6875,0.5546875,0.4296875,0.33984375,0.3203125,0.328125
1465,1465,base,0,nan,nan,0.30859375,0.47265625,0.5078125,0.328125,0.21484375,0.35546875,0.7421875,0.75,1.171875,0.91796875,1.0078125,1.0234375,0.7578125,0.9609375,0.94921875,1.21875,1.078125,0.7109375,1.203125,0.953125,0.7734375,0.609375,0.37109375,0.27734375,0.2890625,0.30078125
721,721,base,0,nan,nan,0.3125,0.49609375,0.515625,0.30078125,0.21875,0.33203125,0.78125,0.7265625,1.1875,0.95703125,1.0390625,1.0234375,0.80859375,0.96875,0.921875,1.203125,1.046875,0.76171875,1.125,0.91796875,0.71875,0.546875,0.37109375,0.265625,0.30078125,0.30859375
2220,2220,base,0,nan,nan,0.2890625,0.43359375,0.46875,0.3125,0.20703125,0.3046875,0.8046875,0.703125,1.15625,0.92578125,1.0625,1.0078125,0.828125,0.96484375,0.9375,1.2421875,1.0625,0.75,1.21875,1.015625,0.703125,0.5390625,0.390625,0.29296875,0.26171875,0.29296875
2977,2977,base,0,nan,nan,0.27734375,0.4375,0.49609375,0.28515625,0.22265625,0.30859375,0.765625,0.71875,1.1640625,0.953125,0.9921875,0.98828125,0.8125,0.9609375,0.94921875,1.265625,1.09375,0.734375,1.1875,1.046875,0.65234375,0.55078125,0.40625,0.26953125,0.28515625,0.31640625
1466,1466,base,0,nan,nan,0.30859375,0.47265625,0.5078125,0.328125,0.21484375,0.35546875,0.7421875,0.75,1.171875,0.91796875,1.0078125,1.0234375,0.7578125,0.9609375,0.94921875,1.21875,1.078125,0.7109375,1.203125,0.953125,0.7734375,0.609375,0.37109375,0.27734375,0.2890625,0.30078125
722,722,base,0,nan,nan,0.3125,0.49609375,0.515625,0.30078125,0.21875,0.33203125,0.78125,0.7265625,1.1875,0.95703125,1.0390625,1.0234375,0.80859375,0.96875,0.921875,1.203125,1.046875,0.76171875,1.125,0.91796875,0.71875,0.546875,0.37109375,0.265625,0.30078125,0.30859375
2221,2221,base,0,nan,nan,0.3203125,0.44140625,0.48046875,0.31640625,0.203125,0.359375,0.7890625,0.75,1.109375,0.953125,1.03125,1.0703125,0.82421875,1.0,0.9921875,1.1796875,1.0859375,0.7421875,1.1875,0.9609375,0.828125,0.67578125,0.41015625,0.32421875,0.3125,0.296875
2978,2978,base,0,nan,nan,0.27734375,0.4375,0.49609375,0.28515625,0.22265625,0.30859375,0.765625,0.71875,1.1640625,0.953125,0.9921875,0.98828125,0.8125,0.9609375,0.94921875,1.265625,1.09375,0.734375,1.1875,1.046875,0.65234375,0.55078125,0.40625,0.26953125,0.28515625,0.31640625
1467,1467,base,1,nan,nan,0.30859375,0.47265625,0.5078125,0.328125,0.21484375,0.35546875,0.7421875,0.75,1.171875,0.91796875,1.0078125,1.0234375,0.7578125,0.9609375,0.94921875,1.21875,1.078125,0.7109375,1.203125,0.953125,0.7734375,0.609375,0.37109375,0.27734375,0.2890625,0.30078125
723,723,base,0,nan,nan,0.3125,0.49609375,0.515625,0.30078125,0.21875,0.33203125,0.78125,0.7265625,1.1875,0.95703125,1.0390625,1.0234375,0.80859375,0.96875,0.921875,1.203125,1.046875,0.76171875,1.125,0.91796875,0.71875,0.546875,0.37109375,0.265625,0.30078125,0.30859375
2222,2222,base,0,nan,nan,0.3203125,0.44140625,0.48046875,0.31640625,0.203125,0.359375,0.7890625,0.75,1.109375,0.953125,1.03125,1.0703125,0.82421875,1.0,0.9921875,1.1796875,1.0859375,0.7421875,1.1875,0.9609375,0.828125,0.67578125,0.41015625,0.32421875,0.3125,0.296875
2979,2979,base,0,nan,nan,0.27734375,0.4375,0.49609375,0.28515625,0.22265625,0.30859375,0.765625,0.71875,1.1640625,0.953125,0.9921875,0.98828125,0.8125,0.9609375,0.94921875,1.265625,1.09375,0.734375,1.1875,1.046875,0.65234375,0.55078125,0.40625,0.26953125,0.28515625,0.31640625
1468,1468,base,0,nan,nan,0.30859375,0.47265625,0.5078125,0.328125,0.21484375,0.35546875,0.7421875,0.75,1.171875,0.91796875,1.0078125,1.0234375,0.7578125,0.9609375,0.94921875,1.21875,1.078125,0.7109375,1.203125,0.953125,0.7734375,0.609375,0.37109375,0.27734375,0.2890625,0.30078125
724,724,base,0,nan,nan,0.3125,0.49609375,0.515625,0.30078125,0.21875,0.33203125,0.78125,0.7265625,1.1875,0.95703125,1.0390625,1.0234375,0.80859375,0.96875,0.921875,1.203125,1.046875,0.76171875,1.125,0.91796875,0.71875,0.546875,0.37109375,0.265625,0.30078125,0.30859375
2223,2223,base,0,nan,nan,0.3203125,0.44140625,0.48046875,0.31640625,0.203125,0.359375,0.7890625,0.75,1.109375,0.953125,1.03125,1.0703125,0.82421875,1.0,0.9921875,1.1796875,1.0859375,0.7421875,1.1875,0.9609375,0.828125,0.67578125,0.41015625,0.32421875,0.3125,0.296875
2980,2980,base,0,nan,nan,0.27734375,0.4375,0.49609375,0.28515625,0.22265625,0.30859375,0.765625,0.71875,1.1640625,0.953125,0.9921875,0.98828125,0.8125,0.9609375,0.94921875,1.265625,1.09375,0.734375,1.1875,1.046875,0.65234375,0.55078125,0.40625,0.26953125,0.28515625,0.31640625
1469,1469,base,0,nan,nan,0.30859375,0.47265625,0.5078125,0.328125,0.21484375,0.35546875,0.7421875,0.75,1.171875,0.91796875,1.0078125,1.0234375,0.7578125,0.9609375,0.94921875,1.21875,1.078125,0.7109375,1.203125,0.953125,0.7734375,0.609375,0.37109375,0.27734375,0.2890625,0.30078125
725,725,base,0,nan,nan,0.3125,0.49609375,0.515625,0.30078125,0.21875,0.33203125,0.78125,0.7265625,1.1875,0.95703125,1.0390625,1.0234375,0.80859375,0.96875,0.921875,1.203125,1.046875,0.76171875,1.125,0.91796875,0.71875,0.546875,0.37109375,0.265625,0.30078125,0.30859375
2224,2224,base,0,nan,nan,0.3203125,0.44140625,0.48046875,0.31640625,0.203125,0.359375,0.7890625,0.75,1.109375,0.953125,1.03125,1.0703125,0.82421875,1.0,0.9921875,1.1796875,1.0859375,0.7421875,1.1875,0.9609375,0.828125,0.67578125,0.41015625,0.32421875,0.3125,0.296875
2981,2981,base,0,nan,nan,0.27734375,0.4375,0.49609375,0.28515625,0.22265625,0.30859375,0.765625,0.71875,1.1640625,0.953125,0.9921875,0.98828125,0.8125,0.9609375,0.94921875,1.265625,1.09375,0.734375,1.1875,1.046875,0.65234375,0.55078125,0.40625,0.26953125,0.28515625,0.31640625
1470,1470,base,0,nan,nan,0.30859375,0.47265625,0.5078125,0.328125,0.21484375,0.35546875,0.7421875,0.75,1.171875,0.91796875,1.0078125,1.0234375,0.7578125,0.9609375,0.94921875,1.21875,1.078125,0.7109375,1.203125,0.953125,0.7734375,0.609375,0.37109375,0.27734375,0.2890625,0.30078125
726,726,base,0,nan,nan,0.3125,0.49609375,0.515625,0.30078125,0.21875,0.33203125,0.78125,0.7265625,1.1875,0.95703125,1.0390625,1.0234375,0.80859375,0.96875,0.921875,1.203125,1.046875,0.76171875,1.125,0.91796875,0.71875,0.546875,0.37109375,0.265625,0.30078125,0.30859375
2225,2225,base,0,nan,nan,0.3203125,0.44140625,0.48046875,0.31640625,0.203125,0.359375,0.7890625,0.75,1.109375,0.953125,1.03125,1.0703125,0.82421875,1.0,0.9921875,1.1796875,1.0859375,0.7421875,1.1875,0.9609375,0.828125,0.67578125,0.41015625,0.32421875,0.3125,0.296875
2982,2982,base,0,nan,nan,0.27734375,0.4375,0.49609375,0.28515625,0.22265625,0.30859375,0.765625,0.71875,1.1640625,0.953125,0.9921875,0.98828125,0.8125,0.9609375,0.94921875,1.265625,1.09375,0.734375,1.1875,1.046875,0.65234375,0.55078125,0.40625,0.26953125,0.28515625,0.31640625
1471,1471,base,0,nan,nan,0.2890625,0.4296875,0.48828125,0.2890625,0.1875,0.3203125,0.78515625,0.703125,1.1796875,0.8984375,1.046875,1.09375,0.8203125,0.96484375,0.9375,1.15625,1.0859375,0.8125,1.1875,0.97265625,0.8671875,0.703125,0.46875,0.32421875,0.3125,0.3203125
727,727,base,0,nan,nan,0.2890625,0.453125,0.48828125,0.30078125,0.234375,0.328125,0.7734375,0.7109375,1.140625,0.9375,1.0078125,0.99609375,0.765625,0.94921875,0.9140625,1.2421875,1.0546875,0.67578125,1.0625,0.8671875,0.59375,0.5078125,0.359375,0.25390625,0.296875,0.3046875
2226,2226,base,0,nan,nan,0.3203125,0.44140625,0.48046875,0.31640625,0.203125,0.359375,0.7890625,0.75,1.109375,0.953125,1.03125,1.0703125,0.82421875,1.0,0.9921875,1.1796875,1.0859375,0.7421875,1.1875,0.9609375,0.828125,0.67578125,0.41015625,0.32421875,0.3125,0.296875
2983,2983,base,0,nan,nan,0.2890625,0.43359375,0.484375,0.3046875,0.2109375,0.3203125,0.75,0.7578125,1.1171875,0.99609375,0.9609375,1.0,0.75390625,0.98046875,0.87890625,1.1796875,1.03125,0.6953125,1.1875,1.0234375,0.640625,0.5546875,0.4296875,0.3125,0.28515625,0.3125
1472,1472,base,0,nan,nan,0.2890625,0.4296875,0.48828125,0.2890625,0.1875,0.3203125,0.78515625,0.703125,1.1796875,0.8984375,1.046875,1.09375,0.8203125,0.96484375,0.9375,1.15625,1.0859375,0.8125,1.1875,0.97265625,0.8671875,0.703125,0.46875,0.32421875,0.3125,0.3203125
728,728,base,0,nan,nan,0.2890625,0.453125,0.48828125,0.30078125,0.234375,0.328125,0.7734375,0.7109375,1.140625,0.9375,1.0078125,0.99609375,0.765625,0.94921875,0.9140625,1.2421875,1.0546875,0.67578125,1.0625,0.8671875,0.59375,0.5078125,0.359375,0.25390625,0.296875,0.3046875
2227,2227,base,0,nan,nan,0.296875,0.44921875,0.47265625,0.2890625,0.2109375,0.3125,0.77734375,0.7265625,1.109375,0.9296875,1.0078125,0.98828125,0.80078125,0.99609375,0.9609375,1.171875,1.03125,0.7890625,1.1640625,0.9453125,0.80078125,0.6171875,0.38671875,0.27734375,0.3046875,0.3203125
2984,2984,base,0,nan,nan,0.2890625,0.43359375,0.484375,0.3046875,0.2109375,0.3203125,0.75,0.7578125,1.1171875,0.99609375,0.9609375,1.0,0.75390625,0.98046875,0.87890625,1.1796875,1.03125,0.6953125,1.1875,1.0234375,0.640625,0.5546875,0.4296875,0.3125,0.28515625,0.3125
1473,1473,base,0,nan,nan,0.2890625,0.4296875,0.48828125,0.2890625,0.1875,0.3203125,0.78515625,0.703125,1.1796875,0.8984375,1.046875,1.09375,0.8203125,0.96484375,0.9375,1.15625,1.0859375,0.8125,1.1875,0.97265625,0.8671875,0.703125,0.46875,0.32421875,0.3125,0.3203125
729,729,base,0,nan,nan,0.2890625,0.453125,0.48828125,0.30078125,0.234375,0.328125,0.7734375,0.7109375,1.140625,0.9375,1.0078125,0.99609375,0.765625,0.94921875,0.9140625,1.2421875,1.0546875,0.67578125,1.0625,0.8671875,0.59375,0.5078125,0.359375,0.25390625,0.296875,0.3046875
2228,2228,base,0,nan,nan,0.296875,0.44921875,0.47265625,0.2890625,0.2109375,0.3125,0.77734375,0.7265625,1.109375,0.9296875,1.0078125,0.98828125,0.80078125,0.99609375,0.9609375,1.171875,1.03125,0.7890625,1.1640625,0.9453125,0.80078125,0.6171875,0.38671875,0.27734375,0.3046875,0.3203125
2985,2985,base,0,nan,nan,0.2890625,0.43359375,0.484375,0.3046875,0.2109375,0.3203125,0.75,0.7578125,1.1171875,0.99609375,0.9609375,1.0,0.75390625,0.98046875,0.87890625,1.1796875,1.03125,0.6953125,1.1875,1.0234375,0.640625,0.5546875,0.4296875,0.3125,0.28515625,0.3125
1474,1474,base,0,nan,nan,0.2890625,0.4296875,0.48828125,0.2890625,0.1875,0.3203125,0.78515625,0.703125,1.1796875,0.8984375,1.046875,1.09375,0.8203125,0.96484375,0.9375,1.15625,1.0859375,0.8125,1.1875,0.97265625,0.8671875,0.703125,0.46875,0.32421875,0.3125,0.3203125
730,730,base,0,nan,nan,0.2890625,0.453125,0.48828125,0.30078125,0.234375,0.328125,0.7734375,0.7109375,1.140625,0.9375,1.0078125,0.99609375,0.765625,0.94921875,0.9140625,1.2421875,1.0546875,0.67578125,1.0625,0.8671875,0.59375,0.5078125,0.359375,0.25390625,0.296875,0.3046875
2229,2229,base,1,nan,nan,0.296875,0.44921875,0.47265625,0.2890625,0.2109375,0.3125,0.77734375,0.7265625,1.109375,0.9296875,1.0078125,0.98828125,0.80078125,0.99609375,0.9609375,1.171875,1.03125,0.7890625,1.1640625,0.9453125,0.80078125,0.6171875,0.38671875,0.27734375,0.3046875,0.3203125
2986,2986,base,0,nan,nan,0.2890625,0.43359375,0.484375,0.3046875,0.2109375,0.3203125,0.75,0.7578125,1.1171875,0.99609375,0.9609375,1.0,0.75390625,0.98046875,0.87890625,1.1796875,1.03125,0.6953125,1.1875,1.0234375,0.640625,0.5546875,0.4296875,0.3125,0.28515625,0.3125
1475,1475,base,1,nan,nan,0.2890625,0.4296875,0.48828125,0.2890625,0.1875,0.3203125,0.78515625,0.703125,1.1796875,0.8984375,1.046875,1.09375,0.8203125,0.96484375,0.9375,1.15625,1.0859375,0.8125,1.1875,0.97265625,0.8671875,0.703125,0.46875,0.32421875,0.3125,0.3203125
731,731,base,0,nan,nan,0.2890625,0.453125,0.48828125,0.30078125,0.234375,0.328125,0.7734375,0.7109375,1.140625,0.9375,1.0078125,0.99609375,0.765625,0.94921875,0.9140625,1.2421875,1.0546875,0.67578125,1.0625,0.8671875,0.59375,0.5078125,0.359375,0.25390625,0.296875,0.3046875
2230,2230,base,0,nan,nan,0.296875,0.44921875,0.47265625,0.2890625,0.2109375,0.3125,0.77734375,0.7265625,1.109375,0.9296875,1.0078125,0.98828125,0.80078125,0.99609375,0.9609375,1.171875,1.03125,0.7890625,1.1640625,0.9453125,0.80078125,0.6171875,0.38671875,0.27734375,0.3046875,0.3203125
2987,2987,base,1,nan,nan,0.2890625,0.43359375,0.484375,0.3046875,0.2109375,0.3203125,0.75,0.7578125,1.1171875,0.99609375,0.9609375,1.0,0.75390625,0.98046875,0.87890625,1.1796875,1.03125,0.6953125,1.1875,1.0234375,0.640625,0.5546875,0.4296875,0.3125,0.28515625,0.3125
1476,1476,base,0,nan,nan,0.2890625,0.4296875,0.48828125,0.2890625,0.1875,0.3203125,0.78515625,0.703125,1.1796875,0.8984375,1.046875,1.09375,0.8203125,0.96484375,0.9375,1.15625,1.0859375,0.8125,1.1875,0.97265625,0.8671875,0.703125,0.46875,0.32421875,0.3125,0.3203125
732,732,base,0,nan,nan,0.2890625,0.453125,0.48828125,0.30078125,0.234375,0.328125,0.7734375,0.7109375,1.140625,0.9375,1.0078125,0.99609375,0.765625,0.94921875,0.9140625,1.2421875,1.0546875,0.67578125,1.0625,0.8671875,0.59375,0.5078125,0.359375,0.25390625,0.296875,0.3046875
2231,2231,base,1,nan,nan,0.296875,0.44921875,0.47265625,0.2890625,0.2109375,0.3125,0.77734375,0.7265625,1.109375,0.9296875,1.0078125,0.98828125,0.80078125,0.99609375,0.9609375,1.171875,1.03125,0.7890625,1.1640625,0.9453125,0.80078125,0.6171875,0.38671875,0.27734375,0.3046875,0.3203125
2988,2988,base,0,nan,nan,0.2890625,0.43359375,0.484375,0.3046875,0.2109375,0.3203125,0.75,0.7578125,1.1171875,0.99609375,0.9609375,1.0,0.75390625,0.98046875,0.87890625,1.1796875,1.03125,0.6953125,1.1875,1.0234375,0.640625,0.5546875,0.4296875,0.3125,0.28515625,0.3125
1477,1477,base,1,nan,nan,0.30078125,0.4453125,0.5078125,0.34765625,0.2109375,0.38671875,0.78515625,0.796875,1.1328125,0.96484375,0.96875,0.9921875,0.8671875,0.96484375,0.94140625,1.15625,1.03125,0.734375,1.203125,0.91796875,0.828125,0.68359375,0.48828125,0.33984375,0.33984375,0.36328125
733,733,base,0,nan,nan,0.30078125,0.453125,0.49609375,0.34375,0.22265625,0.328125,0.7578125,0.7421875,1.0703125,1.0390625,1.015625,1.0625,0.765625,0.98046875,0.90234375,1.1171875,1.0,0.7109375,1.1875,0.9375,0.75390625,0.6015625,0.43359375,0.3359375,0.32421875,0.33203125
2232,2232,base,0,nan,nan,0.296875,0.44921875,0.47265625,0.2890625,0.2109375,0.3125,0.77734375,0.7265625,1.109375,0.9296875,1.0078125,0.98828125,0.80078125,0.99609375,0.9609375,1.171875,1.03125,0.7890625,1.1640625,0.9453125,0.80078125,0.6171875,0.38671875,0.27734375,0.3046875,0.3203125
2989,2989,base,1,nan,nan,0.296875,0.44140625,0.5,0.375,0.23828125,0.36328125,0.75,0.76953125,1.109375,1.03125,1.0703125,1.03125,0.8359375,0.90234375,0.8515625,1.15625,1.0703125,0.8046875,1.1875,0.9140625,0.8203125,0.61328125,0.390625,0.30078125,0.2890625,0.328125
1478,1478,base,0,nan,nan,0.30078125,0.4453125,0.5078125,0.34765625,0.2109375,0.38671875,0.78515625,0.796875,1.1328125,0.96484375,0.96875,0.9921875,0.8671875,0.96484375,0.94140625,1.15625,1.03125,0.734375,1.203125,0.91796875,0.828125,0.68359375,0.48828125,0.33984375,0.33984375,0.36328125
2233,2233,base,0,nan,nan,0.29296875,0.45703125,0.515625,0.31640625,0.2109375,0.27734375,0.796875,0.703125,1.1484375,0.94140625,0.99609375,0.98828125,0.76953125,0.98046875,0.92578125,1.125,0.99609375,0.7578125,1.1796875,1.0234375,0.71484375,0.54296875,0.38671875,0.26953125,0.296875,0.3125
734,734,base,0,nan,nan,0.30078125,0.453125,0.49609375,0.34375,0.22265625,0.328125,0.7578125,0.7421875,1.0703125,1.0390625,1.015625,1.0625,0.765625,0.98046875,0.90234375,1.1171875,1.0,0.7109375,1.1875,0.9375,0.75390625,0.6015625,0.43359375,0.3359375,0.32421875,0.33203125
2990,2990,base,0,nan,nan,0.296875,0.44140625,0.5,0.375,0.23828125,0.36328125,0.75,0.76953125,1.109375,1.03125,1.0703125,1.03125,0.8359375,0.90234375,0.8515625,1.15625,1.0703125,0.8046875,1.1875,0.9140625,0.8203125,0.61328125,0.390625,0.30078125,0.2890625,0.328125
1479,1479,base,0,nan,nan,0.30078125,0.4453125,0.5078125,0.34765625,0.2109375,0.38671875,0.78515625,0.796875,1.1328125,0.96484375,0.96875,0.9921875,0.8671875,0.96484375,0.94140625,1.15625,1.03125,0.734375,1.203125,0.91796875,0.828125,0.68359375,0.48828125,0.33984375,0.33984375,0.36328125
2234,2234,base,0,nan,nan,0.29296875,0.45703125,0.515625,0.31640625,0.2109375,0.27734375,0.796875,0.703125,1.1484375,0.94140625,0.99609375,0.98828125,0.76953125,0.98046875,0.92578125,1.125,0.99609375,0.7578125,1.1796875,1.0234375,0.71484375,0.54296875,0.38671875,0.26953125,0.296875,0.3125
735,735,base,0,nan,nan,0.30078125,0.453125,0.49609375,0.34375,0.22265625,0.328125,0.7578125,0.7421875,1.0703125,1.0390625,1.015625,1.0625,0.765625,0.98046875,0.90234375,1.1171875,1.0,0.7109375,1.1875,0.9375,0.75390625,0.6015625,0.43359375,0.3359375,0.32421875,0.33203125
2991,2991,base,0,nan,nan,0.296875,0.44140625,0.5,0.375,0.23828125,0.36328125,0.75,0.76953125,1.109375,1.03125,1.0703125,1.03125,0.8359375,0.90234375,0.8515625,1.15625,1.0703125,0.8046875,1.1875,0.9140625,0.8203125,0.61328125,0.390625,0.30078125,0.2890625,0.328125
1480,1480,base,0,nan,nan,0.30078125,0.4453125,0.5078125,0.34765625,0.2109375,0.38671875,0.78515625,0.796875,1.1328125,0.96484375,0.96875,0.9921875,0.8671875,0.96484375,0.94140625,1.15625,1.03125,0.734375,1.203125,0.91796875,0.828125,0.68359375,0.48828125,0.33984375,0.33984375,0.36328125
2235,2235,base,0,nan,nan,0.29296875,0.45703125,0.515625,0.31640625,0.2109375,0.27734375,0.796875,0.703125,1.1484375,0.94140625,0.99609375,0.98828125,0.76953125,0.98046875,0.92578125,1.125,0.99609375,0.7578125,1.1796875,1.0234375,0.71484375,0.54296875,0.38671875,0.26953125,0.296875,0.3125
736,736,base,0,nan,nan,0.30078125,0.453125,0.49609375,0.34375,0.22265625,0.328125,0.7578125,0.7421875,1.0703125,1.0390625,1.015625,1.0625,0.765625,0.98046875,0.90234375,1.1171875,1.0,0.7109375,1.1875,0.9375,0.75390625,0.6015625,0.43359375,0.3359375,0.32421875,0.33203125
2992,2992,base,0,nan,nan,0.296875,0.44140625,0.5,0.375,0.23828125,0.36328125,0.75,0.76953125,1.109375,1.03125,1.0703125,1.03125,0.8359375,0.90234375,0.8515625,1.15625,1.0703125,0.8046875,1.1875,0.9140625,0.8203125,0.61328125,0.390625,0.30078125,0.2890625,0.328125
1481,1481,base,0,nan,nan,0.30078125,0.4453125,0.5078125,0.34765625,0.2109375,0.38671875,0.78515625,0.796875,1.1328125,0.96484375,0.96875,0.9921875,0.8671875,0.96484375,0.94140625,1.15625,1.03125,0.734375,1.203125,0.91796875,0.828125,0.68359375,0.48828125,0.33984375,0.33984375,0.36328125
2236,2236,base,0,nan,nan,0.29296875,0.45703125,0.515625,0.31640625,0.2109375,0.27734375,0.796875,0.703125,1.1484375,0.94140625,0.99609375,0.98828125,0.76953125,0.98046875,0.92578125,1.125,0.99609375,0.7578125,1.1796875,1.0234375,0.71484375,0.54296875,0.38671875,0.26953125,0.296875,0.3125
737,737,base,0,nan,nan,0.30078125,0.453125,0.49609375,0.34375,0.22265625,0.328125,0.7578125,0.7421875,1.0703125,1.0390625,1.015625,1.0625,0.765625,0.98046875,0.90234375,1.1171875,1.0,0.7109375,1.1875,0.9375,0.75390625,0.6015625,0.43359375,0.3359375,0.32421875,0.33203125
2993,2993,base,1,nan,nan,0.296875,0.44140625,0.5,0.375,0.23828125,0.36328125,0.75,0.76953125,1.109375,1.03125,1.0703125,1.03125,0.8359375,0.90234375,0.8515625,1.15625,1.0703125,0.8046875,1.1875,0.9140625,0.8203125,0.61328125,0.390625,0.30078125,0.2890625,0.328125
1482,1482,base,0,nan,nan,0.30078125,0.4453125,0.5078125,0.34765625,0.2109375,0.38671875,0.78515625,0.796875,1.1328125,0.96484375,0.96875,0.9921875,0.8671875,0.96484375,0.94140625,1.15625,1.03125,0.734375,1.203125,0.91796875,0.828125,0.68359375,0.48828125,0.33984375,0.33984375,0.36328125
2237,2237,base,1,nan,nan,0.29296875,0.45703125,0.515625,0.31640625,0.2109375,0.27734375,0.796875,0.703125,1.1484375,0.94140625,0.99609375,0.98828125,0.76953125,0.98046875,0.92578125,1.125,0.99609375,0.7578125,1.1796875,1.0234375,0.71484375,0.54296875,0.38671875,0.26953125,0.296875,0.3125
738,738,base,0,nan,nan,0.30078125,0.453125,0.49609375,0.34375,0.22265625,0.328125,0.7578125,0.7421875,1.0703125,1.0390625,1.015625,1.0625,0.765625,0.98046875,0.90234375,1.1171875,1.0,0.7109375,1.1875,0.9375,0.75390625,0.6015625,0.43359375,0.3359375,0.32421875,0.33203125
2994,2994,base,0,nan,nan,0.296875,0.44140625,0.5,0.375,0.23828125,0.36328125,0.75,0.76953125,1.109375,1.03125,1.0703125,1.03125,0.8359375,0.90234375,0.8515625,1.15625,1.0703125,0.8046875,1.1875,0.9140625,0.8203125,0.61328125,0.390625,0.30078125,0.2890625,0.328125
1483,1483,base,0,nan,nan,0.29296875,0.4296875,0.47265625,0.27734375,0.21484375,0.33203125,0.796875,0.7265625,1.0546875,1.0390625,1.0859375,0.984375,0.890625,0.94921875,0.90625,1.203125,1.109375,0.79296875,1.15625,0.921875,0.8046875,0.6328125,0.46875,0.3671875,0.35546875,0.3515625
2238,2238,base,0,nan,nan,0.29296875,0.45703125,0.515625,0.31640625,0.2109375,0.27734375,0.796875,0.703125,1.1484375,0.94140625,0.99609375,0.98828125,0.76953125,0.98046875,0.92578125,1.125,0.99609375,0.7578125,1.1796875,1.0234375,0.71484375,0.54296875,0.38671875,0.26953125,0.296875,0.3125
739,739,base,0,nan,nan,0.28515625,0.44140625,0.48828125,0.2890625,0.21484375,0.33984375,0.7578125,0.7265625,1.1328125,0.9609375,1.0625,1.0546875,0.8125,0.9140625,0.8515625,1.1875,1.09375,0.7421875,1.171875,0.921875,0.796875,0.6015625,0.4453125,0.32421875,0.33984375,0.3359375
2995,2995,base,0,nan,nan,0.2890625,0.42578125,0.5,0.3203125,0.2109375,0.34375,0.76953125,0.6953125,1.125,0.95703125,0.9765625,1.0390625,0.7734375,0.98046875,0.93359375,1.1953125,1.0390625,0.75390625,1.1796875,0.98046875,0.73828125,0.5703125,0.41015625,0.28515625,0.26953125,0.30859375
1484,1484,base,0,nan,nan,0.29296875,0.4296875,0.47265625,0.27734375,0.21484375,0.33203125,0.796875,0.7265625,1.0546875,1.0390625,1.0859375,0.984375,0.890625,0.94921875,0.90625,1.203125,1.109375,0.79296875,1.15625,0.921875,0.8046875,0.6328125,0.46875,0.3671875,0.35546875,0.3515625
2239,2239,base,0,nan,nan,0.27734375,0.4296875,0.5,0.33984375,0.2265625,0.328125,0.7109375,0.75390625,1.09375,0.97265625,1.015625,0.9921875,0.76953125,1.0,0.9765625,1.21875,1.0625,0.6953125,1.09375,0.90234375,0.6484375,0.5234375,0.3671875,0.2734375,0.296875,0.31640625
740,740,base,0,nan,nan,0.28515625,0.44140625,0.48828125,0.2890625,0.21484375,0.33984375,0.7578125,0.7265625,1.1328125,0.9609375,1.0625,1.0546875,0.8125,0.9140625,0.8515625,1.1875,1.09375,0.7421875,1.171875,0.921875,0.796875,0.6015625,0.4453125,0.32421875,0.33984375,0.3359375
2996,2996,base,0,nan,nan,0.2890625,0.42578125,0.5,0.3203125,0.2109375,0.34375,0.76953125,0.6953125,1.125,0.95703125,0.9765625,1.0390625,0.7734375,0.98046875,0.93359375,1.1953125,1.0390625,0.75390625,1.1796875,0.98046875,0.73828125,0.5703125,0.41015625,0.28515625,0.26953125,0.30859375
1485,1485,base,0,nan,nan,0.29296875,0.4296875,0.47265625,0.27734375,0.21484375,0.33203125,0.796875,0.7265625,1.0546875,1.0390625,1.0859375,0.984375,0.890625,0.94921875,0.90625,1.203125,1.109375,0.79296875,1.15625,0.921875,0.8046875,0.6328125,0.46875,0.3671875,0.35546875,0.3515625
2240,2240,base,1,nan,nan,0.27734375,0.4296875,0.5,0.33984375,0.2265625,0.328125,0.7109375,0.75390625,1.09375,0.97265625,1.015625,0.9921875,0.76953125,1.0,0.9765625,1.21875,1.0625,0.6953125,1.09375,0.90234375,0.6484375,0.5234375,0.3671875,0.2734375,0.296875,0.31640625
741,741,base,0,nan,nan,0.28515625,0.44140625,0.48828125,0.2890625,0.21484375,0.33984375,0.7578125,0.7265625,1.1328125,0.9609375,1.0625,1.0546875,0.8125,0.9140625,0.8515625,1.1875,1.09375,0.7421875,1.171875,0.921875,0.796875,0.6015625,0.4453125,0.32421875,0.33984375,0.3359375
2997,2997,base,1,nan,nan,0.2890625,0.42578125,0.5,0.3203125,0.2109375,0.34375,0.76953125,0.6953125,1.125,0.95703125,0.9765625,1.0390625,0.7734375,0.98046875,0.93359375,1.1953125,1.0390625,0.75390625,1.1796875,0.98046875,0.73828125,0.5703125,0.41015625,0.28515625,0.26953125,0.30859375
1486,1486,base,0,nan,nan,0.29296875,0.4296875,0.47265625,0.27734375,0.21484375,0.33203125,0.796875,0.7265625,1.0546875,1.0390625,1.0859375,0.984375,0.890625,0.94921875,0.90625,1.203125,1.109375,0.79296875,1.15625,0.921875,0.8046875,0.6328125,0.46875,0.3671875,0.35546875,0.3515625
2241,2241,base,0,nan,nan,0.27734375,0.4296875,0.5,0.33984375,0.2265625,0.328125,0.7109375,0.75390625,1.09375,0.97265625,1.015625,0.9921875,0.76953125,1.0,0.9765625,1.21875,1.0625,0.6953125,1.09375,0.90234375,0.6484375,0.5234375,0.3671875,0.2734375,0.296875,0.31640625
742,742,base,0,nan,nan,0.28515625,0.44140625,0.48828125,0.2890625,0.21484375,0.33984375,0.7578125,0.7265625,1.1328125,0.9609375,1.0625,1.0546875,0.8125,0.9140625,0.8515625,1.1875,1.09375,0.7421875,1.171875,0.921875,0.796875,0.6015625,0.4453125,0.32421875,0.33984375,0.3359375
2998,2998,base,0,nan,nan,0.2890625,0.42578125,0.5,0.3203125,0.2109375,0.34375,0.76953125,0.6953125,1.125,0.95703125,0.9765625,1.0390625,0.7734375,0.98046875,0.93359375,1.1953125,1.0390625,0.75390625,1.1796875,0.98046875,0.73828125,0.5703125,0.41015625,0.28515625,0.26953125,0.30859375
1487,1487,base,0,nan,nan,0.29296875,0.4296875,0.47265625,0.27734375,0.21484375,0.33203125,0.796875,0.7265625,1.0546875,1.0390625,1.0859375,0.984375,0.890625,0.94921875,0.90625,1.203125,1.109375,0.79296875,1.15625,0.921875,0.8046875,0.6328125,0.46875,0.3671875,0.35546875,0.3515625
2242,2242,base,0,nan,nan,0.27734375,0.4296875,0.5,0.33984375,0.2265625,0.328125,0.7109375,0.75390625,1.09375,0.97265625,1.015625,0.9921875,0.76953125,1.0,0.9765625,1.21875,1.0625,0.6953125,1.09375,0.90234375,0.6484375,0.5234375,0.3671875,0.2734375,0.296875,0.31640625
743,743,base,0,nan,nan,0.28515625,0.44140625,0.48828125,0.2890625,0.21484375,0.33984375,0.7578125,0.7265625,1.1328125,0.9609375,1.0625,1.0546875,0.8125,0.9140625,0.8515625,1.1875,1.09375,0.7421875,1.171875,0.921875,0.796875,0.6015625,0.4453125,0.32421875,0.33984375,0.3359375
2999,2999,base,0,nan,nan,0.2890625,0.42578125,0.5,0.3203125,0.2109375,0.34375,0.76953125,0.6953125,1.125,0.95703125,0.9765625,1.0390625,0.7734375,0.98046875,0.93359375,1.1953125,1.0390625,0.75390625,1.1796875,0.98046875,0.73828125,0.5703125,0.41015625,0.28515625,0.26953125,0.30859375
1488,1488,base,0,nan,nan,0.29296875,0.4296875,0.47265625,0.27734375,0.21484375,0.33203125,0.796875,0.7265625,1.0546875,1.0390625,1.0859375,0.984375,0.890625,0.94921875,0.90625,1.203125,1.109375,0.79296875,1.15625,0.921875,0.8046875,0.6328125,0.46875,0.3671875,0.35546875,0.3515625
2243,2243,base,1,nan,nan,0.27734375,0.4296875,0.5,0.33984375,0.2265625,0.328125,0.7109375,0.75390625,1.09375,0.97265625,1.015625,0.9921875,0.76953125,1.0,0.9765625,1.21875,1.0625,0.6953125,1.09375,0.90234375,0.6484375,0.5234375,0.3671875,0.2734375,0.296875,0.31640625
744,744,base,0,nan,nan,0.28515625,0.44140625,0.48828125,0.2890625,0.21484375,0.33984375,0.7578125,0.7265625,1.1328125,0.9609375,1.0625,1.0546875,0.8125,0.9140625,0.8515625,1.1875,1.09375,0.7421875,1.171875,0.921875,0.796875,0.6015625,0.4453125,0.32421875,0.33984375,0.3359375
1489,1489,base,0,nan,nan,0.30078125,0.45703125,0.5234375,0.328125,0.2265625,0.359375,0.7734375,0.80078125,1.09375,1.0078125,1.0234375,1.0,0.76953125,0.94140625,0.90625,1.28125,1.0625,0.734375,1.171875,0.94921875,0.796875,0.63671875,0.44140625,0.29296875,0.30078125,0.328125
3000,3000,base,0,nan,nan,0.2890625,0.42578125,0.5,0.3203125,0.2109375,0.34375,0.76953125,0.6953125,1.125,0.95703125,0.9765625,1.0390625,0.7734375,0.98046875,0.93359375,1.1953125,1.0390625,0.75390625,1.1796875,0.98046875,0.73828125,0.5703125,0.41015625,0.28515625,0.26953125,0.30859375
2244,2244,base,0,nan,nan,0.27734375,0.4296875,0.5,0.33984375,0.2265625,0.328125,0.7109375,0.75390625,1.09375,0.97265625,1.015625,0.9921875,0.76953125,1.0,0.9765625,1.21875,1.0625,0.6953125,1.09375,0.90234375,0.6484375,0.5234375,0.3671875,0.2734375,0.296875,0.31640625
745,745,base,0,nan,nan,0.2890625,0.42578125,0.46484375,0.2734375,0.21875,0.31640625,0.74609375,0.72265625,1.1171875,1.015625,1.015625,1.0,0.81640625,0.9609375,0.890625,1.2734375,1.1328125,0.7109375,1.171875,0.984375,0.671875,0.53125,0.36328125,0.25,0.2421875,0.2734375
1490,1490,base,0,nan,nan,0.30078125,0.45703125,0.5234375,0.328125,0.2265625,0.359375,0.7734375,0.80078125,1.09375,1.0078125,1.0234375,1.0,0.76953125,0.94140625,0.90625,1.28125,1.0625,0.734375,1.171875,0.94921875,0.796875,0.63671875,0.44140625,0.29296875,0.30078125,0.328125
2245,2245,base,1,nan,nan,0.296875,0.44140625,0.49609375,0.32421875,0.2109375,0.37109375,0.765625,0.71875,1.1015625,0.9765625,0.984375,1.03125,0.76171875,0.96484375,0.8984375,1.1484375,1.015625,0.703125,1.171875,0.99609375,0.703125,0.5703125,0.39453125,0.27734375,0.30078125,0.30078125
746,746,base,0,nan,nan,0.2890625,0.42578125,0.46484375,0.2734375,0.21875,0.31640625,0.74609375,0.72265625,1.1171875,1.015625,1.015625,1.0,0.81640625,0.9609375,0.890625,1.2734375,1.1328125,0.7109375,1.171875,0.984375,0.671875,0.53125,0.36328125,0.25,0.2421875,0.2734375
1491,1491,base,0,nan,nan,0.30078125,0.45703125,0.5234375,0.328125,0.2265625,0.359375,0.7734375,0.80078125,1.09375,1.0078125,1.0234375,1.0,0.76953125,0.94140625,0.90625,1.28125,1.0625,0.734375,1.171875,0.94921875,0.796875,0.63671875,0.44140625,0.29296875,0.30078125,0.328125
2246,2246,base,0,nan,nan,0.296875,0.44140625,0.49609375,0.32421875,0.2109375,0.37109375,0.765625,0.71875,1.1015625,0.9765625,0.984375,1.03125,0.76171875,0.96484375,0.8984375,1.1484375,1.015625,0.703125,1.171875,0.99609375,0.703125,0.5703125,0.39453125,0.27734375,0.30078125,0.30078125
1492,1492,base,0,nan,nan,0.30078125,0.45703125,0.5234375,0.328125,0.2265625,0.359375,0.7734375,0.80078125,1.09375,1.0078125,1.0234375,1.0,0.76953125,0.94140625,0.90625,1.28125,1.0625,0.734375,1.171875,0.94921875,0.796875,0.63671875,0.44140625,0.29296875,0.30078125,0.328125
747,747,base,0,nan,nan,0.2890625,0.42578125,0.46484375,0.2734375,0.21875,0.31640625,0.74609375,0.72265625,1.1171875,1.015625,1.015625,1.0,0.81640625,0.9609375,0.890625,1.2734375,1.1328125,0.7109375,1.171875,0.984375,0.671875,0.53125,0.36328125,0.25,0.2421875,0.2734375
2247,2247,base,1,nan,nan,0.296875,0.44140625,0.49609375,0.32421875,0.2109375,0.37109375,0.765625,0.71875,1.1015625,0.9765625,0.984375,1.03125,0.76171875,0.96484375,0.8984375,1.1484375,1.015625,0.703125,1.171875,0.99609375,0.703125,0.5703125,0.39453125,0.27734375,0.30078125,0.30078125
1493,1493,base,0,nan,nan,0.30078125,0.45703125,0.5234375,0.328125,0.2265625,0.359375,0.7734375,0.80078125,1.09375,1.0078125,1.0234375,1.0,0.76953125,0.94140625,0.90625,1.28125,1.0625,0.734375,1.171875,0.94921875,0.796875,0.63671875,0.44140625,0.29296875,0.30078125,0.328125
748,748,base,0,nan,nan,0.2890625,0.42578125,0.46484375,0.2734375,0.21875,0.31640625,0.74609375,0.72265625,1.1171875,1.015625,1.015625,1.0,0.81640625,0.9609375,0.890625,1.2734375,1.1328125,0.7109375,1.171875,0.984375,0.671875,0.53125,0.36328125,0.25,0.2421875,0.2734375
2248,2248,base,0,nan,nan,0.296875,0.44140625,0.49609375,0.32421875,0.2109375,0.37109375,0.765625,0.71875,1.1015625,0.9765625,0.984375,1.03125,0.76171875,0.96484375,0.8984375,1.1484375,1.015625,0.703125,1.171875,0.99609375,0.703125,0.5703125,0.39453125,0.27734375,0.30078125,0.30078125
1494,1494,base,0,nan,nan,0.30078125,0.45703125,0.5234375,0.328125,0.2265625,0.359375,0.7734375,0.80078125,1.09375,1.0078125,1.0234375,1.0,0.76953125,0.94140625,0.90625,1.28125,1.0625,0.734375,1.171875,0.94921875,0.796875,0.63671875,0.44140625,0.29296875,0.30078125,0.328125
749,749,base,0,nan,nan,0.2890625,0.42578125,0.46484375,0.2734375,0.21875,0.31640625,0.74609375,0.72265625,1.1171875,1.015625,1.015625,1.0,0.81640625,0.9609375,0.890625,1.2734375,1.1328125,0.7109375,1.171875,0.984375,0.671875,0.53125,0.36328125,0.25,0.2421875,0.2734375
2249,2249,base,1,nan,nan,0.296875,0.44140625,0.49609375,0.32421875,0.2109375,0.37109375,0.765625,0.71875,1.1015625,0.9765625,0.984375,1.03125,0.76171875,0.96484375,0.8984375,1.1484375,1.015625,0.703125,1.171875,0.99609375,0.703125,0.5703125,0.39453125,0.27734375,0.30078125,0.30078125
1495,1495,base,0,nan,nan,0.28515625,0.45703125,0.48046875,0.27734375,0.2109375,0.3203125,0.8125,0.71875,1.109375,0.95703125,0.99609375,1.0078125,0.80859375,1.015625,0.9921875,1.28125,1.0625,0.7109375,1.1953125,0.96875,0.640625,0.5625,0.41015625,0.27734375,0.33203125,0.3515625
750,750,base,0,nan,nan,0.2890625,0.42578125,0.46484375,0.2734375,0.21875,0.31640625,0.74609375,0.72265625,1.1171875,1.015625,1.015625,1.0,0.81640625,0.9609375,0.890625,1.2734375,1.1328125,0.7109375,1.171875,0.984375,0.671875,0.53125,0.36328125,0.25,0.2421875,0.2734375
2250,2250,base,0,nan,nan,0.296875,0.44140625,0.49609375,0.32421875,0.2109375,0.37109375,0.765625,0.71875,1.1015625,0.9765625,0.984375,1.03125,0.76171875,0.96484375,0.8984375,1.1484375,1.015625,0.703125,1.171875,0.99609375,0.703125,0.5703125,0.39453125,0.27734375,0.30078125,0.30078125
1496,1496,base,0,nan,nan,0.28515625,0.45703125,0.48046875,0.27734375,0.2109375,0.3203125,0.8125,0.71875,1.109375,0.95703125,0.99609375,1.0078125,0.80859375,1.015625,0.9921875,1.28125,1.0625,0.7109375,1.1953125,0.96875,0.640625,0.5625,0.41015625,0.27734375,0.33203125,0.3515625
1497,1497,base,0,nan,nan,0.28515625,0.45703125,0.48046875,0.27734375,0.2109375,0.3203125,0.8125,0.71875,1.109375,0.95703125,0.99609375,1.0078125,0.80859375,1.015625,0.9921875,1.28125,1.0625,0.7109375,1.1953125,0.96875,0.640625,0.5625,0.41015625,0.27734375,0.33203125,0.3515625
1498,1498,base,0,nan,nan,0.28515625,0.45703125,0.48046875,0.27734375,0.2109375,0.3203125,0.8125,0.71875,1.109375,0.95703125,0.99609375,1.0078125,0.80859375,1.015625,0.9921875,1.28125,1.0625,0.7109375,1.1953125,0.96875,0.640625,0.5625,0.41015625,0.27734375,0.33203125,0.3515625
1499,1499,base,1,nan,nan,0.28515625,0.45703125,0.48046875,0.27734375,0.2109375,0.3203125,0.8125,0.71875,1.109375,0.95703125,0.99609375,1.0078125,0.80859375,1.015625,0.9921875,1.28125,1.0625,0.7109375,1.1953125,0.96875,0.640625,0.5625,0.41015625,0.27734375,0.33203125,0.3515625
1500,1500,base,0,nan,nan,0.28515625,0.45703125,0.48046875,0.27734375,0.2109375,0.3203125,0.8125,0.71875,1.109375,0.95703125,0.99609375,1.0078125,0.80859375,1.015625,0.9921875,1.28125,1.0625,0.7109375,1.1953125,0.96875,0.640625,0.5625,0.41015625,0.27734375,0.33203125,0.3515625
