sample_id,question_id,dataset_name,split_name,correct_or_not,hallucinated_or_not,generated_answer,ground_truth_answer,max_r,mean_r,max_entropy,mean_entropy,trigger_layer,trigger_step,pt_path
751,751,coco_POPE_random,coco_POPE_random,1,0,"Yes,",yes,1.734375,0.7474681712962963,11.9375,4.712181329079119,28,2,/mnt/data/ssz/mr/results/Qwen2.5-VL/pope/memvr/analysis/coco_POPE_random/751.pt
1501,1501,coco_POPE_random,coco_POPE_random,0,0,No!,yes,1.734375,0.7372685185185185,11.9375,5.640071368469793,28,1,/mnt/data/ssz/mr/results/Qwen2.5-VL/pope/memvr/analysis/coco_POPE_random/1501.pt
1,1,coco_POPE_random,coco_POPE_random,1,0,"Yes,",yes,1.6953125,0.7515914351851852,11.9375,4.72838836758306,28,1,/mnt/data/ssz/mr/results/Qwen2.5-VL/pope/memvr/analysis/coco_POPE_random/1.pt
752,752,coco_POPE_random,coco_POPE_random,1,0,No!,no,1.734375,0.7536168981481481,11.9375,5.529608480721247,28,1,/mnt/data/ssz/mr/results/Qwen2.5-VL/pope/memvr/analysis/coco_POPE_random/752.pt
2251,2251,coco_POPE_random,coco_POPE_random,0,0,No!,yes,1.71875,0.7379918981481481,11.9375,5.441486865246746,28,1,/mnt/data/ssz/mr/results/Qwen2.5-VL/pope/memvr/analysis/coco_POPE_random/2251.pt
1502,1502,coco_POPE_random,coco_POPE_random,1,0,No!,no,1.734375,0.7366174768518519,11.9375,5.617047912150179,28,1,/mnt/data/ssz/mr/results/Qwen2.5-VL/pope/memvr/analysis/coco_POPE_random/1502.pt
2,2,coco_POPE_random,coco_POPE_random,1,0,No!,no,1.6875,0.7501446759259259,11.9375,5.48044526135284,28,1,/mnt/data/ssz/mr/results/Qwen2.5-VL/pope/memvr/analysis/coco_POPE_random/2.pt
753,753,coco_POPE_random,coco_POPE_random,1,0,"Yes,",yes,1.734375,0.7474681712962963,11.9375,4.871112807418011,28,2,/mnt/data/ssz/mr/results/Qwen2.5-VL/pope/memvr/analysis/coco_POPE_random/753.pt
2252,2252,coco_POPE_random,coco_POPE_random,1,0,No!,no,1.71875,0.7375578703703703,11.9375,5.419523835294685,28,1,/mnt/data/ssz/mr/results/Qwen2.5-VL/pope/memvr/analysis/coco_POPE_random/2252.pt
3,3,coco_POPE_random,coco_POPE_random,1,0,"Yes,",yes,1.6953125,0.7515914351851852,11.9375,4.798533145377736,28,1,/mnt/data/ssz/mr/results/Qwen2.5-VL/pope/memvr/analysis/coco_POPE_random/3.pt
1503,1503,coco_POPE_random,coco_POPE_random,1,0,"Yes,",yes,1.734375,0.7307581018518519,11.9375,4.919649142122646,28,1,/mnt/data/ssz/mr/results/Qwen2.5-VL/pope/memvr/analysis/coco_POPE_random/1503.pt
754,754,coco_POPE_random,coco_POPE_random,1,0,No!,no,1.734375,0.7526041666666666,11.9375,5.720242059552502,28,2,/mnt/data/ssz/mr/results/Qwen2.5-VL/pope/memvr/analysis/coco_POPE_random/754.pt
2253,2253,coco_POPE_random,coco_POPE_random,1,0,"Yes,",yes,1.71875,0.7315538194444444,11.9375,4.826335286742671,28,1,/mnt/data/ssz/mr/results/Qwen2.5-VL/pope/memvr/analysis/coco_POPE_random/2253.pt
4,4,coco_POPE_random,coco_POPE_random,1,0,No!,no,1.6875,0.7509403935185185,11.9375,5.398274103705807,28,1,/mnt/data/ssz/mr/results/Qwen2.5-VL/pope/memvr/analysis/coco_POPE_random/4.pt
1504,1504,coco_POPE_random,coco_POPE_random,1,0,No!,no,1.734375,0.7369791666666666,11.9375,5.625640080731563,28,1,/mnt/data/ssz/mr/results/Qwen2.5-VL/pope/memvr/analysis/coco_POPE_random/1504.pt
755,755,coco_POPE_random,coco_POPE_random,1,0,"Yes,",yes,1.734375,0.7474681712962963,11.9375,4.902485028211921,28,2,/mnt/data/ssz/mr/results/Qwen2.5-VL/pope/memvr/analysis/coco_POPE_random/755.pt
2254,2254,coco_POPE_random,coco_POPE_random,1,0,No!,no,1.71875,0.7378472222222222,11.9375,5.527549604749675,28,1,/mnt/data/ssz/mr/results/Qwen2.5-VL/pope/memvr/analysis/coco_POPE_random/2254.pt
5,5,coco_POPE_random,coco_POPE_random,0,0,No!,yes,1.6875,0.7508680555555556,11.9375,5.493653230391609,28,1,/mnt/data/ssz/mr/results/Qwen2.5-VL/pope/memvr/analysis/coco_POPE_random/5.pt
756,756,coco_POPE_random,coco_POPE_random,1,0,No!,no,1.734375,0.7536168981481481,11.9375,5.530960944307022,28,1,/mnt/data/ssz/mr/results/Qwen2.5-VL/pope/memvr/analysis/coco_POPE_random/756.pt
1505,1505,coco_POPE_random,coco_POPE_random,0,0,No!,yes,1.734375,0.7375578703703703,11.9375,5.615737273597665,28,1,/mnt/data/ssz/mr/results/Qwen2.5-VL/pope/memvr/analysis/coco_POPE_random/1505.pt
2255,2255,coco_POPE_random,coco_POPE_random,1,0,"Yes,",yes,1.71875,0.7315538194444444,11.9375,4.8134418123760545,28,1,/mnt/data/ssz/mr/results/Qwen2.5-VL/pope/memvr/analysis/coco_POPE_random/2255.pt
6,6,coco_POPE_random,coco_POPE_random,1,0,No!,no,1.6875,0.7515914351851852,11.9375,5.490453186513538,28,1,/mnt/data/ssz/mr/results/Qwen2.5-VL/pope/memvr/analysis/coco_POPE_random/6.pt
757,757,coco_POPE_random,coco_POPE_random,0,0,No!,yes,1.671875,0.7537615740740741,11.9375,5.400821458953879,28,1,/mnt/data/ssz/mr/results/Qwen2.5-VL/pope/memvr/analysis/coco_POPE_random/757.pt
1506,1506,coco_POPE_random,coco_POPE_random,1,0,No!,no,1.734375,0.7366174768518519,11.9375,5.643842296179518,28,1,/mnt/data/ssz/mr/results/Qwen2.5-VL/pope/memvr/analysis/coco_POPE_random/1506.pt
2256,2256,coco_POPE_random,coco_POPE_random,1,0,No!,no,1.71875,0.7379918981481481,11.9375,5.450091687739723,28,1,/mnt/data/ssz/mr/results/Qwen2.5-VL/pope/memvr/analysis/coco_POPE_random/2256.pt
7,7,coco_POPE_random,coco_POPE_random,1,0,"Yes,",yes,1.734375,0.7205584490740741,11.9375,4.8009827609097835,28,1,/mnt/data/ssz/mr/results/Qwen2.5-VL/pope/memvr/analysis/coco_POPE_random/7.pt
758,758,coco_POPE_random,coco_POPE_random,1,0,No!,no,1.671875,0.7544849537037037,11.9375,5.463574390489141,28,1,/mnt/data/ssz/mr/results/Qwen2.5-VL/pope/memvr/analysis/coco_POPE_random/758.pt
1507,1507,coco_POPE_random,coco_POPE_random,1,0,"Yes,",yes,1.75,0.7273582175925926,11.9375,4.767788423219326,28,1,/mnt/data/ssz/mr/results/Qwen2.5-VL/pope/memvr/analysis/coco_POPE_random/1507.pt
2257,2257,coco_POPE_random,coco_POPE_random,0,0,No!,yes,1.765625,0.7436342592592593,11.9375,5.513155874679295,28,1,/mnt/data/ssz/mr/results/Qwen2.5-VL/pope/memvr/analysis/coco_POPE_random/2257.pt
8,8,coco_POPE_random,coco_POPE_random,1,0,No!,no,1.71875,0.7248263888888888,11.9375,5.388639182484051,28,1,/mnt/data/ssz/mr/results/Qwen2.5-VL/pope/memvr/analysis/coco_POPE_random/8.pt
759,759,coco_POPE_random,coco_POPE_random,0,0,No!,yes,1.671875,0.7537615740740741,11.9375,5.492335892479379,28,1,/mnt/data/ssz/mr/results/Qwen2.5-VL/pope/memvr/analysis/coco_POPE_random/759.pt
1508,1508,coco_POPE_random,coco_POPE_random,1,0,No!,no,1.75,0.7364004629629629,11.9375,5.501921621689569,28,1,/mnt/data/ssz/mr/results/Qwen2.5-VL/pope/memvr/analysis/coco_POPE_random/1508.pt
2258,2258,coco_POPE_random,coco_POPE_random,1,0,No!,no,1.765625,0.7436342592592593,11.9375,5.5662334171004755,28,1,/mnt/data/ssz/mr/results/Qwen2.5-VL/pope/memvr/analysis/coco_POPE_random/2258.pt
9,9,coco_POPE_random,coco_POPE_random,1,0,"Yes,",yes,1.734375,0.7205584490740741,11.9375,4.872378878066732,28,1,/mnt/data/ssz/mr/results/Qwen2.5-VL/pope/memvr/analysis/coco_POPE_random/9.pt
760,760,coco_POPE_random,coco_POPE_random,1,0,No!,no,1.671875,0.7541232638888888,11.9375,5.543916994702597,28,1,/mnt/data/ssz/mr/results/Qwen2.5-VL/pope/memvr/analysis/coco_POPE_random/760.pt
1509,1509,coco_POPE_random,coco_POPE_random,1,0,"Yes,",yes,1.75,0.7273582175925926,11.9375,4.853325639563046,28,1,/mnt/data/ssz/mr/results/Qwen2.5-VL/pope/memvr/analysis/coco_POPE_random/1509.pt
2259,2259,coco_POPE_random,coco_POPE_random,1,0,"Yes,",yes,1.765625,0.7379918981481481,11.9375,4.9570120844507315,28,1,/mnt/data/ssz/mr/results/Qwen2.5-VL/pope/memvr/analysis/coco_POPE_random/2259.pt
10,10,coco_POPE_random,coco_POPE_random,1,0,No!,no,1.71875,0.7248263888888888,11.9375,5.5055267289084275,28,1,/mnt/data/ssz/mr/results/Qwen2.5-VL/pope/memvr/analysis/coco_POPE_random/10.pt
761,761,coco_POPE_random,coco_POPE_random,1,0,"Yes,",yes,1.671875,0.7486255787037037,11.9375,4.784672618605896,28,1,/mnt/data/ssz/mr/results/Qwen2.5-VL/pope/memvr/analysis/coco_POPE_random/761.pt
1510,1510,coco_POPE_random,coco_POPE_random,1,0,No!,no,1.75,0.7364004629629629,11.9375,5.471405375236545,28,1,/mnt/data/ssz/mr/results/Qwen2.5-VL/pope/memvr/analysis/coco_POPE_random/1510.pt
2260,2260,coco_POPE_random,coco_POPE_random,1,0,No!,no,1.765625,0.7436342592592593,11.9375,5.479514207232882,28,1,/mnt/data/ssz/mr/results/Qwen2.5-VL/pope/memvr/analysis/coco_POPE_random/2260.pt
11,11,coco_POPE_random,coco_POPE_random,1,0,"Yes,",yes,1.734375,0.7205584490740741,11.9375,4.656898310174467,28,1,/mnt/data/ssz/mr/results/Qwen2.5-VL/pope/memvr/analysis/coco_POPE_random/11.pt
762,762,coco_POPE_random,coco_POPE_random,1,0,No!,no,1.671875,0.7541232638888888,11.9375,5.500575248999165,28,1,/mnt/data/ssz/mr/results/Qwen2.5-VL/pope/memvr/analysis/coco_POPE_random/762.pt
1511,1511,coco_POPE_random,coco_POPE_random,1,0,"Yes,",yes,1.75,0.7273582175925926,11.9375,4.8409226988207665,28,1,/mnt/data/ssz/mr/results/Qwen2.5-VL/pope/memvr/analysis/coco_POPE_random/1511.pt
2261,2261,coco_POPE_random,coco_POPE_random,1,0,"Yes,",yes,1.765625,0.7379918981481481,11.9375,4.856203314675677,28,1,/mnt/data/ssz/mr/results/Qwen2.5-VL/pope/memvr/analysis/coco_POPE_random/2261.pt
12,12,coco_POPE_random,coco_POPE_random,1,0,No!,no,1.71875,0.7245370370370371,11.9375,5.423665844724194,28,1,/mnt/data/ssz/mr/results/Qwen2.5-VL/pope/memvr/analysis/coco_POPE_random/12.pt
763,763,coco_POPE_random,coco_POPE_random,0,0,No!,yes,1.6875,0.7413194444444444,11.9375,5.589198802085179,28,1,/mnt/data/ssz/mr/results/Qwen2.5-VL/pope/memvr/analysis/coco_POPE_random/763.pt
1512,1512,coco_POPE_random,coco_POPE_random,1,0,No!,no,1.75,0.7362557870370371,11.9375,5.47504452648265,28,1,/mnt/data/ssz/mr/results/Qwen2.5-VL/pope/memvr/analysis/coco_POPE_random/1512.pt
2262,2262,coco_POPE_random,coco_POPE_random,1,0,No!,no,1.765625,0.7438512731481481,11.9375,5.500300751746683,28,1,/mnt/data/ssz/mr/results/Qwen2.5-VL/pope/memvr/analysis/coco_POPE_random/2262.pt
13,13,coco_POPE_random,coco_POPE_random,1,0,"Yes,",yes,1.7265625,0.7385706018518519,11.9375,4.930722908623074,28,2,/mnt/data/ssz/mr/results/Qwen2.5-VL/pope/memvr/analysis/coco_POPE_random/13.pt
764,764,coco_POPE_random,coco_POPE_random,1,0,No!,no,1.6875,0.7416811342592593,11.9375,5.548114381814444,28,1,/mnt/data/ssz/mr/results/Qwen2.5-VL/pope/memvr/analysis/coco_POPE_random/764.pt
1513,1513,coco_POPE_random,coco_POPE_random,1,0,"Yes,",yes,1.734375,0.7330729166666666,11.9375,5.072552291728151,28,1,/mnt/data/ssz/mr/results/Qwen2.5-VL/pope/memvr/analysis/coco_POPE_random/1513.pt
2263,2263,coco_POPE_random,coco_POPE_random,0,0,No!,yes,1.703125,0.7278645833333334,11.9375,5.559524404101796,28,1,/mnt/data/ssz/mr/results/Qwen2.5-VL/pope/memvr/analysis/coco_POPE_random/2263.pt
14,14,coco_POPE_random,coco_POPE_random,1,0,No!,no,1.7265625,0.7430555555555556,11.9375,5.545037021665189,28,1,/mnt/data/ssz/mr/results/Qwen2.5-VL/pope/memvr/analysis/coco_POPE_random/14.pt
765,765,coco_POPE_random,coco_POPE_random,0,0,No!,yes,1.6875,0.7418981481481481,11.9375,5.688493544038215,28,1,/mnt/data/ssz/mr/results/Qwen2.5-VL/pope/memvr/analysis/coco_POPE_random/765.pt
2264,2264,coco_POPE_random,coco_POPE_random,1,0,No!,no,1.703125,0.7271412037037037,11.9375,5.610600706828846,28,2,/mnt/data/ssz/mr/results/Qwen2.5-VL/pope/memvr/analysis/coco_POPE_random/2264.pt
15,15,coco_POPE_random,coco_POPE_random,1,0,"Yes,",yes,1.703125,0.7340856481481481,11.9375,4.877695470296062,28,1,/mnt/data/ssz/mr/results/Qwen2.5-VL/pope/memvr/analysis/coco_POPE_random/15.pt
1514,1514,coco_POPE_random,coco_POPE_random,1,0,No!,no,1.734375,0.7408854166666666,11.9375,5.65778827378965,28,1,/mnt/data/ssz/mr/results/Qwen2.5-VL/pope/memvr/analysis/coco_POPE_random/1514.pt
766,766,coco_POPE_random,coco_POPE_random,1,0,No!,no,1.6875,0.7417534722222222,11.9375,5.546215373968027,28,1,/mnt/data/ssz/mr/results/Qwen2.5-VL/pope/memvr/analysis/coco_POPE_random/766.pt
2265,2265,coco_POPE_random,coco_POPE_random,1,0,"Yes,",yes,1.703125,0.7215711805555556,11.9375,4.99666539854862,28,1,/mnt/data/ssz/mr/results/Qwen2.5-VL/pope/memvr/analysis/coco_POPE_random/2265.pt
16,16,coco_POPE_random,coco_POPE_random,1,0,No!,no,1.7265625,0.7430555555555556,11.9375,5.532762202421619,28,1,/mnt/data/ssz/mr/results/Qwen2.5-VL/pope/memvr/analysis/coco_POPE_random/16.pt
1515,1515,coco_POPE_random,coco_POPE_random,1,0,"Yes,",yes,1.734375,0.7330729166666666,11.9375,4.8609026835574065,28,1,/mnt/data/ssz/mr/results/Qwen2.5-VL/pope/memvr/analysis/coco_POPE_random/1515.pt
767,767,coco_POPE_random,coco_POPE_random,0,0,No!,yes,1.6875,0.7415364583333334,11.9375,5.589970295937276,28,1,/mnt/data/ssz/mr/results/Qwen2.5-VL/pope/memvr/analysis/coco_POPE_random/767.pt
2266,2266,coco_POPE_random,coco_POPE_random,1,0,No!,no,1.703125,0.7278645833333334,11.9375,5.627506294242568,28,1,/mnt/data/ssz/mr/results/Qwen2.5-VL/pope/memvr/analysis/coco_POPE_random/2266.pt
17,17,coco_POPE_random,coco_POPE_random,0,0,No!,yes,1.7265625,0.7430555555555556,11.9375,5.555743495586975,28,1,/mnt/data/ssz/mr/results/Qwen2.5-VL/pope/memvr/analysis/coco_POPE_random/17.pt
768,768,coco_POPE_random,coco_POPE_random,1,0,No!,no,1.6875,0.7418981481481481,11.9375,5.593805784799315,28,1,/mnt/data/ssz/mr/results/Qwen2.5-VL/pope/memvr/analysis/coco_POPE_random/768.pt
1516,1516,coco_POPE_random,coco_POPE_random,1,0,No!,no,1.734375,0.7408854166666666,11.9375,5.689862545324104,28,1,/mnt/data/ssz/mr/results/Qwen2.5-VL/pope/memvr/analysis/coco_POPE_random/1516.pt
2267,2267,coco_POPE_random,coco_POPE_random,1,0,"Yes,",yes,1.703125,0.7215711805555556,11.9375,4.770979003377416,28,1,/mnt/data/ssz/mr/results/Qwen2.5-VL/pope/memvr/analysis/coco_POPE_random/2267.pt
18,18,coco_POPE_random,coco_POPE_random,1,0,No!,no,1.7265625,0.7430555555555556,11.9375,5.650755220906486,28,1,/mnt/data/ssz/mr/results/Qwen2.5-VL/pope/memvr/analysis/coco_POPE_random/18.pt
769,769,coco_POPE_random,coco_POPE_random,1,0,"Yes,",yes,1.703125,0.7532552083333334,11.9375,4.861897531445454,28,1,/mnt/data/ssz/mr/results/Qwen2.5-VL/pope/memvr/analysis/coco_POPE_random/769.pt
2268,2268,coco_POPE_random,coco_POPE_random,1,0,No!,no,1.703125,0.7271412037037037,11.9375,5.675312133988396,28,2,/mnt/data/ssz/mr/results/Qwen2.5-VL/pope/memvr/analysis/coco_POPE_random/2268.pt
19,19,coco_POPE_random,coco_POPE_random,1,0,"Yes,",yes,1.7421875,0.7462384259259259,11.9375,5.04599977100414,28,1,/mnt/data/ssz/mr/results/Qwen2.5-VL/pope/memvr/analysis/coco_POPE_random/19.pt
1517,1517,coco_POPE_random,coco_POPE_random,1,0,"Yes,",yes,1.734375,0.7330729166666666,11.9375,4.91037572760101,28,1,/mnt/data/ssz/mr/results/Qwen2.5-VL/pope/memvr/analysis/coco_POPE_random/1517.pt
770,770,coco_POPE_random,coco_POPE_random,1,0,No!,no,1.6875,0.7569444444444444,11.9375,5.628046449771898,28,1,/mnt/data/ssz/mr/results/Qwen2.5-VL/pope/memvr/analysis/coco_POPE_random/770.pt
20,20,coco_POPE_random,coco_POPE_random,1,0,No!,no,1.7265625,0.7514467592592593,11.9375,5.503525267889331,28,1,/mnt/data/ssz/mr/results/Qwen2.5-VL/pope/memvr/analysis/coco_POPE_random/20.pt
2269,2269,coco_POPE_random,coco_POPE_random,0,0,No!,yes,1.65625,0.7479745370370371,11.9375,5.39032293488567,28,1,/mnt/data/ssz/mr/results/Qwen2.5-VL/pope/memvr/analysis/coco_POPE_random/2269.pt
1518,1518,coco_POPE_random,coco_POPE_random,1,0,No!,no,1.734375,0.7408854166666666,11.9375,5.617907783432044,28,1,/mnt/data/ssz/mr/results/Qwen2.5-VL/pope/memvr/analysis/coco_POPE_random/1518.pt
771,771,coco_POPE_random,coco_POPE_random,1,0,"Yes,",yes,1.703125,0.7532552083333334,11.9375,4.84244221099941,28,1,/mnt/data/ssz/mr/results/Qwen2.5-VL/pope/memvr/analysis/coco_POPE_random/771.pt
21,21,coco_POPE_random,coco_POPE_random,0,0,No!,yes,1.7265625,0.7514467592592593,11.9375,5.575089532812415,28,1,/mnt/data/ssz/mr/results/Qwen2.5-VL/pope/memvr/analysis/coco_POPE_random/21.pt
2270,2270,coco_POPE_random,coco_POPE_random,1,0,No!,no,1.65625,0.7479021990740741,11.9375,5.4407862771209565,28,1,/mnt/data/ssz/mr/results/Qwen2.5-VL/pope/memvr/analysis/coco_POPE_random/2270.pt
772,772,coco_POPE_random,coco_POPE_random,1,0,No!,no,1.6875,0.7569444444444444,11.9375,5.557015860530712,28,1,/mnt/data/ssz/mr/results/Qwen2.5-VL/pope/memvr/analysis/coco_POPE_random/772.pt
1519,1519,coco_POPE_random,coco_POPE_random,0,0,No!,yes,1.71875,0.7541232638888888,11.9375,5.5571108798207645,28,1,/mnt/data/ssz/mr/results/Qwen2.5-VL/pope/memvr/analysis/coco_POPE_random/1519.pt
22,22,coco_POPE_random,coco_POPE_random,1,0,No!,no,1.7265625,0.7514467592592593,11.9375,5.569664325094295,28,1,/mnt/data/ssz/mr/results/Qwen2.5-VL/pope/memvr/analysis/coco_POPE_random/22.pt
2271,2271,coco_POPE_random,coco_POPE_random,1,0,"Yes,",yes,1.671875,0.7470341435185185,11.9375,4.74641309347362,28,1,/mnt/data/ssz/mr/results/Qwen2.5-VL/pope/memvr/analysis/coco_POPE_random/2271.pt
773,773,coco_POPE_random,coco_POPE_random,0,0,No!,yes,1.6875,0.7573061342592593,11.9375,5.584607836939917,28,1,/mnt/data/ssz/mr/results/Qwen2.5-VL/pope/memvr/analysis/coco_POPE_random/773.pt
1520,1520,coco_POPE_random,coco_POPE_random,1,0,No!,no,1.71875,0.75390625,11.9375,5.621959673169275,28,1,/mnt/data/ssz/mr/results/Qwen2.5-VL/pope/memvr/analysis/coco_POPE_random/1520.pt
23,23,coco_POPE_random,coco_POPE_random,0,0,No!,yes,1.7265625,0.7508680555555556,11.9375,5.580532293054195,28,1,/mnt/data/ssz/mr/results/Qwen2.5-VL/pope/memvr/analysis/coco_POPE_random/23.pt
774,774,coco_POPE_random,coco_POPE_random,1,0,No!,no,1.6875,0.7569444444444444,11.9375,5.57512451240501,28,1,/mnt/data/ssz/mr/results/Qwen2.5-VL/pope/memvr/analysis/coco_POPE_random/774.pt
2272,2272,coco_POPE_random,coco_POPE_random,1,0,No!,no,1.65625,0.7479021990740741,11.9375,5.396038628492806,28,1,/mnt/data/ssz/mr/results/Qwen2.5-VL/pope/memvr/analysis/coco_POPE_random/2272.pt
1521,1521,coco_POPE_random,coco_POPE_random,1,0,"Yes,",yes,1.734375,0.7483362268518519,11.9375,4.853279911158438,28,1,/mnt/data/ssz/mr/results/Qwen2.5-VL/pope/memvr/analysis/coco_POPE_random/1521.pt
24,24,coco_POPE_random,coco_POPE_random,1,0,No!,no,1.7265625,0.7514467592592593,11.9375,5.550103087076689,28,1,/mnt/data/ssz/mr/results/Qwen2.5-VL/pope/memvr/analysis/coco_POPE_random/24.pt
775,775,coco_POPE_random,coco_POPE_random,1,0,"Yes,",yes,1.71875,0.7531105324074074,11.9375,4.819554255074021,28,2,/mnt/data/ssz/mr/results/Qwen2.5-VL/pope/memvr/analysis/coco_POPE_random/775.pt
2273,2273,coco_POPE_random,coco_POPE_random,0,0,No!,yes,1.65625,0.7479745370370371,11.9375,5.514120754680961,28,1,/mnt/data/ssz/mr/results/Qwen2.5-VL/pope/memvr/analysis/coco_POPE_random/2273.pt
25,25,coco_POPE_random,coco_POPE_random,1,0,"Yes,",yes,1.71875,0.7612847222222222,11.9375,4.731182491358977,28,1,/mnt/data/ssz/mr/results/Qwen2.5-VL/pope/memvr/analysis/coco_POPE_random/25.pt
1522,1522,coco_POPE_random,coco_POPE_random,1,0,No!,no,1.71875,0.75390625,11.9375,5.530233863083532,28,1,/mnt/data/ssz/mr/results/Qwen2.5-VL/pope/memvr/analysis/coco_POPE_random/1522.pt
776,776,coco_POPE_random,coco_POPE_random,1,0,No!,no,1.71875,0.7579571759259259,11.9375,5.555126715982882,28,2,/mnt/data/ssz/mr/results/Qwen2.5-VL/pope/memvr/analysis/coco_POPE_random/776.pt
2274,2274,coco_POPE_random,coco_POPE_random,1,0,No!,no,1.65625,0.7479021990740741,11.9375,5.381471291201586,28,1,/mnt/data/ssz/mr/results/Qwen2.5-VL/pope/memvr/analysis/coco_POPE_random/2274.pt
26,26,coco_POPE_random,coco_POPE_random,1,0,No!,no,1.7109375,0.7664930555555556,11.9375,5.562840127107831,28,1,/mnt/data/ssz/mr/results/Qwen2.5-VL/pope/memvr/analysis/coco_POPE_random/26.pt
1523,1523,coco_POPE_random,coco_POPE_random,0,0,No!,yes,1.71875,0.75390625,11.9375,5.69570013861624,28,1,/mnt/data/ssz/mr/results/Qwen2.5-VL/pope/memvr/analysis/coco_POPE_random/1523.pt
27,27,coco_POPE_random,coco_POPE_random,1,0,"Yes,",yes,1.71875,0.7612847222222222,11.9375,4.925827570045866,28,1,/mnt/data/ssz/mr/results/Qwen2.5-VL/pope/memvr/analysis/coco_POPE_random/27.pt
777,777,coco_POPE_random,coco_POPE_random,1,0,"Yes,",yes,1.71875,0.7531105324074074,11.9375,4.769641315076274,28,2,/mnt/data/ssz/mr/results/Qwen2.5-VL/pope/memvr/analysis/coco_POPE_random/777.pt
2275,2275,coco_POPE_random,coco_POPE_random,0,0,No!,yes,1.7109375,0.75390625,11.9375,5.576434983213528,28,1,/mnt/data/ssz/mr/results/Qwen2.5-VL/pope/memvr/analysis/coco_POPE_random/2275.pt
1524,1524,coco_POPE_random,coco_POPE_random,1,0,No!,no,1.71875,0.75390625,11.9375,5.600497788875867,28,1,/mnt/data/ssz/mr/results/Qwen2.5-VL/pope/memvr/analysis/coco_POPE_random/1524.pt
28,28,coco_POPE_random,coco_POPE_random,1,0,No!,no,1.7109375,0.7664207175925926,11.9375,5.504953872719382,28,1,/mnt/data/ssz/mr/results/Qwen2.5-VL/pope/memvr/analysis/coco_POPE_random/28.pt
778,778,coco_POPE_random,coco_POPE_random,1,0,No!,no,1.7109375,0.7581018518518519,11.9375,5.455840125262825,28,1,/mnt/data/ssz/mr/results/Qwen2.5-VL/pope/memvr/analysis/coco_POPE_random/778.pt
2276,2276,coco_POPE_random,coco_POPE_random,1,0,No!,no,1.7109375,0.7533275462962963,11.9375,5.657100977211673,28,1,/mnt/data/ssz/mr/results/Qwen2.5-VL/pope/memvr/analysis/coco_POPE_random/2276.pt
1525,1525,coco_POPE_random,coco_POPE_random,1,0,"Yes,",yes,1.7265625,0.7355324074074074,11.9375,4.832379990755113,28,1,/mnt/data/ssz/mr/results/Qwen2.5-VL/pope/memvr/analysis/coco_POPE_random/1525.pt
29,29,coco_POPE_random,coco_POPE_random,1,0,"Yes,",yes,1.71875,0.7612847222222222,11.9375,4.863312470861158,28,1,/mnt/data/ssz/mr/results/Qwen2.5-VL/pope/memvr/analysis/coco_POPE_random/29.pt
779,779,coco_POPE_random,coco_POPE_random,0,0,No!,yes,1.7109375,0.7581018518518519,11.9375,5.565688774954871,28,1,/mnt/data/ssz/mr/results/Qwen2.5-VL/pope/memvr/analysis/coco_POPE_random/779.pt
2277,2277,coco_POPE_random,coco_POPE_random,1,0,"Yes,",yes,1.71875,0.7503616898148148,11.9375,4.907589214067205,28,1,/mnt/data/ssz/mr/results/Qwen2.5-VL/pope/memvr/analysis/coco_POPE_random/2277.pt
30,30,coco_POPE_random,coco_POPE_random,1,0,No!,no,1.7109375,0.7664930555555556,11.9375,5.484304478949972,28,1,/mnt/data/ssz/mr/results/Qwen2.5-VL/pope/memvr/analysis/coco_POPE_random/30.pt
1526,1526,coco_POPE_random,coco_POPE_random,1,0,No!,no,1.71875,0.7410300925925926,11.9375,5.498066592054462,28,1,/mnt/data/ssz/mr/results/Qwen2.5-VL/pope/memvr/analysis/coco_POPE_random/1526.pt
31,31,coco_POPE_random,coco_POPE_random,1,0,"Yes,",yes,1.734375,0.7405237268518519,11.9375,4.931832990011541,28,1,/mnt/data/ssz/mr/results/Qwen2.5-VL/pope/memvr/analysis/coco_POPE_random/31.pt
780,780,coco_POPE_random,coco_POPE_random,1,0,No!,no,1.7109375,0.7581018518518519,11.9375,5.501288037826177,28,1,/mnt/data/ssz/mr/results/Qwen2.5-VL/pope/memvr/analysis/coco_POPE_random/780.pt
2278,2278,coco_POPE_random,coco_POPE_random,1,0,No!,no,1.7109375,0.7533275462962963,11.9375,5.576112369664463,28,1,/mnt/data/ssz/mr/results/Qwen2.5-VL/pope/memvr/analysis/coco_POPE_random/2278.pt
1527,1527,coco_POPE_random,coco_POPE_random,1,0,"Yes,",yes,1.7265625,0.7356047453703703,11.9375,4.946742751245156,28,1,/mnt/data/ssz/mr/results/Qwen2.5-VL/pope/memvr/analysis/coco_POPE_random/1527.pt
781,781,coco_POPE_random,coco_POPE_random,1,0,"Yes,",yes,1.71875,0.7364004629629629,11.9375,4.819099880711293,28,1,/mnt/data/ssz/mr/results/Qwen2.5-VL/pope/memvr/analysis/coco_POPE_random/781.pt
32,32,coco_POPE_random,coco_POPE_random,1,0,No!,no,1.734375,0.7456597222222222,11.9375,5.59211129945884,28,1,/mnt/data/ssz/mr/results/Qwen2.5-VL/pope/memvr/analysis/coco_POPE_random/32.pt
1528,1528,coco_POPE_random,coco_POPE_random,1,0,No!,no,1.71875,0.7410300925925926,11.9375,5.675071650814328,28,1,/mnt/data/ssz/mr/results/Qwen2.5-VL/pope/memvr/analysis/coco_POPE_random/1528.pt
2279,2279,coco_POPE_random,coco_POPE_random,1,0,"Yes,",yes,1.71875,0.7497829861111112,11.9375,5.032535714169595,28,1,/mnt/data/ssz/mr/results/Qwen2.5-VL/pope/memvr/analysis/coco_POPE_random/2279.pt
782,782,coco_POPE_random,coco_POPE_random,1,0,No!,no,1.703125,0.7429108796296297,11.9375,5.3999156356338,28,1,/mnt/data/ssz/mr/results/Qwen2.5-VL/pope/memvr/analysis/coco_POPE_random/782.pt
33,33,coco_POPE_random,coco_POPE_random,1,0,"Yes,",yes,1.734375,0.7398003472222222,11.9375,4.879411826009622,28,1,/mnt/data/ssz/mr/results/Qwen2.5-VL/pope/memvr/analysis/coco_POPE_random/33.pt
1529,1529,coco_POPE_random,coco_POPE_random,1,0,"Yes,",yes,1.7265625,0.7355324074074074,11.9375,4.811412109957145,28,1,/mnt/data/ssz/mr/results/Qwen2.5-VL/pope/memvr/analysis/coco_POPE_random/1529.pt
2280,2280,coco_POPE_random,coco_POPE_random,1,0,No!,no,1.7109375,0.75390625,11.9375,5.626009291800826,28,1,/mnt/data/ssz/mr/results/Qwen2.5-VL/pope/memvr/analysis/coco_POPE_random/2280.pt
783,783,coco_POPE_random,coco_POPE_random,1,0,"Yes,",yes,1.71875,0.7364004629629629,11.9375,4.856813548370647,28,1,/mnt/data/ssz/mr/results/Qwen2.5-VL/pope/memvr/analysis/coco_POPE_random/783.pt
34,34,coco_POPE_random,coco_POPE_random,1,0,No!,no,1.734375,0.7456597222222222,11.9375,5.555335257727024,28,1,/mnt/data/ssz/mr/results/Qwen2.5-VL/pope/memvr/analysis/coco_POPE_random/34.pt
1530,1530,coco_POPE_random,coco_POPE_random,1,0,No!,no,1.71875,0.7410300925925926,11.9375,5.496311431804715,28,1,/mnt/data/ssz/mr/results/Qwen2.5-VL/pope/memvr/analysis/coco_POPE_random/1530.pt
2281,2281,coco_POPE_random,coco_POPE_random,1,0,"Yes,",yes,1.6875,0.7303964120370371,11.9375,4.935831744003053,28,1,/mnt/data/ssz/mr/results/Qwen2.5-VL/pope/memvr/analysis/coco_POPE_random/2281.pt
784,784,coco_POPE_random,coco_POPE_random,1,0,No!,no,1.71875,0.7429108796296297,11.9375,5.436437221706699,28,1,/mnt/data/ssz/mr/results/Qwen2.5-VL/pope/memvr/analysis/coco_POPE_random/784.pt
35,35,coco_POPE_random,coco_POPE_random,0,0,No!,yes,1.734375,0.7456597222222222,11.9375,5.712488481784962,28,1,/mnt/data/ssz/mr/results/Qwen2.5-VL/pope/memvr/analysis/coco_POPE_random/35.pt
1531,1531,coco_POPE_random,coco_POPE_random,1,0,"Yes,",yes,1.7109375,0.7415364583333334,11.9375,4.850299119688522,28,1,/mnt/data/ssz/mr/results/Qwen2.5-VL/pope/memvr/analysis/coco_POPE_random/1531.pt
2282,2282,coco_POPE_random,coco_POPE_random,1,0,No!,no,1.6875,0.7362557870370371,11.9375,5.5217963171232665,28,1,/mnt/data/ssz/mr/results/Qwen2.5-VL/pope/memvr/analysis/coco_POPE_random/2282.pt
785,785,coco_POPE_random,coco_POPE_random,1,0,"Yes,",yes,1.71875,0.7364004629629629,11.9375,4.683470240574887,28,1,/mnt/data/ssz/mr/results/Qwen2.5-VL/pope/memvr/analysis/coco_POPE_random/785.pt
36,36,coco_POPE_random,coco_POPE_random,1,0,No!,no,1.7421875,0.7462384259259259,11.9375,5.595016313757164,28,1,/mnt/data/ssz/mr/results/Qwen2.5-VL/pope/memvr/analysis/coco_POPE_random/36.pt
1532,1532,coco_POPE_random,coco_POPE_random,1,0,No!,no,1.703125,0.7462384259259259,11.9375,5.474330250006713,28,1,/mnt/data/ssz/mr/results/Qwen2.5-VL/pope/memvr/analysis/coco_POPE_random/1532.pt
2283,2283,coco_POPE_random,coco_POPE_random,0,0,No!,yes,1.6875,0.7362557870370371,11.9375,5.617550919425161,28,1,/mnt/data/ssz/mr/results/Qwen2.5-VL/pope/memvr/analysis/coco_POPE_random/2283.pt
786,786,coco_POPE_random,coco_POPE_random,1,0,No!,no,1.71875,0.7429108796296297,11.9375,5.392862249827531,28,2,/mnt/data/ssz/mr/results/Qwen2.5-VL/pope/memvr/analysis/coco_POPE_random/786.pt
37,37,coco_POPE_random,coco_POPE_random,1,0,"Yes,",yes,1.7421875,0.7424768518518519,11.9375,5.012811651274629,28,1,/mnt/data/ssz/mr/results/Qwen2.5-VL/pope/memvr/analysis/coco_POPE_random/37.pt
1533,1533,coco_POPE_random,coco_POPE_random,1,0,"Yes,",yes,1.7109375,0.7409577546296297,11.9375,4.793850981540063,28,1,/mnt/data/ssz/mr/results/Qwen2.5-VL/pope/memvr/analysis/coco_POPE_random/1533.pt
787,787,coco_POPE_random,coco_POPE_random,0,0,No!,yes,1.71875,0.7551359953703703,11.9375,5.517194055064967,28,1,/mnt/data/ssz/mr/results/Qwen2.5-VL/pope/memvr/analysis/coco_POPE_random/787.pt
2284,2284,coco_POPE_random,coco_POPE_random,1,0,No!,no,1.6875,0.7362557870370371,11.9375,5.516922868346673,28,1,/mnt/data/ssz/mr/results/Qwen2.5-VL/pope/memvr/analysis/coco_POPE_random/2284.pt
38,38,coco_POPE_random,coco_POPE_random,1,0,No!,no,1.7421875,0.7485532407407407,11.9375,5.590593314998591,28,1,/mnt/data/ssz/mr/results/Qwen2.5-VL/pope/memvr/analysis/coco_POPE_random/38.pt
1534,1534,coco_POPE_random,coco_POPE_random,1,0,No!,no,1.703125,0.7462384259259259,11.9375,5.491384194617899,28,1,/mnt/data/ssz/mr/results/Qwen2.5-VL/pope/memvr/analysis/coco_POPE_random/1534.pt
788,788,coco_POPE_random,coco_POPE_random,1,0,No!,no,1.7109375,0.7547743055555556,11.9375,5.551441420177275,28,2,/mnt/data/ssz/mr/results/Qwen2.5-VL/pope/memvr/analysis/coco_POPE_random/788.pt
2285,2285,coco_POPE_random,coco_POPE_random,1,0,"Yes,",yes,1.6875,0.7303964120370371,11.9375,4.764316265320508,28,1,/mnt/data/ssz/mr/results/Qwen2.5-VL/pope/memvr/analysis/coco_POPE_random/2285.pt
39,39,coco_POPE_random,coco_POPE_random,0,0,No!,yes,1.7421875,0.7485532407407407,11.9375,5.565533749134923,28,1,/mnt/data/ssz/mr/results/Qwen2.5-VL/pope/memvr/analysis/coco_POPE_random/39.pt
1535,1535,coco_POPE_random,coco_POPE_random,0,0,No!,yes,1.703125,0.7462384259259259,11.9375,5.514209810054534,28,1,/mnt/data/ssz/mr/results/Qwen2.5-VL/pope/memvr/analysis/coco_POPE_random/1535.pt
789,789,coco_POPE_random,coco_POPE_random,1,0,"Yes,",yes,1.71875,0.7486255787037037,11.9375,4.903953768645055,28,1,/mnt/data/ssz/mr/results/Qwen2.5-VL/pope/memvr/analysis/coco_POPE_random/789.pt
2286,2286,coco_POPE_random,coco_POPE_random,1,0,No!,no,1.6875,0.7362557870370371,11.9375,5.584937085474316,28,1,/mnt/data/ssz/mr/results/Qwen2.5-VL/pope/memvr/analysis/coco_POPE_random/2286.pt
40,40,coco_POPE_random,coco_POPE_random,1,0,No!,no,1.7421875,0.7489149305555556,11.9375,5.6315383972633475,28,1,/mnt/data/ssz/mr/results/Qwen2.5-VL/pope/memvr/analysis/coco_POPE_random/40.pt
1536,1536,coco_POPE_random,coco_POPE_random,1,0,No!,no,1.703125,0.7462384259259259,11.9375,5.49034446906168,28,1,/mnt/data/ssz/mr/results/Qwen2.5-VL/pope/memvr/analysis/coco_POPE_random/1536.pt
790,790,coco_POPE_random,coco_POPE_random,1,0,No!,no,1.7109375,0.7547743055555556,11.9375,5.565436171107371,28,2,/mnt/data/ssz/mr/results/Qwen2.5-VL/pope/memvr/analysis/coco_POPE_random/790.pt
2287,2287,coco_POPE_random,coco_POPE_random,1,0,"Yes,",yes,1.765625,0.7241753472222222,11.9375,4.847468001668646,28,2,/mnt/data/ssz/mr/results/Qwen2.5-VL/pope/memvr/analysis/coco_POPE_random/2287.pt
41,41,coco_POPE_random,coco_POPE_random,1,0,"Yes,",yes,1.7421875,0.7421151620370371,11.9375,4.7874872861761295,28,1,/mnt/data/ssz/mr/results/Qwen2.5-VL/pope/memvr/analysis/coco_POPE_random/41.pt
1537,1537,coco_POPE_random,coco_POPE_random,1,0,"Yes,",yes,1.734375,0.732421875,11.9375,4.844736241162984,28,1,/mnt/data/ssz/mr/results/Qwen2.5-VL/pope/memvr/analysis/coco_POPE_random/1537.pt
791,791,coco_POPE_random,coco_POPE_random,0,0,No!,yes,1.71875,0.7551359953703703,11.9375,5.6074492860854415,28,1,/mnt/data/ssz/mr/results/Qwen2.5-VL/pope/memvr/analysis/coco_POPE_random/791.pt
2288,2288,coco_POPE_random,coco_POPE_random,1,0,No!,no,1.765625,0.7303964120370371,11.9375,5.575463173055925,28,1,/mnt/data/ssz/mr/results/Qwen2.5-VL/pope/memvr/analysis/coco_POPE_random/2288.pt
42,42,coco_POPE_random,coco_POPE_random,1,0,No!,no,1.7421875,0.7489149305555556,11.9375,5.68438517592736,28,1,/mnt/data/ssz/mr/results/Qwen2.5-VL/pope/memvr/analysis/coco_POPE_random/42.pt
792,792,coco_POPE_random,coco_POPE_random,1,0,No!,no,1.703125,0.7543402777777778,11.9375,5.6121407346918435,28,1,/mnt/data/ssz/mr/results/Qwen2.5-VL/pope/memvr/analysis/coco_POPE_random/792.pt
1538,1538,coco_POPE_random,coco_POPE_random,1,0,No!,no,1.734375,0.73828125,11.9375,5.494950742138011,28,1,/mnt/data/ssz/mr/results/Qwen2.5-VL/pope/memvr/analysis/coco_POPE_random/1538.pt
2289,2289,coco_POPE_random,coco_POPE_random,1,0,"Yes,",yes,1.765625,0.7241753472222222,11.9375,4.9048792811937085,28,2,/mnt/data/ssz/mr/results/Qwen2.5-VL/pope/memvr/analysis/coco_POPE_random/2289.pt
793,793,coco_POPE_random,coco_POPE_random,0,0,No!,yes,1.71875,0.7876157407407407,11.9375,5.547750288453369,28,1,/mnt/data/ssz/mr/results/Qwen2.5-VL/pope/memvr/analysis/coco_POPE_random/793.pt
43,43,coco_POPE_random,coco_POPE_random,0,0,No!,yes,1.671875,0.7146990740740741,11.9375,5.426380270025016,28,1,/mnt/data/ssz/mr/results/Qwen2.5-VL/pope/memvr/analysis/coco_POPE_random/43.pt
2290,2290,coco_POPE_random,coco_POPE_random,1,0,No!,no,1.765625,0.7297453703703703,11.9375,5.5504722279232075,28,1,/mnt/data/ssz/mr/results/Qwen2.5-VL/pope/memvr/analysis/coco_POPE_random/2290.pt
1539,1539,coco_POPE_random,coco_POPE_random,1,0,"Yes,",yes,1.734375,0.732421875,11.9375,4.761546999497152,28,1,/mnt/data/ssz/mr/results/Qwen2.5-VL/pope/memvr/analysis/coco_POPE_random/1539.pt
794,794,coco_POPE_random,coco_POPE_random,1,0,No!,no,1.71875,0.7881944444444444,11.9375,5.617244205416418,28,1,/mnt/data/ssz/mr/results/Qwen2.5-VL/pope/memvr/analysis/coco_POPE_random/794.pt
44,44,coco_POPE_random,coco_POPE_random,1,0,No!,no,1.671875,0.7146990740740741,11.9375,5.424274309719953,28,1,/mnt/data/ssz/mr/results/Qwen2.5-VL/pope/memvr/analysis/coco_POPE_random/44.pt
2291,2291,coco_POPE_random,coco_POPE_random,1,0,"Yes,",yes,1.765625,0.7248263888888888,11.9375,4.926083682076854,28,2,/mnt/data/ssz/mr/results/Qwen2.5-VL/pope/memvr/analysis/coco_POPE_random/2291.pt
1540,1540,coco_POPE_random,coco_POPE_random,1,0,No!,no,1.734375,0.7381365740740741,11.9375,5.599708652648807,28,1,/mnt/data/ssz/mr/results/Qwen2.5-VL/pope/memvr/analysis/coco_POPE_random/1540.pt
795,795,coco_POPE_random,coco_POPE_random,1,0,"Yes,",yes,1.71875,0.7806712962962963,11.9375,4.867542378409969,28,1,/mnt/data/ssz/mr/results/Qwen2.5-VL/pope/memvr/analysis/coco_POPE_random/795.pt
2292,2292,coco_POPE_random,coco_POPE_random,1,0,No!,no,1.765625,0.7303964120370371,11.9375,5.659581435146093,28,1,/mnt/data/ssz/mr/results/Qwen2.5-VL/pope/memvr/analysis/coco_POPE_random/2292.pt
45,45,coco_POPE_random,coco_POPE_random,0,0,No!,yes,1.671875,0.7146990740740741,11.9375,5.494586574818139,28,1,/mnt/data/ssz/mr/results/Qwen2.5-VL/pope/memvr/analysis/coco_POPE_random/45.pt
1541,1541,coco_POPE_random,coco_POPE_random,0,0,No!,yes,1.734375,0.7382089120370371,11.9375,5.633518973735748,28,1,/mnt/data/ssz/mr/results/Qwen2.5-VL/pope/memvr/analysis/coco_POPE_random/1541.pt
796,796,coco_POPE_random,coco_POPE_random,1,0,No!,no,1.71875,0.7881944444444444,11.9375,5.588178128973776,28,1,/mnt/data/ssz/mr/results/Qwen2.5-VL/pope/memvr/analysis/coco_POPE_random/796.pt
2293,2293,coco_POPE_random,coco_POPE_random,1,0,"Yes,",yes,1.7265625,0.7316984953703703,11.9375,4.85555295844059,28,1,/mnt/data/ssz/mr/results/Qwen2.5-VL/pope/memvr/analysis/coco_POPE_random/2293.pt
46,46,coco_POPE_random,coco_POPE_random,1,0,No!,no,1.671875,0.7143373842592593,11.9375,5.4150381035245685,28,1,/mnt/data/ssz/mr/results/Qwen2.5-VL/pope/memvr/analysis/coco_POPE_random/46.pt
1542,1542,coco_POPE_random,coco_POPE_random,1,0,No!,no,1.734375,0.73828125,11.9375,5.510556124876749,28,1,/mnt/data/ssz/mr/results/Qwen2.5-VL/pope/memvr/analysis/coco_POPE_random/1542.pt
797,797,coco_POPE_random,coco_POPE_random,1,0,"Yes,",yes,1.71875,0.7806712962962963,11.9375,4.851807943787521,28,1,/mnt/data/ssz/mr/results/Qwen2.5-VL/pope/memvr/analysis/coco_POPE_random/797.pt
2294,2294,coco_POPE_random,coco_POPE_random,1,0,No!,no,1.7265625,0.7385706018518519,11.9375,5.625293937001124,28,1,/mnt/data/ssz/mr/results/Qwen2.5-VL/pope/memvr/analysis/coco_POPE_random/2294.pt
47,47,coco_POPE_random,coco_POPE_random,1,0,"Yes,",yes,1.671875,0.7090567129629629,11.9375,4.770663539427303,28,1,/mnt/data/ssz/mr/results/Qwen2.5-VL/pope/memvr/analysis/coco_POPE_random/47.pt
1543,1543,coco_POPE_random,coco_POPE_random,0,0,No!,yes,1.734375,0.7469618055555556,11.9375,5.514745902457748,28,1,/mnt/data/ssz/mr/results/Qwen2.5-VL/pope/memvr/analysis/coco_POPE_random/1543.pt
798,798,coco_POPE_random,coco_POPE_random,1,0,No!,no,1.71875,0.7881944444444444,11.9375,5.696273708610139,28,1,/mnt/data/ssz/mr/results/Qwen2.5-VL/pope/memvr/analysis/coco_POPE_random/798.pt
2295,2295,coco_POPE_random,coco_POPE_random,1,0,"Yes,",yes,1.7265625,0.7317708333333334,11.9375,5.071222818723106,28,1,/mnt/data/ssz/mr/results/Qwen2.5-VL/pope/memvr/analysis/coco_POPE_random/2295.pt
48,48,coco_POPE_random,coco_POPE_random,1,0,No!,no,1.671875,0.7146990740740741,11.9375,5.444546356068274,28,1,/mnt/data/ssz/mr/results/Qwen2.5-VL/pope/memvr/analysis/coco_POPE_random/48.pt
1544,1544,coco_POPE_random,coco_POPE_random,1,0,No!,no,1.734375,0.7469618055555556,11.9375,5.5767583314837195,28,1,/mnt/data/ssz/mr/results/Qwen2.5-VL/pope/memvr/analysis/coco_POPE_random/1544.pt
799,799,coco_POPE_random,coco_POPE_random,1,0,"Yes,",yes,1.6953125,0.7388599537037037,11.9375,4.681931477245662,28,1,/mnt/data/ssz/mr/results/Qwen2.5-VL/pope/memvr/analysis/coco_POPE_random/799.pt
49,49,coco_POPE_random,coco_POPE_random,1,0,"Yes,",yes,1.7109375,0.7498553240740741,11.9375,4.7132349460959695,28,1,/mnt/data/ssz/mr/results/Qwen2.5-VL/pope/memvr/analysis/coco_POPE_random/49.pt
2296,2296,coco_POPE_random,coco_POPE_random,1,0,No!,no,1.7265625,0.7384259259259259,11.9375,5.530577911794886,28,1,/mnt/data/ssz/mr/results/Qwen2.5-VL/pope/memvr/analysis/coco_POPE_random/2296.pt
1545,1545,coco_POPE_random,coco_POPE_random,1,0,"Yes,",yes,1.734375,0.7424045138888888,11.9375,4.797205848527013,28,1,/mnt/data/ssz/mr/results/Qwen2.5-VL/pope/memvr/analysis/coco_POPE_random/1545.pt
800,800,coco_POPE_random,coco_POPE_random,1,0,No!,no,1.6875,0.7436342592592593,11.9375,5.473158265853742,28,1,/mnt/data/ssz/mr/results/Qwen2.5-VL/pope/memvr/analysis/coco_POPE_random/800.pt
50,50,coco_POPE_random,coco_POPE_random,1,0,No!,no,1.703125,0.7549913194444444,11.9375,5.453459427405725,28,1,/mnt/data/ssz/mr/results/Qwen2.5-VL/pope/memvr/analysis/coco_POPE_random/50.pt
2297,2297,coco_POPE_random,coco_POPE_random,1,0,"Yes,",yes,1.7265625,0.7316984953703703,11.9375,4.9089652993907125,28,1,/mnt/data/ssz/mr/results/Qwen2.5-VL/pope/memvr/analysis/coco_POPE_random/2297.pt
1546,1546,coco_POPE_random,coco_POPE_random,1,0,No!,no,1.734375,0.7469618055555556,11.9375,5.508231580041646,28,1,/mnt/data/ssz/mr/results/Qwen2.5-VL/pope/memvr/analysis/coco_POPE_random/1546.pt
51,51,coco_POPE_random,coco_POPE_random,1,0,"Yes,",yes,1.7109375,0.7498553240740741,11.9375,4.905015320680721,28,1,/mnt/data/ssz/mr/results/Qwen2.5-VL/pope/memvr/analysis/coco_POPE_random/51.pt
801,801,coco_POPE_random,coco_POPE_random,1,0,"Yes,",yes,1.6953125,0.7388599537037037,11.9375,4.779724523268552,28,1,/mnt/data/ssz/mr/results/Qwen2.5-VL/pope/memvr/analysis/coco_POPE_random/801.pt
2298,2298,coco_POPE_random,coco_POPE_random,1,0,No!,no,1.7265625,0.7385706018518519,11.9375,5.670811900454063,28,1,/mnt/data/ssz/mr/results/Qwen2.5-VL/pope/memvr/analysis/coco_POPE_random/2298.pt
1547,1547,coco_POPE_random,coco_POPE_random,1,0,"Yes,",yes,1.734375,0.7424045138888888,11.9375,5.048520813942473,28,1,/mnt/data/ssz/mr/results/Qwen2.5-VL/pope/memvr/analysis/coco_POPE_random/1547.pt
52,52,coco_POPE_random,coco_POPE_random,1,0,No!,no,1.703125,0.7550636574074074,11.9375,5.535618968791321,28,1,/mnt/data/ssz/mr/results/Qwen2.5-VL/pope/memvr/analysis/coco_POPE_random/52.pt
2299,2299,coco_POPE_random,coco_POPE_random,1,0,"Yes,",yes,1.765625,0.7446469907407407,11.9375,4.998344282892443,28,1,/mnt/data/ssz/mr/results/Qwen2.5-VL/pope/memvr/analysis/coco_POPE_random/2299.pt
802,802,coco_POPE_random,coco_POPE_random,1,0,No!,no,1.6875,0.7440682870370371,11.9375,5.457255283433335,28,1,/mnt/data/ssz/mr/results/Qwen2.5-VL/pope/memvr/analysis/coco_POPE_random/802.pt
1548,1548,coco_POPE_random,coco_POPE_random,1,0,No!,no,1.734375,0.7469618055555556,11.9375,5.50657415124668,28,1,/mnt/data/ssz/mr/results/Qwen2.5-VL/pope/memvr/analysis/coco_POPE_random/1548.pt
53,53,coco_POPE_random,coco_POPE_random,1,0,"Yes,",yes,1.7109375,0.7498553240740741,11.9375,4.76673459196808,28,1,/mnt/data/ssz/mr/results/Qwen2.5-VL/pope/memvr/analysis/coco_POPE_random/53.pt
2300,2300,coco_POPE_random,coco_POPE_random,1,0,No!,no,1.7578125,0.7498553240740741,11.9375,5.722899452543813,28,1,/mnt/data/ssz/mr/results/Qwen2.5-VL/pope/memvr/analysis/coco_POPE_random/2300.pt
1549,1549,coco_POPE_random,coco_POPE_random,0,0,No!,yes,1.703125,0.7515914351851852,11.9375,5.538470844678974,28,1,/mnt/data/ssz/mr/results/Qwen2.5-VL/pope/memvr/analysis/coco_POPE_random/1549.pt
803,803,coco_POPE_random,coco_POPE_random,0,0,No!,yes,1.6875,0.7436342592592593,11.9375,5.418698700803738,28,1,/mnt/data/ssz/mr/results/Qwen2.5-VL/pope/memvr/analysis/coco_POPE_random/803.pt
54,54,coco_POPE_random,coco_POPE_random,1,0,No!,no,1.703125,0.7549913194444444,11.9375,5.563162973856567,28,1,/mnt/data/ssz/mr/results/Qwen2.5-VL/pope/memvr/analysis/coco_POPE_random/54.pt
2301,2301,coco_POPE_random,coco_POPE_random,1,0,"Yes,",yes,1.765625,0.7446469907407407,11.9375,4.845325743275744,28,1,/mnt/data/ssz/mr/results/Qwen2.5-VL/pope/memvr/analysis/coco_POPE_random/2301.pt
1550,1550,coco_POPE_random,coco_POPE_random,1,0,No!,no,1.703125,0.7516637731481481,11.9375,5.5761352352737115,28,1,/mnt/data/ssz/mr/results/Qwen2.5-VL/pope/memvr/analysis/coco_POPE_random/1550.pt
804,804,coco_POPE_random,coco_POPE_random,1,0,No!,no,1.6875,0.7438512731481481,11.9375,5.464491596985242,28,1,/mnt/data/ssz/mr/results/Qwen2.5-VL/pope/memvr/analysis/coco_POPE_random/804.pt
55,55,coco_POPE_random,coco_POPE_random,1,0,"Yes,",yes,1.71875,0.734375,11.9375,4.816193046327293,28,1,/mnt/data/ssz/mr/results/Qwen2.5-VL/pope/memvr/analysis/coco_POPE_random/55.pt
2302,2302,coco_POPE_random,coco_POPE_random,1,0,No!,no,1.7578125,0.7498553240740741,11.9375,5.631253970345636,28,1,/mnt/data/ssz/mr/results/Qwen2.5-VL/pope/memvr/analysis/coco_POPE_random/2302.pt
1551,1551,coco_POPE_random,coco_POPE_random,0,0,No!,yes,1.703125,0.7515914351851852,11.9375,5.712271735194573,28,1,/mnt/data/ssz/mr/results/Qwen2.5-VL/pope/memvr/analysis/coco_POPE_random/1551.pt
805,805,coco_POPE_random,coco_POPE_random,1,0,"Yes,",yes,1.6796875,0.7537615740740741,11.9375,4.771951586518111,28,1,/mnt/data/ssz/mr/results/Qwen2.5-VL/pope/memvr/analysis/coco_POPE_random/805.pt
56,56,coco_POPE_random,coco_POPE_random,1,0,No!,no,1.7109375,0.7371238425925926,11.9375,5.525516501406087,28,1,/mnt/data/ssz/mr/results/Qwen2.5-VL/pope/memvr/analysis/coco_POPE_random/56.pt
2303,2303,coco_POPE_random,coco_POPE_random,1,0,"Yes,",yes,1.765625,0.7446469907407407,11.9375,4.815025086733433,28,1,/mnt/data/ssz/mr/results/Qwen2.5-VL/pope/memvr/analysis/coco_POPE_random/2303.pt
1552,1552,coco_POPE_random,coco_POPE_random,1,0,No!,no,1.703125,0.7516637731481481,11.9375,5.580752035484787,28,1,/mnt/data/ssz/mr/results/Qwen2.5-VL/pope/memvr/analysis/coco_POPE_random/1552.pt
806,806,coco_POPE_random,coco_POPE_random,1,0,No!,no,1.671875,0.7599826388888888,11.9375,5.527047545040601,28,1,/mnt/data/ssz/mr/results/Qwen2.5-VL/pope/memvr/analysis/coco_POPE_random/806.pt
2304,2304,coco_POPE_random,coco_POPE_random,1,0,No!,no,1.7578125,0.7492042824074074,11.9375,5.673753061742281,28,1,/mnt/data/ssz/mr/results/Qwen2.5-VL/pope/memvr/analysis/coco_POPE_random/2304.pt
57,57,coco_POPE_random,coco_POPE_random,1,0,"Yes,",yes,1.71875,0.734375,11.9375,4.85711734232146,28,1,/mnt/data/ssz/mr/results/Qwen2.5-VL/pope/memvr/analysis/coco_POPE_random/57.pt
1553,1553,coco_POPE_random,coco_POPE_random,0,0,No!,yes,1.703125,0.7515914351851852,11.9375,5.5482459193343985,28,1,/mnt/data/ssz/mr/results/Qwen2.5-VL/pope/memvr/analysis/coco_POPE_random/1553.pt
807,807,coco_POPE_random,coco_POPE_random,0,0,No!,yes,1.671875,0.7599826388888888,11.9375,5.67758119242466,28,1,/mnt/data/ssz/mr/results/Qwen2.5-VL/pope/memvr/analysis/coco_POPE_random/807.pt
2305,2305,coco_POPE_random,coco_POPE_random,1,0,"Yes,",yes,1.703125,0.76171875,11.9375,4.928660763984226,28,1,/mnt/data/ssz/mr/results/Qwen2.5-VL/pope/memvr/analysis/coco_POPE_random/2305.pt
58,58,coco_POPE_random,coco_POPE_random,1,0,No!,no,1.7109375,0.7371238425925926,11.9375,5.604212522223912,28,1,/mnt/data/ssz/mr/results/Qwen2.5-VL/pope/memvr/analysis/coco_POPE_random/58.pt
1554,1554,coco_POPE_random,coco_POPE_random,1,0,No!,no,1.703125,0.7515914351851852,11.9375,5.614377115571595,28,1,/mnt/data/ssz/mr/results/Qwen2.5-VL/pope/memvr/analysis/coco_POPE_random/1554.pt
808,808,coco_POPE_random,coco_POPE_random,1,0,No!,no,1.671875,0.759765625,11.9375,5.631421227261979,28,1,/mnt/data/ssz/mr/results/Qwen2.5-VL/pope/memvr/analysis/coco_POPE_random/808.pt
2306,2306,coco_POPE_random,coco_POPE_random,1,0,No!,no,1.6875,0.7664930555555556,11.9375,5.4716579949000055,28,1,/mnt/data/ssz/mr/results/Qwen2.5-VL/pope/memvr/analysis/coco_POPE_random/2306.pt
59,59,coco_POPE_random,coco_POPE_random,1,0,"Yes,",yes,1.71875,0.734375,11.9375,4.767960809504439,28,1,/mnt/data/ssz/mr/results/Qwen2.5-VL/pope/memvr/analysis/coco_POPE_random/59.pt
1555,1555,coco_POPE_random,coco_POPE_random,1,0,"Yes,",yes,1.71875,0.7317708333333334,11.9375,4.84510369165554,28,1,/mnt/data/ssz/mr/results/Qwen2.5-VL/pope/memvr/analysis/coco_POPE_random/1555.pt
809,809,coco_POPE_random,coco_POPE_random,1,0,"Yes,",yes,1.6796875,0.7537615740740741,11.9375,4.769659322781364,28,1,/mnt/data/ssz/mr/results/Qwen2.5-VL/pope/memvr/analysis/coco_POPE_random/809.pt
2307,2307,coco_POPE_random,coco_POPE_random,1,0,"Yes,",yes,1.703125,0.76171875,11.9375,4.844182531586215,28,1,/mnt/data/ssz/mr/results/Qwen2.5-VL/pope/memvr/analysis/coco_POPE_random/2307.pt
60,60,coco_POPE_random,coco_POPE_random,1,0,No!,no,1.7109375,0.7371238425925926,11.9375,5.570778377878391,28,1,/mnt/data/ssz/mr/results/Qwen2.5-VL/pope/memvr/analysis/coco_POPE_random/60.pt
810,810,coco_POPE_random,coco_POPE_random,1,0,No!,no,1.671875,0.7599826388888888,11.9375,5.594222089129183,28,1,/mnt/data/ssz/mr/results/Qwen2.5-VL/pope/memvr/analysis/coco_POPE_random/810.pt
1556,1556,coco_POPE_random,coco_POPE_random,1,0,No!,no,1.71875,0.7352430555555556,11.9375,5.575876755026288,28,1,/mnt/data/ssz/mr/results/Qwen2.5-VL/pope/memvr/analysis/coco_POPE_random/1556.pt
2308,2308,coco_POPE_random,coco_POPE_random,1,0,No!,no,1.6875,0.7670717592592593,11.9375,5.5709679911770165,28,1,/mnt/data/ssz/mr/results/Qwen2.5-VL/pope/memvr/analysis/coco_POPE_random/2308.pt
61,61,coco_POPE_random,coco_POPE_random,1,0,"Yes,",yes,1.671875,0.7680844907407407,11.9375,5.103442888411926,28,1,/mnt/data/ssz/mr/results/Qwen2.5-VL/pope/memvr/analysis/coco_POPE_random/61.pt
811,811,coco_POPE_random,coco_POPE_random,1,0,"Yes,",yes,1.734375,0.7243200231481481,11.9375,4.867759730569537,28,1,/mnt/data/ssz/mr/results/Qwen2.5-VL/pope/memvr/analysis/coco_POPE_random/811.pt
1557,1557,coco_POPE_random,coco_POPE_random,1,0,"Yes,",yes,1.71875,0.7317708333333334,11.9375,4.974502795663926,28,1,/mnt/data/ssz/mr/results/Qwen2.5-VL/pope/memvr/analysis/coco_POPE_random/1557.pt
2309,2309,coco_POPE_random,coco_POPE_random,1,0,"Yes,",yes,1.703125,0.76171875,11.9375,4.937032815950215,28,1,/mnt/data/ssz/mr/results/Qwen2.5-VL/pope/memvr/analysis/coco_POPE_random/2309.pt
62,62,coco_POPE_random,coco_POPE_random,1,0,No!,no,1.671875,0.7719907407407407,11.9375,5.571037349226258,28,1,/mnt/data/ssz/mr/results/Qwen2.5-VL/pope/memvr/analysis/coco_POPE_random/62.pt
812,812,coco_POPE_random,coco_POPE_random,1,0,No!,no,1.734375,0.7316261574074074,11.9375,5.594790423186576,28,1,/mnt/data/ssz/mr/results/Qwen2.5-VL/pope/memvr/analysis/coco_POPE_random/812.pt
1558,1558,coco_POPE_random,coco_POPE_random,1,0,No!,no,1.71875,0.7354600694444444,11.9375,5.623760203075673,28,1,/mnt/data/ssz/mr/results/Qwen2.5-VL/pope/memvr/analysis/coco_POPE_random/1558.pt
2310,2310,coco_POPE_random,coco_POPE_random,1,0,No!,no,1.6875,0.7670717592592593,11.9375,5.4935106189192275,28,1,/mnt/data/ssz/mr/results/Qwen2.5-VL/pope/memvr/analysis/coco_POPE_random/2310.pt
63,63,coco_POPE_random,coco_POPE_random,1,0,"Yes,",yes,1.671875,0.7683738425925926,11.9375,5.0523861951933915,28,1,/mnt/data/ssz/mr/results/Qwen2.5-VL/pope/memvr/analysis/coco_POPE_random/63.pt
813,813,coco_POPE_random,coco_POPE_random,1,0,"Yes,",yes,1.734375,0.7248263888888888,11.9375,4.97708088989725,28,1,/mnt/data/ssz/mr/results/Qwen2.5-VL/pope/memvr/analysis/coco_POPE_random/813.pt
1559,1559,coco_POPE_random,coco_POPE_random,1,0,"Yes,",yes,1.71875,0.7317708333333334,11.9375,4.929173248693117,28,1,/mnt/data/ssz/mr/results/Qwen2.5-VL/pope/memvr/analysis/coco_POPE_random/1559.pt
2311,2311,coco_POPE_random,coco_POPE_random,1,0,"Yes,",yes,1.765625,0.7528211805555556,11.9375,5.216630768905105,28,2,/mnt/data/ssz/mr/results/Qwen2.5-VL/pope/memvr/analysis/coco_POPE_random/2311.pt
64,64,coco_POPE_random,coco_POPE_random,1,0,No!,no,1.671875,0.7719907407407407,11.9375,5.538837967447966,28,1,/mnt/data/ssz/mr/results/Qwen2.5-VL/pope/memvr/analysis/coco_POPE_random/64.pt
814,814,coco_POPE_random,coco_POPE_random,1,0,No!,no,1.7265625,0.7306134259259259,11.9375,5.639209415795292,28,1,/mnt/data/ssz/mr/results/Qwen2.5-VL/pope/memvr/analysis/coco_POPE_random/814.pt
2312,2312,coco_POPE_random,coco_POPE_random,1,0,No!,no,1.765625,0.7589699074074074,11.9375,5.716159265750948,28,1,/mnt/data/ssz/mr/results/Qwen2.5-VL/pope/memvr/analysis/coco_POPE_random/2312.pt
1560,1560,coco_POPE_random,coco_POPE_random,1,0,No!,no,1.71875,0.7352430555555556,11.9375,5.558670430990066,28,1,/mnt/data/ssz/mr/results/Qwen2.5-VL/pope/memvr/analysis/coco_POPE_random/1560.pt
65,65,coco_POPE_random,coco_POPE_random,1,0,"Yes,",yes,1.671875,0.7680844907407407,11.9375,4.909133491395419,28,1,/mnt/data/ssz/mr/results/Qwen2.5-VL/pope/memvr/analysis/coco_POPE_random/65.pt
1561,1561,coco_POPE_random,coco_POPE_random,1,0,"Yes,",yes,1.734375,0.7359664351851852,11.9375,4.916221917985248,28,1,/mnt/data/ssz/mr/results/Qwen2.5-VL/pope/memvr/analysis/coco_POPE_random/1561.pt
2313,2313,coco_POPE_random,coco_POPE_random,0,0,No!,yes,1.765625,0.7589699074074074,11.9375,5.5623966439444965,28,1,/mnt/data/ssz/mr/results/Qwen2.5-VL/pope/memvr/analysis/coco_POPE_random/2313.pt
815,815,coco_POPE_random,coco_POPE_random,1,0,"Yes,",yes,1.734375,0.7248263888888888,11.9375,4.891610261205894,28,1,/mnt/data/ssz/mr/results/Qwen2.5-VL/pope/memvr/analysis/coco_POPE_random/815.pt
66,66,coco_POPE_random,coco_POPE_random,1,0,No!,no,1.671875,0.7719907407407407,11.9375,5.676513207441373,28,1,/mnt/data/ssz/mr/results/Qwen2.5-VL/pope/memvr/analysis/coco_POPE_random/66.pt
1562,1562,coco_POPE_random,coco_POPE_random,1,0,No!,no,1.71875,0.7395833333333334,11.9375,5.440477226085967,28,1,/mnt/data/ssz/mr/results/Qwen2.5-VL/pope/memvr/analysis/coco_POPE_random/1562.pt
2314,2314,coco_POPE_random,coco_POPE_random,1,0,No!,no,1.75,0.7582465277777778,11.9375,5.666463388079012,28,1,/mnt/data/ssz/mr/results/Qwen2.5-VL/pope/memvr/analysis/coco_POPE_random/2314.pt
816,816,coco_POPE_random,coco_POPE_random,1,0,No!,no,1.734375,0.7316261574074074,11.9375,5.567654442407984,28,1,/mnt/data/ssz/mr/results/Qwen2.5-VL/pope/memvr/analysis/coco_POPE_random/816.pt
67,67,coco_POPE_random,coco_POPE_random,1,0,"Yes,",yes,1.6875,0.7337962962962963,11.9375,4.697099357456075,28,1,/mnt/data/ssz/mr/results/Qwen2.5-VL/pope/memvr/analysis/coco_POPE_random/67.pt
1563,1563,coco_POPE_random,coco_POPE_random,1,0,"Yes,",yes,1.734375,0.7359664351851852,11.9375,4.7471926494576,28,1,/mnt/data/ssz/mr/results/Qwen2.5-VL/pope/memvr/analysis/coco_POPE_random/1563.pt
2315,2315,coco_POPE_random,coco_POPE_random,1,0,"Yes,",yes,1.765625,0.7528211805555556,11.9375,4.888922158855889,28,2,/mnt/data/ssz/mr/results/Qwen2.5-VL/pope/memvr/analysis/coco_POPE_random/2315.pt
68,68,coco_POPE_random,coco_POPE_random,1,0,No!,no,1.6875,0.7387152777777778,11.9375,5.3808575632782745,28,1,/mnt/data/ssz/mr/results/Qwen2.5-VL/pope/memvr/analysis/coco_POPE_random/68.pt
817,817,coco_POPE_random,coco_POPE_random,1,0,"Yes,",yes,1.7109375,0.7440682870370371,11.9375,5.044859372991009,28,2,/mnt/data/ssz/mr/results/Qwen2.5-VL/pope/memvr/analysis/coco_POPE_random/817.pt
1564,1564,coco_POPE_random,coco_POPE_random,1,0,No!,no,1.71875,0.7395833333333334,11.9375,5.483736272669093,28,1,/mnt/data/ssz/mr/results/Qwen2.5-VL/pope/memvr/analysis/coco_POPE_random/1564.pt
2316,2316,coco_POPE_random,coco_POPE_random,1,0,No!,no,1.75,0.7582465277777778,11.9375,5.627732011625681,28,1,/mnt/data/ssz/mr/results/Qwen2.5-VL/pope/memvr/analysis/coco_POPE_random/2316.pt
69,69,coco_POPE_random,coco_POPE_random,1,0,"Yes,",yes,1.6875,0.7337962962962963,11.9375,4.854863819566602,28,1,/mnt/data/ssz/mr/results/Qwen2.5-VL/pope/memvr/analysis/coco_POPE_random/69.pt
818,818,coco_POPE_random,coco_POPE_random,1,0,No!,no,1.7109375,0.7489872685185185,11.9375,5.662504706383484,28,1,/mnt/data/ssz/mr/results/Qwen2.5-VL/pope/memvr/analysis/coco_POPE_random/818.pt
2317,2317,coco_POPE_random,coco_POPE_random,1,0,"Yes,",yes,1.65625,0.7671440972222222,11.9375,4.670720869448502,28,1,/mnt/data/ssz/mr/results/Qwen2.5-VL/pope/memvr/analysis/coco_POPE_random/2317.pt
1565,1565,coco_POPE_random,coco_POPE_random,0,0,No!,yes,1.71875,0.7397280092592593,11.9375,5.466161703652374,28,1,/mnt/data/ssz/mr/results/Qwen2.5-VL/pope/memvr/analysis/coco_POPE_random/1565.pt
70,70,coco_POPE_random,coco_POPE_random,1,0,No!,no,1.6875,0.7387152777777778,11.9375,5.403250949664778,28,1,/mnt/data/ssz/mr/results/Qwen2.5-VL/pope/memvr/analysis/coco_POPE_random/70.pt
819,819,coco_POPE_random,coco_POPE_random,0,0,No!,yes,1.7109375,0.7489872685185185,11.9375,5.556298031929303,28,1,/mnt/data/ssz/mr/results/Qwen2.5-VL/pope/memvr/analysis/coco_POPE_random/819.pt
2318,2318,coco_POPE_random,coco_POPE_random,1,0,No!,no,1.640625,0.7720630787037037,11.9375,5.480733893827791,28,1,/mnt/data/ssz/mr/results/Qwen2.5-VL/pope/memvr/analysis/coco_POPE_random/2318.pt
1566,1566,coco_POPE_random,coco_POPE_random,1,0,No!,no,1.71875,0.7395833333333334,11.9375,5.565736598139602,28,1,/mnt/data/ssz/mr/results/Qwen2.5-VL/pope/memvr/analysis/coco_POPE_random/1566.pt
71,71,coco_POPE_random,coco_POPE_random,1,0,"Yes,",yes,1.6875,0.7337962962962963,11.9375,4.698331039354555,28,1,/mnt/data/ssz/mr/results/Qwen2.5-VL/pope/memvr/analysis/coco_POPE_random/71.pt
820,820,coco_POPE_random,coco_POPE_random,1,0,No!,no,1.7109375,0.7486255787037037,11.9375,5.475096235182342,28,1,/mnt/data/ssz/mr/results/Qwen2.5-VL/pope/memvr/analysis/coco_POPE_random/820.pt
2319,2319,coco_POPE_random,coco_POPE_random,1,0,"Yes,",yes,1.65625,0.7672164351851852,11.9375,4.857800870348816,28,1,/mnt/data/ssz/mr/results/Qwen2.5-VL/pope/memvr/analysis/coco_POPE_random/2319.pt
1567,1567,coco_POPE_random,coco_POPE_random,1,0,"Yes,",yes,1.75,0.7394386574074074,11.9375,4.956585155398986,28,1,/mnt/data/ssz/mr/results/Qwen2.5-VL/pope/memvr/analysis/coco_POPE_random/1567.pt
72,72,coco_POPE_random,coco_POPE_random,1,0,No!,no,1.6875,0.7387152777777778,11.9375,5.4419770601881625,28,1,/mnt/data/ssz/mr/results/Qwen2.5-VL/pope/memvr/analysis/coco_POPE_random/72.pt
821,821,coco_POPE_random,coco_POPE_random,1,0,"Yes,",yes,1.7109375,0.7440682870370371,11.9375,4.888560671313136,28,2,/mnt/data/ssz/mr/results/Qwen2.5-VL/pope/memvr/analysis/coco_POPE_random/821.pt
2320,2320,coco_POPE_random,coco_POPE_random,1,0,No!,no,1.640625,0.7720630787037037,11.9375,5.50104114880254,28,1,/mnt/data/ssz/mr/results/Qwen2.5-VL/pope/memvr/analysis/coco_POPE_random/2320.pt
1568,1568,coco_POPE_random,coco_POPE_random,1,0,No!,no,1.7421875,0.7439236111111112,11.9375,5.560295074986839,28,1,/mnt/data/ssz/mr/results/Qwen2.5-VL/pope/memvr/analysis/coco_POPE_random/1568.pt
73,73,coco_POPE_random,coco_POPE_random,1,0,"Yes,",yes,1.734375,0.7489149305555556,11.9375,4.955745080682704,28,1,/mnt/data/ssz/mr/results/Qwen2.5-VL/pope/memvr/analysis/coco_POPE_random/73.pt
2321,2321,coco_POPE_random,coco_POPE_random,1,0,"Yes,",yes,1.65625,0.7676504629629629,11.9375,4.688608000301886,28,1,/mnt/data/ssz/mr/results/Qwen2.5-VL/pope/memvr/analysis/coco_POPE_random/2321.pt
822,822,coco_POPE_random,coco_POPE_random,1,0,No!,no,1.7109375,0.7486255787037037,11.9375,5.564332434675634,28,1,/mnt/data/ssz/mr/results/Qwen2.5-VL/pope/memvr/analysis/coco_POPE_random/822.pt
1569,1569,coco_POPE_random,coco_POPE_random,1,0,"Yes,",yes,1.75,0.7396556712962963,11.9375,4.924801525433108,28,1,/mnt/data/ssz/mr/results/Qwen2.5-VL/pope/memvr/analysis/coco_POPE_random/1569.pt
74,74,coco_POPE_random,coco_POPE_random,1,0,No!,no,1.734375,0.7528935185185185,11.9375,5.5599140001429594,28,1,/mnt/data/ssz/mr/results/Qwen2.5-VL/pope/memvr/analysis/coco_POPE_random/74.pt
2322,2322,coco_POPE_random,coco_POPE_random,1,0,No!,no,1.640625,0.7720630787037037,11.9375,5.482514837471752,28,1,/mnt/data/ssz/mr/results/Qwen2.5-VL/pope/memvr/analysis/coco_POPE_random/2322.pt
823,823,coco_POPE_random,coco_POPE_random,1,0,"Yes,",yes,1.71875,0.7735098379629629,11.9375,4.816878815025053,28,1,/mnt/data/ssz/mr/results/Qwen2.5-VL/pope/memvr/analysis/coco_POPE_random/823.pt
1570,1570,coco_POPE_random,coco_POPE_random,1,0,No!,no,1.7421875,0.744140625,11.9375,5.622716569349026,28,2,/mnt/data/ssz/mr/results/Qwen2.5-VL/pope/memvr/analysis/coco_POPE_random/1570.pt
75,75,coco_POPE_random,coco_POPE_random,1,0,"Yes,",yes,1.734375,0.7489149305555556,11.9375,4.85911911660207,28,1,/mnt/data/ssz/mr/results/Qwen2.5-VL/pope/memvr/analysis/coco_POPE_random/75.pt
2323,2323,coco_POPE_random,coco_POPE_random,1,0,"Yes,",yes,1.703125,0.7365451388888888,11.9375,4.791044190927945,28,1,/mnt/data/ssz/mr/results/Qwen2.5-VL/pope/memvr/analysis/coco_POPE_random/2323.pt
824,824,coco_POPE_random,coco_POPE_random,1,0,No!,no,1.71875,0.7761863425925926,11.9375,5.580790352840063,28,1,/mnt/data/ssz/mr/results/Qwen2.5-VL/pope/memvr/analysis/coco_POPE_random/824.pt
1571,1571,coco_POPE_random,coco_POPE_random,1,0,"Yes,",yes,1.75,0.7395109953703703,11.9375,4.840001561087846,28,1,/mnt/data/ssz/mr/results/Qwen2.5-VL/pope/memvr/analysis/coco_POPE_random/1571.pt
76,76,coco_POPE_random,coco_POPE_random,1,0,No!,no,1.734375,0.7531828703703703,11.9375,5.461039575446068,28,1,/mnt/data/ssz/mr/results/Qwen2.5-VL/pope/memvr/analysis/coco_POPE_random/76.pt
825,825,coco_POPE_random,coco_POPE_random,1,0,"Yes,",yes,1.71875,0.7735098379629629,11.9375,4.963862240663745,28,1,/mnt/data/ssz/mr/results/Qwen2.5-VL/pope/memvr/analysis/coco_POPE_random/825.pt
2324,2324,coco_POPE_random,coco_POPE_random,1,0,No!,no,1.703125,0.7432002314814815,11.9375,5.4684533025554565,28,1,/mnt/data/ssz/mr/results/Qwen2.5-VL/pope/memvr/analysis/coco_POPE_random/2324.pt
1572,1572,coco_POPE_random,coco_POPE_random,1,0,No!,no,1.7421875,0.7444299768518519,11.9375,5.580140619690665,28,1,/mnt/data/ssz/mr/results/Qwen2.5-VL/pope/memvr/analysis/coco_POPE_random/1572.pt
77,77,coco_POPE_random,coco_POPE_random,1,0,"Yes,",yes,1.734375,0.7489149305555556,11.9375,4.9206657186475615,28,1,/mnt/data/ssz/mr/results/Qwen2.5-VL/pope/memvr/analysis/coco_POPE_random/77.pt
826,826,coco_POPE_random,coco_POPE_random,1,0,No!,no,1.71875,0.7761863425925926,11.9375,5.453730027828811,28,1,/mnt/data/ssz/mr/results/Qwen2.5-VL/pope/memvr/analysis/coco_POPE_random/826.pt
2325,2325,coco_POPE_random,coco_POPE_random,1,0,"Yes,",yes,1.703125,0.7365451388888888,11.9375,4.873314484201454,28,1,/mnt/data/ssz/mr/results/Qwen2.5-VL/pope/memvr/analysis/coco_POPE_random/2325.pt
1573,1573,coco_POPE_random,coco_POPE_random,1,0,"Yes,",yes,1.734375,0.7434172453703703,11.9375,4.93926471277419,28,1,/mnt/data/ssz/mr/results/Qwen2.5-VL/pope/memvr/analysis/coco_POPE_random/1573.pt
78,78,coco_POPE_random,coco_POPE_random,1,0,No!,no,1.734375,0.7528935185185185,11.9375,5.504454067452231,28,1,/mnt/data/ssz/mr/results/Qwen2.5-VL/pope/memvr/analysis/coco_POPE_random/78.pt
827,827,coco_POPE_random,coco_POPE_random,1,0,"Yes,",yes,1.71875,0.7735098379629629,11.9375,4.797870091590197,28,1,/mnt/data/ssz/mr/results/Qwen2.5-VL/pope/memvr/analysis/coco_POPE_random/827.pt
2326,2326,coco_POPE_random,coco_POPE_random,1,0,No!,no,1.703125,0.7432002314814815,11.9375,5.528945631510177,28,1,/mnt/data/ssz/mr/results/Qwen2.5-VL/pope/memvr/analysis/coco_POPE_random/2326.pt
1574,1574,coco_POPE_random,coco_POPE_random,1,0,No!,no,1.7265625,0.7493489583333334,11.9375,5.579755175327638,28,1,/mnt/data/ssz/mr/results/Qwen2.5-VL/pope/memvr/analysis/coco_POPE_random/1574.pt
79,79,coco_POPE_random,coco_POPE_random,1,0,"Yes,",yes,1.734375,0.7473958333333334,11.9375,4.894797786333772,28,2,/mnt/data/ssz/mr/results/Qwen2.5-VL/pope/memvr/analysis/coco_POPE_random/79.pt
828,828,coco_POPE_random,coco_POPE_random,1,0,No!,no,1.71875,0.7761863425925926,11.9375,5.5042681369683315,28,1,/mnt/data/ssz/mr/results/Qwen2.5-VL/pope/memvr/analysis/coco_POPE_random/828.pt
1575,1575,coco_POPE_random,coco_POPE_random,1,0,"Yes,",yes,1.734375,0.7434172453703703,11.9375,4.901245377843601,28,1,/mnt/data/ssz/mr/results/Qwen2.5-VL/pope/memvr/analysis/coco_POPE_random/1575.pt
2327,2327,coco_POPE_random,coco_POPE_random,1,0,"Yes,",yes,1.703125,0.7365451388888888,11.9375,4.825893380261208,28,1,/mnt/data/ssz/mr/results/Qwen2.5-VL/pope/memvr/analysis/coco_POPE_random/2327.pt
80,80,coco_POPE_random,coco_POPE_random,1,0,No!,no,1.734375,0.7530381944444444,11.9375,5.593664142084841,28,1,/mnt/data/ssz/mr/results/Qwen2.5-VL/pope/memvr/analysis/coco_POPE_random/80.pt
1576,1576,coco_POPE_random,coco_POPE_random,1,0,No!,no,1.7265625,0.7494212962962963,11.9375,5.629811929420821,28,1,/mnt/data/ssz/mr/results/Qwen2.5-VL/pope/memvr/analysis/coco_POPE_random/1576.pt
829,829,coco_POPE_random,coco_POPE_random,0,0,No!,yes,1.71875,0.7515914351851852,11.9375,5.59224518511649,28,1,/mnt/data/ssz/mr/results/Qwen2.5-VL/pope/memvr/analysis/coco_POPE_random/829.pt
81,81,coco_POPE_random,coco_POPE_random,1,0,"Yes,",yes,1.734375,0.7473958333333334,11.9375,4.854045006256534,28,2,/mnt/data/ssz/mr/results/Qwen2.5-VL/pope/memvr/analysis/coco_POPE_random/81.pt
2328,2328,coco_POPE_random,coco_POPE_random,1,0,No!,no,1.703125,0.7432002314814815,11.9375,5.587814632446045,28,1,/mnt/data/ssz/mr/results/Qwen2.5-VL/pope/memvr/analysis/coco_POPE_random/2328.pt
1577,1577,coco_POPE_random,coco_POPE_random,1,0,"Yes,",yes,1.734375,0.7434172453703703,11.9375,4.854090632050492,28,1,/mnt/data/ssz/mr/results/Qwen2.5-VL/pope/memvr/analysis/coco_POPE_random/1577.pt
830,830,coco_POPE_random,coco_POPE_random,1,0,No!,no,1.71875,0.7515914351851852,11.9375,5.515013332032462,28,1,/mnt/data/ssz/mr/results/Qwen2.5-VL/pope/memvr/analysis/coco_POPE_random/830.pt
82,82,coco_POPE_random,coco_POPE_random,1,0,No!,no,1.734375,0.7530381944444444,11.9375,5.400470276402412,28,1,/mnt/data/ssz/mr/results/Qwen2.5-VL/pope/memvr/analysis/coco_POPE_random/82.pt
2329,2329,coco_POPE_random,coco_POPE_random,1,0,"Yes,",yes,1.703125,0.7431278935185185,11.9375,4.804097826575188,28,1,/mnt/data/ssz/mr/results/Qwen2.5-VL/pope/memvr/analysis/coco_POPE_random/2329.pt
1578,1578,coco_POPE_random,coco_POPE_random,1,0,No!,no,1.7265625,0.7494212962962963,11.9375,5.558008581862066,28,1,/mnt/data/ssz/mr/results/Qwen2.5-VL/pope/memvr/analysis/coco_POPE_random/1578.pt
83,83,coco_POPE_random,coco_POPE_random,0,0,No!,yes,1.734375,0.7530381944444444,11.9375,5.496777582549118,28,1,/mnt/data/ssz/mr/results/Qwen2.5-VL/pope/memvr/analysis/coco_POPE_random/83.pt
831,831,coco_POPE_random,coco_POPE_random,1,0,"Yes,",yes,1.71875,0.7465277777777778,11.9375,4.952703833770962,28,1,/mnt/data/ssz/mr/results/Qwen2.5-VL/pope/memvr/analysis/coco_POPE_random/831.pt
2330,2330,coco_POPE_random,coco_POPE_random,1,0,No!,no,1.703125,0.7486979166666666,11.9375,5.585173687139261,28,1,/mnt/data/ssz/mr/results/Qwen2.5-VL/pope/memvr/analysis/coco_POPE_random/2330.pt
1579,1579,coco_POPE_random,coco_POPE_random,1,0,"Yes,",yes,1.71875,0.7571614583333334,11.9375,4.887729761216494,28,1,/mnt/data/ssz/mr/results/Qwen2.5-VL/pope/memvr/analysis/coco_POPE_random/1579.pt
84,84,coco_POPE_random,coco_POPE_random,1,0,No!,no,1.7265625,0.7531828703703703,11.9375,5.565695452911658,28,1,/mnt/data/ssz/mr/results/Qwen2.5-VL/pope/memvr/analysis/coco_POPE_random/84.pt
832,832,coco_POPE_random,coco_POPE_random,1,0,No!,no,1.71875,0.7515914351851852,11.9375,5.5312969503344185,28,1,/mnt/data/ssz/mr/results/Qwen2.5-VL/pope/memvr/analysis/coco_POPE_random/832.pt
2331,2331,coco_POPE_random,coco_POPE_random,1,0,"Yes,",yes,1.703125,0.7431278935185185,11.9375,4.98190237725434,28,1,/mnt/data/ssz/mr/results/Qwen2.5-VL/pope/memvr/analysis/coco_POPE_random/2331.pt
1580,1580,coco_POPE_random,coco_POPE_random,1,0,No!,no,1.703125,0.7633101851851852,11.9375,5.460329974273787,28,1,/mnt/data/ssz/mr/results/Qwen2.5-VL/pope/memvr/analysis/coco_POPE_random/1580.pt
85,85,coco_POPE_random,coco_POPE_random,1,0,"Yes,",yes,1.71875,0.7592592592592593,11.9375,4.834208498801485,28,1,/mnt/data/ssz/mr/results/Qwen2.5-VL/pope/memvr/analysis/coco_POPE_random/85.pt
833,833,coco_POPE_random,coco_POPE_random,1,0,"Yes,",yes,1.71875,0.7459490740740741,11.9375,4.77631219510789,28,1,/mnt/data/ssz/mr/results/Qwen2.5-VL/pope/memvr/analysis/coco_POPE_random/833.pt
86,86,coco_POPE_random,coco_POPE_random,1,0,No!,no,1.703125,0.7646122685185185,11.9375,5.509560508226184,28,1,/mnt/data/ssz/mr/results/Qwen2.5-VL/pope/memvr/analysis/coco_POPE_random/86.pt
2332,2332,coco_POPE_random,coco_POPE_random,1,0,No!,no,1.703125,0.7486979166666666,11.9375,5.62456428100644,28,1,/mnt/data/ssz/mr/results/Qwen2.5-VL/pope/memvr/analysis/coco_POPE_random/2332.pt
1581,1581,coco_POPE_random,coco_POPE_random,1,0,"Yes,",yes,1.71875,0.7571614583333334,11.9375,4.783593218205587,28,1,/mnt/data/ssz/mr/results/Qwen2.5-VL/pope/memvr/analysis/coco_POPE_random/1581.pt
834,834,coco_POPE_random,coco_POPE_random,1,0,No!,no,1.7109375,0.7521701388888888,11.9375,5.540117711817371,28,1,/mnt/data/ssz/mr/results/Qwen2.5-VL/pope/memvr/analysis/coco_POPE_random/834.pt
87,87,coco_POPE_random,coco_POPE_random,1,0,"Yes,",yes,1.71875,0.7592592592592593,11.9375,4.807747816932251,28,1,/mnt/data/ssz/mr/results/Qwen2.5-VL/pope/memvr/analysis/coco_POPE_random/87.pt
2333,2333,coco_POPE_random,coco_POPE_random,1,0,"Yes,",yes,1.703125,0.7431278935185185,11.9375,4.790525395645468,28,1,/mnt/data/ssz/mr/results/Qwen2.5-VL/pope/memvr/analysis/coco_POPE_random/2333.pt
1582,1582,coco_POPE_random,coco_POPE_random,1,0,No!,no,1.703125,0.7633101851851852,11.9375,5.612007261296797,28,1,/mnt/data/ssz/mr/results/Qwen2.5-VL/pope/memvr/analysis/coco_POPE_random/1582.pt
88,88,coco_POPE_random,coco_POPE_random,1,0,No!,no,1.71875,0.7646846064814815,11.9375,5.455443721047576,28,1,/mnt/data/ssz/mr/results/Qwen2.5-VL/pope/memvr/analysis/coco_POPE_random/88.pt
835,835,coco_POPE_random,coco_POPE_random,1,0,"Yes,",yes,1.7734375,0.7400173611111112,11.9375,5.099814530810277,28,1,/mnt/data/ssz/mr/results/Qwen2.5-VL/pope/memvr/analysis/coco_POPE_random/835.pt
2334,2334,coco_POPE_random,coco_POPE_random,1,0,No!,no,1.703125,0.7486979166666666,11.9375,5.526650202247483,28,1,/mnt/data/ssz/mr/results/Qwen2.5-VL/pope/memvr/analysis/coco_POPE_random/2334.pt
1583,1583,coco_POPE_random,coco_POPE_random,1,0,"Yes,",yes,1.71875,0.7571614583333334,11.9375,4.7196452786266905,28,1,/mnt/data/ssz/mr/results/Qwen2.5-VL/pope/memvr/analysis/coco_POPE_random/1583.pt
89,89,coco_POPE_random,coco_POPE_random,1,0,"Yes,",yes,1.71875,0.7593315972222222,11.9375,4.65232343412547,28,1,/mnt/data/ssz/mr/results/Qwen2.5-VL/pope/memvr/analysis/coco_POPE_random/89.pt
2335,2335,coco_POPE_random,coco_POPE_random,1,0,"Yes,",yes,1.75,0.7386429398148148,11.9375,4.930367048173704,28,1,/mnt/data/ssz/mr/results/Qwen2.5-VL/pope/memvr/analysis/coco_POPE_random/2335.pt
1584,1584,coco_POPE_random,coco_POPE_random,1,0,No!,no,1.703125,0.7634548611111112,11.9375,5.43283205893282,28,1,/mnt/data/ssz/mr/results/Qwen2.5-VL/pope/memvr/analysis/coco_POPE_random/1584.pt
90,90,coco_POPE_random,coco_POPE_random,1,0,No!,no,1.71875,0.7649739583333334,11.9375,5.521817247126145,28,1,/mnt/data/ssz/mr/results/Qwen2.5-VL/pope/memvr/analysis/coco_POPE_random/90.pt
836,836,coco_POPE_random,coco_POPE_random,1,0,No!,no,1.765625,0.74609375,11.9375,5.666888407477833,28,1,/mnt/data/ssz/mr/results/Qwen2.5-VL/pope/memvr/analysis/coco_POPE_random/836.pt
2336,2336,coco_POPE_random,coco_POPE_random,1,0,No!,no,1.75,0.7436342592592593,11.9375,5.595450778508856,28,1,/mnt/data/ssz/mr/results/Qwen2.5-VL/pope/memvr/analysis/coco_POPE_random/2336.pt
1585,1585,coco_POPE_random,coco_POPE_random,0,0,No!,yes,1.703125,0.7531828703703703,11.9375,5.508464722948075,28,1,/mnt/data/ssz/mr/results/Qwen2.5-VL/pope/memvr/analysis/coco_POPE_random/1585.pt
91,91,coco_POPE_random,coco_POPE_random,1,0,"Yes,",yes,1.703125,0.7365451388888888,11.9375,4.72875710569899,28,1,/mnt/data/ssz/mr/results/Qwen2.5-VL/pope/memvr/analysis/coco_POPE_random/91.pt
837,837,coco_POPE_random,coco_POPE_random,0,0,No!,yes,1.765625,0.74609375,11.9375,5.687794700603388,28,1,/mnt/data/ssz/mr/results/Qwen2.5-VL/pope/memvr/analysis/coco_POPE_random/837.pt
2337,2337,coco_POPE_random,coco_POPE_random,0,0,No!,yes,1.75,0.7436342592592593,11.9375,5.5929823960965415,28,1,/mnt/data/ssz/mr/results/Qwen2.5-VL/pope/memvr/analysis/coco_POPE_random/2337.pt
1586,1586,coco_POPE_random,coco_POPE_random,1,0,No!,no,1.703125,0.7531828703703703,11.9375,5.558480471690896,28,1,/mnt/data/ssz/mr/results/Qwen2.5-VL/pope/memvr/analysis/coco_POPE_random/1586.pt
92,92,coco_POPE_random,coco_POPE_random,1,0,No!,no,1.6875,0.7429108796296297,11.9375,5.528465060084398,28,1,/mnt/data/ssz/mr/results/Qwen2.5-VL/pope/memvr/analysis/coco_POPE_random/92.pt
838,838,coco_POPE_random,coco_POPE_random,1,0,No!,no,1.765625,0.7462384259259259,11.9375,5.788187329473533,28,1,/mnt/data/ssz/mr/results/Qwen2.5-VL/pope/memvr/analysis/coco_POPE_random/838.pt
2338,2338,coco_POPE_random,coco_POPE_random,1,0,No!,no,1.75,0.7436342592592593,11.9375,5.644430120959802,28,1,/mnt/data/ssz/mr/results/Qwen2.5-VL/pope/memvr/analysis/coco_POPE_random/2338.pt
1587,1587,coco_POPE_random,coco_POPE_random,1,0,"Yes,",yes,1.71875,0.7466724537037037,11.9375,4.88223188024839,28,1,/mnt/data/ssz/mr/results/Qwen2.5-VL/pope/memvr/analysis/coco_POPE_random/1587.pt
93,93,coco_POPE_random,coco_POPE_random,1,0,"Yes,",yes,1.703125,0.7365451388888888,11.9375,5.021566561018556,28,1,/mnt/data/ssz/mr/results/Qwen2.5-VL/pope/memvr/analysis/coco_POPE_random/93.pt
839,839,coco_POPE_random,coco_POPE_random,0,0,No!,yes,1.765625,0.74609375,11.9375,5.636424148453757,28,1,/mnt/data/ssz/mr/results/Qwen2.5-VL/pope/memvr/analysis/coco_POPE_random/839.pt
2339,2339,coco_POPE_random,coco_POPE_random,1,0,"Yes,",yes,1.75,0.7386429398148148,11.9375,4.856911939383665,28,1,/mnt/data/ssz/mr/results/Qwen2.5-VL/pope/memvr/analysis/coco_POPE_random/2339.pt
1588,1588,coco_POPE_random,coco_POPE_random,1,0,No!,no,1.703125,0.7531828703703703,11.9375,5.532471843542539,28,1,/mnt/data/ssz/mr/results/Qwen2.5-VL/pope/memvr/analysis/coco_POPE_random/1588.pt
94,94,coco_POPE_random,coco_POPE_random,1,0,No!,no,1.6875,0.7421875,11.9375,5.52438439575983,28,1,/mnt/data/ssz/mr/results/Qwen2.5-VL/pope/memvr/analysis/coco_POPE_random/94.pt
2340,2340,coco_POPE_random,coco_POPE_random,1,0,No!,no,1.75,0.7436342592592593,11.9375,5.567175654339766,28,1,/mnt/data/ssz/mr/results/Qwen2.5-VL/pope/memvr/analysis/coco_POPE_random/2340.pt
840,840,coco_POPE_random,coco_POPE_random,1,0,No!,no,1.765625,0.7462384259259259,11.9375,5.673150867306033,28,1,/mnt/data/ssz/mr/results/Qwen2.5-VL/pope/memvr/analysis/coco_POPE_random/840.pt
1589,1589,coco_POPE_random,coco_POPE_random,0,0,No!,yes,1.703125,0.7531828703703703,11.9375,5.506693048767343,28,1,/mnt/data/ssz/mr/results/Qwen2.5-VL/pope/memvr/analysis/coco_POPE_random/1589.pt
95,95,coco_POPE_random,coco_POPE_random,1,0,"Yes,",yes,1.703125,0.7365451388888888,11.9375,4.796968824153235,28,1,/mnt/data/ssz/mr/results/Qwen2.5-VL/pope/memvr/analysis/coco_POPE_random/95.pt
2341,2341,coco_POPE_random,coco_POPE_random,0,0,No!,yes,1.71875,0.7379195601851852,11.9375,5.414743516154353,28,1,/mnt/data/ssz/mr/results/Qwen2.5-VL/pope/memvr/analysis/coco_POPE_random/2341.pt
841,841,coco_POPE_random,coco_POPE_random,1,0,"Yes,",yes,1.6796875,0.7282262731481481,11.9375,4.804125946574874,28,1,/mnt/data/ssz/mr/results/Qwen2.5-VL/pope/memvr/analysis/coco_POPE_random/841.pt
1590,1590,coco_POPE_random,coco_POPE_random,1,0,No!,no,1.703125,0.7531828703703703,11.9375,5.583297837871591,28,1,/mnt/data/ssz/mr/results/Qwen2.5-VL/pope/memvr/analysis/coco_POPE_random/1590.pt
96,96,coco_POPE_random,coco_POPE_random,0,1,"Yes,",no,1.703125,0.7365451388888888,11.9375,4.7741021020056955,28,1,/mnt/data/ssz/mr/results/Qwen2.5-VL/pope/memvr/analysis/coco_POPE_random/96.pt
2342,2342,coco_POPE_random,coco_POPE_random,1,0,No!,no,1.71875,0.7379195601851852,11.9375,5.467642054826201,28,1,/mnt/data/ssz/mr/results/Qwen2.5-VL/pope/memvr/analysis/coco_POPE_random/2342.pt
842,842,coco_POPE_random,coco_POPE_random,1,0,No!,no,1.671875,0.7322048611111112,11.9375,5.552707431501278,28,1,/mnt/data/ssz/mr/results/Qwen2.5-VL/pope/memvr/analysis/coco_POPE_random/842.pt
97,97,coco_POPE_random,coco_POPE_random,1,0,"Yes,",yes,1.734375,0.7309027777777778,11.9375,4.9391457486534485,28,1,/mnt/data/ssz/mr/results/Qwen2.5-VL/pope/memvr/analysis/coco_POPE_random/97.pt
1591,1591,coco_POPE_random,coco_POPE_random,0,0,No!,yes,1.71875,0.7440682870370371,11.9375,5.598301343806991,28,1,/mnt/data/ssz/mr/results/Qwen2.5-VL/pope/memvr/analysis/coco_POPE_random/1591.pt
2343,2343,coco_POPE_random,coco_POPE_random,0,0,No!,yes,1.71875,0.7378472222222222,11.9375,5.511187897070441,28,1,/mnt/data/ssz/mr/results/Qwen2.5-VL/pope/memvr/analysis/coco_POPE_random/2343.pt
843,843,coco_POPE_random,coco_POPE_random,0,0,No!,yes,1.6796875,0.7317708333333334,11.9375,5.564366264957714,28,1,/mnt/data/ssz/mr/results/Qwen2.5-VL/pope/memvr/analysis/coco_POPE_random/843.pt
98,98,coco_POPE_random,coco_POPE_random,1,0,No!,no,1.7265625,0.7362557870370371,11.9375,5.4863558545073925,28,1,/mnt/data/ssz/mr/results/Qwen2.5-VL/pope/memvr/analysis/coco_POPE_random/98.pt
1592,1592,coco_POPE_random,coco_POPE_random,1,0,No!,no,1.71875,0.7440682870370371,11.9375,5.5393831387399,28,1,/mnt/data/ssz/mr/results/Qwen2.5-VL/pope/memvr/analysis/coco_POPE_random/1592.pt
2344,2344,coco_POPE_random,coco_POPE_random,1,0,No!,no,1.71875,0.7379195601851852,11.9375,5.4775701270663655,28,1,/mnt/data/ssz/mr/results/Qwen2.5-VL/pope/memvr/analysis/coco_POPE_random/2344.pt
844,844,coco_POPE_random,coco_POPE_random,1,0,No!,no,1.671875,0.7322048611111112,11.9375,5.502447721849954,28,1,/mnt/data/ssz/mr/results/Qwen2.5-VL/pope/memvr/analysis/coco_POPE_random/844.pt
1593,1593,coco_POPE_random,coco_POPE_random,0,0,No!,yes,1.71875,0.7440682870370371,11.9375,5.569556967182695,28,1,/mnt/data/ssz/mr/results/Qwen2.5-VL/pope/memvr/analysis/coco_POPE_random/1593.pt
99,99,coco_POPE_random,coco_POPE_random,0,0,No!,yes,1.7265625,0.7362557870370371,11.9375,5.544792703178246,28,1,/mnt/data/ssz/mr/results/Qwen2.5-VL/pope/memvr/analysis/coco_POPE_random/99.pt
2345,2345,coco_POPE_random,coco_POPE_random,1,0,"Yes,",yes,1.71875,0.7315538194444444,11.9375,4.7296027834705345,28,1,/mnt/data/ssz/mr/results/Qwen2.5-VL/pope/memvr/analysis/coco_POPE_random/2345.pt
845,845,coco_POPE_random,coco_POPE_random,1,0,"Yes,",yes,1.6796875,0.7282262731481481,11.9375,4.863301538955379,28,1,/mnt/data/ssz/mr/results/Qwen2.5-VL/pope/memvr/analysis/coco_POPE_random/845.pt
100,100,coco_POPE_random,coco_POPE_random,1,0,No!,no,1.7265625,0.7358217592592593,11.9375,5.564533464227915,28,1,/mnt/data/ssz/mr/results/Qwen2.5-VL/pope/memvr/analysis/coco_POPE_random/100.pt
1594,1594,coco_POPE_random,coco_POPE_random,1,0,No!,no,1.71875,0.7440682870370371,11.9375,5.515414737066466,28,1,/mnt/data/ssz/mr/results/Qwen2.5-VL/pope/memvr/analysis/coco_POPE_random/1594.pt
2346,2346,coco_POPE_random,coco_POPE_random,1,0,No!,no,1.71875,0.7379195601851852,11.9375,5.557980152741697,28,1,/mnt/data/ssz/mr/results/Qwen2.5-VL/pope/memvr/analysis/coco_POPE_random/2346.pt
846,846,coco_POPE_random,coco_POPE_random,1,0,No!,no,1.671875,0.7322048611111112,11.9375,5.585467723437307,28,1,/mnt/data/ssz/mr/results/Qwen2.5-VL/pope/memvr/analysis/coco_POPE_random/846.pt
101,101,coco_POPE_random,coco_POPE_random,1,0,"Yes,",yes,1.734375,0.7309027777777778,11.9375,4.852354744935618,28,1,/mnt/data/ssz/mr/results/Qwen2.5-VL/pope/memvr/analysis/coco_POPE_random/101.pt
1595,1595,coco_POPE_random,coco_POPE_random,1,0,"Yes,",yes,1.71875,0.7395109953703703,11.9375,5.000758858747366,28,1,/mnt/data/ssz/mr/results/Qwen2.5-VL/pope/memvr/analysis/coco_POPE_random/1595.pt
2347,2347,coco_POPE_random,coco_POPE_random,1,0,"Yes,",yes,1.71875,0.7322771990740741,11.9375,4.874868484616886,28,1,/mnt/data/ssz/mr/results/Qwen2.5-VL/pope/memvr/analysis/coco_POPE_random/2347.pt
847,847,coco_POPE_random,coco_POPE_random,0,0,No!,yes,1.71875,0.7269965277777778,11.9375,5.588353074089261,28,1,/mnt/data/ssz/mr/results/Qwen2.5-VL/pope/memvr/analysis/coco_POPE_random/847.pt
102,102,coco_POPE_random,coco_POPE_random,1,0,No!,no,1.7265625,0.7358217592592593,11.9375,5.549107023180834,28,1,/mnt/data/ssz/mr/results/Qwen2.5-VL/pope/memvr/analysis/coco_POPE_random/102.pt
1596,1596,coco_POPE_random,coco_POPE_random,1,0,No!,no,1.71875,0.7440682870370371,11.9375,5.51333575562772,28,1,/mnt/data/ssz/mr/results/Qwen2.5-VL/pope/memvr/analysis/coco_POPE_random/1596.pt
2348,2348,coco_POPE_random,coco_POPE_random,1,0,No!,no,1.71875,0.7358217592592593,11.9375,5.503714365963362,28,1,/mnt/data/ssz/mr/results/Qwen2.5-VL/pope/memvr/analysis/coco_POPE_random/2348.pt
103,103,coco_POPE_random,coco_POPE_random,1,0,"Yes,",yes,1.7265625,0.7707609953703703,11.9375,4.83161026165331,28,1,/mnt/data/ssz/mr/results/Qwen2.5-VL/pope/memvr/analysis/coco_POPE_random/103.pt
848,848,coco_POPE_random,coco_POPE_random,1,0,No!,no,1.71875,0.7269965277777778,11.9375,5.610733000966445,28,1,/mnt/data/ssz/mr/results/Qwen2.5-VL/pope/memvr/analysis/coco_POPE_random/848.pt
1597,1597,coco_POPE_random,coco_POPE_random,1,0,"Yes,",yes,1.71875,0.7272858796296297,11.9375,4.790017434901766,28,1,/mnt/data/ssz/mr/results/Qwen2.5-VL/pope/memvr/analysis/coco_POPE_random/1597.pt
2349,2349,coco_POPE_random,coco_POPE_random,1,0,"Yes,",yes,1.71875,0.7322771990740741,11.9375,4.86865284114861,28,1,/mnt/data/ssz/mr/results/Qwen2.5-VL/pope/memvr/analysis/coco_POPE_random/2349.pt
104,104,coco_POPE_random,coco_POPE_random,1,0,No!,no,1.71875,0.7748842592592593,11.9375,5.691015335630443,28,1,/mnt/data/ssz/mr/results/Qwen2.5-VL/pope/memvr/analysis/coco_POPE_random/104.pt
2350,2350,coco_POPE_random,coco_POPE_random,1,0,No!,no,1.71875,0.7361111111111112,11.9375,5.4450405213344535,28,1,/mnt/data/ssz/mr/results/Qwen2.5-VL/pope/memvr/analysis/coco_POPE_random/2350.pt
849,849,coco_POPE_random,coco_POPE_random,1,0,"Yes,",yes,1.71875,0.7238136574074074,11.9375,4.961154057763498,28,1,/mnt/data/ssz/mr/results/Qwen2.5-VL/pope/memvr/analysis/coco_POPE_random/849.pt
1598,1598,coco_POPE_random,coco_POPE_random,1,0,No!,no,1.71875,0.7323495370370371,11.9375,5.54640370849079,28,1,/mnt/data/ssz/mr/results/Qwen2.5-VL/pope/memvr/analysis/coco_POPE_random/1598.pt
105,105,coco_POPE_random,coco_POPE_random,1,0,"Yes,",yes,1.7265625,0.7707609953703703,11.9375,5.0366130628149515,28,1,/mnt/data/ssz/mr/results/Qwen2.5-VL/pope/memvr/analysis/coco_POPE_random/105.pt
2351,2351,coco_POPE_random,coco_POPE_random,1,0,"Yes,",yes,1.71875,0.7320601851851852,11.9375,4.739725236950297,28,1,/mnt/data/ssz/mr/results/Qwen2.5-VL/pope/memvr/analysis/coco_POPE_random/2351.pt
850,850,coco_POPE_random,coco_POPE_random,1,0,No!,no,1.71875,0.7271412037037037,11.9375,5.468785449206044,28,1,/mnt/data/ssz/mr/results/Qwen2.5-VL/pope/memvr/analysis/coco_POPE_random/850.pt
2352,2352,coco_POPE_random,coco_POPE_random,1,0,No!,no,1.71875,0.7356770833333334,11.9375,5.473708452602911,28,1,/mnt/data/ssz/mr/results/Qwen2.5-VL/pope/memvr/analysis/coco_POPE_random/2352.pt
1599,1599,coco_POPE_random,coco_POPE_random,1,0,"Yes,",yes,1.71875,0.7272858796296297,11.9375,4.952156118661221,28,1,/mnt/data/ssz/mr/results/Qwen2.5-VL/pope/memvr/analysis/coco_POPE_random/1599.pt
106,106,coco_POPE_random,coco_POPE_random,1,0,No!,no,1.71875,0.7748842592592593,11.9375,5.601456679384494,28,1,/mnt/data/ssz/mr/results/Qwen2.5-VL/pope/memvr/analysis/coco_POPE_random/106.pt
851,851,coco_POPE_random,coco_POPE_random,1,0,"Yes,",yes,1.71875,0.7238136574074074,11.9375,4.704635217886948,28,1,/mnt/data/ssz/mr/results/Qwen2.5-VL/pope/memvr/analysis/coco_POPE_random/851.pt
2353,2353,coco_POPE_random,coco_POPE_random,1,0,"Yes,",yes,1.71875,0.7434895833333334,11.9375,4.978572894897465,28,1,/mnt/data/ssz/mr/results/Qwen2.5-VL/pope/memvr/analysis/coco_POPE_random/2353.pt
107,107,coco_POPE_random,coco_POPE_random,1,0,"Yes,",yes,1.7265625,0.7707609953703703,11.9375,4.805084202830743,28,1,/mnt/data/ssz/mr/results/Qwen2.5-VL/pope/memvr/analysis/coco_POPE_random/107.pt
1600,1600,coco_POPE_random,coco_POPE_random,1,0,No!,no,1.71875,0.7323495370370371,11.9375,5.475418164977876,28,1,/mnt/data/ssz/mr/results/Qwen2.5-VL/pope/memvr/analysis/coco_POPE_random/1600.pt
852,852,coco_POPE_random,coco_POPE_random,1,0,No!,no,1.71875,0.7269965277777778,11.9375,5.553779493142994,28,1,/mnt/data/ssz/mr/results/Qwen2.5-VL/pope/memvr/analysis/coco_POPE_random/852.pt
2354,2354,coco_POPE_random,coco_POPE_random,1,0,No!,no,1.71875,0.7486979166666666,11.9375,5.590352875055503,28,1,/mnt/data/ssz/mr/results/Qwen2.5-VL/pope/memvr/analysis/coco_POPE_random/2354.pt
108,108,coco_POPE_random,coco_POPE_random,1,0,No!,no,1.71875,0.7748842592592593,11.9375,5.63429703423929,28,1,/mnt/data/ssz/mr/results/Qwen2.5-VL/pope/memvr/analysis/coco_POPE_random/108.pt
1601,1601,coco_POPE_random,coco_POPE_random,1,0,"Yes,",yes,1.71875,0.7272858796296297,11.9375,4.843344503650113,28,1,/mnt/data/ssz/mr/results/Qwen2.5-VL/pope/memvr/analysis/coco_POPE_random/1601.pt
853,853,coco_POPE_random,coco_POPE_random,1,0,"Yes,",yes,1.7578125,0.7378472222222222,11.9375,4.921776912043776,28,1,/mnt/data/ssz/mr/results/Qwen2.5-VL/pope/memvr/analysis/coco_POPE_random/853.pt
2355,2355,coco_POPE_random,coco_POPE_random,0,1,It!,yes,1.71875,0.7486979166666666,11.9375,6.530005135412874,28,1,/mnt/data/ssz/mr/results/Qwen2.5-VL/pope/memvr/analysis/coco_POPE_random/2355.pt
109,109,coco_POPE_random,coco_POPE_random,1,0,"Yes,",yes,1.703125,0.7398726851851852,11.9375,4.921842107926664,28,1,/mnt/data/ssz/mr/results/Qwen2.5-VL/pope/memvr/analysis/coco_POPE_random/109.pt
1602,1602,coco_POPE_random,coco_POPE_random,1,0,No!,no,1.71875,0.7323495370370371,11.9375,5.553819732060831,28,1,/mnt/data/ssz/mr/results/Qwen2.5-VL/pope/memvr/analysis/coco_POPE_random/1602.pt
854,854,coco_POPE_random,coco_POPE_random,1,0,No!,no,1.7578125,0.7439236111111112,11.9375,5.637114704264228,28,1,/mnt/data/ssz/mr/results/Qwen2.5-VL/pope/memvr/analysis/coco_POPE_random/854.pt
2356,2356,coco_POPE_random,coco_POPE_random,1,0,No!,no,1.71875,0.7486979166666666,11.9375,5.584826357040583,28,1,/mnt/data/ssz/mr/results/Qwen2.5-VL/pope/memvr/analysis/coco_POPE_random/2356.pt
110,110,coco_POPE_random,coco_POPE_random,1,0,No!,no,1.703125,0.7436342592592593,11.9375,5.490251723919196,28,1,/mnt/data/ssz/mr/results/Qwen2.5-VL/pope/memvr/analysis/coco_POPE_random/110.pt
1603,1603,coco_POPE_random,coco_POPE_random,1,0,"Yes,",yes,1.734375,0.7431278935185185,11.9375,4.8678615923557835,28,1,/mnt/data/ssz/mr/results/Qwen2.5-VL/pope/memvr/analysis/coco_POPE_random/1603.pt
855,855,coco_POPE_random,coco_POPE_random,1,0,"Yes,",yes,1.7578125,0.7378472222222222,11.9375,4.826352155370467,28,1,/mnt/data/ssz/mr/results/Qwen2.5-VL/pope/memvr/analysis/coco_POPE_random/855.pt
2357,2357,coco_POPE_random,coco_POPE_random,1,0,"Yes,",yes,1.71875,0.7434895833333334,11.9375,4.9713462212862245,28,1,/mnt/data/ssz/mr/results/Qwen2.5-VL/pope/memvr/analysis/coco_POPE_random/2357.pt
111,111,coco_POPE_random,coco_POPE_random,1,0,"Yes,",yes,1.703125,0.7398726851851852,11.9375,4.984597570539853,28,1,/mnt/data/ssz/mr/results/Qwen2.5-VL/pope/memvr/analysis/coco_POPE_random/111.pt
856,856,coco_POPE_random,coco_POPE_random,1,0,No!,no,1.7578125,0.7439236111111112,11.9375,5.559981353517726,28,1,/mnt/data/ssz/mr/results/Qwen2.5-VL/pope/memvr/analysis/coco_POPE_random/856.pt
2358,2358,coco_POPE_random,coco_POPE_random,1,0,No!,no,1.71875,0.7486979166666666,11.9375,5.503991891487936,28,1,/mnt/data/ssz/mr/results/Qwen2.5-VL/pope/memvr/analysis/coco_POPE_random/2358.pt
112,112,coco_POPE_random,coco_POPE_random,1,0,No!,no,1.703125,0.7436342592592593,11.9375,5.659552586751441,28,1,/mnt/data/ssz/mr/results/Qwen2.5-VL/pope/memvr/analysis/coco_POPE_random/112.pt
1604,1604,coco_POPE_random,coco_POPE_random,1,0,No!,no,1.734375,0.7486979166666666,11.9375,5.521191949827284,28,1,/mnt/data/ssz/mr/results/Qwen2.5-VL/pope/memvr/analysis/coco_POPE_random/1604.pt
2359,2359,coco_POPE_random,coco_POPE_random,1,0,"Yes,",yes,1.71875,0.7511574074074074,11.9375,4.8719174151373075,28,1,/mnt/data/ssz/mr/results/Qwen2.5-VL/pope/memvr/analysis/coco_POPE_random/2359.pt
857,857,coco_POPE_random,coco_POPE_random,1,0,"Yes,",yes,1.7578125,0.7378472222222222,11.9375,4.8703864188363255,28,1,/mnt/data/ssz/mr/results/Qwen2.5-VL/pope/memvr/analysis/coco_POPE_random/857.pt
113,113,coco_POPE_random,coco_POPE_random,1,0,"Yes,",yes,1.703125,0.7400173611111112,11.9375,4.940728660335721,28,1,/mnt/data/ssz/mr/results/Qwen2.5-VL/pope/memvr/analysis/coco_POPE_random/113.pt
1605,1605,coco_POPE_random,coco_POPE_random,1,0,"Yes,",yes,1.734375,0.7431278935185185,11.9375,5.02762844514882,28,1,/mnt/data/ssz/mr/results/Qwen2.5-VL/pope/memvr/analysis/coco_POPE_random/1605.pt
2360,2360,coco_POPE_random,coco_POPE_random,1,0,No!,no,1.71875,0.7565104166666666,11.9375,5.578468018994609,28,1,/mnt/data/ssz/mr/results/Qwen2.5-VL/pope/memvr/analysis/coco_POPE_random/2360.pt
858,858,coco_POPE_random,coco_POPE_random,1,0,No!,no,1.7578125,0.7439236111111112,11.9375,5.531917502764153,28,1,/mnt/data/ssz/mr/results/Qwen2.5-VL/pope/memvr/analysis/coco_POPE_random/858.pt
114,114,coco_POPE_random,coco_POPE_random,1,0,No!,no,1.703125,0.7436342592592593,11.9375,5.553841763619528,28,1,/mnt/data/ssz/mr/results/Qwen2.5-VL/pope/memvr/analysis/coco_POPE_random/114.pt
2361,2361,coco_POPE_random,coco_POPE_random,1,0,"Yes,",yes,1.71875,0.7511574074074074,11.9375,4.936181728862533,28,1,/mnt/data/ssz/mr/results/Qwen2.5-VL/pope/memvr/analysis/coco_POPE_random/2361.pt
1606,1606,coco_POPE_random,coco_POPE_random,0,1,"Yes,",no,1.734375,0.7429832175925926,11.9375,4.827844276479043,28,1,/mnt/data/ssz/mr/results/Qwen2.5-VL/pope/memvr/analysis/coco_POPE_random/1606.pt
115,115,coco_POPE_random,coco_POPE_random,1,0,"Yes,",yes,1.71875,0.7297453703703703,11.9375,4.946508908915161,28,1,/mnt/data/ssz/mr/results/Qwen2.5-VL/pope/memvr/analysis/coco_POPE_random/115.pt
859,859,coco_POPE_random,coco_POPE_random,1,0,"Yes,",yes,1.65625,0.7556423611111112,11.9375,4.773160600605871,28,1,/mnt/data/ssz/mr/results/Qwen2.5-VL/pope/memvr/analysis/coco_POPE_random/859.pt
2362,2362,coco_POPE_random,coco_POPE_random,1,0,No!,no,1.71875,0.7560040509259259,11.9375,5.546997538037709,28,1,/mnt/data/ssz/mr/results/Qwen2.5-VL/pope/memvr/analysis/coco_POPE_random/2362.pt
116,116,coco_POPE_random,coco_POPE_random,1,0,No!,no,1.7109375,0.7329282407407407,11.9375,5.52647830447001,28,1,/mnt/data/ssz/mr/results/Qwen2.5-VL/pope/memvr/analysis/coco_POPE_random/116.pt
860,860,coco_POPE_random,coco_POPE_random,1,0,No!,no,1.65625,0.7601996527777778,11.9375,5.47406864695156,28,1,/mnt/data/ssz/mr/results/Qwen2.5-VL/pope/memvr/analysis/coco_POPE_random/860.pt
2363,2363,coco_POPE_random,coco_POPE_random,1,0,"Yes,",yes,1.71875,0.7511574074074074,11.9375,4.910764358971871,28,1,/mnt/data/ssz/mr/results/Qwen2.5-VL/pope/memvr/analysis/coco_POPE_random/2363.pt
1607,1607,coco_POPE_random,coco_POPE_random,1,0,"Yes,",yes,1.734375,0.7431278935185185,11.9375,4.866832474792966,28,1,/mnt/data/ssz/mr/results/Qwen2.5-VL/pope/memvr/analysis/coco_POPE_random/1607.pt
117,117,coco_POPE_random,coco_POPE_random,1,0,"Yes,",yes,1.71875,0.7298900462962963,11.9375,4.834803149154549,28,1,/mnt/data/ssz/mr/results/Qwen2.5-VL/pope/memvr/analysis/coco_POPE_random/117.pt
2364,2364,coco_POPE_random,coco_POPE_random,1,0,No!,no,1.71875,0.7565104166666666,11.9375,5.556469920025816,28,1,/mnt/data/ssz/mr/results/Qwen2.5-VL/pope/memvr/analysis/coco_POPE_random/2364.pt
861,861,coco_POPE_random,coco_POPE_random,1,0,"Yes,",yes,1.65625,0.7555700231481481,11.9375,4.886876799269885,28,1,/mnt/data/ssz/mr/results/Qwen2.5-VL/pope/memvr/analysis/coco_POPE_random/861.pt
118,118,coco_POPE_random,coco_POPE_random,1,0,No!,no,1.7109375,0.7329282407407407,11.9375,5.499868287906918,28,1,/mnt/data/ssz/mr/results/Qwen2.5-VL/pope/memvr/analysis/coco_POPE_random/118.pt
1608,1608,coco_POPE_random,coco_POPE_random,1,0,No!,no,1.734375,0.7484809027777778,11.9375,5.538673461909764,28,1,/mnt/data/ssz/mr/results/Qwen2.5-VL/pope/memvr/analysis/coco_POPE_random/1608.pt
2365,2365,coco_POPE_random,coco_POPE_random,1,0,"Yes,",yes,1.71875,0.7418258101851852,11.9375,4.878526482116223,28,2,/mnt/data/ssz/mr/results/Qwen2.5-VL/pope/memvr/analysis/coco_POPE_random/2365.pt
862,862,coco_POPE_random,coco_POPE_random,1,0,No!,no,1.65625,0.7602719907407407,11.9375,5.514634509055417,28,1,/mnt/data/ssz/mr/results/Qwen2.5-VL/pope/memvr/analysis/coco_POPE_random/862.pt
119,119,coco_POPE_random,coco_POPE_random,0,0,No!,yes,1.7109375,0.7329282407407407,11.9375,5.522631442215431,28,1,/mnt/data/ssz/mr/results/Qwen2.5-VL/pope/memvr/analysis/coco_POPE_random/119.pt
1609,1609,coco_POPE_random,coco_POPE_random,1,0,"Yes,",yes,1.71875,0.7661313657407407,11.9375,4.959119108314366,28,1,/mnt/data/ssz/mr/results/Qwen2.5-VL/pope/memvr/analysis/coco_POPE_random/1609.pt
120,120,coco_POPE_random,coco_POPE_random,1,0,No!,no,1.7109375,0.7329282407407407,11.9375,5.504132365626744,28,1,/mnt/data/ssz/mr/results/Qwen2.5-VL/pope/memvr/analysis/coco_POPE_random/120.pt
2366,2366,coco_POPE_random,coco_POPE_random,1,0,No!,no,1.71875,0.7458043981481481,11.9375,5.595493813618761,28,1,/mnt/data/ssz/mr/results/Qwen2.5-VL/pope/memvr/analysis/coco_POPE_random/2366.pt
863,863,coco_POPE_random,coco_POPE_random,0,0,No!,yes,1.65625,0.7602719907407407,11.9375,5.484880058765941,28,1,/mnt/data/ssz/mr/results/Qwen2.5-VL/pope/memvr/analysis/coco_POPE_random/863.pt
1610,1610,coco_POPE_random,coco_POPE_random,1,0,No!,no,1.71875,0.7711226851851852,11.9375,5.613798454506587,28,1,/mnt/data/ssz/mr/results/Qwen2.5-VL/pope/memvr/analysis/coco_POPE_random/1610.pt
2367,2367,coco_POPE_random,coco_POPE_random,0,0,No!,yes,1.71875,0.7453703703703703,11.9375,5.569074850639324,28,1,/mnt/data/ssz/mr/results/Qwen2.5-VL/pope/memvr/analysis/coco_POPE_random/2367.pt
121,121,coco_POPE_random,coco_POPE_random,0,0,No!,yes,1.703125,0.7443576388888888,11.9375,5.476316936138605,28,1,/mnt/data/ssz/mr/results/Qwen2.5-VL/pope/memvr/analysis/coco_POPE_random/121.pt
864,864,coco_POPE_random,coco_POPE_random,1,0,No!,no,1.65625,0.7602719907407407,11.9375,5.452827944247599,28,1,/mnt/data/ssz/mr/results/Qwen2.5-VL/pope/memvr/analysis/coco_POPE_random/864.pt
1611,1611,coco_POPE_random,coco_POPE_random,1,0,"Yes,",yes,1.71875,0.7661313657407407,11.9375,4.72993626291387,28,1,/mnt/data/ssz/mr/results/Qwen2.5-VL/pope/memvr/analysis/coco_POPE_random/1611.pt
2368,2368,coco_POPE_random,coco_POPE_random,1,0,No!,no,1.71875,0.7458043981481481,11.9375,5.5717675392821615,28,1,/mnt/data/ssz/mr/results/Qwen2.5-VL/pope/memvr/analysis/coco_POPE_random/2368.pt
865,865,coco_POPE_random,coco_POPE_random,1,0,"Yes,",yes,1.7265625,0.7151331018518519,11.9375,5.117937432488049,28,1,/mnt/data/ssz/mr/results/Qwen2.5-VL/pope/memvr/analysis/coco_POPE_random/865.pt
122,122,coco_POPE_random,coco_POPE_random,1,0,No!,no,1.703125,0.7445023148148148,11.9375,5.648127531848974,28,1,/mnt/data/ssz/mr/results/Qwen2.5-VL/pope/memvr/analysis/coco_POPE_random/122.pt
1612,1612,coco_POPE_random,coco_POPE_random,1,0,No!,no,1.71875,0.7709056712962963,11.9375,5.594002571845412,28,1,/mnt/data/ssz/mr/results/Qwen2.5-VL/pope/memvr/analysis/coco_POPE_random/1612.pt
2369,2369,coco_POPE_random,coco_POPE_random,1,0,"Yes,",yes,1.71875,0.7418258101851852,11.9375,4.880070622650991,28,2,/mnt/data/ssz/mr/results/Qwen2.5-VL/pope/memvr/analysis/coco_POPE_random/2369.pt
866,866,coco_POPE_random,coco_POPE_random,1,0,No!,no,1.71875,0.7195457175925926,11.9375,5.748130143693586,28,1,/mnt/data/ssz/mr/results/Qwen2.5-VL/pope/memvr/analysis/coco_POPE_random/866.pt
1613,1613,coco_POPE_random,coco_POPE_random,1,0,"Yes,",yes,1.71875,0.7659143518518519,11.9375,4.791919730005569,28,1,/mnt/data/ssz/mr/results/Qwen2.5-VL/pope/memvr/analysis/coco_POPE_random/1613.pt
123,123,coco_POPE_random,coco_POPE_random,0,0,No!,yes,1.703125,0.7443576388888888,11.9375,5.525196650612182,28,1,/mnt/data/ssz/mr/results/Qwen2.5-VL/pope/memvr/analysis/coco_POPE_random/123.pt
2370,2370,coco_POPE_random,coco_POPE_random,1,0,No!,no,1.71875,0.7458043981481481,11.9375,5.614577043834821,28,1,/mnt/data/ssz/mr/results/Qwen2.5-VL/pope/memvr/analysis/coco_POPE_random/2370.pt
867,867,coco_POPE_random,coco_POPE_random,1,0,"Yes,",yes,1.7265625,0.7151331018518519,11.9375,4.972482367739957,28,1,/mnt/data/ssz/mr/results/Qwen2.5-VL/pope/memvr/analysis/coco_POPE_random/867.pt
1614,1614,coco_POPE_random,coco_POPE_random,1,0,No!,no,1.71875,0.7709056712962963,11.9375,5.544581043684392,28,1,/mnt/data/ssz/mr/results/Qwen2.5-VL/pope/memvr/analysis/coco_POPE_random/1614.pt
124,124,coco_POPE_random,coco_POPE_random,1,0,No!,no,1.703125,0.7443576388888888,11.9375,5.597070561879969,28,1,/mnt/data/ssz/mr/results/Qwen2.5-VL/pope/memvr/analysis/coco_POPE_random/124.pt
2371,2371,coco_POPE_random,coco_POPE_random,1,0,"Yes,",yes,1.703125,0.7531828703703703,11.9375,4.8028217653257235,28,1,/mnt/data/ssz/mr/results/Qwen2.5-VL/pope/memvr/analysis/coco_POPE_random/2371.pt
868,868,coco_POPE_random,coco_POPE_random,1,0,No!,no,1.71875,0.7194733796296297,11.9375,5.68097802645652,28,1,/mnt/data/ssz/mr/results/Qwen2.5-VL/pope/memvr/analysis/coco_POPE_random/868.pt
1615,1615,coco_POPE_random,coco_POPE_random,0,0,No!,yes,1.703125,0.7412471064814815,11.9375,5.447528871427572,28,1,/mnt/data/ssz/mr/results/Qwen2.5-VL/pope/memvr/analysis/coco_POPE_random/1615.pt
125,125,coco_POPE_random,coco_POPE_random,1,0,"Yes,",yes,1.7109375,0.7403067129629629,11.9375,4.847550293298215,28,1,/mnt/data/ssz/mr/results/Qwen2.5-VL/pope/memvr/analysis/coco_POPE_random/125.pt
2372,2372,coco_POPE_random,coco_POPE_random,1,0,No!,no,1.703125,0.7586805555555556,11.9375,5.56832813522496,28,1,/mnt/data/ssz/mr/results/Qwen2.5-VL/pope/memvr/analysis/coco_POPE_random/2372.pt
869,869,coco_POPE_random,coco_POPE_random,1,0,"Yes,",yes,1.7265625,0.7151331018518519,11.9375,4.880899987291905,28,1,/mnt/data/ssz/mr/results/Qwen2.5-VL/pope/memvr/analysis/coco_POPE_random/869.pt
1616,1616,coco_POPE_random,coco_POPE_random,1,0,No!,no,1.703125,0.7410300925925926,11.9375,5.5325160448781485,28,1,/mnt/data/ssz/mr/results/Qwen2.5-VL/pope/memvr/analysis/coco_POPE_random/1616.pt
126,126,coco_POPE_random,coco_POPE_random,1,0,No!,no,1.703125,0.7443576388888888,11.9375,5.63684420462207,28,1,/mnt/data/ssz/mr/results/Qwen2.5-VL/pope/memvr/analysis/coco_POPE_random/126.pt
2373,2373,coco_POPE_random,coco_POPE_random,1,0,"Yes,",yes,1.703125,0.7531828703703703,11.9375,4.898456489280293,28,1,/mnt/data/ssz/mr/results/Qwen2.5-VL/pope/memvr/analysis/coco_POPE_random/2373.pt
870,870,coco_POPE_random,coco_POPE_random,1,0,No!,no,1.71875,0.7195457175925926,11.9375,5.691932689243976,28,1,/mnt/data/ssz/mr/results/Qwen2.5-VL/pope/memvr/analysis/coco_POPE_random/870.pt
1617,1617,coco_POPE_random,coco_POPE_random,1,0,"Yes,",yes,1.703125,0.7347366898148148,11.9375,4.821805580276839,28,2,/mnt/data/ssz/mr/results/Qwen2.5-VL/pope/memvr/analysis/coco_POPE_random/1617.pt
127,127,coco_POPE_random,coco_POPE_random,1,0,"Yes,",yes,1.6875,0.7457320601851852,11.9375,4.914083697090479,28,1,/mnt/data/ssz/mr/results/Qwen2.5-VL/pope/memvr/analysis/coco_POPE_random/127.pt
2374,2374,coco_POPE_random,coco_POPE_random,1,0,No!,no,1.703125,0.7583912037037037,11.9375,5.462582452885616,28,1,/mnt/data/ssz/mr/results/Qwen2.5-VL/pope/memvr/analysis/coco_POPE_random/2374.pt
871,871,coco_POPE_random,coco_POPE_random,1,0,"Yes,",yes,1.703125,0.7496383101851852,11.9375,4.856612648081363,28,1,/mnt/data/ssz/mr/results/Qwen2.5-VL/pope/memvr/analysis/coco_POPE_random/871.pt
1618,1618,coco_POPE_random,coco_POPE_random,1,0,No!,no,1.703125,0.7410300925925926,11.9375,5.437063373405173,28,1,/mnt/data/ssz/mr/results/Qwen2.5-VL/pope/memvr/analysis/coco_POPE_random/1618.pt
2375,2375,coco_POPE_random,coco_POPE_random,0,0,No!,yes,1.703125,0.7581741898148148,11.9375,5.533082110344336,28,1,/mnt/data/ssz/mr/results/Qwen2.5-VL/pope/memvr/analysis/coco_POPE_random/2375.pt
872,872,coco_POPE_random,coco_POPE_random,1,0,No!,no,1.703125,0.7526765046296297,11.9375,5.606297821862066,28,1,/mnt/data/ssz/mr/results/Qwen2.5-VL/pope/memvr/analysis/coco_POPE_random/872.pt
1619,1619,coco_POPE_random,coco_POPE_random,1,0,"Yes,",yes,1.703125,0.7347366898148148,11.9375,4.785686469580204,28,2,/mnt/data/ssz/mr/results/Qwen2.5-VL/pope/memvr/analysis/coco_POPE_random/1619.pt
128,128,coco_POPE_random,coco_POPE_random,1,0,No!,no,1.6875,0.7520254629629629,11.9375,5.653476228924727,28,1,/mnt/data/ssz/mr/results/Qwen2.5-VL/pope/memvr/analysis/coco_POPE_random/128.pt
2376,2376,coco_POPE_random,coco_POPE_random,1,0,No!,no,1.703125,0.7581018518518519,11.9375,5.547255712914115,28,1,/mnt/data/ssz/mr/results/Qwen2.5-VL/pope/memvr/analysis/coco_POPE_random/2376.pt
873,873,coco_POPE_random,coco_POPE_random,0,0,No!,yes,1.703125,0.7526765046296297,11.9375,5.482796867665206,28,1,/mnt/data/ssz/mr/results/Qwen2.5-VL/pope/memvr/analysis/coco_POPE_random/873.pt
1620,1620,coco_POPE_random,coco_POPE_random,1,0,No!,no,1.703125,0.7410300925925926,11.9375,5.46993694152798,28,1,/mnt/data/ssz/mr/results/Qwen2.5-VL/pope/memvr/analysis/coco_POPE_random/1620.pt
129,129,coco_POPE_random,coco_POPE_random,1,0,"Yes,",yes,1.6875,0.7457320601851852,11.9375,4.953718062419996,28,1,/mnt/data/ssz/mr/results/Qwen2.5-VL/pope/memvr/analysis/coco_POPE_random/129.pt
2377,2377,coco_POPE_random,coco_POPE_random,0,0,No!,yes,1.734375,0.7405960648148148,11.9375,5.5151087964472465,28,1,/mnt/data/ssz/mr/results/Qwen2.5-VL/pope/memvr/analysis/coco_POPE_random/2377.pt
874,874,coco_POPE_random,coco_POPE_random,1,0,No!,no,1.703125,0.7533275462962963,11.9375,5.477277160249397,28,1,/mnt/data/ssz/mr/results/Qwen2.5-VL/pope/memvr/analysis/coco_POPE_random/874.pt
1621,1621,coco_POPE_random,coco_POPE_random,1,0,"Yes,",yes,1.71875,0.7533275462962963,11.9375,4.94773436106715,28,1,/mnt/data/ssz/mr/results/Qwen2.5-VL/pope/memvr/analysis/coco_POPE_random/1621.pt
875,875,coco_POPE_random,coco_POPE_random,1,0,"Yes,",yes,1.703125,0.7493489583333334,11.9375,4.684273379728457,28,1,/mnt/data/ssz/mr/results/Qwen2.5-VL/pope/memvr/analysis/coco_POPE_random/875.pt
130,130,coco_POPE_random,coco_POPE_random,1,0,No!,no,1.6875,0.7520254629629629,11.9375,5.590231230331922,28,1,/mnt/data/ssz/mr/results/Qwen2.5-VL/pope/memvr/analysis/coco_POPE_random/130.pt
2378,2378,coco_POPE_random,coco_POPE_random,1,0,No!,no,1.734375,0.7413194444444444,11.9375,5.61004150046756,28,1,/mnt/data/ssz/mr/results/Qwen2.5-VL/pope/memvr/analysis/coco_POPE_random/2378.pt
1622,1622,coco_POPE_random,coco_POPE_random,1,0,No!,no,1.71875,0.7578848379629629,11.9375,5.694153226335394,28,1,/mnt/data/ssz/mr/results/Qwen2.5-VL/pope/memvr/analysis/coco_POPE_random/1622.pt
876,876,coco_POPE_random,coco_POPE_random,1,0,No!,no,1.703125,0.7530381944444444,11.9375,5.434039067600522,28,1,/mnt/data/ssz/mr/results/Qwen2.5-VL/pope/memvr/analysis/coco_POPE_random/876.pt
2379,2379,coco_POPE_random,coco_POPE_random,1,0,"Yes,",yes,1.7421875,0.7352430555555556,11.9375,5.039528405293921,28,1,/mnt/data/ssz/mr/results/Qwen2.5-VL/pope/memvr/analysis/coco_POPE_random/2379.pt
1623,1623,coco_POPE_random,coco_POPE_random,1,0,"Yes,",yes,1.71875,0.7533275462962963,11.9375,5.126920807436369,28,1,/mnt/data/ssz/mr/results/Qwen2.5-VL/pope/memvr/analysis/coco_POPE_random/1623.pt
131,131,coco_POPE_random,coco_POPE_random,1,0,"Yes,",yes,1.6875,0.7457320601851852,11.9375,4.8606696491121575,28,1,/mnt/data/ssz/mr/results/Qwen2.5-VL/pope/memvr/analysis/coco_POPE_random/131.pt
877,877,coco_POPE_random,coco_POPE_random,1,0,"Yes,",yes,1.703125,0.7622251157407407,11.9375,4.733930362616311,28,1,/mnt/data/ssz/mr/results/Qwen2.5-VL/pope/memvr/analysis/coco_POPE_random/877.pt
2380,2380,coco_POPE_random,coco_POPE_random,1,0,No!,no,1.734375,0.7405960648148148,11.9375,5.547583122901791,28,1,/mnt/data/ssz/mr/results/Qwen2.5-VL/pope/memvr/analysis/coco_POPE_random/2380.pt
1624,1624,coco_POPE_random,coco_POPE_random,1,0,No!,no,1.71875,0.7575231481481481,11.9375,5.687007066826607,28,1,/mnt/data/ssz/mr/results/Qwen2.5-VL/pope/memvr/analysis/coco_POPE_random/1624.pt
132,132,coco_POPE_random,coco_POPE_random,1,0,No!,no,1.6875,0.7520254629629629,11.9375,5.604125154103198,28,1,/mnt/data/ssz/mr/results/Qwen2.5-VL/pope/memvr/analysis/coco_POPE_random/132.pt
878,878,coco_POPE_random,coco_POPE_random,1,0,No!,no,1.6953125,0.7676504629629629,11.9375,5.492367591360531,28,1,/mnt/data/ssz/mr/results/Qwen2.5-VL/pope/memvr/analysis/coco_POPE_random/878.pt
2381,2381,coco_POPE_random,coco_POPE_random,0,0,No!,yes,1.734375,0.7405960648148148,11.9375,5.511079420989173,28,1,/mnt/data/ssz/mr/results/Qwen2.5-VL/pope/memvr/analysis/coco_POPE_random/2381.pt
1625,1625,coco_POPE_random,coco_POPE_random,1,0,"Yes,",yes,1.71875,0.7536892361111112,11.9375,4.924940579910291,28,1,/mnt/data/ssz/mr/results/Qwen2.5-VL/pope/memvr/analysis/coco_POPE_random/1625.pt
133,133,coco_POPE_random,coco_POPE_random,0,0,No!,yes,1.703125,0.7676504629629629,11.9375,5.5161962126818755,28,1,/mnt/data/ssz/mr/results/Qwen2.5-VL/pope/memvr/analysis/coco_POPE_random/133.pt
879,879,coco_POPE_random,coco_POPE_random,1,0,"Yes,",yes,1.703125,0.7622251157407407,11.9375,5.048168671281786,28,1,/mnt/data/ssz/mr/results/Qwen2.5-VL/pope/memvr/analysis/coco_POPE_random/879.pt
2382,2382,coco_POPE_random,coco_POPE_random,1,0,No!,no,1.734375,0.7413194444444444,11.9375,5.562185102572427,28,1,/mnt/data/ssz/mr/results/Qwen2.5-VL/pope/memvr/analysis/coco_POPE_random/2382.pt
1626,1626,coco_POPE_random,coco_POPE_random,1,0,No!,no,1.71875,0.7582465277777778,11.9375,5.689985878674476,28,1,/mnt/data/ssz/mr/results/Qwen2.5-VL/pope/memvr/analysis/coco_POPE_random/1626.pt
134,134,coco_POPE_random,coco_POPE_random,1,0,No!,no,1.703125,0.7676504629629629,11.9375,5.607243267999334,28,1,/mnt/data/ssz/mr/results/Qwen2.5-VL/pope/memvr/analysis/coco_POPE_random/134.pt
880,880,coco_POPE_random,coco_POPE_random,1,0,No!,no,1.6953125,0.7676504629629629,11.9375,5.636829571803054,28,1,/mnt/data/ssz/mr/results/Qwen2.5-VL/pope/memvr/analysis/coco_POPE_random/880.pt
2383,2383,coco_POPE_random,coco_POPE_random,1,0,"Yes,",yes,1.7265625,0.7611400462962963,11.9375,5.02892288230249,28,1,/mnt/data/ssz/mr/results/Qwen2.5-VL/pope/memvr/analysis/coco_POPE_random/2383.pt
1627,1627,coco_POPE_random,coco_POPE_random,0,0,No!,yes,1.75,0.7151331018518519,11.9375,5.526418906281268,28,1,/mnt/data/ssz/mr/results/Qwen2.5-VL/pope/memvr/analysis/coco_POPE_random/1627.pt
881,881,coco_POPE_random,coco_POPE_random,1,0,"Yes,",yes,1.703125,0.7622251157407407,11.9375,4.884827884861598,28,1,/mnt/data/ssz/mr/results/Qwen2.5-VL/pope/memvr/analysis/coco_POPE_random/881.pt
135,135,coco_POPE_random,coco_POPE_random,1,0,"Yes,",yes,1.703125,0.7625868055555556,11.9375,4.839659667331757,28,1,/mnt/data/ssz/mr/results/Qwen2.5-VL/pope/memvr/analysis/coco_POPE_random/135.pt
2384,2384,coco_POPE_random,coco_POPE_random,1,0,No!,no,1.7265625,0.7654803240740741,11.9375,5.598389739585943,28,1,/mnt/data/ssz/mr/results/Qwen2.5-VL/pope/memvr/analysis/coco_POPE_random/2384.pt
1628,1628,coco_POPE_random,coco_POPE_random,1,0,No!,no,1.75,0.7151331018518519,11.9375,5.515167510067386,28,1,/mnt/data/ssz/mr/results/Qwen2.5-VL/pope/memvr/analysis/coco_POPE_random/1628.pt
882,882,coco_POPE_random,coco_POPE_random,1,0,No!,no,1.6953125,0.7676504629629629,11.9375,5.617283278947541,28,1,/mnt/data/ssz/mr/results/Qwen2.5-VL/pope/memvr/analysis/coco_POPE_random/882.pt
136,136,coco_POPE_random,coco_POPE_random,1,0,No!,no,1.703125,0.7676504629629629,11.9375,5.631713983524417,28,1,/mnt/data/ssz/mr/results/Qwen2.5-VL/pope/memvr/analysis/coco_POPE_random/136.pt
2385,2385,coco_POPE_random,coco_POPE_random,0,0,No!,yes,1.7265625,0.7651909722222222,11.9375,5.5781748207271695,28,2,/mnt/data/ssz/mr/results/Qwen2.5-VL/pope/memvr/analysis/coco_POPE_random/2385.pt
1629,1629,coco_POPE_random,coco_POPE_random,0,0,No!,yes,1.75,0.7151331018518519,11.9375,5.540706372150233,28,1,/mnt/data/ssz/mr/results/Qwen2.5-VL/pope/memvr/analysis/coco_POPE_random/1629.pt
883,883,coco_POPE_random,coco_POPE_random,1,0,"Yes,",yes,1.703125,0.7242476851851852,11.9375,4.811401413677754,28,1,/mnt/data/ssz/mr/results/Qwen2.5-VL/pope/memvr/analysis/coco_POPE_random/883.pt
137,137,coco_POPE_random,coco_POPE_random,1,0,"Yes,",yes,1.703125,0.7625868055555556,11.9375,4.8160082321414075,28,1,/mnt/data/ssz/mr/results/Qwen2.5-VL/pope/memvr/analysis/coco_POPE_random/137.pt
2386,2386,coco_POPE_random,coco_POPE_random,1,0,No!,no,1.7265625,0.7654803240740741,11.9375,5.525679637322198,28,1,/mnt/data/ssz/mr/results/Qwen2.5-VL/pope/memvr/analysis/coco_POPE_random/2386.pt
1630,1630,coco_POPE_random,coco_POPE_random,1,0,No!,no,1.75,0.7151331018518519,11.9375,5.601539498809702,28,1,/mnt/data/ssz/mr/results/Qwen2.5-VL/pope/memvr/analysis/coco_POPE_random/1630.pt
884,884,coco_POPE_random,coco_POPE_random,1,0,No!,no,1.703125,0.7303240740740741,11.9375,5.437223285373404,28,1,/mnt/data/ssz/mr/results/Qwen2.5-VL/pope/memvr/analysis/coco_POPE_random/884.pt
138,138,coco_POPE_random,coco_POPE_random,1,0,No!,no,1.703125,0.7676504629629629,11.9375,5.546904137466613,28,1,/mnt/data/ssz/mr/results/Qwen2.5-VL/pope/memvr/analysis/coco_POPE_random/138.pt
2387,2387,coco_POPE_random,coco_POPE_random,0,0,No!,yes,1.7265625,0.7651909722222222,11.9375,5.592478783157526,28,2,/mnt/data/ssz/mr/results/Qwen2.5-VL/pope/memvr/analysis/coco_POPE_random/2387.pt
1631,1631,coco_POPE_random,coco_POPE_random,0,0,No!,yes,1.75,0.7151331018518519,11.9375,5.551687556371642,28,1,/mnt/data/ssz/mr/results/Qwen2.5-VL/pope/memvr/analysis/coco_POPE_random/1631.pt
885,885,coco_POPE_random,coco_POPE_random,0,0,No!,yes,1.703125,0.7303240740740741,11.9375,5.5712986085233345,28,1,/mnt/data/ssz/mr/results/Qwen2.5-VL/pope/memvr/analysis/coco_POPE_random/885.pt
139,139,coco_POPE_random,coco_POPE_random,1,0,"Yes,",yes,1.6875,0.7515914351851852,11.9375,4.819826826783144,28,1,/mnt/data/ssz/mr/results/Qwen2.5-VL/pope/memvr/analysis/coco_POPE_random/139.pt
2388,2388,coco_POPE_random,coco_POPE_random,1,0,No!,no,1.7265625,0.7654803240740741,11.9375,5.50053051606627,28,1,/mnt/data/ssz/mr/results/Qwen2.5-VL/pope/memvr/analysis/coco_POPE_random/2388.pt
1632,1632,coco_POPE_random,coco_POPE_random,1,0,No!,no,1.75,0.7151331018518519,11.9375,5.67027998874255,28,1,/mnt/data/ssz/mr/results/Qwen2.5-VL/pope/memvr/analysis/coco_POPE_random/1632.pt
886,886,coco_POPE_random,coco_POPE_random,1,0,No!,no,1.703125,0.7303240740740741,11.9375,5.4293715122328585,28,1,/mnt/data/ssz/mr/results/Qwen2.5-VL/pope/memvr/analysis/coco_POPE_random/886.pt
140,140,coco_POPE_random,coco_POPE_random,1,0,No!,no,1.6796875,0.7556423611111112,11.9375,5.521068982708146,28,1,/mnt/data/ssz/mr/results/Qwen2.5-VL/pope/memvr/analysis/coco_POPE_random/140.pt
1633,1633,coco_POPE_random,coco_POPE_random,1,0,"Yes,",yes,1.734375,0.7586082175925926,11.9375,4.8570324201981085,28,1,/mnt/data/ssz/mr/results/Qwen2.5-VL/pope/memvr/analysis/coco_POPE_random/1633.pt
2389,2389,coco_POPE_random,coco_POPE_random,0,0,No!,yes,1.640625,0.7239583333333334,11.9375,5.405457652402502,28,1,/mnt/data/ssz/mr/results/Qwen2.5-VL/pope/memvr/analysis/coco_POPE_random/2389.pt
887,887,coco_POPE_random,coco_POPE_random,0,0,No!,yes,1.703125,0.7303240740740741,11.9375,5.493052185495516,28,1,/mnt/data/ssz/mr/results/Qwen2.5-VL/pope/memvr/analysis/coco_POPE_random/887.pt
141,141,coco_POPE_random,coco_POPE_random,0,0,No!,yes,1.6796875,0.755859375,11.9375,5.496972886733319,28,1,/mnt/data/ssz/mr/results/Qwen2.5-VL/pope/memvr/analysis/coco_POPE_random/141.pt
1634,1634,coco_POPE_random,coco_POPE_random,1,0,No!,no,1.7265625,0.7618634259259259,11.9375,5.480103204960226,28,1,/mnt/data/ssz/mr/results/Qwen2.5-VL/pope/memvr/analysis/coco_POPE_random/1634.pt
888,888,coco_POPE_random,coco_POPE_random,1,0,No!,no,1.703125,0.7303240740740741,11.9375,5.343243576098507,28,1,/mnt/data/ssz/mr/results/Qwen2.5-VL/pope/memvr/analysis/coco_POPE_random/888.pt
2390,2390,coco_POPE_random,coco_POPE_random,1,0,No!,no,1.640625,0.7231626157407407,11.9375,5.455722906815559,28,1,/mnt/data/ssz/mr/results/Qwen2.5-VL/pope/memvr/analysis/coco_POPE_random/2390.pt
142,142,coco_POPE_random,coco_POPE_random,1,0,No!,no,1.6796875,0.755859375,11.9375,5.587625349479257,28,1,/mnt/data/ssz/mr/results/Qwen2.5-VL/pope/memvr/analysis/coco_POPE_random/142.pt
1635,1635,coco_POPE_random,coco_POPE_random,1,0,"Yes,",yes,1.734375,0.7586082175925926,11.9375,4.745919894941021,28,1,/mnt/data/ssz/mr/results/Qwen2.5-VL/pope/memvr/analysis/coco_POPE_random/1635.pt
889,889,coco_POPE_random,coco_POPE_random,1,0,"Yes,",yes,1.6953125,0.7605613425925926,11.9375,4.822042320712329,28,1,/mnt/data/ssz/mr/results/Qwen2.5-VL/pope/memvr/analysis/coco_POPE_random/889.pt
143,143,coco_POPE_random,coco_POPE_random,1,0,"Yes,",yes,1.6875,0.7513744212962963,11.9375,4.802201175662811,28,1,/mnt/data/ssz/mr/results/Qwen2.5-VL/pope/memvr/analysis/coco_POPE_random/143.pt
2391,2391,coco_POPE_random,coco_POPE_random,0,0,No!,yes,1.640625,0.7231626157407407,11.9375,5.413383703372754,28,1,/mnt/data/ssz/mr/results/Qwen2.5-VL/pope/memvr/analysis/coco_POPE_random/2391.pt
1636,1636,coco_POPE_random,coco_POPE_random,1,0,No!,no,1.7265625,0.7618634259259259,11.9375,5.486152254649259,28,1,/mnt/data/ssz/mr/results/Qwen2.5-VL/pope/memvr/analysis/coco_POPE_random/1636.pt
890,890,coco_POPE_random,coco_POPE_random,1,0,No!,no,1.6796875,0.7650462962962963,11.9375,5.513606866004795,28,1,/mnt/data/ssz/mr/results/Qwen2.5-VL/pope/memvr/analysis/coco_POPE_random/890.pt
144,144,coco_POPE_random,coco_POPE_random,1,0,No!,no,1.6796875,0.755859375,11.9375,5.477740430115636,28,1,/mnt/data/ssz/mr/results/Qwen2.5-VL/pope/memvr/analysis/coco_POPE_random/144.pt
2392,2392,coco_POPE_random,coco_POPE_random,1,0,No!,no,1.640625,0.7223668981481481,11.9375,5.4664870481275765,28,1,/mnt/data/ssz/mr/results/Qwen2.5-VL/pope/memvr/analysis/coco_POPE_random/2392.pt
1637,1637,coco_POPE_random,coco_POPE_random,1,0,"Yes,",yes,1.734375,0.7586082175925926,11.9375,4.728986559855229,28,1,/mnt/data/ssz/mr/results/Qwen2.5-VL/pope/memvr/analysis/coco_POPE_random/1637.pt
891,891,coco_POPE_random,coco_POPE_random,1,0,"Yes,",yes,1.6953125,0.7608506944444444,11.9375,4.7895264566949,28,1,/mnt/data/ssz/mr/results/Qwen2.5-VL/pope/memvr/analysis/coco_POPE_random/891.pt
145,145,coco_POPE_random,coco_POPE_random,0,0,No!,yes,1.671875,0.7384259259259259,11.9375,5.533086062824529,28,1,/mnt/data/ssz/mr/results/Qwen2.5-VL/pope/memvr/analysis/coco_POPE_random/145.pt
2393,2393,coco_POPE_random,coco_POPE_random,1,0,"Yes,",yes,1.640625,0.7186776620370371,11.9375,4.813920270894496,28,1,/mnt/data/ssz/mr/results/Qwen2.5-VL/pope/memvr/analysis/coco_POPE_random/2393.pt
1638,1638,coco_POPE_random,coco_POPE_random,1,0,No!,no,1.7265625,0.7620804398148148,11.9375,5.4459331393374555,28,1,/mnt/data/ssz/mr/results/Qwen2.5-VL/pope/memvr/analysis/coco_POPE_random/1638.pt
892,892,coco_POPE_random,coco_POPE_random,1,0,No!,no,1.6796875,0.7650462962962963,11.9375,5.579914969339112,28,1,/mnt/data/ssz/mr/results/Qwen2.5-VL/pope/memvr/analysis/coco_POPE_random/892.pt
146,146,coco_POPE_random,coco_POPE_random,1,0,No!,no,1.671875,0.7385706018518519,11.9375,5.503275195485982,28,1,/mnt/data/ssz/mr/results/Qwen2.5-VL/pope/memvr/analysis/coco_POPE_random/146.pt
1639,1639,coco_POPE_random,coco_POPE_random,1,0,"Yes,",yes,1.703125,0.7617910879629629,11.9375,4.745012450116288,28,1,/mnt/data/ssz/mr/results/Qwen2.5-VL/pope/memvr/analysis/coco_POPE_random/1639.pt
2394,2394,coco_POPE_random,coco_POPE_random,1,0,No!,no,1.640625,0.7239583333333334,11.9375,5.452185657755104,28,1,/mnt/data/ssz/mr/results/Qwen2.5-VL/pope/memvr/analysis/coco_POPE_random/2394.pt
893,893,coco_POPE_random,coco_POPE_random,1,0,"Yes,",yes,1.6953125,0.7605613425925926,11.9375,4.834847535568535,28,1,/mnt/data/ssz/mr/results/Qwen2.5-VL/pope/memvr/analysis/coco_POPE_random/893.pt
147,147,coco_POPE_random,coco_POPE_random,1,0,"Yes,",yes,1.671875,0.7349537037037037,11.9375,4.8157045196791985,28,1,/mnt/data/ssz/mr/results/Qwen2.5-VL/pope/memvr/analysis/coco_POPE_random/147.pt
1640,1640,coco_POPE_random,coco_POPE_random,1,0,No!,no,1.6953125,0.7681568287037037,11.9375,5.474960847467545,28,1,/mnt/data/ssz/mr/results/Qwen2.5-VL/pope/memvr/analysis/coco_POPE_random/1640.pt
2395,2395,coco_POPE_random,coco_POPE_random,1,0,"Yes,",yes,1.7109375,0.7309027777777778,11.9375,4.8085005257953535,28,1,/mnt/data/ssz/mr/results/Qwen2.5-VL/pope/memvr/analysis/coco_POPE_random/2395.pt
894,894,coco_POPE_random,coco_POPE_random,1,0,No!,no,1.6875,0.7656973379629629,11.9375,5.555792002728563,28,2,/mnt/data/ssz/mr/results/Qwen2.5-VL/pope/memvr/analysis/coco_POPE_random/894.pt
148,148,coco_POPE_random,coco_POPE_random,1,0,No!,no,1.671875,0.7387152777777778,11.9375,5.462288226763623,28,1,/mnt/data/ssz/mr/results/Qwen2.5-VL/pope/memvr/analysis/coco_POPE_random/148.pt
1641,1641,coco_POPE_random,coco_POPE_random,1,0,"Yes,",yes,1.703125,0.7617910879629629,11.9375,4.962653689626377,28,1,/mnt/data/ssz/mr/results/Qwen2.5-VL/pope/memvr/analysis/coco_POPE_random/1641.pt
2396,2396,coco_POPE_random,coco_POPE_random,1,0,No!,no,1.703125,0.7345196759259259,11.9375,5.498768548154658,28,1,/mnt/data/ssz/mr/results/Qwen2.5-VL/pope/memvr/analysis/coco_POPE_random/2396.pt
149,149,coco_POPE_random,coco_POPE_random,0,0,No!,yes,1.671875,0.7384259259259259,11.9375,5.532955147513035,28,1,/mnt/data/ssz/mr/results/Qwen2.5-VL/pope/memvr/analysis/coco_POPE_random/149.pt
895,895,coco_POPE_random,coco_POPE_random,1,0,"Yes,",yes,1.6875,0.7342303240740741,11.9375,4.76910280755504,28,1,/mnt/data/ssz/mr/results/Qwen2.5-VL/pope/memvr/analysis/coco_POPE_random/895.pt
1642,1642,coco_POPE_random,coco_POPE_random,1,0,No!,no,1.6953125,0.7683738425925926,11.9375,5.474925332052094,28,1,/mnt/data/ssz/mr/results/Qwen2.5-VL/pope/memvr/analysis/coco_POPE_random/1642.pt
2397,2397,coco_POPE_random,coco_POPE_random,1,0,"Yes,",yes,1.7109375,0.7309027777777778,11.9375,4.790408404742713,28,1,/mnt/data/ssz/mr/results/Qwen2.5-VL/pope/memvr/analysis/coco_POPE_random/2397.pt
150,150,coco_POPE_random,coco_POPE_random,1,0,No!,no,1.671875,0.7384259259259259,11.9375,5.514008299085476,28,1,/mnt/data/ssz/mr/results/Qwen2.5-VL/pope/memvr/analysis/coco_POPE_random/150.pt
896,896,coco_POPE_random,coco_POPE_random,1,0,No!,no,1.6875,0.7378472222222222,11.9375,5.506484376373872,28,1,/mnt/data/ssz/mr/results/Qwen2.5-VL/pope/memvr/analysis/coco_POPE_random/896.pt
1643,1643,coco_POPE_random,coco_POPE_random,0,0,No!,yes,1.6953125,0.7683738425925926,11.9375,5.449457241879356,28,1,/mnt/data/ssz/mr/results/Qwen2.5-VL/pope/memvr/analysis/coco_POPE_random/1643.pt
2398,2398,coco_POPE_random,coco_POPE_random,1,0,No!,no,1.703125,0.7345196759259259,11.9375,5.527806750884087,28,1,/mnt/data/ssz/mr/results/Qwen2.5-VL/pope/memvr/analysis/coco_POPE_random/2398.pt
151,151,coco_POPE_random,coco_POPE_random,1,0,"Yes,",yes,1.734375,0.7501446759259259,11.9375,4.768972311215082,28,1,/mnt/data/ssz/mr/results/Qwen2.5-VL/pope/memvr/analysis/coco_POPE_random/151.pt
897,897,coco_POPE_random,coco_POPE_random,1,0,"Yes,",yes,1.6875,0.7342303240740741,11.9375,4.793923053992644,28,1,/mnt/data/ssz/mr/results/Qwen2.5-VL/pope/memvr/analysis/coco_POPE_random/897.pt
1644,1644,coco_POPE_random,coco_POPE_random,1,0,No!,no,1.6953125,0.7683738425925926,11.9375,5.505481676850681,28,1,/mnt/data/ssz/mr/results/Qwen2.5-VL/pope/memvr/analysis/coco_POPE_random/1644.pt
2399,2399,coco_POPE_random,coco_POPE_random,1,0,"Yes,",yes,1.7109375,0.7309027777777778,11.9375,4.634742482723533,28,1,/mnt/data/ssz/mr/results/Qwen2.5-VL/pope/memvr/analysis/coco_POPE_random/2399.pt
152,152,coco_POPE_random,coco_POPE_random,1,0,No!,no,1.734375,0.7530381944444444,11.9375,5.482072793602348,28,1,/mnt/data/ssz/mr/results/Qwen2.5-VL/pope/memvr/analysis/coco_POPE_random/152.pt
898,898,coco_POPE_random,coco_POPE_random,1,0,No!,no,1.6875,0.7383535879629629,11.9375,5.428728084504671,28,1,/mnt/data/ssz/mr/results/Qwen2.5-VL/pope/memvr/analysis/coco_POPE_random/898.pt
2400,2400,coco_POPE_random,coco_POPE_random,1,0,No!,no,1.703125,0.7345196759259259,11.9375,5.367606018944194,28,1,/mnt/data/ssz/mr/results/Qwen2.5-VL/pope/memvr/analysis/coco_POPE_random/2400.pt
1645,1645,coco_POPE_random,coco_POPE_random,1,0,"Yes,",yes,1.6484375,0.7664930555555556,11.9375,4.866223651564587,28,2,/mnt/data/ssz/mr/results/Qwen2.5-VL/pope/memvr/analysis/coco_POPE_random/1645.pt
153,153,coco_POPE_random,coco_POPE_random,1,0,"Yes,",yes,1.734375,0.7501446759259259,11.9375,4.85279418278245,28,1,/mnt/data/ssz/mr/results/Qwen2.5-VL/pope/memvr/analysis/coco_POPE_random/153.pt
899,899,coco_POPE_random,coco_POPE_random,1,0,"Yes,",yes,1.6875,0.7337239583333334,11.9375,4.8102590003762655,28,1,/mnt/data/ssz/mr/results/Qwen2.5-VL/pope/memvr/analysis/coco_POPE_random/899.pt
154,154,coco_POPE_random,coco_POPE_random,1,0,No!,no,1.734375,0.7530381944444444,11.9375,5.464390964319952,28,1,/mnt/data/ssz/mr/results/Qwen2.5-VL/pope/memvr/analysis/coco_POPE_random/154.pt
2401,2401,coco_POPE_random,coco_POPE_random,1,0,"Yes,",yes,1.734375,0.71875,11.9375,4.871519820777087,28,1,/mnt/data/ssz/mr/results/Qwen2.5-VL/pope/memvr/analysis/coco_POPE_random/2401.pt
1646,1646,coco_POPE_random,coco_POPE_random,1,0,No!,no,1.6484375,0.7716290509259259,11.9375,5.523390210894989,28,1,/mnt/data/ssz/mr/results/Qwen2.5-VL/pope/memvr/analysis/coco_POPE_random/1646.pt
900,900,coco_POPE_random,coco_POPE_random,1,0,No!,no,1.6875,0.7378472222222222,11.9375,5.480685565075999,28,1,/mnt/data/ssz/mr/results/Qwen2.5-VL/pope/memvr/analysis/coco_POPE_random/900.pt
155,155,coco_POPE_random,coco_POPE_random,1,0,"Yes,",yes,1.734375,0.7501446759259259,11.9375,4.807142265052117,28,1,/mnt/data/ssz/mr/results/Qwen2.5-VL/pope/memvr/analysis/coco_POPE_random/155.pt
2402,2402,coco_POPE_random,coco_POPE_random,1,0,No!,no,1.71875,0.7235243055555556,11.9375,5.561762679734061,28,1,/mnt/data/ssz/mr/results/Qwen2.5-VL/pope/memvr/analysis/coco_POPE_random/2402.pt
1647,1647,coco_POPE_random,coco_POPE_random,0,0,No!,yes,1.6484375,0.7716290509259259,11.9375,5.592654223435194,28,1,/mnt/data/ssz/mr/results/Qwen2.5-VL/pope/memvr/analysis/coco_POPE_random/1647.pt
156,156,coco_POPE_random,coco_POPE_random,1,0,No!,no,1.734375,0.7530381944444444,11.9375,5.510787046079307,28,1,/mnt/data/ssz/mr/results/Qwen2.5-VL/pope/memvr/analysis/coco_POPE_random/156.pt
901,901,coco_POPE_random,coco_POPE_random,1,0,"Yes,",yes,1.703125,0.7194733796296297,11.9375,4.781041034647434,28,1,/mnt/data/ssz/mr/results/Qwen2.5-VL/pope/memvr/analysis/coco_POPE_random/901.pt
2403,2403,coco_POPE_random,coco_POPE_random,1,0,"Yes,",yes,1.734375,0.71875,11.9375,4.8622837807093235,28,1,/mnt/data/ssz/mr/results/Qwen2.5-VL/pope/memvr/analysis/coco_POPE_random/2403.pt
1648,1648,coco_POPE_random,coco_POPE_random,1,0,No!,no,1.6484375,0.7717013888888888,11.9375,5.477870983347108,28,1,/mnt/data/ssz/mr/results/Qwen2.5-VL/pope/memvr/analysis/coco_POPE_random/1648.pt
157,157,coco_POPE_random,coco_POPE_random,1,0,"Yes,",yes,1.734375,0.75390625,11.9375,4.784391486360181,28,1,/mnt/data/ssz/mr/results/Qwen2.5-VL/pope/memvr/analysis/coco_POPE_random/157.pt
2404,2404,coco_POPE_random,coco_POPE_random,1,0,No!,no,1.71875,0.7242476851851852,11.9375,5.500574708257396,28,1,/mnt/data/ssz/mr/results/Qwen2.5-VL/pope/memvr/analysis/coco_POPE_random/2404.pt
902,902,coco_POPE_random,coco_POPE_random,1,0,No!,no,1.703125,0.7280092592592593,11.9375,5.5800184917768,28,1,/mnt/data/ssz/mr/results/Qwen2.5-VL/pope/memvr/analysis/coco_POPE_random/902.pt
1649,1649,coco_POPE_random,coco_POPE_random,1,0,"Yes,",yes,1.6484375,0.7665653935185185,11.9375,4.860077355386566,28,2,/mnt/data/ssz/mr/results/Qwen2.5-VL/pope/memvr/analysis/coco_POPE_random/1649.pt
158,158,coco_POPE_random,coco_POPE_random,1,0,No!,no,1.734375,0.7596932870370371,11.9375,5.5370508680519785,28,1,/mnt/data/ssz/mr/results/Qwen2.5-VL/pope/memvr/analysis/coco_POPE_random/158.pt
2405,2405,coco_POPE_random,coco_POPE_random,1,0,"Yes,",yes,1.734375,0.71875,11.9375,4.854750324898734,28,1,/mnt/data/ssz/mr/results/Qwen2.5-VL/pope/memvr/analysis/coco_POPE_random/2405.pt
903,903,coco_POPE_random,coco_POPE_random,0,0,No!,yes,1.703125,0.7232349537037037,11.9375,5.464814917063179,28,1,/mnt/data/ssz/mr/results/Qwen2.5-VL/pope/memvr/analysis/coco_POPE_random/903.pt
1650,1650,coco_POPE_random,coco_POPE_random,1,0,No!,no,1.6484375,0.7716290509259259,11.9375,5.444425065531285,28,1,/mnt/data/ssz/mr/results/Qwen2.5-VL/pope/memvr/analysis/coco_POPE_random/1650.pt
159,159,coco_POPE_random,coco_POPE_random,0,0,No!,yes,1.734375,0.7596932870370371,11.9375,5.666559798026669,28,1,/mnt/data/ssz/mr/results/Qwen2.5-VL/pope/memvr/analysis/coco_POPE_random/159.pt
2406,2406,coco_POPE_random,coco_POPE_random,1,0,No!,no,1.71875,0.7242476851851852,11.9375,5.510593509737615,28,1,/mnt/data/ssz/mr/results/Qwen2.5-VL/pope/memvr/analysis/coco_POPE_random/2406.pt
904,904,coco_POPE_random,coco_POPE_random,1,0,No!,no,1.703125,0.7239583333333334,11.9375,5.514889766741942,28,1,/mnt/data/ssz/mr/results/Qwen2.5-VL/pope/memvr/analysis/coco_POPE_random/904.pt
1651,1651,coco_POPE_random,coco_POPE_random,1,0,"Yes,",yes,1.7265625,0.7771267361111112,11.9375,4.723128750922311,28,1,/mnt/data/ssz/mr/results/Qwen2.5-VL/pope/memvr/analysis/coco_POPE_random/1651.pt
160,160,coco_POPE_random,coco_POPE_random,1,0,No!,no,1.734375,0.7596932870370371,11.9375,5.529718460739567,28,1,/mnt/data/ssz/mr/results/Qwen2.5-VL/pope/memvr/analysis/coco_POPE_random/160.pt
2407,2407,coco_POPE_random,coco_POPE_random,1,0,"Yes,",yes,1.671875,0.7215711805555556,11.9375,4.836850248628455,28,1,/mnt/data/ssz/mr/results/Qwen2.5-VL/pope/memvr/analysis/coco_POPE_random/2407.pt
905,905,coco_POPE_random,coco_POPE_random,1,0,"Yes,",yes,1.703125,0.7194733796296297,11.9375,4.857861575294953,28,1,/mnt/data/ssz/mr/results/Qwen2.5-VL/pope/memvr/analysis/coco_POPE_random/905.pt
1652,1652,coco_POPE_random,coco_POPE_random,1,0,No!,no,1.7109375,0.78125,11.9375,5.443597100425497,28,1,/mnt/data/ssz/mr/results/Qwen2.5-VL/pope/memvr/analysis/coco_POPE_random/1652.pt
161,161,coco_POPE_random,coco_POPE_random,1,0,"Yes,",yes,1.734375,0.75390625,11.9375,4.889504609967344,28,1,/mnt/data/ssz/mr/results/Qwen2.5-VL/pope/memvr/analysis/coco_POPE_random/161.pt
906,906,coco_POPE_random,coco_POPE_random,1,0,No!,no,1.703125,0.7235966435185185,11.9375,5.43262776899435,28,1,/mnt/data/ssz/mr/results/Qwen2.5-VL/pope/memvr/analysis/coco_POPE_random/906.pt
2408,2408,coco_POPE_random,coco_POPE_random,1,0,No!,no,1.671875,0.7388599537037037,11.9375,5.509138699581321,28,1,/mnt/data/ssz/mr/results/Qwen2.5-VL/pope/memvr/analysis/coco_POPE_random/2408.pt
1653,1653,coco_POPE_random,coco_POPE_random,1,0,"Yes,",yes,1.7265625,0.7771267361111112,11.9375,4.906973805772309,28,1,/mnt/data/ssz/mr/results/Qwen2.5-VL/pope/memvr/analysis/coco_POPE_random/1653.pt
162,162,coco_POPE_random,coco_POPE_random,1,0,No!,no,1.734375,0.7596932870370371,11.9375,5.595613104948104,28,1,/mnt/data/ssz/mr/results/Qwen2.5-VL/pope/memvr/analysis/coco_POPE_random/162.pt
907,907,coco_POPE_random,coco_POPE_random,1,0,"Yes,",yes,1.6875,0.7500723379629629,11.9375,4.844645955677624,28,1,/mnt/data/ssz/mr/results/Qwen2.5-VL/pope/memvr/analysis/coco_POPE_random/907.pt
1654,1654,coco_POPE_random,coco_POPE_random,1,0,No!,no,1.7109375,0.78125,11.9375,5.46702092461368,28,1,/mnt/data/ssz/mr/results/Qwen2.5-VL/pope/memvr/analysis/coco_POPE_random/1654.pt
2409,2409,coco_POPE_random,coco_POPE_random,0,0,No!,yes,1.671875,0.7388599537037037,11.9375,5.585864869942364,28,1,/mnt/data/ssz/mr/results/Qwen2.5-VL/pope/memvr/analysis/coco_POPE_random/2409.pt
163,163,coco_POPE_random,coco_POPE_random,0,0,No!,yes,1.703125,0.7233796296296297,11.9375,5.5093941586834765,28,1,/mnt/data/ssz/mr/results/Qwen2.5-VL/pope/memvr/analysis/coco_POPE_random/163.pt
908,908,coco_POPE_random,coco_POPE_random,1,0,No!,no,1.6875,0.7567997685185185,11.9375,5.593784303236354,28,1,/mnt/data/ssz/mr/results/Qwen2.5-VL/pope/memvr/analysis/coco_POPE_random/908.pt
1655,1655,coco_POPE_random,coco_POPE_random,0,0,No!,yes,1.7109375,0.78125,11.9375,5.420648118302685,28,1,/mnt/data/ssz/mr/results/Qwen2.5-VL/pope/memvr/analysis/coco_POPE_random/1655.pt
2410,2410,coco_POPE_random,coco_POPE_random,1,0,No!,no,1.671875,0.7388599537037037,11.9375,5.502207140705168,28,1,/mnt/data/ssz/mr/results/Qwen2.5-VL/pope/memvr/analysis/coco_POPE_random/2410.pt
164,164,coco_POPE_random,coco_POPE_random,1,0,No!,no,1.703125,0.7233796296296297,11.9375,5.517606816665883,28,1,/mnt/data/ssz/mr/results/Qwen2.5-VL/pope/memvr/analysis/coco_POPE_random/164.pt
909,909,coco_POPE_random,coco_POPE_random,1,0,"Yes,",yes,1.6875,0.7500723379629629,11.9375,4.935259592102188,28,1,/mnt/data/ssz/mr/results/Qwen2.5-VL/pope/memvr/analysis/coco_POPE_random/909.pt
1656,1656,coco_POPE_random,coco_POPE_random,1,0,No!,no,1.7109375,0.78125,11.9375,5.447842617300663,28,1,/mnt/data/ssz/mr/results/Qwen2.5-VL/pope/memvr/analysis/coco_POPE_random/1656.pt
165,165,coco_POPE_random,coco_POPE_random,1,0,"Yes,",yes,1.703125,0.7193287037037037,11.9375,4.9020264712926025,28,1,/mnt/data/ssz/mr/results/Qwen2.5-VL/pope/memvr/analysis/coco_POPE_random/165.pt
910,910,coco_POPE_random,coco_POPE_random,1,0,No!,no,1.6875,0.7567997685185185,11.9375,5.465101281935984,28,1,/mnt/data/ssz/mr/results/Qwen2.5-VL/pope/memvr/analysis/coco_POPE_random/910.pt
2411,2411,coco_POPE_random,coco_POPE_random,0,0,No!,yes,1.671875,0.7388599537037037,11.9375,5.442484767856638,28,1,/mnt/data/ssz/mr/results/Qwen2.5-VL/pope/memvr/analysis/coco_POPE_random/2411.pt
1657,1657,coco_POPE_random,coco_POPE_random,0,0,No!,yes,1.6640625,0.7453703703703703,11.9375,5.565809889794889,28,1,/mnt/data/ssz/mr/results/Qwen2.5-VL/pope/memvr/analysis/coco_POPE_random/1657.pt
911,911,coco_POPE_random,coco_POPE_random,1,0,"Yes,",yes,1.6875,0.7500723379629629,11.9375,4.849287588125574,28,1,/mnt/data/ssz/mr/results/Qwen2.5-VL/pope/memvr/analysis/coco_POPE_random/911.pt
166,166,coco_POPE_random,coco_POPE_random,1,0,No!,no,1.703125,0.7233796296296297,11.9375,5.482132363808041,28,1,/mnt/data/ssz/mr/results/Qwen2.5-VL/pope/memvr/analysis/coco_POPE_random/166.pt
2412,2412,coco_POPE_random,coco_POPE_random,1,0,No!,no,1.671875,0.7387152777777778,11.9375,5.486229428025926,28,1,/mnt/data/ssz/mr/results/Qwen2.5-VL/pope/memvr/analysis/coco_POPE_random/2412.pt
1658,1658,coco_POPE_random,coco_POPE_random,1,0,No!,no,1.6640625,0.7453703703703703,11.9375,5.613848998445787,28,1,/mnt/data/ssz/mr/results/Qwen2.5-VL/pope/memvr/analysis/coco_POPE_random/1658.pt
912,912,coco_POPE_random,coco_POPE_random,1,0,No!,no,1.6875,0.7567997685185185,11.9375,5.5165102373802855,28,1,/mnt/data/ssz/mr/results/Qwen2.5-VL/pope/memvr/analysis/coco_POPE_random/912.pt
167,167,coco_POPE_random,coco_POPE_random,0,0,No!,yes,1.703125,0.7233796296296297,11.9375,5.4870750299646245,28,1,/mnt/data/ssz/mr/results/Qwen2.5-VL/pope/memvr/analysis/coco_POPE_random/167.pt
2413,2413,coco_POPE_random,coco_POPE_random,1,0,"Yes,",yes,1.7265625,0.7353153935185185,11.9375,4.786331440446796,28,1,/mnt/data/ssz/mr/results/Qwen2.5-VL/pope/memvr/analysis/coco_POPE_random/2413.pt
1659,1659,coco_POPE_random,coco_POPE_random,1,0,"Yes,",yes,1.671875,0.7408854166666666,11.9375,4.915880089770616,28,1,/mnt/data/ssz/mr/results/Qwen2.5-VL/pope/memvr/analysis/coco_POPE_random/1659.pt
913,913,coco_POPE_random,coco_POPE_random,1,0,"Yes,",yes,1.671875,0.7549913194444444,11.9375,4.790093311928324,28,1,/mnt/data/ssz/mr/results/Qwen2.5-VL/pope/memvr/analysis/coco_POPE_random/913.pt
168,168,coco_POPE_random,coco_POPE_random,1,0,No!,no,1.703125,0.7232349537037037,11.9375,5.549566288493934,28,1,/mnt/data/ssz/mr/results/Qwen2.5-VL/pope/memvr/analysis/coco_POPE_random/168.pt
2414,2414,coco_POPE_random,coco_POPE_random,1,0,No!,no,1.71875,0.7395833333333334,11.9375,5.600290356995739,28,1,/mnt/data/ssz/mr/results/Qwen2.5-VL/pope/memvr/analysis/coco_POPE_random/2414.pt
1660,1660,coco_POPE_random,coco_POPE_random,1,0,No!,no,1.6640625,0.7453703703703703,11.9375,5.5782688405891125,28,1,/mnt/data/ssz/mr/results/Qwen2.5-VL/pope/memvr/analysis/coco_POPE_random/1660.pt
914,914,coco_POPE_random,coco_POPE_random,1,0,No!,no,1.671875,0.7594039351851852,11.9375,5.470295042038076,28,1,/mnt/data/ssz/mr/results/Qwen2.5-VL/pope/memvr/analysis/coco_POPE_random/914.pt
169,169,coco_POPE_random,coco_POPE_random,1,0,"Yes,",yes,1.703125,0.744140625,11.9375,4.804675936694907,28,1,/mnt/data/ssz/mr/results/Qwen2.5-VL/pope/memvr/analysis/coco_POPE_random/169.pt
2415,2415,coco_POPE_random,coco_POPE_random,1,0,"Yes,",yes,1.7265625,0.7353153935185185,11.9375,4.88634980941349,28,1,/mnt/data/ssz/mr/results/Qwen2.5-VL/pope/memvr/analysis/coco_POPE_random/2415.pt
1661,1661,coco_POPE_random,coco_POPE_random,0,0,No!,yes,1.6640625,0.7453703703703703,11.9375,5.625991351453383,28,1,/mnt/data/ssz/mr/results/Qwen2.5-VL/pope/memvr/analysis/coco_POPE_random/1661.pt
915,915,coco_POPE_random,coco_POPE_random,1,0,"Yes,",yes,1.671875,0.7550636574074074,11.9375,4.85428638750279,28,1,/mnt/data/ssz/mr/results/Qwen2.5-VL/pope/memvr/analysis/coco_POPE_random/915.pt
170,170,coco_POPE_random,coco_POPE_random,1,0,No!,no,1.6875,0.7456597222222222,11.9375,5.450468598925611,28,1,/mnt/data/ssz/mr/results/Qwen2.5-VL/pope/memvr/analysis/coco_POPE_random/170.pt
2416,2416,coco_POPE_random,coco_POPE_random,1,0,No!,no,1.71875,0.7395833333333334,11.9375,5.521841831407324,28,1,/mnt/data/ssz/mr/results/Qwen2.5-VL/pope/memvr/analysis/coco_POPE_random/2416.pt
1662,1662,coco_POPE_random,coco_POPE_random,1,0,No!,no,1.6640625,0.7453703703703703,11.9375,5.608703566236758,28,1,/mnt/data/ssz/mr/results/Qwen2.5-VL/pope/memvr/analysis/coco_POPE_random/1662.pt
916,916,coco_POPE_random,coco_POPE_random,1,0,No!,no,1.671875,0.7594039351851852,11.9375,5.480676751515822,28,1,/mnt/data/ssz/mr/results/Qwen2.5-VL/pope/memvr/analysis/coco_POPE_random/916.pt
171,171,coco_POPE_random,coco_POPE_random,0,0,No!,yes,1.6875,0.7456597222222222,11.9375,5.513862881392486,28,1,/mnt/data/ssz/mr/results/Qwen2.5-VL/pope/memvr/analysis/coco_POPE_random/171.pt
2417,2417,coco_POPE_random,coco_POPE_random,0,0,No!,yes,1.734375,0.7401620370370371,11.9375,5.600790546092271,28,1,/mnt/data/ssz/mr/results/Qwen2.5-VL/pope/memvr/analysis/coco_POPE_random/2417.pt
1663,1663,coco_POPE_random,coco_POPE_random,1,0,"Yes,",yes,1.734375,0.7391493055555556,11.9375,4.9712494813277255,28,1,/mnt/data/ssz/mr/results/Qwen2.5-VL/pope/memvr/analysis/coco_POPE_random/1663.pt
917,917,coco_POPE_random,coco_POPE_random,1,0,"Yes,",yes,1.671875,0.7550636574074074,11.9375,4.7706818381276745,28,1,/mnt/data/ssz/mr/results/Qwen2.5-VL/pope/memvr/analysis/coco_POPE_random/917.pt
172,172,coco_POPE_random,coco_POPE_random,1,0,No!,no,1.6875,0.7456597222222222,11.9375,5.469277021302019,28,1,/mnt/data/ssz/mr/results/Qwen2.5-VL/pope/memvr/analysis/coco_POPE_random/172.pt
2418,2418,coco_POPE_random,coco_POPE_random,1,0,No!,no,1.734375,0.7411747685185185,11.9375,5.575854474804451,28,1,/mnt/data/ssz/mr/results/Qwen2.5-VL/pope/memvr/analysis/coco_POPE_random/2418.pt
1664,1664,coco_POPE_random,coco_POPE_random,1,0,No!,no,1.734375,0.7434895833333334,11.9375,5.614339909183023,28,1,/mnt/data/ssz/mr/results/Qwen2.5-VL/pope/memvr/analysis/coco_POPE_random/1664.pt
918,918,coco_POPE_random,coco_POPE_random,1,0,No!,no,1.671875,0.7594039351851852,11.9375,5.512787151693718,28,1,/mnt/data/ssz/mr/results/Qwen2.5-VL/pope/memvr/analysis/coco_POPE_random/918.pt
173,173,coco_POPE_random,coco_POPE_random,1,0,"Yes,",yes,1.703125,0.744140625,11.9375,4.811555615283108,28,1,/mnt/data/ssz/mr/results/Qwen2.5-VL/pope/memvr/analysis/coco_POPE_random/173.pt
2419,2419,coco_POPE_random,coco_POPE_random,1,0,"Yes,",yes,1.7421875,0.7606336805555556,11.9375,4.857409638398982,28,1,/mnt/data/ssz/mr/results/Qwen2.5-VL/pope/memvr/analysis/coco_POPE_random/2419.pt
1665,1665,coco_POPE_random,coco_POPE_random,1,0,"Yes,",yes,1.734375,0.7391493055555556,11.9375,4.828273018172884,28,1,/mnt/data/ssz/mr/results/Qwen2.5-VL/pope/memvr/analysis/coco_POPE_random/1665.pt
919,919,coco_POPE_random,coco_POPE_random,1,0,"Yes,",yes,1.703125,0.7516637731481481,11.9375,4.996029395473614,28,1,/mnt/data/ssz/mr/results/Qwen2.5-VL/pope/memvr/analysis/coco_POPE_random/919.pt
174,174,coco_POPE_random,coco_POPE_random,1,0,No!,no,1.6875,0.7456597222222222,11.9375,5.489302069684166,28,1,/mnt/data/ssz/mr/results/Qwen2.5-VL/pope/memvr/analysis/coco_POPE_random/174.pt
2420,2420,coco_POPE_random,coco_POPE_random,1,0,No!,no,1.734375,0.7655526620370371,11.9375,5.635517809723845,28,1,/mnt/data/ssz/mr/results/Qwen2.5-VL/pope/memvr/analysis/coco_POPE_random/2420.pt
1666,1666,coco_POPE_random,coco_POPE_random,1,0,No!,no,1.734375,0.7434895833333334,11.9375,5.6390808090499975,28,1,/mnt/data/ssz/mr/results/Qwen2.5-VL/pope/memvr/analysis/coco_POPE_random/1666.pt
920,920,coco_POPE_random,coco_POPE_random,1,0,No!,no,1.703125,0.7586082175925926,11.9375,5.618961573756035,28,1,/mnt/data/ssz/mr/results/Qwen2.5-VL/pope/memvr/analysis/coco_POPE_random/920.pt
175,175,coco_POPE_random,coco_POPE_random,1,0,"Yes,",yes,1.703125,0.7450810185185185,11.9375,4.860219568963534,28,1,/mnt/data/ssz/mr/results/Qwen2.5-VL/pope/memvr/analysis/coco_POPE_random/175.pt
2421,2421,coco_POPE_random,coco_POPE_random,1,0,"Yes,",yes,1.7421875,0.7606336805555556,11.9375,5.00783145644517,28,1,/mnt/data/ssz/mr/results/Qwen2.5-VL/pope/memvr/analysis/coco_POPE_random/2421.pt
1667,1667,coco_POPE_random,coco_POPE_random,1,0,"Yes,",yes,1.734375,0.7391493055555556,11.9375,4.775840330215887,28,1,/mnt/data/ssz/mr/results/Qwen2.5-VL/pope/memvr/analysis/coco_POPE_random/1667.pt
921,921,coco_POPE_random,coco_POPE_random,1,0,"Yes,",yes,1.703125,0.7516637731481481,11.9375,5.004988116019859,28,1,/mnt/data/ssz/mr/results/Qwen2.5-VL/pope/memvr/analysis/coco_POPE_random/921.pt
176,176,coco_POPE_random,coco_POPE_random,1,0,No!,no,1.703125,0.7511574074074074,11.9375,5.511754762646825,28,1,/mnt/data/ssz/mr/results/Qwen2.5-VL/pope/memvr/analysis/coco_POPE_random/176.pt
2422,2422,coco_POPE_random,coco_POPE_random,1,0,No!,no,1.734375,0.7659143518518519,11.9375,5.689722201377663,28,1,/mnt/data/ssz/mr/results/Qwen2.5-VL/pope/memvr/analysis/coco_POPE_random/2422.pt
1668,1668,coco_POPE_random,coco_POPE_random,1,0,No!,no,1.734375,0.7434895833333334,11.9375,5.531837686557867,28,1,/mnt/data/ssz/mr/results/Qwen2.5-VL/pope/memvr/analysis/coco_POPE_random/1668.pt
922,922,coco_POPE_random,coco_POPE_random,1,0,No!,no,1.703125,0.7586805555555556,11.9375,5.661733062197119,28,1,/mnt/data/ssz/mr/results/Qwen2.5-VL/pope/memvr/analysis/coco_POPE_random/922.pt
177,177,coco_POPE_random,coco_POPE_random,0,0,No!,yes,1.703125,0.7511574074074074,11.9375,5.525873377966491,28,1,/mnt/data/ssz/mr/results/Qwen2.5-VL/pope/memvr/analysis/coco_POPE_random/177.pt
2423,2423,coco_POPE_random,coco_POPE_random,1,0,"Yes,",yes,1.7421875,0.7602719907407407,11.9375,4.87322947537484,28,1,/mnt/data/ssz/mr/results/Qwen2.5-VL/pope/memvr/analysis/coco_POPE_random/2423.pt
1669,1669,coco_POPE_random,coco_POPE_random,1,0,"Yes,",yes,1.71875,0.7536168981481481,11.9375,4.8104783263066135,28,1,/mnt/data/ssz/mr/results/Qwen2.5-VL/pope/memvr/analysis/coco_POPE_random/1669.pt
923,923,coco_POPE_random,coco_POPE_random,0,0,No!,yes,1.703125,0.7583912037037037,11.9375,5.671841444328195,28,1,/mnt/data/ssz/mr/results/Qwen2.5-VL/pope/memvr/analysis/coco_POPE_random/923.pt
178,178,coco_POPE_random,coco_POPE_random,1,0,No!,no,1.703125,0.7510127314814815,11.9375,5.529146947462919,28,1,/mnt/data/ssz/mr/results/Qwen2.5-VL/pope/memvr/analysis/coco_POPE_random/178.pt
2424,2424,coco_POPE_random,coco_POPE_random,1,0,No!,no,1.734375,0.7659143518518519,11.9375,5.489853240015597,28,1,/mnt/data/ssz/mr/results/Qwen2.5-VL/pope/memvr/analysis/coco_POPE_random/2424.pt
1670,1670,coco_POPE_random,coco_POPE_random,1,0,No!,no,1.71875,0.7598379629629629,11.9375,5.596259735125104,28,1,/mnt/data/ssz/mr/results/Qwen2.5-VL/pope/memvr/analysis/coco_POPE_random/1670.pt
924,924,coco_POPE_random,coco_POPE_random,1,0,No!,no,1.703125,0.7583912037037037,11.9375,5.582034586063577,28,1,/mnt/data/ssz/mr/results/Qwen2.5-VL/pope/memvr/analysis/coco_POPE_random/924.pt
179,179,coco_POPE_random,coco_POPE_random,0,0,No!,yes,1.703125,0.7511574074074074,11.9375,5.509546741356487,28,1,/mnt/data/ssz/mr/results/Qwen2.5-VL/pope/memvr/analysis/coco_POPE_random/179.pt
1671,1671,coco_POPE_random,coco_POPE_random,1,0,"Yes,",yes,1.71875,0.7534722222222222,11.9375,4.888620518949061,28,1,/mnt/data/ssz/mr/results/Qwen2.5-VL/pope/memvr/analysis/coco_POPE_random/1671.pt
2425,2425,coco_POPE_random,coco_POPE_random,1,0,"Yes,",yes,1.71875,0.7303964120370371,11.9375,4.850550996269235,28,1,/mnt/data/ssz/mr/results/Qwen2.5-VL/pope/memvr/analysis/coco_POPE_random/2425.pt
925,925,coco_POPE_random,coco_POPE_random,1,0,"Yes,",yes,1.71875,0.7596932870370371,11.9375,4.784822874470027,28,2,/mnt/data/ssz/mr/results/Qwen2.5-VL/pope/memvr/analysis/coco_POPE_random/925.pt
1672,1672,coco_POPE_random,coco_POPE_random,1,0,No!,no,1.71875,0.7598379629629629,11.9375,5.535837728259202,28,1,/mnt/data/ssz/mr/results/Qwen2.5-VL/pope/memvr/analysis/coco_POPE_random/1672.pt
180,180,coco_POPE_random,coco_POPE_random,1,0,No!,no,1.703125,0.7511574074074074,11.9375,5.512280671239011,28,1,/mnt/data/ssz/mr/results/Qwen2.5-VL/pope/memvr/analysis/coco_POPE_random/180.pt
926,926,coco_POPE_random,coco_POPE_random,1,0,No!,no,1.71875,0.7651909722222222,11.9375,5.476503759780152,28,1,/mnt/data/ssz/mr/results/Qwen2.5-VL/pope/memvr/analysis/coco_POPE_random/926.pt
2426,2426,coco_POPE_random,coco_POPE_random,1,0,No!,no,1.71875,0.7377025462962963,11.9375,5.474375830691174,28,1,/mnt/data/ssz/mr/results/Qwen2.5-VL/pope/memvr/analysis/coco_POPE_random/2426.pt
1673,1673,coco_POPE_random,coco_POPE_random,0,0,No!,yes,1.71875,0.7598379629629629,11.9375,5.610966292698353,28,1,/mnt/data/ssz/mr/results/Qwen2.5-VL/pope/memvr/analysis/coco_POPE_random/1673.pt
181,181,coco_POPE_random,coco_POPE_random,1,0,"Yes,",yes,1.71875,0.7436342592592593,11.9375,4.941562261783677,28,1,/mnt/data/ssz/mr/results/Qwen2.5-VL/pope/memvr/analysis/coco_POPE_random/181.pt
927,927,coco_POPE_random,coco_POPE_random,0,0,No!,yes,1.71875,0.7651909722222222,11.9375,5.513686876824318,28,1,/mnt/data/ssz/mr/results/Qwen2.5-VL/pope/memvr/analysis/coco_POPE_random/927.pt
2427,2427,coco_POPE_random,coco_POPE_random,1,0,"Yes,",yes,1.71875,0.7303964120370371,11.9375,4.796173351138288,28,1,/mnt/data/ssz/mr/results/Qwen2.5-VL/pope/memvr/analysis/coco_POPE_random/2427.pt
1674,1674,coco_POPE_random,coco_POPE_random,1,0,No!,no,1.71875,0.7598379629629629,11.9375,5.577244065673454,28,1,/mnt/data/ssz/mr/results/Qwen2.5-VL/pope/memvr/analysis/coco_POPE_random/1674.pt
182,182,coco_POPE_random,coco_POPE_random,1,0,No!,no,1.71875,0.748046875,11.9375,5.534801884952622,28,2,/mnt/data/ssz/mr/results/Qwen2.5-VL/pope/memvr/analysis/coco_POPE_random/182.pt
928,928,coco_POPE_random,coco_POPE_random,1,0,No!,no,1.71875,0.7651909722222222,11.9375,5.5609935004949875,28,1,/mnt/data/ssz/mr/results/Qwen2.5-VL/pope/memvr/analysis/coco_POPE_random/928.pt
2428,2428,coco_POPE_random,coco_POPE_random,1,0,No!,no,1.71875,0.7378472222222222,11.9375,5.5028878616136225,28,1,/mnt/data/ssz/mr/results/Qwen2.5-VL/pope/memvr/analysis/coco_POPE_random/2428.pt
1675,1675,coco_POPE_random,coco_POPE_random,1,0,"Yes,",yes,1.71875,0.7589699074074074,11.9375,4.719608083959468,28,1,/mnt/data/ssz/mr/results/Qwen2.5-VL/pope/memvr/analysis/coco_POPE_random/1675.pt
929,929,coco_POPE_random,coco_POPE_random,1,0,"Yes,",yes,1.71875,0.7596932870370371,11.9375,4.902054106865546,28,2,/mnt/data/ssz/mr/results/Qwen2.5-VL/pope/memvr/analysis/coco_POPE_random/929.pt
183,183,coco_POPE_random,coco_POPE_random,1,0,"Yes,",yes,1.71875,0.7436342592592593,11.9375,4.8168560008377375,28,1,/mnt/data/ssz/mr/results/Qwen2.5-VL/pope/memvr/analysis/coco_POPE_random/183.pt
2429,2429,coco_POPE_random,coco_POPE_random,0,0,No!,yes,1.71875,0.7378472222222222,11.9375,5.467722622663884,28,1,/mnt/data/ssz/mr/results/Qwen2.5-VL/pope/memvr/analysis/coco_POPE_random/2429.pt
930,930,coco_POPE_random,coco_POPE_random,1,0,No!,no,1.71875,0.7651909722222222,11.9375,5.488199045340197,28,1,/mnt/data/ssz/mr/results/Qwen2.5-VL/pope/memvr/analysis/coco_POPE_random/930.pt
1676,1676,coco_POPE_random,coco_POPE_random,1,0,No!,no,1.71875,0.7634548611111112,11.9375,5.553212949453272,28,1,/mnt/data/ssz/mr/results/Qwen2.5-VL/pope/memvr/analysis/coco_POPE_random/1676.pt
184,184,coco_POPE_random,coco_POPE_random,1,0,No!,no,1.71875,0.748046875,11.9375,5.550243133611675,28,2,/mnt/data/ssz/mr/results/Qwen2.5-VL/pope/memvr/analysis/coco_POPE_random/184.pt
931,931,coco_POPE_random,coco_POPE_random,1,0,"Yes,",yes,1.71875,0.7489149305555556,11.9375,4.685434667625551,28,1,/mnt/data/ssz/mr/results/Qwen2.5-VL/pope/memvr/analysis/coco_POPE_random/931.pt
1677,1677,coco_POPE_random,coco_POPE_random,0,0,No!,yes,1.71875,0.7633101851851852,11.9375,5.480632718389549,28,1,/mnt/data/ssz/mr/results/Qwen2.5-VL/pope/memvr/analysis/coco_POPE_random/1677.pt
2430,2430,coco_POPE_random,coco_POPE_random,1,0,No!,no,1.71875,0.7378472222222222,11.9375,5.506698634305331,28,1,/mnt/data/ssz/mr/results/Qwen2.5-VL/pope/memvr/analysis/coco_POPE_random/2430.pt
185,185,coco_POPE_random,coco_POPE_random,1,0,"Yes,",yes,1.71875,0.7432725694444444,11.9375,4.682075618095198,28,1,/mnt/data/ssz/mr/results/Qwen2.5-VL/pope/memvr/analysis/coco_POPE_random/185.pt
932,932,coco_POPE_random,coco_POPE_random,1,0,No!,no,1.71875,0.7560040509259259,11.9375,5.469375927506431,28,1,/mnt/data/ssz/mr/results/Qwen2.5-VL/pope/memvr/analysis/coco_POPE_random/932.pt
2431,2431,coco_POPE_random,coco_POPE_random,1,0,"Yes,",yes,1.734375,0.7394386574074074,11.9375,5.015835704724268,28,1,/mnt/data/ssz/mr/results/Qwen2.5-VL/pope/memvr/analysis/coco_POPE_random/2431.pt
1678,1678,coco_POPE_random,coco_POPE_random,1,0,No!,no,1.71875,0.7633101851851852,11.9375,5.615752461177682,28,1,/mnt/data/ssz/mr/results/Qwen2.5-VL/pope/memvr/analysis/coco_POPE_random/1678.pt
186,186,coco_POPE_random,coco_POPE_random,1,0,No!,no,1.71875,0.748046875,11.9375,5.530432390502718,28,2,/mnt/data/ssz/mr/results/Qwen2.5-VL/pope/memvr/analysis/coco_POPE_random/186.pt
187,187,coco_POPE_random,coco_POPE_random,1,0,"Yes,",yes,1.71875,0.7721354166666666,11.9375,4.938657146791244,28,1,/mnt/data/ssz/mr/results/Qwen2.5-VL/pope/memvr/analysis/coco_POPE_random/187.pt
933,933,coco_POPE_random,coco_POPE_random,1,0,"Yes,",yes,1.71875,0.7492766203703703,11.9375,4.81206631987922,28,1,/mnt/data/ssz/mr/results/Qwen2.5-VL/pope/memvr/analysis/coco_POPE_random/933.pt
2432,2432,coco_POPE_random,coco_POPE_random,1,0,No!,no,1.734375,0.7442129629629629,11.9375,5.67261282267884,28,1,/mnt/data/ssz/mr/results/Qwen2.5-VL/pope/memvr/analysis/coco_POPE_random/2432.pt
1679,1679,coco_POPE_random,coco_POPE_random,0,0,No!,yes,1.71875,0.7633101851851852,11.9375,5.62479924812917,28,1,/mnt/data/ssz/mr/results/Qwen2.5-VL/pope/memvr/analysis/coco_POPE_random/1679.pt
188,188,coco_POPE_random,coco_POPE_random,1,0,No!,no,1.703125,0.7760416666666666,11.9375,5.4911202028811985,28,1,/mnt/data/ssz/mr/results/Qwen2.5-VL/pope/memvr/analysis/coco_POPE_random/188.pt
2433,2433,coco_POPE_random,coco_POPE_random,1,0,"Yes,",yes,1.734375,0.7394386574074074,11.9375,4.831121718954569,28,1,/mnt/data/ssz/mr/results/Qwen2.5-VL/pope/memvr/analysis/coco_POPE_random/2433.pt
934,934,coco_POPE_random,coco_POPE_random,1,0,No!,no,1.71875,0.7560040509259259,11.9375,5.438539980921111,28,1,/mnt/data/ssz/mr/results/Qwen2.5-VL/pope/memvr/analysis/coco_POPE_random/934.pt
1680,1680,coco_POPE_random,coco_POPE_random,1,0,No!,no,1.71875,0.7634548611111112,11.9375,5.581179602911389,28,1,/mnt/data/ssz/mr/results/Qwen2.5-VL/pope/memvr/analysis/coco_POPE_random/1680.pt
189,189,coco_POPE_random,coco_POPE_random,1,0,"Yes,",yes,1.71875,0.7721354166666666,11.9375,4.845018678345137,28,1,/mnt/data/ssz/mr/results/Qwen2.5-VL/pope/memvr/analysis/coco_POPE_random/189.pt
2434,2434,coco_POPE_random,coco_POPE_random,1,0,No!,no,1.734375,0.7442129629629629,11.9375,5.56085130419291,28,1,/mnt/data/ssz/mr/results/Qwen2.5-VL/pope/memvr/analysis/coco_POPE_random/2434.pt
935,935,coco_POPE_random,coco_POPE_random,0,0,No!,yes,1.71875,0.7556423611111112,11.9375,5.513235296334407,28,1,/mnt/data/ssz/mr/results/Qwen2.5-VL/pope/memvr/analysis/coco_POPE_random/935.pt
1681,1681,coco_POPE_random,coco_POPE_random,1,0,"Yes,",yes,1.734375,0.7452256944444444,11.9375,4.723532757861888,28,2,/mnt/data/ssz/mr/results/Qwen2.5-VL/pope/memvr/analysis/coco_POPE_random/1681.pt
190,190,coco_POPE_random,coco_POPE_random,1,0,No!,no,1.703125,0.7760416666666666,11.9375,5.535254925297891,28,1,/mnt/data/ssz/mr/results/Qwen2.5-VL/pope/memvr/analysis/coco_POPE_random/190.pt
2435,2435,coco_POPE_random,coco_POPE_random,1,0,"Yes,",yes,1.734375,0.7394386574074074,11.9375,4.871326274681157,28,1,/mnt/data/ssz/mr/results/Qwen2.5-VL/pope/memvr/analysis/coco_POPE_random/2435.pt
191,191,coco_POPE_random,coco_POPE_random,1,0,"Yes,",yes,1.71875,0.7721354166666666,11.9375,4.718298137396704,28,1,/mnt/data/ssz/mr/results/Qwen2.5-VL/pope/memvr/analysis/coco_POPE_random/191.pt
936,936,coco_POPE_random,coco_POPE_random,1,0,No!,no,1.71875,0.7556423611111112,11.9375,5.377236585133881,28,1,/mnt/data/ssz/mr/results/Qwen2.5-VL/pope/memvr/analysis/coco_POPE_random/936.pt
1682,1682,coco_POPE_random,coco_POPE_random,1,0,No!,no,1.734375,0.7505787037037037,11.9375,5.529571837519206,28,1,/mnt/data/ssz/mr/results/Qwen2.5-VL/pope/memvr/analysis/coco_POPE_random/1682.pt
192,192,coco_POPE_random,coco_POPE_random,1,0,No!,no,1.703125,0.7758969907407407,11.9375,5.59596924948491,28,1,/mnt/data/ssz/mr/results/Qwen2.5-VL/pope/memvr/analysis/coco_POPE_random/192.pt
2436,2436,coco_POPE_random,coco_POPE_random,1,0,No!,no,1.7265625,0.7439236111111112,11.9375,5.540046771116171,28,1,/mnt/data/ssz/mr/results/Qwen2.5-VL/pope/memvr/analysis/coco_POPE_random/2436.pt
937,937,coco_POPE_random,coco_POPE_random,1,0,"Yes,",yes,1.734375,0.7416811342592593,11.9375,4.835432420038318,28,1,/mnt/data/ssz/mr/results/Qwen2.5-VL/pope/memvr/analysis/coco_POPE_random/937.pt
1683,1683,coco_POPE_random,coco_POPE_random,1,0,"Yes,",yes,1.734375,0.7452256944444444,11.9375,4.765768316458037,28,2,/mnt/data/ssz/mr/results/Qwen2.5-VL/pope/memvr/analysis/coco_POPE_random/1683.pt
193,193,coco_POPE_random,coco_POPE_random,1,0,"Yes,",yes,1.65625,0.7620081018518519,11.9375,4.791748318928529,28,2,/mnt/data/ssz/mr/results/Qwen2.5-VL/pope/memvr/analysis/coco_POPE_random/193.pt
2437,2437,coco_POPE_random,coco_POPE_random,1,0,"Yes,",yes,1.7421875,0.7518807870370371,11.9375,4.78755430413163,28,1,/mnt/data/ssz/mr/results/Qwen2.5-VL/pope/memvr/analysis/coco_POPE_random/2437.pt
938,938,coco_POPE_random,coco_POPE_random,1,0,No!,no,1.734375,0.7446469907407407,11.9375,5.52253291865215,28,1,/mnt/data/ssz/mr/results/Qwen2.5-VL/pope/memvr/analysis/coco_POPE_random/938.pt
1684,1684,coco_POPE_random,coco_POPE_random,1,0,No!,no,1.734375,0.7502893518518519,11.9375,5.513036571282022,28,1,/mnt/data/ssz/mr/results/Qwen2.5-VL/pope/memvr/analysis/coco_POPE_random/1684.pt
194,194,coco_POPE_random,coco_POPE_random,1,0,No!,no,1.65625,0.7674334490740741,11.9375,5.5533262530782315,28,1,/mnt/data/ssz/mr/results/Qwen2.5-VL/pope/memvr/analysis/coco_POPE_random/194.pt
2438,2438,coco_POPE_random,coco_POPE_random,1,0,No!,no,1.734375,0.7557146990740741,11.9375,5.5304089394594795,28,1,/mnt/data/ssz/mr/results/Qwen2.5-VL/pope/memvr/analysis/coco_POPE_random/2438.pt
939,939,coco_POPE_random,coco_POPE_random,0,0,No!,yes,1.734375,0.7445023148148148,11.9375,5.6997575141897965,28,1,/mnt/data/ssz/mr/results/Qwen2.5-VL/pope/memvr/analysis/coco_POPE_random/939.pt
1685,1685,coco_POPE_random,coco_POPE_random,1,0,"Yes,",yes,1.734375,0.7449363425925926,11.9375,4.854719508357653,28,2,/mnt/data/ssz/mr/results/Qwen2.5-VL/pope/memvr/analysis/coco_POPE_random/1685.pt
195,195,coco_POPE_random,coco_POPE_random,0,0,No!,yes,1.65625,0.7670717592592593,11.9375,5.580331853043202,28,1,/mnt/data/ssz/mr/results/Qwen2.5-VL/pope/memvr/analysis/coco_POPE_random/195.pt
196,196,coco_POPE_random,coco_POPE_random,1,0,No!,no,1.65625,0.7672164351851852,11.9375,5.464234281287535,28,1,/mnt/data/ssz/mr/results/Qwen2.5-VL/pope/memvr/analysis/coco_POPE_random/196.pt
940,940,coco_POPE_random,coco_POPE_random,1,0,No!,no,1.734375,0.7446469907407407,11.9375,5.576237133565287,28,1,/mnt/data/ssz/mr/results/Qwen2.5-VL/pope/memvr/analysis/coco_POPE_random/940.pt
2439,2439,coco_POPE_random,coco_POPE_random,1,0,"Yes,",yes,1.7421875,0.7518807870370371,11.9375,4.879689524325573,28,1,/mnt/data/ssz/mr/results/Qwen2.5-VL/pope/memvr/analysis/coco_POPE_random/2439.pt
1686,1686,coco_POPE_random,coco_POPE_random,1,0,No!,no,1.734375,0.7505787037037037,11.9375,5.454003456583074,28,1,/mnt/data/ssz/mr/results/Qwen2.5-VL/pope/memvr/analysis/coco_POPE_random/1686.pt
197,197,coco_POPE_random,coco_POPE_random,0,0,No!,yes,1.65625,0.7672164351851852,11.9375,5.597272882833467,28,1,/mnt/data/ssz/mr/results/Qwen2.5-VL/pope/memvr/analysis/coco_POPE_random/197.pt
941,941,coco_POPE_random,coco_POPE_random,1,0,"Yes,",yes,1.734375,0.7415364583333334,11.9375,4.860741388721143,28,1,/mnt/data/ssz/mr/results/Qwen2.5-VL/pope/memvr/analysis/coco_POPE_random/941.pt
2440,2440,coco_POPE_random,coco_POPE_random,1,0,No!,no,1.734375,0.7557146990740741,11.9375,5.497436644918174,28,1,/mnt/data/ssz/mr/results/Qwen2.5-VL/pope/memvr/analysis/coco_POPE_random/2440.pt
1687,1687,coco_POPE_random,coco_POPE_random,0,0,No!,yes,1.734375,0.7465277777777778,11.9375,5.549075885729539,28,1,/mnt/data/ssz/mr/results/Qwen2.5-VL/pope/memvr/analysis/coco_POPE_random/1687.pt
198,198,coco_POPE_random,coco_POPE_random,1,0,No!,no,1.65625,0.7671440972222222,11.9375,5.484764452755387,28,1,/mnt/data/ssz/mr/results/Qwen2.5-VL/pope/memvr/analysis/coco_POPE_random/198.pt
942,942,coco_POPE_random,coco_POPE_random,1,0,No!,no,1.734375,0.7446469907407407,11.9375,5.4598140166900615,28,1,/mnt/data/ssz/mr/results/Qwen2.5-VL/pope/memvr/analysis/coco_POPE_random/942.pt
2441,2441,coco_POPE_random,coco_POPE_random,1,0,"Yes,",yes,1.7421875,0.7518807870370371,11.9375,4.840426090757837,28,1,/mnt/data/ssz/mr/results/Qwen2.5-VL/pope/memvr/analysis/coco_POPE_random/2441.pt
1688,1688,coco_POPE_random,coco_POPE_random,1,0,No!,no,1.734375,0.7465277777777778,11.9375,5.550560335273672,28,1,/mnt/data/ssz/mr/results/Qwen2.5-VL/pope/memvr/analysis/coco_POPE_random/1688.pt
199,199,coco_POPE_random,coco_POPE_random,0,0,No!,yes,1.6875,0.7397280092592593,11.9375,5.532985974497525,28,1,/mnt/data/ssz/mr/results/Qwen2.5-VL/pope/memvr/analysis/coco_POPE_random/199.pt
943,943,coco_POPE_random,coco_POPE_random,0,0,No!,yes,1.6875,0.7494212962962963,11.9375,5.685130300124346,28,1,/mnt/data/ssz/mr/results/Qwen2.5-VL/pope/memvr/analysis/coco_POPE_random/943.pt
2442,2442,coco_POPE_random,coco_POPE_random,1,0,No!,no,1.734375,0.7557146990740741,11.9375,5.476210813886923,28,1,/mnt/data/ssz/mr/results/Qwen2.5-VL/pope/memvr/analysis/coco_POPE_random/2442.pt
1689,1689,coco_POPE_random,coco_POPE_random,1,0,"Yes,",yes,1.7421875,0.7408130787037037,11.9375,4.923243858039862,28,1,/mnt/data/ssz/mr/results/Qwen2.5-VL/pope/memvr/analysis/coco_POPE_random/1689.pt
200,200,coco_POPE_random,coco_POPE_random,1,0,No!,no,1.6875,0.7397280092592593,11.9375,5.607050095687633,28,1,/mnt/data/ssz/mr/results/Qwen2.5-VL/pope/memvr/analysis/coco_POPE_random/200.pt
944,944,coco_POPE_random,coco_POPE_random,1,0,No!,no,1.6875,0.7494212962962963,11.9375,5.533196919530006,28,1,/mnt/data/ssz/mr/results/Qwen2.5-VL/pope/memvr/analysis/coco_POPE_random/944.pt
201,201,coco_POPE_random,coco_POPE_random,1,0,"Yes,",yes,1.6953125,0.7388599537037037,11.9375,4.8887078596810545,28,1,/mnt/data/ssz/mr/results/Qwen2.5-VL/pope/memvr/analysis/coco_POPE_random/201.pt
2443,2443,coco_POPE_random,coco_POPE_random,0,0,No!,yes,1.7109375,0.7421875,11.9375,5.662334804141649,28,1,/mnt/data/ssz/mr/results/Qwen2.5-VL/pope/memvr/analysis/coco_POPE_random/2443.pt
1690,1690,coco_POPE_random,coco_POPE_random,1,0,No!,no,1.734375,0.74609375,11.9375,5.457540879324064,28,1,/mnt/data/ssz/mr/results/Qwen2.5-VL/pope/memvr/analysis/coco_POPE_random/1690.pt
945,945,coco_POPE_random,coco_POPE_random,0,0,No!,yes,1.6875,0.7494212962962963,11.9375,5.604650878377627,28,1,/mnt/data/ssz/mr/results/Qwen2.5-VL/pope/memvr/analysis/coco_POPE_random/945.pt
202,202,coco_POPE_random,coco_POPE_random,1,0,No!,no,1.6875,0.7397280092592593,11.9375,5.577164158366078,28,1,/mnt/data/ssz/mr/results/Qwen2.5-VL/pope/memvr/analysis/coco_POPE_random/202.pt
2444,2444,coco_POPE_random,coco_POPE_random,1,0,No!,no,1.7109375,0.7421875,11.9375,5.514160754390669,28,1,/mnt/data/ssz/mr/results/Qwen2.5-VL/pope/memvr/analysis/coco_POPE_random/2444.pt
1691,1691,coco_POPE_random,coco_POPE_random,1,0,"Yes,",yes,1.7421875,0.7412471064814815,11.9375,4.847638607174013,28,1,/mnt/data/ssz/mr/results/Qwen2.5-VL/pope/memvr/analysis/coco_POPE_random/1691.pt
946,946,coco_POPE_random,coco_POPE_random,1,0,No!,no,1.6875,0.7494212962962963,11.9375,5.691429051424135,28,1,/mnt/data/ssz/mr/results/Qwen2.5-VL/pope/memvr/analysis/coco_POPE_random/946.pt
203,203,coco_POPE_random,coco_POPE_random,0,0,No!,yes,1.6875,0.7405237268518519,11.9375,5.535291398525887,28,1,/mnt/data/ssz/mr/results/Qwen2.5-VL/pope/memvr/analysis/coco_POPE_random/203.pt
2445,2445,coco_POPE_random,coco_POPE_random,1,0,"Yes,",yes,1.7109375,0.7374131944444444,11.9375,4.70104104118469,28,1,/mnt/data/ssz/mr/results/Qwen2.5-VL/pope/memvr/analysis/coco_POPE_random/2445.pt
1692,1692,coco_POPE_random,coco_POPE_random,1,0,No!,no,1.734375,0.7465277777777778,11.9375,5.553033898882482,28,1,/mnt/data/ssz/mr/results/Qwen2.5-VL/pope/memvr/analysis/coco_POPE_random/1692.pt
204,204,coco_POPE_random,coco_POPE_random,1,0,No!,no,1.6875,0.7397280092592593,11.9375,5.515688937954769,28,1,/mnt/data/ssz/mr/results/Qwen2.5-VL/pope/memvr/analysis/coco_POPE_random/204.pt
947,947,coco_POPE_random,coco_POPE_random,1,0,"Yes,",yes,1.703125,0.7414641203703703,11.9375,4.868877654935833,28,1,/mnt/data/ssz/mr/results/Qwen2.5-VL/pope/memvr/analysis/coco_POPE_random/947.pt
1693,1693,coco_POPE_random,coco_POPE_random,1,0,"Yes,",yes,1.734375,0.7475405092592593,11.9375,4.806243373444435,28,1,/mnt/data/ssz/mr/results/Qwen2.5-VL/pope/memvr/analysis/coco_POPE_random/1693.pt
2446,2446,coco_POPE_random,coco_POPE_random,1,0,No!,no,1.7109375,0.7423321759259259,11.9375,5.465924886775203,28,1,/mnt/data/ssz/mr/results/Qwen2.5-VL/pope/memvr/analysis/coco_POPE_random/2446.pt
205,205,coco_POPE_random,coco_POPE_random,1,0,"Yes,",yes,1.75,0.7371961805555556,11.9375,4.829931666245961,28,1,/mnt/data/ssz/mr/results/Qwen2.5-VL/pope/memvr/analysis/coco_POPE_random/205.pt
948,948,coco_POPE_random,coco_POPE_random,1,0,No!,no,1.6875,0.7494212962962963,11.9375,5.564330316018108,28,1,/mnt/data/ssz/mr/results/Qwen2.5-VL/pope/memvr/analysis/coco_POPE_random/948.pt
1694,1694,coco_POPE_random,coco_POPE_random,1,0,No!,no,1.7265625,0.7527488425925926,11.9375,5.520699651598863,28,1,/mnt/data/ssz/mr/results/Qwen2.5-VL/pope/memvr/analysis/coco_POPE_random/1694.pt
2447,2447,coco_POPE_random,coco_POPE_random,1,0,"Yes,",yes,1.7109375,0.7374131944444444,11.9375,4.7686422180774874,28,1,/mnt/data/ssz/mr/results/Qwen2.5-VL/pope/memvr/analysis/coco_POPE_random/2447.pt
206,206,coco_POPE_random,coco_POPE_random,1,0,No!,no,1.75,0.7411747685185185,11.9375,5.431321926976627,28,1,/mnt/data/ssz/mr/results/Qwen2.5-VL/pope/memvr/analysis/coco_POPE_random/206.pt
949,949,coco_POPE_random,coco_POPE_random,1,0,"Yes,",yes,1.703125,0.7567997685185185,11.9375,4.987816682873709,28,1,/mnt/data/ssz/mr/results/Qwen2.5-VL/pope/memvr/analysis/coco_POPE_random/949.pt
1695,1695,coco_POPE_random,coco_POPE_random,1,0,"Yes,",yes,1.734375,0.7475405092592593,11.9375,4.9470284792543575,28,1,/mnt/data/ssz/mr/results/Qwen2.5-VL/pope/memvr/analysis/coco_POPE_random/1695.pt
207,207,coco_POPE_random,coco_POPE_random,1,0,"Yes,",yes,1.75,0.7377748842592593,11.9375,4.889916697896391,28,1,/mnt/data/ssz/mr/results/Qwen2.5-VL/pope/memvr/analysis/coco_POPE_random/207.pt
2448,2448,coco_POPE_random,coco_POPE_random,1,0,No!,no,1.7109375,0.7423321759259259,11.9375,5.449765899351593,28,1,/mnt/data/ssz/mr/results/Qwen2.5-VL/pope/memvr/analysis/coco_POPE_random/2448.pt
208,208,coco_POPE_random,coco_POPE_random,1,0,No!,no,1.75,0.7411747685185185,11.9375,5.476040768433199,28,1,/mnt/data/ssz/mr/results/Qwen2.5-VL/pope/memvr/analysis/coco_POPE_random/208.pt
950,950,coco_POPE_random,coco_POPE_random,1,0,No!,no,1.703125,0.7621527777777778,11.9375,5.698225625373355,28,1,/mnt/data/ssz/mr/results/Qwen2.5-VL/pope/memvr/analysis/coco_POPE_random/950.pt
1696,1696,coco_POPE_random,coco_POPE_random,1,0,No!,no,1.7265625,0.7527488425925926,11.9375,5.509941611836674,28,1,/mnt/data/ssz/mr/results/Qwen2.5-VL/pope/memvr/analysis/coco_POPE_random/1696.pt
2449,2449,coco_POPE_random,coco_POPE_random,0,0,No!,yes,1.703125,0.7229456018518519,11.9375,5.495730808373302,28,1,/mnt/data/ssz/mr/results/Qwen2.5-VL/pope/memvr/analysis/coco_POPE_random/2449.pt
209,209,coco_POPE_random,coco_POPE_random,1,0,"Yes,",yes,1.75,0.7371961805555556,11.9375,4.7910538130281335,28,1,/mnt/data/ssz/mr/results/Qwen2.5-VL/pope/memvr/analysis/coco_POPE_random/209.pt
951,951,coco_POPE_random,coco_POPE_random,0,0,No!,yes,1.703125,0.7621527777777778,11.9375,5.672558960243899,28,1,/mnt/data/ssz/mr/results/Qwen2.5-VL/pope/memvr/analysis/coco_POPE_random/951.pt
1697,1697,coco_POPE_random,coco_POPE_random,0,0,No!,yes,1.7265625,0.7527488425925926,11.9375,5.530415435668884,28,1,/mnt/data/ssz/mr/results/Qwen2.5-VL/pope/memvr/analysis/coco_POPE_random/1697.pt
2450,2450,coco_POPE_random,coco_POPE_random,1,0,No!,no,1.703125,0.7229456018518519,11.9375,5.516320831847883,28,1,/mnt/data/ssz/mr/results/Qwen2.5-VL/pope/memvr/analysis/coco_POPE_random/2450.pt
210,210,coco_POPE_random,coco_POPE_random,1,0,No!,no,1.7578125,0.7404513888888888,11.9375,5.491256432018786,28,2,/mnt/data/ssz/mr/results/Qwen2.5-VL/pope/memvr/analysis/coco_POPE_random/210.pt
952,952,coco_POPE_random,coco_POPE_random,1,0,No!,no,1.703125,0.7621527777777778,11.9375,5.685187694592248,28,1,/mnt/data/ssz/mr/results/Qwen2.5-VL/pope/memvr/analysis/coco_POPE_random/952.pt
1698,1698,coco_POPE_random,coco_POPE_random,1,0,No!,no,1.7265625,0.7527488425925926,11.9375,5.51012959948476,28,1,/mnt/data/ssz/mr/results/Qwen2.5-VL/pope/memvr/analysis/coco_POPE_random/1698.pt
211,211,coco_POPE_random,coco_POPE_random,1,0,"Yes,",yes,1.734375,0.7245370370370371,11.9375,4.851230049829743,28,1,/mnt/data/ssz/mr/results/Qwen2.5-VL/pope/memvr/analysis/coco_POPE_random/211.pt
2451,2451,coco_POPE_random,coco_POPE_random,1,0,"Yes,",yes,1.71875,0.7160011574074074,11.9375,4.73248640852756,28,1,/mnt/data/ssz/mr/results/Qwen2.5-VL/pope/memvr/analysis/coco_POPE_random/2451.pt
953,953,coco_POPE_random,coco_POPE_random,1,0,"Yes,",yes,1.703125,0.7514467592592593,11.9375,4.882535038736715,28,1,/mnt/data/ssz/mr/results/Qwen2.5-VL/pope/memvr/analysis/coco_POPE_random/953.pt
212,212,coco_POPE_random,coco_POPE_random,1,0,No!,no,1.734375,0.7293113425925926,11.9375,5.527636777639537,28,1,/mnt/data/ssz/mr/results/Qwen2.5-VL/pope/memvr/analysis/coco_POPE_random/212.pt
1699,1699,coco_POPE_random,coco_POPE_random,1,0,"Yes,",yes,1.734375,0.7311197916666666,11.9375,4.808552790381993,28,1,/mnt/data/ssz/mr/results/Qwen2.5-VL/pope/memvr/analysis/coco_POPE_random/1699.pt
2452,2452,coco_POPE_random,coco_POPE_random,1,0,No!,no,1.703125,0.7229456018518519,11.9375,5.5381247579556465,28,1,/mnt/data/ssz/mr/results/Qwen2.5-VL/pope/memvr/analysis/coco_POPE_random/2452.pt
213,213,coco_POPE_random,coco_POPE_random,1,0,"Yes,",yes,1.734375,0.7245370370370371,11.9375,4.843449598480911,28,1,/mnt/data/ssz/mr/results/Qwen2.5-VL/pope/memvr/analysis/coco_POPE_random/213.pt
954,954,coco_POPE_random,coco_POPE_random,1,0,No!,no,1.703125,0.7621527777777778,11.9375,5.702403176402876,28,1,/mnt/data/ssz/mr/results/Qwen2.5-VL/pope/memvr/analysis/coco_POPE_random/954.pt
1700,1700,coco_POPE_random,coco_POPE_random,1,0,No!,no,1.734375,0.7358217592592593,11.9375,5.513884714960678,28,1,/mnt/data/ssz/mr/results/Qwen2.5-VL/pope/memvr/analysis/coco_POPE_random/1700.pt
214,214,coco_POPE_random,coco_POPE_random,1,0,No!,no,1.734375,0.73046875,11.9375,5.474665089144012,28,1,/mnt/data/ssz/mr/results/Qwen2.5-VL/pope/memvr/analysis/coco_POPE_random/214.pt
2453,2453,coco_POPE_random,coco_POPE_random,1,0,"Yes,",yes,1.71875,0.7160011574074074,11.9375,4.765342263813088,28,1,/mnt/data/ssz/mr/results/Qwen2.5-VL/pope/memvr/analysis/coco_POPE_random/2453.pt
955,955,coco_POPE_random,coco_POPE_random,1,0,"Yes,",yes,1.703125,0.7365451388888888,11.9375,4.871257061401062,28,1,/mnt/data/ssz/mr/results/Qwen2.5-VL/pope/memvr/analysis/coco_POPE_random/955.pt
1701,1701,coco_POPE_random,coco_POPE_random,1,0,"Yes,",yes,1.734375,0.7311197916666666,11.9375,4.763233850606225,28,1,/mnt/data/ssz/mr/results/Qwen2.5-VL/pope/memvr/analysis/coco_POPE_random/1701.pt
215,215,coco_POPE_random,coco_POPE_random,0,0,No!,yes,1.734375,0.73046875,11.9375,5.49100048923732,28,1,/mnt/data/ssz/mr/results/Qwen2.5-VL/pope/memvr/analysis/coco_POPE_random/215.pt
2454,2454,coco_POPE_random,coco_POPE_random,1,0,No!,no,1.7109375,0.7245370370370371,11.9375,5.494354557608231,28,1,/mnt/data/ssz/mr/results/Qwen2.5-VL/pope/memvr/analysis/coco_POPE_random/2454.pt
956,956,coco_POPE_random,coco_POPE_random,1,0,No!,no,1.6875,0.7420428240740741,11.9375,5.483389249356495,28,1,/mnt/data/ssz/mr/results/Qwen2.5-VL/pope/memvr/analysis/coco_POPE_random/956.pt
216,216,coco_POPE_random,coco_POPE_random,1,0,No!,no,1.734375,0.7288773148148148,11.9375,5.5437504408437395,28,1,/mnt/data/ssz/mr/results/Qwen2.5-VL/pope/memvr/analysis/coco_POPE_random/216.pt
1702,1702,coco_POPE_random,coco_POPE_random,1,0,No!,no,1.734375,0.7358217592592593,11.9375,5.585045558166022,28,1,/mnt/data/ssz/mr/results/Qwen2.5-VL/pope/memvr/analysis/coco_POPE_random/1702.pt
2455,2455,coco_POPE_random,coco_POPE_random,1,0,"Yes,",yes,1.71875,0.7372685185185185,11.9375,4.897436849300087,28,1,/mnt/data/ssz/mr/results/Qwen2.5-VL/pope/memvr/analysis/coco_POPE_random/2455.pt
217,217,coco_POPE_random,coco_POPE_random,1,0,"Yes,",yes,1.71875,0.7217158564814815,11.9375,4.881574481631412,28,1,/mnt/data/ssz/mr/results/Qwen2.5-VL/pope/memvr/analysis/coco_POPE_random/217.pt
957,957,coco_POPE_random,coco_POPE_random,0,0,No!,yes,1.6875,0.7420428240740741,11.9375,5.657221304379321,28,1,/mnt/data/ssz/mr/results/Qwen2.5-VL/pope/memvr/analysis/coco_POPE_random/957.pt
1703,1703,coco_POPE_random,coco_POPE_random,1,0,"Yes,",yes,1.734375,0.7311197916666666,11.9375,4.8529762738597215,28,1,/mnt/data/ssz/mr/results/Qwen2.5-VL/pope/memvr/analysis/coco_POPE_random/1703.pt
2456,2456,coco_POPE_random,coco_POPE_random,1,0,No!,no,1.71875,0.7434172453703703,11.9375,5.457718461347746,28,1,/mnt/data/ssz/mr/results/Qwen2.5-VL/pope/memvr/analysis/coco_POPE_random/2456.pt
218,218,coco_POPE_random,coco_POPE_random,1,0,No!,no,1.71875,0.7242476851851852,11.9375,5.501341632058029,28,1,/mnt/data/ssz/mr/results/Qwen2.5-VL/pope/memvr/analysis/coco_POPE_random/218.pt
958,958,coco_POPE_random,coco_POPE_random,1,0,No!,no,1.6875,0.7420428240740741,11.9375,5.468896232458629,28,1,/mnt/data/ssz/mr/results/Qwen2.5-VL/pope/memvr/analysis/coco_POPE_random/958.pt
1704,1704,coco_POPE_random,coco_POPE_random,1,0,No!,no,1.734375,0.7358217592592593,11.9375,5.533787417902478,28,1,/mnt/data/ssz/mr/results/Qwen2.5-VL/pope/memvr/analysis/coco_POPE_random/1704.pt
2457,2457,coco_POPE_random,coco_POPE_random,1,0,"Yes,",yes,1.71875,0.7372685185185185,11.9375,4.783506920887201,28,1,/mnt/data/ssz/mr/results/Qwen2.5-VL/pope/memvr/analysis/coco_POPE_random/2457.pt
219,219,coco_POPE_random,coco_POPE_random,1,0,"Yes,",yes,1.71875,0.7217158564814815,11.9375,4.757920784907119,28,1,/mnt/data/ssz/mr/results/Qwen2.5-VL/pope/memvr/analysis/coco_POPE_random/219.pt
959,959,coco_POPE_random,coco_POPE_random,1,0,"Yes,",yes,1.703125,0.7365451388888888,11.9375,4.814263420525973,28,1,/mnt/data/ssz/mr/results/Qwen2.5-VL/pope/memvr/analysis/coco_POPE_random/959.pt
1705,1705,coco_POPE_random,coco_POPE_random,1,0,"Yes,",yes,1.703125,0.7554976851851852,11.9375,4.779824841720131,28,1,/mnt/data/ssz/mr/results/Qwen2.5-VL/pope/memvr/analysis/coco_POPE_random/1705.pt
2458,2458,coco_POPE_random,coco_POPE_random,1,0,No!,no,1.71875,0.7439236111111112,11.9375,5.468018885923407,28,1,/mnt/data/ssz/mr/results/Qwen2.5-VL/pope/memvr/analysis/coco_POPE_random/2458.pt
220,220,coco_POPE_random,coco_POPE_random,1,0,No!,no,1.71875,0.7249710648148148,11.9375,5.456154405175703,28,1,/mnt/data/ssz/mr/results/Qwen2.5-VL/pope/memvr/analysis/coco_POPE_random/220.pt
960,960,coco_POPE_random,coco_POPE_random,1,0,No!,no,1.6875,0.7420428240740741,11.9375,5.623761058862517,28,1,/mnt/data/ssz/mr/results/Qwen2.5-VL/pope/memvr/analysis/coco_POPE_random/960.pt
1706,1706,coco_POPE_random,coco_POPE_random,1,0,No!,no,1.6953125,0.7603443287037037,11.9375,5.569133179787545,28,1,/mnt/data/ssz/mr/results/Qwen2.5-VL/pope/memvr/analysis/coco_POPE_random/1706.pt
2459,2459,coco_POPE_random,coco_POPE_random,0,0,No!,yes,1.71875,0.7434172453703703,11.9375,5.452576597352413,28,1,/mnt/data/ssz/mr/results/Qwen2.5-VL/pope/memvr/analysis/coco_POPE_random/2459.pt
221,221,coco_POPE_random,coco_POPE_random,1,0,"Yes,",yes,1.71875,0.7217158564814815,11.9375,4.833733687404502,28,1,/mnt/data/ssz/mr/results/Qwen2.5-VL/pope/memvr/analysis/coco_POPE_random/221.pt
961,961,coco_POPE_random,coco_POPE_random,1,0,"Yes,",yes,1.734375,0.75,11.9375,4.8789501884776065,28,2,/mnt/data/ssz/mr/results/Qwen2.5-VL/pope/memvr/analysis/coco_POPE_random/961.pt
2460,2460,coco_POPE_random,coco_POPE_random,1,0,No!,no,1.71875,0.7439236111111112,11.9375,5.48642727780599,28,1,/mnt/data/ssz/mr/results/Qwen2.5-VL/pope/memvr/analysis/coco_POPE_random/2460.pt
1707,1707,coco_POPE_random,coco_POPE_random,0,0,No!,yes,1.6953125,0.7598379629629629,11.9375,5.644247580841254,28,1,/mnt/data/ssz/mr/results/Qwen2.5-VL/pope/memvr/analysis/coco_POPE_random/1707.pt
222,222,coco_POPE_random,coco_POPE_random,1,0,No!,no,1.71875,0.7249710648148148,11.9375,5.401898861947052,28,1,/mnt/data/ssz/mr/results/Qwen2.5-VL/pope/memvr/analysis/coco_POPE_random/222.pt
962,962,coco_POPE_random,coco_POPE_random,1,0,No!,no,1.734375,0.7546296296296297,11.9375,5.463489118815891,28,2,/mnt/data/ssz/mr/results/Qwen2.5-VL/pope/memvr/analysis/coco_POPE_random/962.pt
2461,2461,coco_POPE_random,coco_POPE_random,1,0,"Yes,",yes,1.7421875,0.7383535879629629,11.9375,5.003147392479403,28,2,/mnt/data/ssz/mr/results/Qwen2.5-VL/pope/memvr/analysis/coco_POPE_random/2461.pt
1708,1708,coco_POPE_random,coco_POPE_random,1,0,No!,no,1.6953125,0.7606336805555556,11.9375,5.553439953485967,28,1,/mnt/data/ssz/mr/results/Qwen2.5-VL/pope/memvr/analysis/coco_POPE_random/1708.pt
223,223,coco_POPE_random,coco_POPE_random,1,0,"Yes,",yes,1.734375,0.7288049768518519,11.9375,4.948339758832012,28,1,/mnt/data/ssz/mr/results/Qwen2.5-VL/pope/memvr/analysis/coco_POPE_random/223.pt
963,963,coco_POPE_random,coco_POPE_random,1,0,"Yes,",yes,1.734375,0.75,11.9375,4.723377671704683,28,2,/mnt/data/ssz/mr/results/Qwen2.5-VL/pope/memvr/analysis/coco_POPE_random/963.pt
2462,2462,coco_POPE_random,coco_POPE_random,1,0,No!,no,1.7421875,0.7461660879629629,11.9375,5.694342989207449,28,1,/mnt/data/ssz/mr/results/Qwen2.5-VL/pope/memvr/analysis/coco_POPE_random/2462.pt
1709,1709,coco_POPE_random,coco_POPE_random,0,0,No!,yes,1.6953125,0.7598379629629629,11.9375,5.666993909231553,28,1,/mnt/data/ssz/mr/results/Qwen2.5-VL/pope/memvr/analysis/coco_POPE_random/1709.pt
224,224,coco_POPE_random,coco_POPE_random,1,0,No!,no,1.734375,0.7348090277777778,11.9375,5.588252754897282,28,1,/mnt/data/ssz/mr/results/Qwen2.5-VL/pope/memvr/analysis/coco_POPE_random/224.pt
964,964,coco_POPE_random,coco_POPE_random,1,0,No!,no,1.734375,0.7552083333333334,11.9375,5.3733915108691575,28,1,/mnt/data/ssz/mr/results/Qwen2.5-VL/pope/memvr/analysis/coco_POPE_random/964.pt
2463,2463,coco_POPE_random,coco_POPE_random,0,0,No!,yes,1.7421875,0.7463831018518519,11.9375,5.578538834241546,28,1,/mnt/data/ssz/mr/results/Qwen2.5-VL/pope/memvr/analysis/coco_POPE_random/2463.pt
1710,1710,coco_POPE_random,coco_POPE_random,1,0,No!,no,1.6953125,0.7598379629629629,11.9375,5.445411540345221,28,1,/mnt/data/ssz/mr/results/Qwen2.5-VL/pope/memvr/analysis/coco_POPE_random/1710.pt
225,225,coco_POPE_random,coco_POPE_random,0,0,No!,yes,1.734375,0.7348090277777778,11.9375,5.57699114810698,28,1,/mnt/data/ssz/mr/results/Qwen2.5-VL/pope/memvr/analysis/coco_POPE_random/225.pt
965,965,coco_POPE_random,coco_POPE_random,1,0,"Yes,",yes,1.734375,0.75,11.9375,4.632934424215227,28,2,/mnt/data/ssz/mr/results/Qwen2.5-VL/pope/memvr/analysis/coco_POPE_random/965.pt
2464,2464,coco_POPE_random,coco_POPE_random,1,0,No!,no,1.7421875,0.7461660879629629,11.9375,5.553454493564051,28,1,/mnt/data/ssz/mr/results/Qwen2.5-VL/pope/memvr/analysis/coco_POPE_random/2464.pt
1711,1711,coco_POPE_random,coco_POPE_random,1,0,"Yes,",yes,1.71875,0.7533275462962963,11.9375,4.738537162271886,28,2,/mnt/data/ssz/mr/results/Qwen2.5-VL/pope/memvr/analysis/coco_POPE_random/1711.pt
226,226,coco_POPE_random,coco_POPE_random,1,0,No!,no,1.734375,0.7348090277777778,11.9375,5.681936989505818,28,1,/mnt/data/ssz/mr/results/Qwen2.5-VL/pope/memvr/analysis/coco_POPE_random/226.pt
966,966,coco_POPE_random,coco_POPE_random,1,0,No!,no,1.71875,0.7540509259259259,11.9375,5.412253024312419,28,1,/mnt/data/ssz/mr/results/Qwen2.5-VL/pope/memvr/analysis/coco_POPE_random/966.pt
2465,2465,coco_POPE_random,coco_POPE_random,0,0,No!,yes,1.7421875,0.7463831018518519,11.9375,5.55759046866422,28,1,/mnt/data/ssz/mr/results/Qwen2.5-VL/pope/memvr/analysis/coco_POPE_random/2465.pt
1712,1712,coco_POPE_random,coco_POPE_random,1,0,No!,no,1.71875,0.7566550925925926,11.9375,5.504327177454734,28,1,/mnt/data/ssz/mr/results/Qwen2.5-VL/pope/memvr/analysis/coco_POPE_random/1712.pt
967,967,coco_POPE_random,coco_POPE_random,1,0,"Yes,",yes,1.671875,0.7549189814814815,11.9375,4.812654003519018,28,1,/mnt/data/ssz/mr/results/Qwen2.5-VL/pope/memvr/analysis/coco_POPE_random/967.pt
227,227,coco_POPE_random,coco_POPE_random,1,0,"Yes,",yes,1.734375,0.7288049768518519,11.9375,4.75780893140975,28,1,/mnt/data/ssz/mr/results/Qwen2.5-VL/pope/memvr/analysis/coco_POPE_random/227.pt
1713,1713,coco_POPE_random,coco_POPE_random,1,0,"Yes,",yes,1.71875,0.7533275462962963,11.9375,4.866795390230531,28,2,/mnt/data/ssz/mr/results/Qwen2.5-VL/pope/memvr/analysis/coco_POPE_random/1713.pt
2466,2466,coco_POPE_random,coco_POPE_random,1,0,No!,no,1.7421875,0.7461660879629629,11.9375,5.69503535272345,28,1,/mnt/data/ssz/mr/results/Qwen2.5-VL/pope/memvr/analysis/coco_POPE_random/2466.pt
968,968,coco_POPE_random,coco_POPE_random,1,0,No!,no,1.671875,0.7583188657407407,11.9375,5.486127862929951,28,1,/mnt/data/ssz/mr/results/Qwen2.5-VL/pope/memvr/analysis/coco_POPE_random/968.pt
1714,1714,coco_POPE_random,coco_POPE_random,1,0,No!,no,1.71875,0.7566550925925926,11.9375,5.489151425357948,28,1,/mnt/data/ssz/mr/results/Qwen2.5-VL/pope/memvr/analysis/coco_POPE_random/1714.pt
228,228,coco_POPE_random,coco_POPE_random,1,0,No!,no,1.734375,0.734375,11.9375,5.556564686254966,28,1,/mnt/data/ssz/mr/results/Qwen2.5-VL/pope/memvr/analysis/coco_POPE_random/228.pt
969,969,coco_POPE_random,coco_POPE_random,0,0,No!,yes,1.671875,0.7585358796296297,11.9375,5.588034956590177,28,1,/mnt/data/ssz/mr/results/Qwen2.5-VL/pope/memvr/analysis/coco_POPE_random/969.pt
2467,2467,coco_POPE_random,coco_POPE_random,1,0,"Yes,",yes,1.71875,0.7587528935185185,11.9375,4.899709196841587,28,1,/mnt/data/ssz/mr/results/Qwen2.5-VL/pope/memvr/analysis/coco_POPE_random/2467.pt
1715,1715,coco_POPE_random,coco_POPE_random,1,0,"Yes,",yes,1.71875,0.7533275462962963,11.9375,4.748250840243946,28,2,/mnt/data/ssz/mr/results/Qwen2.5-VL/pope/memvr/analysis/coco_POPE_random/1715.pt
970,970,coco_POPE_random,coco_POPE_random,1,0,No!,no,1.671875,0.7585358796296297,11.9375,5.495385200826071,28,1,/mnt/data/ssz/mr/results/Qwen2.5-VL/pope/memvr/analysis/coco_POPE_random/970.pt
229,229,coco_POPE_random,coco_POPE_random,0,0,No!,yes,1.703125,0.7567997685185185,11.9375,5.411451841692019,28,1,/mnt/data/ssz/mr/results/Qwen2.5-VL/pope/memvr/analysis/coco_POPE_random/229.pt
2468,2468,coco_POPE_random,coco_POPE_random,1,0,No!,no,1.71875,0.7641782407407407,11.9375,5.633051087277322,28,1,/mnt/data/ssz/mr/results/Qwen2.5-VL/pope/memvr/analysis/coco_POPE_random/2468.pt
1716,1716,coco_POPE_random,coco_POPE_random,1,0,No!,no,1.71875,0.7566550925925926,11.9375,5.527696367633506,28,1,/mnt/data/ssz/mr/results/Qwen2.5-VL/pope/memvr/analysis/coco_POPE_random/1716.pt
971,971,coco_POPE_random,coco_POPE_random,1,0,"Yes,",yes,1.671875,0.7550636574074074,11.9375,4.786372234629362,28,1,/mnt/data/ssz/mr/results/Qwen2.5-VL/pope/memvr/analysis/coco_POPE_random/971.pt
230,230,coco_POPE_random,coco_POPE_random,1,0,No!,no,1.703125,0.7567997685185185,11.9375,5.5001566456124955,28,1,/mnt/data/ssz/mr/results/Qwen2.5-VL/pope/memvr/analysis/coco_POPE_random/230.pt
2469,2469,coco_POPE_random,coco_POPE_random,1,0,"Yes,",yes,1.71875,0.7587528935185185,11.9375,4.714514699022245,28,1,/mnt/data/ssz/mr/results/Qwen2.5-VL/pope/memvr/analysis/coco_POPE_random/2469.pt
1717,1717,coco_POPE_random,coco_POPE_random,1,0,"Yes,",yes,1.7265625,0.7508680555555556,11.9375,4.955663227363291,28,1,/mnt/data/ssz/mr/results/Qwen2.5-VL/pope/memvr/analysis/coco_POPE_random/1717.pt
972,972,coco_POPE_random,coco_POPE_random,1,0,No!,no,1.671875,0.7585358796296297,11.9375,5.467922352041381,28,1,/mnt/data/ssz/mr/results/Qwen2.5-VL/pope/memvr/analysis/coco_POPE_random/972.pt
2470,2470,coco_POPE_random,coco_POPE_random,1,0,No!,no,1.71875,0.7641782407407407,11.9375,5.47816033801942,28,1,/mnt/data/ssz/mr/results/Qwen2.5-VL/pope/memvr/analysis/coco_POPE_random/2470.pt
231,231,coco_POPE_random,coco_POPE_random,1,0,"Yes,",yes,1.7109375,0.7515914351851852,11.9375,4.833090740336401,28,1,/mnt/data/ssz/mr/results/Qwen2.5-VL/pope/memvr/analysis/coco_POPE_random/231.pt
973,973,coco_POPE_random,coco_POPE_random,1,0,"Yes,",yes,1.71875,0.7629484953703703,11.9375,4.779946227872267,28,1,/mnt/data/ssz/mr/results/Qwen2.5-VL/pope/memvr/analysis/coco_POPE_random/973.pt
1718,1718,coco_POPE_random,coco_POPE_random,1,0,No!,no,1.71875,0.7557870370370371,11.9375,5.59807029940709,28,1,/mnt/data/ssz/mr/results/Qwen2.5-VL/pope/memvr/analysis/coco_POPE_random/1718.pt
2471,2471,coco_POPE_random,coco_POPE_random,1,0,"Yes,",yes,1.71875,0.7587528935185185,11.9375,4.9392147679373775,28,1,/mnt/data/ssz/mr/results/Qwen2.5-VL/pope/memvr/analysis/coco_POPE_random/2471.pt
232,232,coco_POPE_random,coco_POPE_random,1,0,No!,no,1.7109375,0.7569444444444444,11.9375,5.4925970845566,28,1,/mnt/data/ssz/mr/results/Qwen2.5-VL/pope/memvr/analysis/coco_POPE_random/232.pt
974,974,coco_POPE_random,coco_POPE_random,1,0,No!,no,1.7109375,0.7685185185185185,11.9375,5.5168923433833115,28,1,/mnt/data/ssz/mr/results/Qwen2.5-VL/pope/memvr/analysis/coco_POPE_random/974.pt
1719,1719,coco_POPE_random,coco_POPE_random,0,0,No!,yes,1.71875,0.7557870370370371,11.9375,5.543027856685763,28,1,/mnt/data/ssz/mr/results/Qwen2.5-VL/pope/memvr/analysis/coco_POPE_random/1719.pt
2472,2472,coco_POPE_random,coco_POPE_random,1,0,No!,no,1.71875,0.7641782407407407,11.9375,5.669966978925702,28,1,/mnt/data/ssz/mr/results/Qwen2.5-VL/pope/memvr/analysis/coco_POPE_random/2472.pt
975,975,coco_POPE_random,coco_POPE_random,1,0,"Yes,",yes,1.71875,0.7629484953703703,11.9375,4.856546420918246,28,1,/mnt/data/ssz/mr/results/Qwen2.5-VL/pope/memvr/analysis/coco_POPE_random/975.pt
233,233,coco_POPE_random,coco_POPE_random,1,0,"Yes,",yes,1.7109375,0.7515914351851852,11.9375,4.784685480369012,28,1,/mnt/data/ssz/mr/results/Qwen2.5-VL/pope/memvr/analysis/coco_POPE_random/233.pt
1720,1720,coco_POPE_random,coco_POPE_random,1,0,No!,no,1.71875,0.7557870370370371,11.9375,5.541854733301612,28,1,/mnt/data/ssz/mr/results/Qwen2.5-VL/pope/memvr/analysis/coco_POPE_random/1720.pt
2473,2473,coco_POPE_random,coco_POPE_random,0,0,No!,yes,1.7421875,0.7410300925925926,11.9375,5.640449160723024,28,1,/mnt/data/ssz/mr/results/Qwen2.5-VL/pope/memvr/analysis/coco_POPE_random/2473.pt
976,976,coco_POPE_random,coco_POPE_random,1,0,No!,no,1.7109375,0.7685185185185185,11.9375,5.467783365890086,28,1,/mnt/data/ssz/mr/results/Qwen2.5-VL/pope/memvr/analysis/coco_POPE_random/976.pt
234,234,coco_POPE_random,coco_POPE_random,1,0,No!,no,1.703125,0.7567997685185185,11.9375,5.467791617021029,28,1,/mnt/data/ssz/mr/results/Qwen2.5-VL/pope/memvr/analysis/coco_POPE_random/234.pt
1721,1721,coco_POPE_random,coco_POPE_random,1,0,"Yes,",yes,1.7265625,0.7508680555555556,11.9375,4.867185872055416,28,1,/mnt/data/ssz/mr/results/Qwen2.5-VL/pope/memvr/analysis/coco_POPE_random/1721.pt
977,977,coco_POPE_random,coco_POPE_random,0,0,No!,yes,1.7109375,0.7683738425925926,11.9375,5.5396697167126066,28,1,/mnt/data/ssz/mr/results/Qwen2.5-VL/pope/memvr/analysis/coco_POPE_random/977.pt
2474,2474,coco_POPE_random,coco_POPE_random,1,0,No!,no,1.7421875,0.7410300925925926,11.9375,5.674654792652047,28,1,/mnt/data/ssz/mr/results/Qwen2.5-VL/pope/memvr/analysis/coco_POPE_random/2474.pt
235,235,coco_POPE_random,coco_POPE_random,1,0,"Yes,",yes,1.6328125,0.7599103009259259,11.9375,4.70587018577198,28,1,/mnt/data/ssz/mr/results/Qwen2.5-VL/pope/memvr/analysis/coco_POPE_random/235.pt
1722,1722,coco_POPE_random,coco_POPE_random,1,0,No!,no,1.71875,0.7557870370370371,11.9375,5.683270086108427,28,1,/mnt/data/ssz/mr/results/Qwen2.5-VL/pope/memvr/analysis/coco_POPE_random/1722.pt
978,978,coco_POPE_random,coco_POPE_random,1,0,No!,no,1.7109375,0.7683738425925926,11.9375,5.53464357163991,28,1,/mnt/data/ssz/mr/results/Qwen2.5-VL/pope/memvr/analysis/coco_POPE_random/978.pt
2475,2475,coco_POPE_random,coco_POPE_random,1,0,"Yes,",yes,1.75,0.7369068287037037,11.9375,5.009435955552471,28,1,/mnt/data/ssz/mr/results/Qwen2.5-VL/pope/memvr/analysis/coco_POPE_random/2475.pt
236,236,coco_POPE_random,coco_POPE_random,1,0,No!,no,1.625,0.7633825231481481,11.9375,5.478321843133142,28,1,/mnt/data/ssz/mr/results/Qwen2.5-VL/pope/memvr/analysis/coco_POPE_random/236.pt
1723,1723,coco_POPE_random,coco_POPE_random,1,0,"Yes,",yes,1.75,0.7419704861111112,11.9375,5.017423803721461,28,1,/mnt/data/ssz/mr/results/Qwen2.5-VL/pope/memvr/analysis/coco_POPE_random/1723.pt
979,979,coco_POPE_random,coco_POPE_random,1,0,"Yes,",yes,1.703125,0.7311921296296297,11.9375,4.86963909028484,28,1,/mnt/data/ssz/mr/results/Qwen2.5-VL/pope/memvr/analysis/coco_POPE_random/979.pt
2476,2476,coco_POPE_random,coco_POPE_random,1,0,No!,no,1.7421875,0.7410300925925926,11.9375,5.591824118703918,28,1,/mnt/data/ssz/mr/results/Qwen2.5-VL/pope/memvr/analysis/coco_POPE_random/2476.pt
237,237,coco_POPE_random,coco_POPE_random,0,0,No!,yes,1.625,0.7641059027777778,11.9375,5.44699911863389,28,1,/mnt/data/ssz/mr/results/Qwen2.5-VL/pope/memvr/analysis/coco_POPE_random/237.pt
980,980,coco_POPE_random,coco_POPE_random,1,0,No!,no,1.703125,0.7348813657407407,11.9375,5.416809229069398,28,1,/mnt/data/ssz/mr/results/Qwen2.5-VL/pope/memvr/analysis/coco_POPE_random/980.pt
1724,1724,coco_POPE_random,coco_POPE_random,1,0,No!,no,1.75,0.7462384259259259,11.9375,5.585649974967094,28,1,/mnt/data/ssz/mr/results/Qwen2.5-VL/pope/memvr/analysis/coco_POPE_random/1724.pt
2477,2477,coco_POPE_random,coco_POPE_random,1,0,"Yes,",yes,1.75,0.7362557870370371,11.9375,4.841492142687747,28,1,/mnt/data/ssz/mr/results/Qwen2.5-VL/pope/memvr/analysis/coco_POPE_random/2477.pt
238,238,coco_POPE_random,coco_POPE_random,1,0,No!,no,1.625,0.7637442129629629,11.9375,5.491063703508346,28,1,/mnt/data/ssz/mr/results/Qwen2.5-VL/pope/memvr/analysis/coco_POPE_random/238.pt
981,981,coco_POPE_random,coco_POPE_random,0,0,No!,yes,1.703125,0.7348090277777778,11.9375,5.441347696958912,28,1,/mnt/data/ssz/mr/results/Qwen2.5-VL/pope/memvr/analysis/coco_POPE_random/981.pt
239,239,coco_POPE_random,coco_POPE_random,1,0,"Yes,",yes,1.6328125,0.7599103009259259,11.9375,4.921083472652065,28,1,/mnt/data/ssz/mr/results/Qwen2.5-VL/pope/memvr/analysis/coco_POPE_random/239.pt
2478,2478,coco_POPE_random,coco_POPE_random,1,0,No!,no,1.7421875,0.7410300925925926,11.9375,5.561380299165304,28,1,/mnt/data/ssz/mr/results/Qwen2.5-VL/pope/memvr/analysis/coco_POPE_random/2478.pt
1725,1725,coco_POPE_random,coco_POPE_random,1,0,"Yes,",yes,1.75,0.7419704861111112,11.9375,4.916579531379974,28,1,/mnt/data/ssz/mr/results/Qwen2.5-VL/pope/memvr/analysis/coco_POPE_random/1725.pt
240,240,coco_POPE_random,coco_POPE_random,1,0,No!,no,1.625,0.7633825231481481,11.9375,5.5475460538548145,28,1,/mnt/data/ssz/mr/results/Qwen2.5-VL/pope/memvr/analysis/coco_POPE_random/240.pt
982,982,coco_POPE_random,coco_POPE_random,1,0,No!,no,1.703125,0.7348090277777778,11.9375,5.475611976920595,28,1,/mnt/data/ssz/mr/results/Qwen2.5-VL/pope/memvr/analysis/coco_POPE_random/982.pt
2479,2479,coco_POPE_random,coco_POPE_random,1,0,"Yes,",yes,1.7265625,0.7173755787037037,11.9375,4.8600407860181996,28,1,/mnt/data/ssz/mr/results/Qwen2.5-VL/pope/memvr/analysis/coco_POPE_random/2479.pt
1726,1726,coco_POPE_random,coco_POPE_random,1,0,No!,no,1.75,0.7455873842592593,11.9375,5.503778669335212,28,1,/mnt/data/ssz/mr/results/Qwen2.5-VL/pope/memvr/analysis/coco_POPE_random/1726.pt
983,983,coco_POPE_random,coco_POPE_random,1,0,"Yes,",yes,1.703125,0.7311197916666666,11.9375,4.695290433411959,28,1,/mnt/data/ssz/mr/results/Qwen2.5-VL/pope/memvr/analysis/coco_POPE_random/983.pt
241,241,coco_POPE_random,coco_POPE_random,0,0,No!,yes,1.6640625,0.7504340277777778,11.9375,5.582949663236173,28,1,/mnt/data/ssz/mr/results/Qwen2.5-VL/pope/memvr/analysis/coco_POPE_random/241.pt
2480,2480,coco_POPE_random,coco_POPE_random,1,0,No!,no,1.71875,0.7235243055555556,11.9375,5.498006337953544,28,1,/mnt/data/ssz/mr/results/Qwen2.5-VL/pope/memvr/analysis/coco_POPE_random/2480.pt
1727,1727,coco_POPE_random,coco_POPE_random,1,0,"Yes,",yes,1.75,0.7419704861111112,11.9375,4.9665761482631465,28,1,/mnt/data/ssz/mr/results/Qwen2.5-VL/pope/memvr/analysis/coco_POPE_random/1727.pt
984,984,coco_POPE_random,coco_POPE_random,1,0,No!,no,1.703125,0.7348090277777778,11.9375,5.348767467178701,28,1,/mnt/data/ssz/mr/results/Qwen2.5-VL/pope/memvr/analysis/coco_POPE_random/984.pt
242,242,coco_POPE_random,coco_POPE_random,1,0,No!,no,1.6640625,0.7504340277777778,11.9375,5.6410500324247925,28,1,/mnt/data/ssz/mr/results/Qwen2.5-VL/pope/memvr/analysis/coco_POPE_random/242.pt
2481,2481,coco_POPE_random,coco_POPE_random,0,0,No!,yes,1.71875,0.7235243055555556,11.9375,5.409652460170727,28,1,/mnt/data/ssz/mr/results/Qwen2.5-VL/pope/memvr/analysis/coco_POPE_random/2481.pt
1728,1728,coco_POPE_random,coco_POPE_random,1,0,No!,no,1.75,0.7462384259259259,11.9375,5.640516866403953,28,1,/mnt/data/ssz/mr/results/Qwen2.5-VL/pope/memvr/analysis/coco_POPE_random/1728.pt
243,243,coco_POPE_random,coco_POPE_random,0,0,No!,yes,1.6640625,0.7504340277777778,11.9375,5.630185798142991,28,1,/mnt/data/ssz/mr/results/Qwen2.5-VL/pope/memvr/analysis/coco_POPE_random/243.pt
985,985,coco_POPE_random,coco_POPE_random,1,0,"Yes,",yes,1.65625,0.7884114583333334,11.9375,4.8506309386671,28,1,/mnt/data/ssz/mr/results/Qwen2.5-VL/pope/memvr/analysis/coco_POPE_random/985.pt
2482,2482,coco_POPE_random,coco_POPE_random,1,0,No!,no,1.71875,0.7235243055555556,11.9375,5.497962182285901,28,1,/mnt/data/ssz/mr/results/Qwen2.5-VL/pope/memvr/analysis/coco_POPE_random/2482.pt
1729,1729,coco_POPE_random,coco_POPE_random,0,0,No!,yes,1.703125,0.7452256944444444,11.9375,5.517713786714012,28,1,/mnt/data/ssz/mr/results/Qwen2.5-VL/pope/memvr/analysis/coco_POPE_random/1729.pt
244,244,coco_POPE_random,coco_POPE_random,1,0,No!,no,1.6640625,0.7504340277777778,11.9375,5.501924671573918,28,1,/mnt/data/ssz/mr/results/Qwen2.5-VL/pope/memvr/analysis/coco_POPE_random/244.pt
2483,2483,coco_POPE_random,coco_POPE_random,0,0,No!,yes,1.71875,0.7235243055555556,11.9375,5.42857105227236,28,1,/mnt/data/ssz/mr/results/Qwen2.5-VL/pope/memvr/analysis/coco_POPE_random/2483.pt
986,986,coco_POPE_random,coco_POPE_random,1,0,No!,no,1.6484375,0.7923900462962963,11.9375,5.451732007884669,28,1,/mnt/data/ssz/mr/results/Qwen2.5-VL/pope/memvr/analysis/coco_POPE_random/986.pt
1730,1730,coco_POPE_random,coco_POPE_random,1,0,No!,no,1.703125,0.7452256944444444,11.9375,5.486112370386221,28,1,/mnt/data/ssz/mr/results/Qwen2.5-VL/pope/memvr/analysis/coco_POPE_random/1730.pt
245,245,coco_POPE_random,coco_POPE_random,1,0,"Yes,",yes,1.671875,0.7454427083333334,11.9375,4.804013190776836,28,1,/mnt/data/ssz/mr/results/Qwen2.5-VL/pope/memvr/analysis/coco_POPE_random/245.pt
2484,2484,coco_POPE_random,coco_POPE_random,1,0,No!,no,1.71875,0.7235243055555556,11.9375,5.3585951789810435,28,1,/mnt/data/ssz/mr/results/Qwen2.5-VL/pope/memvr/analysis/coco_POPE_random/2484.pt
1731,1731,coco_POPE_random,coco_POPE_random,1,0,"Yes,",yes,1.71875,0.7422598379629629,11.9375,4.834487904348674,28,1,/mnt/data/ssz/mr/results/Qwen2.5-VL/pope/memvr/analysis/coco_POPE_random/1731.pt
987,987,coco_POPE_random,coco_POPE_random,0,0,No!,yes,1.6484375,0.7923900462962963,11.9375,5.361700299133331,28,1,/mnt/data/ssz/mr/results/Qwen2.5-VL/pope/memvr/analysis/coco_POPE_random/987.pt
246,246,coco_POPE_random,coco_POPE_random,1,0,No!,no,1.6640625,0.7504340277777778,11.9375,5.49611521566526,28,1,/mnt/data/ssz/mr/results/Qwen2.5-VL/pope/memvr/analysis/coco_POPE_random/246.pt
2485,2485,coco_POPE_random,coco_POPE_random,1,0,"Yes,",yes,1.765625,0.7419704861111112,11.9375,4.904261248226438,28,1,/mnt/data/ssz/mr/results/Qwen2.5-VL/pope/memvr/analysis/coco_POPE_random/2485.pt
1732,1732,coco_POPE_random,coco_POPE_random,1,0,No!,no,1.703125,0.7447916666666666,11.9375,5.490875834007985,28,1,/mnt/data/ssz/mr/results/Qwen2.5-VL/pope/memvr/analysis/coco_POPE_random/1732.pt
988,988,coco_POPE_random,coco_POPE_random,1,0,No!,no,1.6484375,0.7923900462962963,11.9375,5.375513790590066,28,1,/mnt/data/ssz/mr/results/Qwen2.5-VL/pope/memvr/analysis/coco_POPE_random/988.pt
247,247,coco_POPE_random,coco_POPE_random,0,0,No!,yes,1.7265625,0.7579571759259259,11.9375,5.495713578935402,28,1,/mnt/data/ssz/mr/results/Qwen2.5-VL/pope/memvr/analysis/coco_POPE_random/247.pt
2486,2486,coco_POPE_random,coco_POPE_random,1,0,No!,no,1.75,0.7456597222222222,11.9375,5.647598751419568,28,1,/mnt/data/ssz/mr/results/Qwen2.5-VL/pope/memvr/analysis/coco_POPE_random/2486.pt
1733,1733,coco_POPE_random,coco_POPE_random,0,0,No!,yes,1.703125,0.74609375,11.9375,5.635085891943982,28,1,/mnt/data/ssz/mr/results/Qwen2.5-VL/pope/memvr/analysis/coco_POPE_random/1733.pt
989,989,coco_POPE_random,coco_POPE_random,0,0,No!,yes,1.6484375,0.7923900462962963,11.9375,5.581194593363887,28,1,/mnt/data/ssz/mr/results/Qwen2.5-VL/pope/memvr/analysis/coco_POPE_random/989.pt
2487,2487,coco_POPE_random,coco_POPE_random,1,0,"Yes,",yes,1.765625,0.7419704861111112,11.9375,4.989987873484826,28,1,/mnt/data/ssz/mr/results/Qwen2.5-VL/pope/memvr/analysis/coco_POPE_random/2487.pt
248,248,coco_POPE_random,coco_POPE_random,1,0,No!,no,1.7265625,0.7595486111111112,11.9375,5.549349306467077,28,1,/mnt/data/ssz/mr/results/Qwen2.5-VL/pope/memvr/analysis/coco_POPE_random/248.pt
1734,1734,coco_POPE_random,coco_POPE_random,1,0,No!,no,1.703125,0.7456597222222222,11.9375,5.522753467639945,28,1,/mnt/data/ssz/mr/results/Qwen2.5-VL/pope/memvr/analysis/coco_POPE_random/1734.pt
2488,2488,coco_POPE_random,coco_POPE_random,1,0,No!,no,1.7578125,0.7482638888888888,11.9375,5.689226976903087,28,1,/mnt/data/ssz/mr/results/Qwen2.5-VL/pope/memvr/analysis/coco_POPE_random/2488.pt
990,990,coco_POPE_random,coco_POPE_random,1,0,No!,no,1.6484375,0.7923900462962963,11.9375,5.458698695358327,28,1,/mnt/data/ssz/mr/results/Qwen2.5-VL/pope/memvr/analysis/coco_POPE_random/990.pt
249,249,coco_POPE_random,coco_POPE_random,0,0,No!,yes,1.7265625,0.7579571759259259,11.9375,5.591484908825429,28,1,/mnt/data/ssz/mr/results/Qwen2.5-VL/pope/memvr/analysis/coco_POPE_random/249.pt
1735,1735,coco_POPE_random,coco_POPE_random,1,0,"Yes,",yes,1.6875,0.7077546296296297,11.9375,4.898142385039665,28,1,/mnt/data/ssz/mr/results/Qwen2.5-VL/pope/memvr/analysis/coco_POPE_random/1735.pt
2489,2489,coco_POPE_random,coco_POPE_random,0,0,No!,yes,1.7578125,0.7482638888888888,11.9375,5.565036469687113,28,1,/mnt/data/ssz/mr/results/Qwen2.5-VL/pope/memvr/analysis/coco_POPE_random/2489.pt
991,991,coco_POPE_random,coco_POPE_random,0,0,No!,yes,1.703125,0.7311921296296297,11.9375,5.52356964021576,28,1,/mnt/data/ssz/mr/results/Qwen2.5-VL/pope/memvr/analysis/coco_POPE_random/991.pt
250,250,coco_POPE_random,coco_POPE_random,1,0,No!,no,1.7265625,0.7579571759259259,11.9375,5.63463680863479,28,1,/mnt/data/ssz/mr/results/Qwen2.5-VL/pope/memvr/analysis/coco_POPE_random/250.pt
1736,1736,coco_POPE_random,coco_POPE_random,1,0,No!,no,1.6875,0.7100694444444444,11.9375,5.5922386147003325,28,1,/mnt/data/ssz/mr/results/Qwen2.5-VL/pope/memvr/analysis/coco_POPE_random/1736.pt
2490,2490,coco_POPE_random,coco_POPE_random,1,0,No!,no,1.7578125,0.7482638888888888,11.9375,5.585774226977233,28,1,/mnt/data/ssz/mr/results/Qwen2.5-VL/pope/memvr/analysis/coco_POPE_random/2490.pt
992,992,coco_POPE_random,coco_POPE_random,1,0,No!,no,1.703125,0.7323495370370371,11.9375,5.548010418583764,28,1,/mnt/data/ssz/mr/results/Qwen2.5-VL/pope/memvr/analysis/coco_POPE_random/992.pt
251,251,coco_POPE_random,coco_POPE_random,1,0,"Yes,",yes,1.7265625,0.7549189814814815,11.9375,4.76432923990559,28,1,/mnt/data/ssz/mr/results/Qwen2.5-VL/pope/memvr/analysis/coco_POPE_random/251.pt
1737,1737,coco_POPE_random,coco_POPE_random,1,0,"Yes,",yes,1.6875,0.7077546296296297,11.9375,4.92815119393346,28,1,/mnt/data/ssz/mr/results/Qwen2.5-VL/pope/memvr/analysis/coco_POPE_random/1737.pt
993,993,coco_POPE_random,coco_POPE_random,1,0,"Yes,",yes,1.71875,0.7258391203703703,11.9375,5.011687141023279,28,1,/mnt/data/ssz/mr/results/Qwen2.5-VL/pope/memvr/analysis/coco_POPE_random/993.pt
2491,2491,coco_POPE_random,coco_POPE_random,1,0,"Yes,",yes,1.7265625,0.7367621527777778,11.9375,4.920422825754378,28,1,/mnt/data/ssz/mr/results/Qwen2.5-VL/pope/memvr/analysis/coco_POPE_random/2491.pt
252,252,coco_POPE_random,coco_POPE_random,1,0,No!,no,1.7265625,0.7579571759259259,11.9375,5.517984957429362,28,1,/mnt/data/ssz/mr/results/Qwen2.5-VL/pope/memvr/analysis/coco_POPE_random/252.pt
1738,1738,coco_POPE_random,coco_POPE_random,1,0,No!,no,1.6875,0.7107204861111112,11.9375,5.496966918255276,28,1,/mnt/data/ssz/mr/results/Qwen2.5-VL/pope/memvr/analysis/coco_POPE_random/1738.pt
994,994,coco_POPE_random,coco_POPE_random,1,0,No!,no,1.703125,0.7318431712962963,11.9375,5.621440786597241,28,1,/mnt/data/ssz/mr/results/Qwen2.5-VL/pope/memvr/analysis/coco_POPE_random/994.pt
2492,2492,coco_POPE_random,coco_POPE_random,1,0,No!,no,1.71875,0.7443576388888888,11.9375,5.563247706728456,28,1,/mnt/data/ssz/mr/results/Qwen2.5-VL/pope/memvr/analysis/coco_POPE_random/2492.pt
253,253,coco_POPE_random,coco_POPE_random,1,0,"Yes,",yes,1.7265625,0.7531828703703703,11.9375,4.9790641205415875,28,1,/mnt/data/ssz/mr/results/Qwen2.5-VL/pope/memvr/analysis/coco_POPE_random/253.pt
1739,1739,coco_POPE_random,coco_POPE_random,1,0,"Yes,",yes,1.6875,0.7077546296296297,11.9375,4.816322635812467,28,1,/mnt/data/ssz/mr/results/Qwen2.5-VL/pope/memvr/analysis/coco_POPE_random/1739.pt
995,995,coco_POPE_random,coco_POPE_random,1,0,"Yes,",yes,1.71875,0.7258391203703703,11.9375,4.911338096099559,28,1,/mnt/data/ssz/mr/results/Qwen2.5-VL/pope/memvr/analysis/coco_POPE_random/995.pt
254,254,coco_POPE_random,coco_POPE_random,1,0,No!,no,1.7109375,0.7591145833333334,11.9375,5.542020368651359,28,1,/mnt/data/ssz/mr/results/Qwen2.5-VL/pope/memvr/analysis/coco_POPE_random/254.pt
2493,2493,coco_POPE_random,coco_POPE_random,0,0,No!,yes,1.71875,0.7443576388888888,11.9375,5.497291672063574,28,1,/mnt/data/ssz/mr/results/Qwen2.5-VL/pope/memvr/analysis/coco_POPE_random/2493.pt
1740,1740,coco_POPE_random,coco_POPE_random,1,0,No!,no,1.6875,0.7107204861111112,11.9375,5.5617961412474335,28,1,/mnt/data/ssz/mr/results/Qwen2.5-VL/pope/memvr/analysis/coco_POPE_random/1740.pt
996,996,coco_POPE_random,coco_POPE_random,1,0,No!,no,1.703125,0.7323495370370371,11.9375,5.501744286059781,28,1,/mnt/data/ssz/mr/results/Qwen2.5-VL/pope/memvr/analysis/coco_POPE_random/996.pt
255,255,coco_POPE_random,coco_POPE_random,1,0,"Yes,",yes,1.7265625,0.7531828703703703,11.9375,4.796415887338989,28,1,/mnt/data/ssz/mr/results/Qwen2.5-VL/pope/memvr/analysis/coco_POPE_random/255.pt
1741,1741,coco_POPE_random,coco_POPE_random,0,0,No!,yes,1.7265625,0.7404513888888888,11.9375,5.573689734882558,28,1,/mnt/data/ssz/mr/results/Qwen2.5-VL/pope/memvr/analysis/coco_POPE_random/1741.pt
2494,2494,coco_POPE_random,coco_POPE_random,1,0,No!,no,1.71875,0.7443576388888888,11.9375,5.544941574349082,28,1,/mnt/data/ssz/mr/results/Qwen2.5-VL/pope/memvr/analysis/coco_POPE_random/2494.pt
256,256,coco_POPE_random,coco_POPE_random,1,0,No!,no,1.7109375,0.7595486111111112,11.9375,5.444303768025152,28,1,/mnt/data/ssz/mr/results/Qwen2.5-VL/pope/memvr/analysis/coco_POPE_random/256.pt
997,997,coco_POPE_random,coco_POPE_random,0,0,No!,yes,1.703125,0.7350983796296297,11.9375,5.444292527063916,28,1,/mnt/data/ssz/mr/results/Qwen2.5-VL/pope/memvr/analysis/coco_POPE_random/997.pt
1742,1742,coco_POPE_random,coco_POPE_random,1,0,No!,no,1.7265625,0.7408854166666666,11.9375,5.510856488474129,28,1,/mnt/data/ssz/mr/results/Qwen2.5-VL/pope/memvr/analysis/coco_POPE_random/1742.pt
2495,2495,coco_POPE_random,coco_POPE_random,0,0,No!,yes,1.71875,0.7443576388888888,11.9375,5.537411355120451,28,1,/mnt/data/ssz/mr/results/Qwen2.5-VL/pope/memvr/analysis/coco_POPE_random/2495.pt
257,257,coco_POPE_random,coco_POPE_random,1,0,"Yes,",yes,1.7265625,0.7533998842592593,11.9375,4.852108239888461,28,1,/mnt/data/ssz/mr/results/Qwen2.5-VL/pope/memvr/analysis/coco_POPE_random/257.pt
1743,1743,coco_POPE_random,coco_POPE_random,1,0,"Yes,",yes,1.734375,0.7352430555555556,11.9375,4.903936644030308,28,1,/mnt/data/ssz/mr/results/Qwen2.5-VL/pope/memvr/analysis/coco_POPE_random/1743.pt
998,998,coco_POPE_random,coco_POPE_random,1,0,No!,no,1.703125,0.7350983796296297,11.9375,5.5536782769593405,28,1,/mnt/data/ssz/mr/results/Qwen2.5-VL/pope/memvr/analysis/coco_POPE_random/998.pt
2496,2496,coco_POPE_random,coco_POPE_random,1,0,No!,no,1.71875,0.7443576388888888,11.9375,5.430342419260827,28,1,/mnt/data/ssz/mr/results/Qwen2.5-VL/pope/memvr/analysis/coco_POPE_random/2496.pt
258,258,coco_POPE_random,coco_POPE_random,1,0,No!,no,1.7109375,0.7593315972222222,11.9375,5.590762520161802,28,1,/mnt/data/ssz/mr/results/Qwen2.5-VL/pope/memvr/analysis/coco_POPE_random/258.pt
1744,1744,coco_POPE_random,coco_POPE_random,1,0,No!,no,1.7265625,0.7408854166666666,11.9375,5.576164287184908,28,1,/mnt/data/ssz/mr/results/Qwen2.5-VL/pope/memvr/analysis/coco_POPE_random/1744.pt
999,999,coco_POPE_random,coco_POPE_random,0,0,No!,yes,1.703125,0.7348090277777778,11.9375,5.738988295391303,28,1,/mnt/data/ssz/mr/results/Qwen2.5-VL/pope/memvr/analysis/coco_POPE_random/999.pt
2497,2497,coco_POPE_random,coco_POPE_random,0,0,No!,yes,1.703125,0.7233796296296297,11.9375,5.4680888712962865,28,1,/mnt/data/ssz/mr/results/Qwen2.5-VL/pope/memvr/analysis/coco_POPE_random/2497.pt
259,259,coco_POPE_random,coco_POPE_random,0,0,No!,yes,1.7421875,0.7585358796296297,11.9375,5.598672378727974,28,1,/mnt/data/ssz/mr/results/Qwen2.5-VL/pope/memvr/analysis/coco_POPE_random/259.pt
1745,1745,coco_POPE_random,coco_POPE_random,1,0,"Yes,",yes,1.734375,0.7352430555555556,11.9375,4.912427232608151,28,1,/mnt/data/ssz/mr/results/Qwen2.5-VL/pope/memvr/analysis/coco_POPE_random/1745.pt
1000,1000,coco_POPE_random,coco_POPE_random,1,0,No!,no,1.703125,0.7348090277777778,11.9375,5.565253814752301,28,1,/mnt/data/ssz/mr/results/Qwen2.5-VL/pope/memvr/analysis/coco_POPE_random/1000.pt
2498,2498,coco_POPE_random,coco_POPE_random,1,0,No!,no,1.703125,0.7233796296296297,11.9375,5.474153415221169,28,1,/mnt/data/ssz/mr/results/Qwen2.5-VL/pope/memvr/analysis/coco_POPE_random/2498.pt
260,260,coco_POPE_random,coco_POPE_random,1,0,No!,no,1.7421875,0.7585358796296297,11.9375,5.607425115371809,28,1,/mnt/data/ssz/mr/results/Qwen2.5-VL/pope/memvr/analysis/coco_POPE_random/260.pt
1746,1746,coco_POPE_random,coco_POPE_random,1,0,No!,no,1.7265625,0.7408854166666666,11.9375,5.464861727659746,28,1,/mnt/data/ssz/mr/results/Qwen2.5-VL/pope/memvr/analysis/coco_POPE_random/1746.pt
1001,1001,coco_POPE_random,coco_POPE_random,1,0,"Yes,",yes,1.703125,0.7290943287037037,11.9375,4.814423303355695,28,1,/mnt/data/ssz/mr/results/Qwen2.5-VL/pope/memvr/analysis/coco_POPE_random/1001.pt
261,261,coco_POPE_random,coco_POPE_random,1,0,"Yes,",yes,1.7421875,0.7541956018518519,11.9375,5.014091480085844,28,1,/mnt/data/ssz/mr/results/Qwen2.5-VL/pope/memvr/analysis/coco_POPE_random/261.pt
2499,2499,coco_POPE_random,coco_POPE_random,1,0,"Yes,",yes,1.7109375,0.7183883101851852,11.9375,4.860895127839074,28,1,/mnt/data/ssz/mr/results/Qwen2.5-VL/pope/memvr/analysis/coco_POPE_random/2499.pt
1747,1747,coco_POPE_random,coco_POPE_random,1,0,"Yes,",yes,1.7265625,0.7890625,11.9375,5.021855977867949,28,1,/mnt/data/ssz/mr/results/Qwen2.5-VL/pope/memvr/analysis/coco_POPE_random/1747.pt
1002,1002,coco_POPE_random,coco_POPE_random,1,0,No!,no,1.703125,0.7348090277777778,11.9375,5.558734785233582,28,1,/mnt/data/ssz/mr/results/Qwen2.5-VL/pope/memvr/analysis/coco_POPE_random/1002.pt
262,262,coco_POPE_random,coco_POPE_random,1,0,No!,no,1.7421875,0.7585358796296297,11.9375,5.560898370676239,28,1,/mnt/data/ssz/mr/results/Qwen2.5-VL/pope/memvr/analysis/coco_POPE_random/262.pt
1748,1748,coco_POPE_random,coco_POPE_random,1,0,No!,no,1.71875,0.7922453703703703,11.9375,5.6339572037030505,28,1,/mnt/data/ssz/mr/results/Qwen2.5-VL/pope/memvr/analysis/coco_POPE_random/1748.pt
2500,2500,coco_POPE_random,coco_POPE_random,1,0,No!,no,1.703125,0.7233796296296297,11.9375,5.482704359515586,28,1,/mnt/data/ssz/mr/results/Qwen2.5-VL/pope/memvr/analysis/coco_POPE_random/2500.pt
1003,1003,coco_POPE_random,coco_POPE_random,1,0,"Yes,",yes,1.734375,0.7512297453703703,11.9375,4.890667245629316,28,1,/mnt/data/ssz/mr/results/Qwen2.5-VL/pope/memvr/analysis/coco_POPE_random/1003.pt
263,263,coco_POPE_random,coco_POPE_random,1,0,"Yes,",yes,1.7421875,0.7541956018518519,11.9375,4.789458856309247,28,1,/mnt/data/ssz/mr/results/Qwen2.5-VL/pope/memvr/analysis/coco_POPE_random/263.pt
1749,1749,coco_POPE_random,coco_POPE_random,1,0,"Yes,",yes,1.7265625,0.7890625,11.9375,4.9219292497046165,28,1,/mnt/data/ssz/mr/results/Qwen2.5-VL/pope/memvr/analysis/coco_POPE_random/1749.pt
2501,2501,coco_POPE_random,coco_POPE_random,1,0,"Yes,",yes,1.7109375,0.7183883101851852,11.9375,4.75088235710052,28,1,/mnt/data/ssz/mr/results/Qwen2.5-VL/pope/memvr/analysis/coco_POPE_random/2501.pt
264,264,coco_POPE_random,coco_POPE_random,1,0,No!,no,1.7421875,0.7585358796296297,11.9375,5.55373706544672,28,1,/mnt/data/ssz/mr/results/Qwen2.5-VL/pope/memvr/analysis/coco_POPE_random/264.pt
1004,1004,coco_POPE_random,coco_POPE_random,1,0,No!,no,1.7265625,0.7573784722222222,11.9375,5.6396168130957385,28,1,/mnt/data/ssz/mr/results/Qwen2.5-VL/pope/memvr/analysis/coco_POPE_random/1004.pt
1750,1750,coco_POPE_random,coco_POPE_random,1,0,No!,no,1.71875,0.7922453703703703,11.9375,5.647136594775522,28,1,/mnt/data/ssz/mr/results/Qwen2.5-VL/pope/memvr/analysis/coco_POPE_random/1750.pt
2502,2502,coco_POPE_random,coco_POPE_random,1,0,No!,no,1.703125,0.7233796296296297,11.9375,5.481750439209181,28,1,/mnt/data/ssz/mr/results/Qwen2.5-VL/pope/memvr/analysis/coco_POPE_random/2502.pt
265,265,coco_POPE_random,coco_POPE_random,0,0,No!,yes,1.703125,0.7527488425925926,11.9375,5.499631400097032,28,1,/mnt/data/ssz/mr/results/Qwen2.5-VL/pope/memvr/analysis/coco_POPE_random/265.pt
1751,1751,coco_POPE_random,coco_POPE_random,0,0,No!,yes,1.71875,0.7922453703703703,11.9375,5.649597138856891,28,1,/mnt/data/ssz/mr/results/Qwen2.5-VL/pope/memvr/analysis/coco_POPE_random/1751.pt
1005,1005,coco_POPE_random,coco_POPE_random,1,0,"Yes,",yes,1.734375,0.7509403935185185,11.9375,4.966268736493186,28,1,/mnt/data/ssz/mr/results/Qwen2.5-VL/pope/memvr/analysis/coco_POPE_random/1005.pt
2503,2503,coco_POPE_random,coco_POPE_random,1,0,"Yes,",yes,1.75,0.7309027777777778,11.9375,5.061170542186158,28,1,/mnt/data/ssz/mr/results/Qwen2.5-VL/pope/memvr/analysis/coco_POPE_random/2503.pt
266,266,coco_POPE_random,coco_POPE_random,1,0,No!,no,1.703125,0.7521701388888888,11.9375,5.464243513041091,28,1,/mnt/data/ssz/mr/results/Qwen2.5-VL/pope/memvr/analysis/coco_POPE_random/266.pt
1752,1752,coco_POPE_random,coco_POPE_random,1,0,No!,no,1.71875,0.7922453703703703,11.9375,5.644065745201825,28,1,/mnt/data/ssz/mr/results/Qwen2.5-VL/pope/memvr/analysis/coco_POPE_random/1752.pt
1006,1006,coco_POPE_random,coco_POPE_random,1,0,No!,no,1.7265625,0.7576678240740741,11.9375,5.514529797203381,28,1,/mnt/data/ssz/mr/results/Qwen2.5-VL/pope/memvr/analysis/coco_POPE_random/1006.pt
2504,2504,coco_POPE_random,coco_POPE_random,1,0,No!,no,1.734375,0.7348090277777778,11.9375,5.620981174721989,28,1,/mnt/data/ssz/mr/results/Qwen2.5-VL/pope/memvr/analysis/coco_POPE_random/2504.pt
267,267,coco_POPE_random,coco_POPE_random,1,0,"Yes,",yes,1.703125,0.7481192129629629,11.9375,4.868906885061866,28,1,/mnt/data/ssz/mr/results/Qwen2.5-VL/pope/memvr/analysis/coco_POPE_random/267.pt
1753,1753,coco_POPE_random,coco_POPE_random,1,0,"Yes,",yes,1.71875,0.7401620370370371,11.9375,4.860187729860767,28,2,/mnt/data/ssz/mr/results/Qwen2.5-VL/pope/memvr/analysis/coco_POPE_random/1753.pt
1007,1007,coco_POPE_random,coco_POPE_random,0,0,No!,yes,1.7265625,0.7576678240740741,11.9375,5.590844919429118,28,1,/mnt/data/ssz/mr/results/Qwen2.5-VL/pope/memvr/analysis/coco_POPE_random/1007.pt
2505,2505,coco_POPE_random,coco_POPE_random,0,0,No!,yes,1.734375,0.7348090277777778,11.9375,5.598362516407084,28,1,/mnt/data/ssz/mr/results/Qwen2.5-VL/pope/memvr/analysis/coco_POPE_random/2505.pt
268,268,coco_POPE_random,coco_POPE_random,1,0,No!,no,1.703125,0.7524594907407407,11.9375,5.529815282482465,28,1,/mnt/data/ssz/mr/results/Qwen2.5-VL/pope/memvr/analysis/coco_POPE_random/268.pt
1754,1754,coco_POPE_random,coco_POPE_random,1,0,No!,no,1.71875,0.7470341435185185,11.9375,5.469948723115553,28,1,/mnt/data/ssz/mr/results/Qwen2.5-VL/pope/memvr/analysis/coco_POPE_random/1754.pt
2506,2506,coco_POPE_random,coco_POPE_random,1,0,No!,no,1.7421875,0.7356770833333334,11.9375,5.667146716021997,28,1,/mnt/data/ssz/mr/results/Qwen2.5-VL/pope/memvr/analysis/coco_POPE_random/2506.pt
1008,1008,coco_POPE_random,coco_POPE_random,1,0,No!,no,1.7265625,0.7573784722222222,11.9375,5.558802454383524,28,1,/mnt/data/ssz/mr/results/Qwen2.5-VL/pope/memvr/analysis/coco_POPE_random/1008.pt
269,269,coco_POPE_random,coco_POPE_random,1,0,"Yes,",yes,1.703125,0.7481192129629629,11.9375,4.780114277685512,28,1,/mnt/data/ssz/mr/results/Qwen2.5-VL/pope/memvr/analysis/coco_POPE_random/269.pt
1755,1755,coco_POPE_random,coco_POPE_random,1,0,"Yes,",yes,1.71875,0.7401620370370371,11.9375,4.860114751447648,28,2,/mnt/data/ssz/mr/results/Qwen2.5-VL/pope/memvr/analysis/coco_POPE_random/1755.pt
2507,2507,coco_POPE_random,coco_POPE_random,0,0,No!,yes,1.734375,0.7348090277777778,11.9375,5.647372557756736,28,1,/mnt/data/ssz/mr/results/Qwen2.5-VL/pope/memvr/analysis/coco_POPE_random/2507.pt
270,270,coco_POPE_random,coco_POPE_random,1,0,No!,no,1.703125,0.7521701388888888,11.9375,5.492244550167454,28,1,/mnt/data/ssz/mr/results/Qwen2.5-VL/pope/memvr/analysis/coco_POPE_random/270.pt
1009,1009,coco_POPE_random,coco_POPE_random,1,0,"Yes,",yes,1.671875,0.7421151620370371,11.9375,4.981364873272553,28,1,/mnt/data/ssz/mr/results/Qwen2.5-VL/pope/memvr/analysis/coco_POPE_random/1009.pt
1756,1756,coco_POPE_random,coco_POPE_random,1,0,No!,no,1.71875,0.7473958333333334,11.9375,5.525738020568826,28,1,/mnt/data/ssz/mr/results/Qwen2.5-VL/pope/memvr/analysis/coco_POPE_random/1756.pt
2508,2508,coco_POPE_random,coco_POPE_random,1,0,No!,no,1.734375,0.7348090277777778,11.9375,5.606538506771756,28,1,/mnt/data/ssz/mr/results/Qwen2.5-VL/pope/memvr/analysis/coco_POPE_random/2508.pt
271,271,coco_POPE_random,coco_POPE_random,1,0,"Yes,",yes,1.71875,0.7438512731481481,11.9375,4.892099173108802,28,1,/mnt/data/ssz/mr/results/Qwen2.5-VL/pope/memvr/analysis/coco_POPE_random/271.pt
1757,1757,coco_POPE_random,coco_POPE_random,1,0,"Yes,",yes,1.71875,0.7401620370370371,11.9375,4.784154465496051,28,2,/mnt/data/ssz/mr/results/Qwen2.5-VL/pope/memvr/analysis/coco_POPE_random/1757.pt
1010,1010,coco_POPE_random,coco_POPE_random,1,0,No!,no,1.671875,0.7471788194444444,11.9375,5.602495775113508,28,1,/mnt/data/ssz/mr/results/Qwen2.5-VL/pope/memvr/analysis/coco_POPE_random/1010.pt
2509,2509,coco_POPE_random,coco_POPE_random,0,0,No!,yes,1.6484375,0.7508680555555556,11.9375,5.627351605564901,28,1,/mnt/data/ssz/mr/results/Qwen2.5-VL/pope/memvr/analysis/coco_POPE_random/2509.pt
272,272,coco_POPE_random,coco_POPE_random,1,0,No!,no,1.7265625,0.7488425925925926,11.9375,5.691355549215884,28,2,/mnt/data/ssz/mr/results/Qwen2.5-VL/pope/memvr/analysis/coco_POPE_random/272.pt
1758,1758,coco_POPE_random,coco_POPE_random,1,0,No!,no,1.71875,0.7473958333333334,11.9375,5.556350852220554,28,1,/mnt/data/ssz/mr/results/Qwen2.5-VL/pope/memvr/analysis/coco_POPE_random/1758.pt
1011,1011,coco_POPE_random,coco_POPE_random,0,0,No!,yes,1.671875,0.7471788194444444,11.9375,5.581373260983378,28,1,/mnt/data/ssz/mr/results/Qwen2.5-VL/pope/memvr/analysis/coco_POPE_random/1011.pt
2510,2510,coco_POPE_random,coco_POPE_random,1,0,No!,no,1.6484375,0.7508680555555556,11.9375,5.608413990403317,28,1,/mnt/data/ssz/mr/results/Qwen2.5-VL/pope/memvr/analysis/coco_POPE_random/2510.pt
273,273,coco_POPE_random,coco_POPE_random,1,0,"Yes,",yes,1.71875,0.7438512731481481,11.9375,5.129726085607179,28,1,/mnt/data/ssz/mr/results/Qwen2.5-VL/pope/memvr/analysis/coco_POPE_random/273.pt
1759,1759,coco_POPE_random,coco_POPE_random,1,0,"Yes,",yes,1.7109375,0.7664207175925926,11.9375,4.864597359205776,28,2,/mnt/data/ssz/mr/results/Qwen2.5-VL/pope/memvr/analysis/coco_POPE_random/1759.pt
2511,2511,coco_POPE_random,coco_POPE_random,0,0,No!,yes,1.6484375,0.7513020833333334,11.9375,5.664085991603096,28,1,/mnt/data/ssz/mr/results/Qwen2.5-VL/pope/memvr/analysis/coco_POPE_random/2511.pt
1012,1012,coco_POPE_random,coco_POPE_random,1,0,No!,no,1.671875,0.7471788194444444,11.9375,5.597107660515858,28,1,/mnt/data/ssz/mr/results/Qwen2.5-VL/pope/memvr/analysis/coco_POPE_random/1012.pt
1760,1760,coco_POPE_random,coco_POPE_random,1,0,No!,no,1.7109375,0.7683738425925926,11.9375,5.521021358168353,28,1,/mnt/data/ssz/mr/results/Qwen2.5-VL/pope/memvr/analysis/coco_POPE_random/1760.pt
274,274,coco_POPE_random,coco_POPE_random,1,0,No!,no,1.71875,0.7486979166666666,11.9375,5.618247380352778,28,1,/mnt/data/ssz/mr/results/Qwen2.5-VL/pope/memvr/analysis/coco_POPE_random/274.pt
2512,2512,coco_POPE_random,coco_POPE_random,1,0,No!,no,1.6484375,0.7508680555555556,11.9375,5.624495288900357,28,1,/mnt/data/ssz/mr/results/Qwen2.5-VL/pope/memvr/analysis/coco_POPE_random/2512.pt
1761,1761,coco_POPE_random,coco_POPE_random,0,0,No!,yes,1.7109375,0.7683738425925926,11.9375,5.485504167257173,28,1,/mnt/data/ssz/mr/results/Qwen2.5-VL/pope/memvr/analysis/coco_POPE_random/1761.pt
1013,1013,coco_POPE_random,coco_POPE_random,1,0,"Yes,",yes,1.671875,0.7421151620370371,11.9375,4.901274327247956,28,1,/mnt/data/ssz/mr/results/Qwen2.5-VL/pope/memvr/analysis/coco_POPE_random/1013.pt
275,275,coco_POPE_random,coco_POPE_random,1,0,"Yes,",yes,1.71875,0.7438512731481481,11.9375,4.985249049174321,28,1,/mnt/data/ssz/mr/results/Qwen2.5-VL/pope/memvr/analysis/coco_POPE_random/275.pt
1762,1762,coco_POPE_random,coco_POPE_random,1,0,No!,no,1.6875,0.7682291666666666,11.9375,5.524170003237688,28,1,/mnt/data/ssz/mr/results/Qwen2.5-VL/pope/memvr/analysis/coco_POPE_random/1762.pt
2513,2513,coco_POPE_random,coco_POPE_random,1,0,"Yes,",yes,1.65625,0.7473958333333334,11.9375,4.863035227904345,28,1,/mnt/data/ssz/mr/results/Qwen2.5-VL/pope/memvr/analysis/coco_POPE_random/2513.pt
1763,1763,coco_POPE_random,coco_POPE_random,0,0,No!,yes,1.6875,0.7682291666666666,11.9375,5.592769694191796,28,1,/mnt/data/ssz/mr/results/Qwen2.5-VL/pope/memvr/analysis/coco_POPE_random/1763.pt
276,276,coco_POPE_random,coco_POPE_random,1,0,No!,no,1.7265625,0.7489872685185185,11.9375,5.594975075435725,28,1,/mnt/data/ssz/mr/results/Qwen2.5-VL/pope/memvr/analysis/coco_POPE_random/276.pt
1014,1014,coco_POPE_random,coco_POPE_random,1,0,No!,no,1.671875,0.7471788194444444,11.9375,5.5622727643353915,28,1,/mnt/data/ssz/mr/results/Qwen2.5-VL/pope/memvr/analysis/coco_POPE_random/1014.pt
2514,2514,coco_POPE_random,coco_POPE_random,1,0,No!,no,1.6484375,0.7513020833333334,11.9375,5.5709275899929205,28,1,/mnt/data/ssz/mr/results/Qwen2.5-VL/pope/memvr/analysis/coco_POPE_random/2514.pt
1764,1764,coco_POPE_random,coco_POPE_random,1,0,No!,no,1.6875,0.7682291666666666,11.9375,5.536861193242521,28,1,/mnt/data/ssz/mr/results/Qwen2.5-VL/pope/memvr/analysis/coco_POPE_random/1764.pt
277,277,coco_POPE_random,coco_POPE_random,0,0,No!,yes,1.734375,0.7264178240740741,11.9375,5.649199288343943,28,1,/mnt/data/ssz/mr/results/Qwen2.5-VL/pope/memvr/analysis/coco_POPE_random/277.pt
1015,1015,coco_POPE_random,coco_POPE_random,1,0,"Yes,",yes,1.734375,0.7298900462962963,11.9375,4.98144011801247,28,2,/mnt/data/ssz/mr/results/Qwen2.5-VL/pope/memvr/analysis/coco_POPE_random/1015.pt
2515,2515,coco_POPE_random,coco_POPE_random,0,0,No!,yes,1.7109375,0.7582465277777778,11.9375,5.596643704227032,28,1,/mnt/data/ssz/mr/results/Qwen2.5-VL/pope/memvr/analysis/coco_POPE_random/2515.pt
1765,1765,coco_POPE_random,coco_POPE_random,1,0,"Yes,",yes,1.7265625,0.7319878472222222,11.9375,4.975701025726739,28,1,/mnt/data/ssz/mr/results/Qwen2.5-VL/pope/memvr/analysis/coco_POPE_random/1765.pt
278,278,coco_POPE_random,coco_POPE_random,1,0,No!,no,1.734375,0.7264178240740741,11.9375,5.584453115504622,28,1,/mnt/data/ssz/mr/results/Qwen2.5-VL/pope/memvr/analysis/coco_POPE_random/278.pt
1016,1016,coco_POPE_random,coco_POPE_random,1,0,No!,no,1.71875,0.7362557870370371,11.9375,5.661641274093826,28,1,/mnt/data/ssz/mr/results/Qwen2.5-VL/pope/memvr/analysis/coco_POPE_random/1016.pt
2516,2516,coco_POPE_random,coco_POPE_random,1,0,No!,no,1.71875,0.7586082175925926,11.9375,5.545932981014849,28,1,/mnt/data/ssz/mr/results/Qwen2.5-VL/pope/memvr/analysis/coco_POPE_random/2516.pt
1766,1766,coco_POPE_random,coco_POPE_random,1,0,No!,no,1.71875,0.7372685185185185,11.9375,5.549646652739002,28,1,/mnt/data/ssz/mr/results/Qwen2.5-VL/pope/memvr/analysis/coco_POPE_random/1766.pt
279,279,coco_POPE_random,coco_POPE_random,0,0,No!,yes,1.734375,0.7264178240740741,11.9375,5.602865199585533,28,1,/mnt/data/ssz/mr/results/Qwen2.5-VL/pope/memvr/analysis/coco_POPE_random/279.pt
1017,1017,coco_POPE_random,coco_POPE_random,1,0,"Yes,",yes,1.71875,0.7294560185185185,11.9375,4.903774465744374,28,1,/mnt/data/ssz/mr/results/Qwen2.5-VL/pope/memvr/analysis/coco_POPE_random/1017.pt
2517,2517,coco_POPE_random,coco_POPE_random,1,0,"Yes,",yes,1.7265625,0.7523148148148148,11.9375,5.0360037182089,28,1,/mnt/data/ssz/mr/results/Qwen2.5-VL/pope/memvr/analysis/coco_POPE_random/2517.pt
1767,1767,coco_POPE_random,coco_POPE_random,1,0,"Yes,",yes,1.7265625,0.7321325231481481,11.9375,4.8315888252305,28,1,/mnt/data/ssz/mr/results/Qwen2.5-VL/pope/memvr/analysis/coco_POPE_random/1767.pt
280,280,coco_POPE_random,coco_POPE_random,1,0,No!,no,1.734375,0.7264178240740741,11.9375,5.483589837432191,28,1,/mnt/data/ssz/mr/results/Qwen2.5-VL/pope/memvr/analysis/coco_POPE_random/280.pt
1018,1018,coco_POPE_random,coco_POPE_random,1,0,No!,no,1.734375,0.7366898148148148,11.9375,5.52307688920437,28,2,/mnt/data/ssz/mr/results/Qwen2.5-VL/pope/memvr/analysis/coco_POPE_random/1018.pt
2518,2518,coco_POPE_random,coco_POPE_random,1,0,No!,no,1.71875,0.7586082175925926,11.9375,5.571160502885849,28,1,/mnt/data/ssz/mr/results/Qwen2.5-VL/pope/memvr/analysis/coco_POPE_random/2518.pt
1768,1768,coco_POPE_random,coco_POPE_random,1,0,No!,no,1.71875,0.7372685185185185,11.9375,5.540376105856016,28,1,/mnt/data/ssz/mr/results/Qwen2.5-VL/pope/memvr/analysis/coco_POPE_random/1768.pt
281,281,coco_POPE_random,coco_POPE_random,1,0,"Yes,",yes,1.734375,0.72265625,11.9375,4.7735937013941285,28,1,/mnt/data/ssz/mr/results/Qwen2.5-VL/pope/memvr/analysis/coco_POPE_random/281.pt
1019,1019,coco_POPE_random,coco_POPE_random,0,0,No!,yes,1.71875,0.7362557870370371,11.9375,5.581922506327452,28,1,/mnt/data/ssz/mr/results/Qwen2.5-VL/pope/memvr/analysis/coco_POPE_random/1019.pt
1769,1769,coco_POPE_random,coco_POPE_random,1,0,"Yes,",yes,1.7265625,0.7321325231481481,11.9375,4.809219455266186,28,1,/mnt/data/ssz/mr/results/Qwen2.5-VL/pope/memvr/analysis/coco_POPE_random/1769.pt
2519,2519,coco_POPE_random,coco_POPE_random,0,0,No!,yes,1.71875,0.7576678240740741,11.9375,5.623833767184837,28,2,/mnt/data/ssz/mr/results/Qwen2.5-VL/pope/memvr/analysis/coco_POPE_random/2519.pt
282,282,coco_POPE_random,coco_POPE_random,1,0,No!,no,1.734375,0.7264178240740741,11.9375,5.505194640478043,28,1,/mnt/data/ssz/mr/results/Qwen2.5-VL/pope/memvr/analysis/coco_POPE_random/282.pt
1770,1770,coco_POPE_random,coco_POPE_random,1,0,No!,no,1.71875,0.7372685185185185,11.9375,5.550815308308992,28,1,/mnt/data/ssz/mr/results/Qwen2.5-VL/pope/memvr/analysis/coco_POPE_random/1770.pt
1020,1020,coco_POPE_random,coco_POPE_random,1,0,No!,no,1.71875,0.7362557870370371,11.9375,5.5715831134568425,28,1,/mnt/data/ssz/mr/results/Qwen2.5-VL/pope/memvr/analysis/coco_POPE_random/1020.pt
2520,2520,coco_POPE_random,coco_POPE_random,1,0,No!,no,1.71875,0.7576678240740741,11.9375,5.635107581940713,28,1,/mnt/data/ssz/mr/results/Qwen2.5-VL/pope/memvr/analysis/coco_POPE_random/2520.pt
283,283,coco_POPE_random,coco_POPE_random,1,0,"Yes,",yes,1.6875,0.7286603009259259,11.9375,4.905177188014383,28,1,/mnt/data/ssz/mr/results/Qwen2.5-VL/pope/memvr/analysis/coco_POPE_random/283.pt
1771,1771,coco_POPE_random,coco_POPE_random,1,0,"Yes,",yes,1.75,0.7377748842592593,11.9375,5.064409973842491,28,1,/mnt/data/ssz/mr/results/Qwen2.5-VL/pope/memvr/analysis/coco_POPE_random/1771.pt
1021,1021,coco_POPE_random,coco_POPE_random,1,0,"Yes,",yes,1.7265625,0.7439236111111112,11.9375,4.88366030135981,28,1,/mnt/data/ssz/mr/results/Qwen2.5-VL/pope/memvr/analysis/coco_POPE_random/1021.pt
2521,2521,coco_POPE_random,coco_POPE_random,1,0,"Yes,",yes,1.7578125,0.7338686342592593,11.9375,4.864644480219685,28,1,/mnt/data/ssz/mr/results/Qwen2.5-VL/pope/memvr/analysis/coco_POPE_random/2521.pt
284,284,coco_POPE_random,coco_POPE_random,1,0,No!,no,1.671875,0.7343026620370371,11.9375,5.528698034739952,28,1,/mnt/data/ssz/mr/results/Qwen2.5-VL/pope/memvr/analysis/coco_POPE_random/284.pt
1772,1772,coco_POPE_random,coco_POPE_random,1,0,No!,no,1.7421875,0.7430555555555556,11.9375,5.554416222597865,28,1,/mnt/data/ssz/mr/results/Qwen2.5-VL/pope/memvr/analysis/coco_POPE_random/1772.pt
1022,1022,coco_POPE_random,coco_POPE_random,1,0,No!,no,1.7265625,0.7489872685185185,11.9375,5.573492680096376,28,1,/mnt/data/ssz/mr/results/Qwen2.5-VL/pope/memvr/analysis/coco_POPE_random/1022.pt
285,285,coco_POPE_random,coco_POPE_random,0,0,No!,yes,1.671875,0.734375,11.9375,5.536778283847917,28,1,/mnt/data/ssz/mr/results/Qwen2.5-VL/pope/memvr/analysis/coco_POPE_random/285.pt
2522,2522,coco_POPE_random,coco_POPE_random,1,0,No!,no,1.7578125,0.7410300925925926,11.9375,5.489123136848415,28,1,/mnt/data/ssz/mr/results/Qwen2.5-VL/pope/memvr/analysis/coco_POPE_random/2522.pt
1773,1773,coco_POPE_random,coco_POPE_random,1,0,"Yes,",yes,1.75,0.73828125,11.9375,4.885150862761864,28,1,/mnt/data/ssz/mr/results/Qwen2.5-VL/pope/memvr/analysis/coco_POPE_random/1773.pt
1023,1023,coco_POPE_random,coco_POPE_random,1,0,"Yes,",yes,1.7265625,0.7439236111111112,11.9375,5.107321705040932,28,1,/mnt/data/ssz/mr/results/Qwen2.5-VL/pope/memvr/analysis/coco_POPE_random/1023.pt
286,286,coco_POPE_random,coco_POPE_random,1,0,No!,no,1.671875,0.734375,11.9375,5.478027510144219,28,1,/mnt/data/ssz/mr/results/Qwen2.5-VL/pope/memvr/analysis/coco_POPE_random/286.pt
1774,1774,coco_POPE_random,coco_POPE_random,1,0,No!,no,1.7421875,0.7431278935185185,11.9375,5.576983184175678,28,1,/mnt/data/ssz/mr/results/Qwen2.5-VL/pope/memvr/analysis/coco_POPE_random/1774.pt
2523,2523,coco_POPE_random,coco_POPE_random,1,0,"Yes,",yes,1.7578125,0.7338686342592593,11.9375,4.743824376159771,28,1,/mnt/data/ssz/mr/results/Qwen2.5-VL/pope/memvr/analysis/coco_POPE_random/2523.pt
1024,1024,coco_POPE_random,coco_POPE_random,1,0,No!,no,1.7265625,0.7492042824074074,11.9375,5.650220823670429,28,1,/mnt/data/ssz/mr/results/Qwen2.5-VL/pope/memvr/analysis/coco_POPE_random/1024.pt
287,287,coco_POPE_random,coco_POPE_random,0,0,No!,yes,1.671875,0.7343026620370371,11.9375,5.450350046474718,28,1,/mnt/data/ssz/mr/results/Qwen2.5-VL/pope/memvr/analysis/coco_POPE_random/287.pt
1775,1775,coco_POPE_random,coco_POPE_random,1,0,"Yes,",yes,1.75,0.7377748842592593,11.9375,4.91245850211218,28,1,/mnt/data/ssz/mr/results/Qwen2.5-VL/pope/memvr/analysis/coco_POPE_random/1775.pt
1025,1025,coco_POPE_random,coco_POPE_random,1,0,"Yes,",yes,1.7265625,0.7439236111111112,11.9375,4.912282942347294,28,1,/mnt/data/ssz/mr/results/Qwen2.5-VL/pope/memvr/analysis/coco_POPE_random/1025.pt
2524,2524,coco_POPE_random,coco_POPE_random,1,0,No!,no,1.7578125,0.7410300925925926,11.9375,5.481155651641341,28,1,/mnt/data/ssz/mr/results/Qwen2.5-VL/pope/memvr/analysis/coco_POPE_random/2524.pt
288,288,coco_POPE_random,coco_POPE_random,1,0,No!,no,1.671875,0.734375,11.9375,5.468482382299734,28,1,/mnt/data/ssz/mr/results/Qwen2.5-VL/pope/memvr/analysis/coco_POPE_random/288.pt
1776,1776,coco_POPE_random,coco_POPE_random,1,0,No!,no,1.7421875,0.7431278935185185,11.9375,5.665929000619474,28,1,/mnt/data/ssz/mr/results/Qwen2.5-VL/pope/memvr/analysis/coco_POPE_random/1776.pt
1026,1026,coco_POPE_random,coco_POPE_random,1,0,No!,no,1.7265625,0.7489872685185185,11.9375,5.5566755618253945,28,1,/mnt/data/ssz/mr/results/Qwen2.5-VL/pope/memvr/analysis/coco_POPE_random/1026.pt
289,289,coco_POPE_random,coco_POPE_random,0,0,No!,yes,1.71875,0.7688078703703703,11.9375,5.746058842687301,28,1,/mnt/data/ssz/mr/results/Qwen2.5-VL/pope/memvr/analysis/coco_POPE_random/289.pt
2525,2525,coco_POPE_random,coco_POPE_random,1,0,"Yes,",yes,1.7578125,0.7338686342592593,11.9375,4.756700895661199,28,1,/mnt/data/ssz/mr/results/Qwen2.5-VL/pope/memvr/analysis/coco_POPE_random/2525.pt
1777,1777,coco_POPE_random,coco_POPE_random,1,0,"Yes,",yes,1.7109375,0.7395109953703703,11.9375,4.821831345080472,28,1,/mnt/data/ssz/mr/results/Qwen2.5-VL/pope/memvr/analysis/coco_POPE_random/1777.pt
1027,1027,coco_POPE_random,coco_POPE_random,0,0,No!,yes,1.7265625,0.7381365740740741,11.9375,5.592327143203875,28,1,/mnt/data/ssz/mr/results/Qwen2.5-VL/pope/memvr/analysis/coco_POPE_random/1027.pt
290,290,coco_POPE_random,coco_POPE_random,1,0,No!,no,1.71875,0.7688802083333334,11.9375,5.614334427574186,28,1,/mnt/data/ssz/mr/results/Qwen2.5-VL/pope/memvr/analysis/coco_POPE_random/290.pt
2526,2526,coco_POPE_random,coco_POPE_random,1,0,No!,no,1.7578125,0.7410300925925926,11.9375,5.560349299308466,28,1,/mnt/data/ssz/mr/results/Qwen2.5-VL/pope/memvr/analysis/coco_POPE_random/2526.pt
1778,1778,coco_POPE_random,coco_POPE_random,1,0,No!,no,1.7109375,0.7449363425925926,11.9375,5.615157240642444,28,1,/mnt/data/ssz/mr/results/Qwen2.5-VL/pope/memvr/analysis/coco_POPE_random/1778.pt
1028,1028,coco_POPE_random,coco_POPE_random,1,0,No!,no,1.7265625,0.7381365740740741,11.9375,5.616037345902128,28,1,/mnt/data/ssz/mr/results/Qwen2.5-VL/pope/memvr/analysis/coco_POPE_random/1028.pt
291,291,coco_POPE_random,coco_POPE_random,1,0,"Yes,",yes,1.71875,0.7633825231481481,11.9375,5.061095863825592,28,1,/mnt/data/ssz/mr/results/Qwen2.5-VL/pope/memvr/analysis/coco_POPE_random/291.pt
2527,2527,coco_POPE_random,coco_POPE_random,1,0,"Yes,",yes,1.7421875,0.74609375,11.9375,4.981667468754761,28,1,/mnt/data/ssz/mr/results/Qwen2.5-VL/pope/memvr/analysis/coco_POPE_random/2527.pt
1779,1779,coco_POPE_random,coco_POPE_random,1,0,"Yes,",yes,1.7109375,0.7395833333333334,11.9375,4.981914624337981,28,1,/mnt/data/ssz/mr/results/Qwen2.5-VL/pope/memvr/analysis/coco_POPE_random/1779.pt
292,292,coco_POPE_random,coco_POPE_random,1,0,No!,no,1.71875,0.7688802083333334,11.9375,5.678043292302516,28,1,/mnt/data/ssz/mr/results/Qwen2.5-VL/pope/memvr/analysis/coco_POPE_random/292.pt
1029,1029,coco_POPE_random,coco_POPE_random,0,0,No!,yes,1.7265625,0.7380642361111112,11.9375,5.506480155659966,28,1,/mnt/data/ssz/mr/results/Qwen2.5-VL/pope/memvr/analysis/coco_POPE_random/1029.pt
2528,2528,coco_POPE_random,coco_POPE_random,1,0,No!,no,1.734375,0.7518807870370371,11.9375,5.599350968992376,28,1,/mnt/data/ssz/mr/results/Qwen2.5-VL/pope/memvr/analysis/coco_POPE_random/2528.pt
1780,1780,coco_POPE_random,coco_POPE_random,1,0,No!,no,1.7109375,0.7449363425925926,11.9375,5.485212207958629,28,1,/mnt/data/ssz/mr/results/Qwen2.5-VL/pope/memvr/analysis/coco_POPE_random/1780.pt
293,293,coco_POPE_random,coco_POPE_random,1,0,"Yes,",yes,1.71875,0.7633825231481481,11.9375,4.907530110385089,28,1,/mnt/data/ssz/mr/results/Qwen2.5-VL/pope/memvr/analysis/coco_POPE_random/293.pt
1030,1030,coco_POPE_random,coco_POPE_random,1,0,No!,no,1.7265625,0.7381365740740741,11.9375,5.576665641133523,28,1,/mnt/data/ssz/mr/results/Qwen2.5-VL/pope/memvr/analysis/coco_POPE_random/1030.pt
2529,2529,coco_POPE_random,coco_POPE_random,1,0,"Yes,",yes,1.7421875,0.74609375,11.9375,4.787200301808356,28,1,/mnt/data/ssz/mr/results/Qwen2.5-VL/pope/memvr/analysis/coco_POPE_random/2529.pt
294,294,coco_POPE_random,coco_POPE_random,1,0,No!,no,1.71875,0.7689525462962963,11.9375,5.622620920373673,28,1,/mnt/data/ssz/mr/results/Qwen2.5-VL/pope/memvr/analysis/coco_POPE_random/294.pt
1781,1781,coco_POPE_random,coco_POPE_random,1,0,"Yes,",yes,1.7109375,0.7395109953703703,11.9375,4.80359138961749,28,1,/mnt/data/ssz/mr/results/Qwen2.5-VL/pope/memvr/analysis/coco_POPE_random/1781.pt
1031,1031,coco_POPE_random,coco_POPE_random,1,0,"Yes,",yes,1.734375,0.7306134259259259,11.9375,4.986240136486673,28,1,/mnt/data/ssz/mr/results/Qwen2.5-VL/pope/memvr/analysis/coco_POPE_random/1031.pt
2530,2530,coco_POPE_random,coco_POPE_random,1,0,No!,no,1.734375,0.7518807870370371,11.9375,5.6965511011663255,28,1,/mnt/data/ssz/mr/results/Qwen2.5-VL/pope/memvr/analysis/coco_POPE_random/2530.pt
1782,1782,coco_POPE_random,coco_POPE_random,1,0,No!,no,1.7109375,0.7448640046296297,11.9375,5.64479693273525,28,2,/mnt/data/ssz/mr/results/Qwen2.5-VL/pope/memvr/analysis/coco_POPE_random/1782.pt
295,295,coco_POPE_random,coco_POPE_random,1,0,"Yes,",yes,1.734375,0.7486979166666666,11.9375,4.969989208418886,28,1,/mnt/data/ssz/mr/results/Qwen2.5-VL/pope/memvr/analysis/coco_POPE_random/295.pt
1032,1032,coco_POPE_random,coco_POPE_random,1,0,No!,no,1.7265625,0.7381365740740741,11.9375,5.580520343803198,28,1,/mnt/data/ssz/mr/results/Qwen2.5-VL/pope/memvr/analysis/coco_POPE_random/1032.pt
2531,2531,coco_POPE_random,coco_POPE_random,1,0,"Yes,",yes,1.7421875,0.74609375,11.9375,4.866937331943676,28,1,/mnt/data/ssz/mr/results/Qwen2.5-VL/pope/memvr/analysis/coco_POPE_random/2531.pt
1033,1033,coco_POPE_random,coco_POPE_random,1,0,"Yes,",yes,1.671875,0.7624421296296297,11.9375,4.929302139747514,28,1,/mnt/data/ssz/mr/results/Qwen2.5-VL/pope/memvr/analysis/coco_POPE_random/1033.pt
1783,1783,coco_POPE_random,coco_POPE_random,1,0,"Yes,",yes,1.75,0.7361834490740741,11.9375,4.9087008731242285,28,1,/mnt/data/ssz/mr/results/Qwen2.5-VL/pope/memvr/analysis/coco_POPE_random/1783.pt
296,296,coco_POPE_random,coco_POPE_random,1,0,No!,no,1.734375,0.7547743055555556,11.9375,5.64637843236891,28,1,/mnt/data/ssz/mr/results/Qwen2.5-VL/pope/memvr/analysis/coco_POPE_random/296.pt
2532,2532,coco_POPE_random,coco_POPE_random,1,0,No!,no,1.734375,0.7518807870370371,11.9375,5.669441272754143,28,1,/mnt/data/ssz/mr/results/Qwen2.5-VL/pope/memvr/analysis/coco_POPE_random/2532.pt
1034,1034,coco_POPE_random,coco_POPE_random,1,0,No!,no,1.671875,0.7673611111111112,11.9375,5.4856217143715735,28,1,/mnt/data/ssz/mr/results/Qwen2.5-VL/pope/memvr/analysis/coco_POPE_random/1034.pt
1784,1784,coco_POPE_random,coco_POPE_random,1,0,No!,no,1.75,0.7430555555555556,11.9375,5.534958739837277,28,1,/mnt/data/ssz/mr/results/Qwen2.5-VL/pope/memvr/analysis/coco_POPE_random/1784.pt
297,297,coco_POPE_random,coco_POPE_random,0,0,No!,yes,1.734375,0.7547019675925926,11.9375,5.599562252643346,28,1,/mnt/data/ssz/mr/results/Qwen2.5-VL/pope/memvr/analysis/coco_POPE_random/297.pt
2533,2533,coco_POPE_random,coco_POPE_random,1,0,"Yes,",yes,1.6875,0.7667824074074074,11.9375,4.792615681689981,28,1,/mnt/data/ssz/mr/results/Qwen2.5-VL/pope/memvr/analysis/coco_POPE_random/2533.pt
1035,1035,coco_POPE_random,coco_POPE_random,0,0,No!,yes,1.671875,0.7672164351851852,11.9375,5.717234659625758,28,2,/mnt/data/ssz/mr/results/Qwen2.5-VL/pope/memvr/analysis/coco_POPE_random/1035.pt
2534,2534,coco_POPE_random,coco_POPE_random,1,0,No!,no,1.6875,0.7719184027777778,11.9375,5.453568103117019,28,1,/mnt/data/ssz/mr/results/Qwen2.5-VL/pope/memvr/analysis/coco_POPE_random/2534.pt
1785,1785,coco_POPE_random,coco_POPE_random,1,0,"Yes,",yes,1.75,0.7361834490740741,11.9375,4.8111682135489096,28,1,/mnt/data/ssz/mr/results/Qwen2.5-VL/pope/memvr/analysis/coco_POPE_random/1785.pt
1036,1036,coco_POPE_random,coco_POPE_random,1,0,No!,no,1.671875,0.7673611111111112,11.9375,5.61107900980234,28,1,/mnt/data/ssz/mr/results/Qwen2.5-VL/pope/memvr/analysis/coco_POPE_random/1036.pt
298,298,coco_POPE_random,coco_POPE_random,1,0,No!,no,1.734375,0.7547743055555556,11.9375,5.699214888767748,28,1,/mnt/data/ssz/mr/results/Qwen2.5-VL/pope/memvr/analysis/coco_POPE_random/298.pt
2535,2535,coco_POPE_random,coco_POPE_random,1,0,"Yes,",yes,1.6875,0.7667824074074074,11.9375,4.892684936676045,28,1,/mnt/data/ssz/mr/results/Qwen2.5-VL/pope/memvr/analysis/coco_POPE_random/2535.pt
1037,1037,coco_POPE_random,coco_POPE_random,1,0,"Yes,",yes,1.671875,0.7622974537037037,11.9375,4.743732591613311,28,1,/mnt/data/ssz/mr/results/Qwen2.5-VL/pope/memvr/analysis/coco_POPE_random/1037.pt
1786,1786,coco_POPE_random,coco_POPE_random,1,0,No!,no,1.75,0.7430555555555556,11.9375,5.562011925276979,28,1,/mnt/data/ssz/mr/results/Qwen2.5-VL/pope/memvr/analysis/coco_POPE_random/1786.pt
299,299,coco_POPE_random,coco_POPE_random,1,0,"Yes,",yes,1.734375,0.7486979166666666,11.9375,4.907295826535747,28,1,/mnt/data/ssz/mr/results/Qwen2.5-VL/pope/memvr/analysis/coco_POPE_random/299.pt
2536,2536,coco_POPE_random,coco_POPE_random,1,0,No!,no,1.6875,0.7717013888888888,11.9375,5.483058004820248,28,1,/mnt/data/ssz/mr/results/Qwen2.5-VL/pope/memvr/analysis/coco_POPE_random/2536.pt
1038,1038,coco_POPE_random,coco_POPE_random,1,0,No!,no,1.6640625,0.7670717592592593,11.9375,5.710431293030963,28,1,/mnt/data/ssz/mr/results/Qwen2.5-VL/pope/memvr/analysis/coco_POPE_random/1038.pt
1787,1787,coco_POPE_random,coco_POPE_random,0,0,No!,yes,1.75,0.7430555555555556,11.9375,5.6660279679806616,28,1,/mnt/data/ssz/mr/results/Qwen2.5-VL/pope/memvr/analysis/coco_POPE_random/1787.pt
2537,2537,coco_POPE_random,coco_POPE_random,1,0,"Yes,",yes,1.6875,0.7662037037037037,11.9375,4.8489136795427115,28,1,/mnt/data/ssz/mr/results/Qwen2.5-VL/pope/memvr/analysis/coco_POPE_random/2537.pt
1039,1039,coco_POPE_random,coco_POPE_random,0,0,No!,yes,1.703125,0.7562210648148148,11.9375,5.4499397013998285,28,1,/mnt/data/ssz/mr/results/Qwen2.5-VL/pope/memvr/analysis/coco_POPE_random/1039.pt
300,300,coco_POPE_random,coco_POPE_random,1,0,No!,no,1.734375,0.7547743055555556,11.9375,5.675239227516205,28,1,/mnt/data/ssz/mr/results/Qwen2.5-VL/pope/memvr/analysis/coco_POPE_random/300.pt
1040,1040,coco_POPE_random,coco_POPE_random,1,0,No!,no,1.703125,0.7562210648148148,11.9375,5.436151427301223,28,1,/mnt/data/ssz/mr/results/Qwen2.5-VL/pope/memvr/analysis/coco_POPE_random/1040.pt
2538,2538,coco_POPE_random,coco_POPE_random,1,0,No!,no,1.6875,0.7719184027777778,11.9375,5.439432606739438,28,1,/mnt/data/ssz/mr/results/Qwen2.5-VL/pope/memvr/analysis/coco_POPE_random/2538.pt
301,301,coco_POPE_random,coco_POPE_random,0,0,No!,yes,1.671875,0.7565104166666666,11.9375,5.564063434665702,28,1,/mnt/data/ssz/mr/results/Qwen2.5-VL/pope/memvr/analysis/coco_POPE_random/301.pt
1788,1788,coco_POPE_random,coco_POPE_random,1,0,No!,no,1.75,0.7430555555555556,11.9375,5.513922886650484,28,1,/mnt/data/ssz/mr/results/Qwen2.5-VL/pope/memvr/analysis/coco_POPE_random/1788.pt
1041,1041,coco_POPE_random,coco_POPE_random,1,0,"Yes,",yes,1.703125,0.7529658564814815,11.9375,4.835793347857526,28,1,/mnt/data/ssz/mr/results/Qwen2.5-VL/pope/memvr/analysis/coco_POPE_random/1041.pt
2539,2539,coco_POPE_random,coco_POPE_random,1,0,"Yes,",yes,1.65625,0.7399450231481481,11.9375,4.769482548535524,28,1,/mnt/data/ssz/mr/results/Qwen2.5-VL/pope/memvr/analysis/coco_POPE_random/2539.pt
302,302,coco_POPE_random,coco_POPE_random,1,0,No!,no,1.671875,0.7565104166666666,11.9375,5.564308565799302,28,1,/mnt/data/ssz/mr/results/Qwen2.5-VL/pope/memvr/analysis/coco_POPE_random/302.pt
1789,1789,coco_POPE_random,coco_POPE_random,0,0,No!,yes,1.703125,0.7294560185185185,11.9375,5.390996616014788,28,1,/mnt/data/ssz/mr/results/Qwen2.5-VL/pope/memvr/analysis/coco_POPE_random/1789.pt
1042,1042,coco_POPE_random,coco_POPE_random,1,0,No!,no,1.703125,0.7562210648148148,11.9375,5.495951092052407,28,1,/mnt/data/ssz/mr/results/Qwen2.5-VL/pope/memvr/analysis/coco_POPE_random/1042.pt
303,303,coco_POPE_random,coco_POPE_random,1,0,"Yes,",yes,1.671875,0.7515190972222222,11.9375,4.86323356185614,28,1,/mnt/data/ssz/mr/results/Qwen2.5-VL/pope/memvr/analysis/coco_POPE_random/303.pt
2540,2540,coco_POPE_random,coco_POPE_random,1,0,No!,no,1.6484375,0.7414641203703703,11.9375,5.497806169953931,28,1,/mnt/data/ssz/mr/results/Qwen2.5-VL/pope/memvr/analysis/coco_POPE_random/2540.pt
1790,1790,coco_POPE_random,coco_POPE_random,1,0,No!,no,1.703125,0.7294560185185185,11.9375,5.31120571156705,28,1,/mnt/data/ssz/mr/results/Qwen2.5-VL/pope/memvr/analysis/coco_POPE_random/1790.pt
1043,1043,coco_POPE_random,coco_POPE_random,0,0,No!,yes,1.703125,0.7562210648148148,11.9375,5.379175607873737,28,1,/mnt/data/ssz/mr/results/Qwen2.5-VL/pope/memvr/analysis/coco_POPE_random/1043.pt
304,304,coco_POPE_random,coco_POPE_random,1,0,No!,no,1.671875,0.7566550925925926,11.9375,5.593766118030652,28,1,/mnt/data/ssz/mr/results/Qwen2.5-VL/pope/memvr/analysis/coco_POPE_random/304.pt
1044,1044,coco_POPE_random,coco_POPE_random,1,0,No!,no,1.703125,0.7562210648148148,11.9375,5.508114549290362,28,1,/mnt/data/ssz/mr/results/Qwen2.5-VL/pope/memvr/analysis/coco_POPE_random/1044.pt
2541,2541,coco_POPE_random,coco_POPE_random,1,0,"Yes,",yes,1.65625,0.7399450231481481,11.9375,4.885927391850792,28,1,/mnt/data/ssz/mr/results/Qwen2.5-VL/pope/memvr/analysis/coco_POPE_random/2541.pt
1791,1791,coco_POPE_random,coco_POPE_random,1,0,"Yes,",yes,1.703125,0.7246817129629629,11.9375,4.737967934435441,28,1,/mnt/data/ssz/mr/results/Qwen2.5-VL/pope/memvr/analysis/coco_POPE_random/1791.pt
305,305,coco_POPE_random,coco_POPE_random,1,0,"Yes,",yes,1.671875,0.7516637731481481,11.9375,4.893528601681316,28,1,/mnt/data/ssz/mr/results/Qwen2.5-VL/pope/memvr/analysis/coco_POPE_random/305.pt
1045,1045,coco_POPE_random,coco_POPE_random,1,0,"Yes,",yes,1.71875,0.7387152777777778,11.9375,4.8435696516696325,28,1,/mnt/data/ssz/mr/results/Qwen2.5-VL/pope/memvr/analysis/coco_POPE_random/1045.pt
1792,1792,coco_POPE_random,coco_POPE_random,1,0,No!,no,1.703125,0.7287326388888888,11.9375,5.370494405081508,28,1,/mnt/data/ssz/mr/results/Qwen2.5-VL/pope/memvr/analysis/coco_POPE_random/1792.pt
2542,2542,coco_POPE_random,coco_POPE_random,1,0,No!,no,1.6484375,0.7414641203703703,11.9375,5.566139001189518,28,1,/mnt/data/ssz/mr/results/Qwen2.5-VL/pope/memvr/analysis/coco_POPE_random/2542.pt
306,306,coco_POPE_random,coco_POPE_random,1,0,No!,no,1.671875,0.7565104166666666,11.9375,5.626701884239396,28,1,/mnt/data/ssz/mr/results/Qwen2.5-VL/pope/memvr/analysis/coco_POPE_random/306.pt
1046,1046,coco_POPE_random,coco_POPE_random,1,0,No!,no,1.7109375,0.7413194444444444,11.9375,5.553489498645321,28,1,/mnt/data/ssz/mr/results/Qwen2.5-VL/pope/memvr/analysis/coco_POPE_random/1046.pt
1793,1793,coco_POPE_random,coco_POPE_random,0,0,No!,yes,1.703125,0.7294560185185185,11.9375,5.4297527696534384,28,1,/mnt/data/ssz/mr/results/Qwen2.5-VL/pope/memvr/analysis/coco_POPE_random/1793.pt
2543,2543,coco_POPE_random,coco_POPE_random,0,0,No!,yes,1.6484375,0.7412471064814815,11.9375,5.539573472177804,28,1,/mnt/data/ssz/mr/results/Qwen2.5-VL/pope/memvr/analysis/coco_POPE_random/2543.pt
1047,1047,coco_POPE_random,coco_POPE_random,0,0,No!,yes,1.7109375,0.7413194444444444,11.9375,5.621142032534596,28,1,/mnt/data/ssz/mr/results/Qwen2.5-VL/pope/memvr/analysis/coco_POPE_random/1047.pt
307,307,coco_POPE_random,coco_POPE_random,1,0,"Yes,",yes,1.71875,0.7408854166666666,11.9375,4.748033905284457,28,1,/mnt/data/ssz/mr/results/Qwen2.5-VL/pope/memvr/analysis/coco_POPE_random/307.pt
1794,1794,coco_POPE_random,coco_POPE_random,1,0,No!,no,1.703125,0.7287326388888888,11.9375,5.362843280723962,28,1,/mnt/data/ssz/mr/results/Qwen2.5-VL/pope/memvr/analysis/coco_POPE_random/1794.pt
2544,2544,coco_POPE_random,coco_POPE_random,1,0,No!,no,1.6484375,0.7414641203703703,11.9375,5.495281849501946,28,1,/mnt/data/ssz/mr/results/Qwen2.5-VL/pope/memvr/analysis/coco_POPE_random/2544.pt
1048,1048,coco_POPE_random,coco_POPE_random,1,0,No!,no,1.7109375,0.7413194444444444,11.9375,5.531218811760537,28,1,/mnt/data/ssz/mr/results/Qwen2.5-VL/pope/memvr/analysis/coco_POPE_random/1048.pt
308,308,coco_POPE_random,coco_POPE_random,1,0,No!,no,1.71875,0.7468171296296297,11.9375,5.483976935621685,28,1,/mnt/data/ssz/mr/results/Qwen2.5-VL/pope/memvr/analysis/coco_POPE_random/308.pt
1795,1795,coco_POPE_random,coco_POPE_random,1,0,"Yes,",yes,1.71875,0.7411747685185185,11.9375,5.127617745543838,28,1,/mnt/data/ssz/mr/results/Qwen2.5-VL/pope/memvr/analysis/coco_POPE_random/1795.pt
2545,2545,coco_POPE_random,coco_POPE_random,1,0,"Yes,",yes,1.75,0.73828125,11.9375,4.85344672040811,28,1,/mnt/data/ssz/mr/results/Qwen2.5-VL/pope/memvr/analysis/coco_POPE_random/2545.pt
1049,1049,coco_POPE_random,coco_POPE_random,0,0,No!,yes,1.7109375,0.7413194444444444,11.9375,5.592668900681646,28,1,/mnt/data/ssz/mr/results/Qwen2.5-VL/pope/memvr/analysis/coco_POPE_random/1049.pt
309,309,coco_POPE_random,coco_POPE_random,1,0,"Yes,",yes,1.71875,0.7410300925925926,11.9375,4.9431442329969935,28,1,/mnt/data/ssz/mr/results/Qwen2.5-VL/pope/memvr/analysis/coco_POPE_random/309.pt
1796,1796,coco_POPE_random,coco_POPE_random,1,0,No!,no,1.71875,0.7465277777777778,11.9375,5.723636794970938,28,1,/mnt/data/ssz/mr/results/Qwen2.5-VL/pope/memvr/analysis/coco_POPE_random/1796.pt
2546,2546,coco_POPE_random,coco_POPE_random,1,0,No!,no,1.75,0.7472511574074074,11.9375,5.616292591574416,28,1,/mnt/data/ssz/mr/results/Qwen2.5-VL/pope/memvr/analysis/coco_POPE_random/2546.pt
1050,1050,coco_POPE_random,coco_POPE_random,1,0,No!,no,1.7109375,0.7413194444444444,11.9375,5.657838040958989,28,1,/mnt/data/ssz/mr/results/Qwen2.5-VL/pope/memvr/analysis/coco_POPE_random/1050.pt
310,310,coco_POPE_random,coco_POPE_random,1,0,No!,no,1.71875,0.7468171296296297,11.9375,5.517571292518706,28,1,/mnt/data/ssz/mr/results/Qwen2.5-VL/pope/memvr/analysis/coco_POPE_random/310.pt
1797,1797,coco_POPE_random,coco_POPE_random,0,0,No!,yes,1.71875,0.7463107638888888,11.9375,5.653007280553194,28,1,/mnt/data/ssz/mr/results/Qwen2.5-VL/pope/memvr/analysis/coco_POPE_random/1797.pt
2547,2547,coco_POPE_random,coco_POPE_random,1,0,"Yes,",yes,1.75,0.7378472222222222,11.9375,4.868900687832467,28,1,/mnt/data/ssz/mr/results/Qwen2.5-VL/pope/memvr/analysis/coco_POPE_random/2547.pt
1051,1051,coco_POPE_random,coco_POPE_random,0,0,No!,yes,1.7421875,0.7463107638888888,11.9375,5.585320253804294,28,1,/mnt/data/ssz/mr/results/Qwen2.5-VL/pope/memvr/analysis/coco_POPE_random/1051.pt
311,311,coco_POPE_random,coco_POPE_random,0,0,No!,yes,1.71875,0.7468171296296297,11.9375,5.482049921323276,28,1,/mnt/data/ssz/mr/results/Qwen2.5-VL/pope/memvr/analysis/coco_POPE_random/311.pt
1798,1798,coco_POPE_random,coco_POPE_random,1,0,No!,no,1.71875,0.7463107638888888,11.9375,5.73940468265109,28,1,/mnt/data/ssz/mr/results/Qwen2.5-VL/pope/memvr/analysis/coco_POPE_random/1798.pt
2548,2548,coco_POPE_random,coco_POPE_random,1,0,No!,no,1.75,0.7472511574074074,11.9375,5.456796892908736,28,1,/mnt/data/ssz/mr/results/Qwen2.5-VL/pope/memvr/analysis/coco_POPE_random/2548.pt
1052,1052,coco_POPE_random,coco_POPE_random,1,0,No!,no,1.7421875,0.7459490740740741,11.9375,5.630333868761979,28,1,/mnt/data/ssz/mr/results/Qwen2.5-VL/pope/memvr/analysis/coco_POPE_random/1052.pt
312,312,coco_POPE_random,coco_POPE_random,1,0,No!,no,1.71875,0.7468171296296297,11.9375,5.543255124278497,28,1,/mnt/data/ssz/mr/results/Qwen2.5-VL/pope/memvr/analysis/coco_POPE_random/312.pt
1799,1799,coco_POPE_random,coco_POPE_random,1,0,"Yes,",yes,1.71875,0.7411747685185185,11.9375,4.838706237196077,28,1,/mnt/data/ssz/mr/results/Qwen2.5-VL/pope/memvr/analysis/coco_POPE_random/1799.pt
2549,2549,coco_POPE_random,coco_POPE_random,1,0,"Yes,",yes,1.75,0.7378472222222222,11.9375,4.828991985464113,28,1,/mnt/data/ssz/mr/results/Qwen2.5-VL/pope/memvr/analysis/coco_POPE_random/2549.pt
1053,1053,coco_POPE_random,coco_POPE_random,1,0,"Yes,",yes,1.75,0.7392939814814815,11.9375,5.017195309878883,28,1,/mnt/data/ssz/mr/results/Qwen2.5-VL/pope/memvr/analysis/coco_POPE_random/1053.pt
313,313,coco_POPE_random,coco_POPE_random,1,0,"Yes,",yes,1.71875,0.7473234953703703,11.9375,5.004965525764852,28,1,/mnt/data/ssz/mr/results/Qwen2.5-VL/pope/memvr/analysis/coco_POPE_random/313.pt
1800,1800,coco_POPE_random,coco_POPE_random,1,0,No!,no,1.71875,0.7463107638888888,11.9375,5.626961623549536,28,1,/mnt/data/ssz/mr/results/Qwen2.5-VL/pope/memvr/analysis/coco_POPE_random/1800.pt
2550,2550,coco_POPE_random,coco_POPE_random,1,0,No!,no,1.75,0.7472511574074074,11.9375,5.522885300021354,28,1,/mnt/data/ssz/mr/results/Qwen2.5-VL/pope/memvr/analysis/coco_POPE_random/2550.pt
1054,1054,coco_POPE_random,coco_POPE_random,1,0,No!,no,1.7421875,0.7463107638888888,11.9375,5.65059134080717,28,1,/mnt/data/ssz/mr/results/Qwen2.5-VL/pope/memvr/analysis/coco_POPE_random/1054.pt
314,314,coco_POPE_random,coco_POPE_random,1,0,No!,no,1.703125,0.7517361111111112,11.9375,5.6142360235007835,28,1,/mnt/data/ssz/mr/results/Qwen2.5-VL/pope/memvr/analysis/coco_POPE_random/314.pt
1801,1801,coco_POPE_random,coco_POPE_random,1,0,"Yes,",yes,1.71875,0.7415364583333334,11.9375,4.77747717992898,28,1,/mnt/data/ssz/mr/results/Qwen2.5-VL/pope/memvr/analysis/coco_POPE_random/1801.pt
2551,2551,coco_POPE_random,coco_POPE_random,1,0,"Yes,",yes,1.71875,0.7632378472222222,11.9375,4.856439115391213,28,1,/mnt/data/ssz/mr/results/Qwen2.5-VL/pope/memvr/analysis/coco_POPE_random/2551.pt
1055,1055,coco_POPE_random,coco_POPE_random,0,0,No!,yes,1.7421875,0.7466724537037037,11.9375,5.7287119326406515,28,1,/mnt/data/ssz/mr/results/Qwen2.5-VL/pope/memvr/analysis/coco_POPE_random/1055.pt
1802,1802,coco_POPE_random,coco_POPE_random,1,0,No!,no,1.7109375,0.7470341435185185,11.9375,5.694255308211864,28,1,/mnt/data/ssz/mr/results/Qwen2.5-VL/pope/memvr/analysis/coco_POPE_random/1802.pt
315,315,coco_POPE_random,coco_POPE_random,1,0,"Yes,",yes,1.71875,0.7473234953703703,11.9375,4.943647852480996,28,1,/mnt/data/ssz/mr/results/Qwen2.5-VL/pope/memvr/analysis/coco_POPE_random/315.pt
2552,2552,coco_POPE_random,coco_POPE_random,1,0,No!,no,1.7109375,0.7676504629629629,11.9375,5.567164688102162,28,1,/mnt/data/ssz/mr/results/Qwen2.5-VL/pope/memvr/analysis/coco_POPE_random/2552.pt
1056,1056,coco_POPE_random,coco_POPE_random,1,0,No!,no,1.7421875,0.7459490740740741,11.9375,5.640751454801046,28,1,/mnt/data/ssz/mr/results/Qwen2.5-VL/pope/memvr/analysis/coco_POPE_random/1056.pt
1803,1803,coco_POPE_random,coco_POPE_random,1,0,"Yes,",yes,1.71875,0.7417534722222222,11.9375,5.017065910336471,28,1,/mnt/data/ssz/mr/results/Qwen2.5-VL/pope/memvr/analysis/coco_POPE_random/1803.pt
316,316,coco_POPE_random,coco_POPE_random,1,0,No!,no,1.703125,0.7517361111111112,11.9375,5.573055201177447,28,1,/mnt/data/ssz/mr/results/Qwen2.5-VL/pope/memvr/analysis/coco_POPE_random/316.pt
2553,2553,coco_POPE_random,coco_POPE_random,1,0,"Yes,",yes,1.71875,0.7632378472222222,11.9375,4.848667571429531,28,1,/mnt/data/ssz/mr/results/Qwen2.5-VL/pope/memvr/analysis/coco_POPE_random/2553.pt
1057,1057,coco_POPE_random,coco_POPE_random,0,0,No!,yes,1.7109375,0.7549913194444444,11.9375,5.469196297282529,28,1,/mnt/data/ssz/mr/results/Qwen2.5-VL/pope/memvr/analysis/coco_POPE_random/1057.pt
1804,1804,coco_POPE_random,coco_POPE_random,1,0,No!,no,1.7109375,0.7470341435185185,11.9375,5.585054423838176,28,1,/mnt/data/ssz/mr/results/Qwen2.5-VL/pope/memvr/analysis/coco_POPE_random/1804.pt
317,317,coco_POPE_random,coco_POPE_random,1,0,"Yes,",yes,1.71875,0.7473234953703703,11.9375,4.909184535761855,28,1,/mnt/data/ssz/mr/results/Qwen2.5-VL/pope/memvr/analysis/coco_POPE_random/317.pt
2554,2554,coco_POPE_random,coco_POPE_random,1,0,No!,no,1.7109375,0.7676504629629629,11.9375,5.558368730340715,28,1,/mnt/data/ssz/mr/results/Qwen2.5-VL/pope/memvr/analysis/coco_POPE_random/2554.pt
1805,1805,coco_POPE_random,coco_POPE_random,1,0,"Yes,",yes,1.71875,0.7417534722222222,11.9375,4.848740940804427,28,1,/mnt/data/ssz/mr/results/Qwen2.5-VL/pope/memvr/analysis/coco_POPE_random/1805.pt
1058,1058,coco_POPE_random,coco_POPE_random,1,0,No!,no,1.7109375,0.7549913194444444,11.9375,5.5457426588991945,28,1,/mnt/data/ssz/mr/results/Qwen2.5-VL/pope/memvr/analysis/coco_POPE_random/1058.pt
318,318,coco_POPE_random,coco_POPE_random,1,0,No!,no,1.703125,0.7517361111111112,11.9375,5.636505656612732,28,1,/mnt/data/ssz/mr/results/Qwen2.5-VL/pope/memvr/analysis/coco_POPE_random/318.pt
2555,2555,coco_POPE_random,coco_POPE_random,1,0,"Yes,",yes,1.71875,0.7632378472222222,11.9375,4.877461686230108,28,1,/mnt/data/ssz/mr/results/Qwen2.5-VL/pope/memvr/analysis/coco_POPE_random/2555.pt
1806,1806,coco_POPE_random,coco_POPE_random,1,0,No!,no,1.7109375,0.7472511574074074,11.9375,5.640150567842488,28,1,/mnt/data/ssz/mr/results/Qwen2.5-VL/pope/memvr/analysis/coco_POPE_random/1806.pt
1059,1059,coco_POPE_random,coco_POPE_random,1,0,"Yes,",yes,1.71875,0.75,11.9375,4.868347620292457,28,1,/mnt/data/ssz/mr/results/Qwen2.5-VL/pope/memvr/analysis/coco_POPE_random/1059.pt
319,319,coco_POPE_random,coco_POPE_random,0,0,No!,yes,1.6796875,0.7679398148148148,11.9375,5.700112634742756,28,1,/mnt/data/ssz/mr/results/Qwen2.5-VL/pope/memvr/analysis/coco_POPE_random/319.pt
2556,2556,coco_POPE_random,coco_POPE_random,1,0,No!,no,1.7109375,0.7676504629629629,11.9375,5.571658246740456,28,1,/mnt/data/ssz/mr/results/Qwen2.5-VL/pope/memvr/analysis/coco_POPE_random/2556.pt
1807,1807,coco_POPE_random,coco_POPE_random,1,0,"Yes,",yes,1.734375,0.7398003472222222,11.9375,4.946033218604561,28,1,/mnt/data/ssz/mr/results/Qwen2.5-VL/pope/memvr/analysis/coco_POPE_random/1807.pt
1060,1060,coco_POPE_random,coco_POPE_random,1,0,No!,no,1.7109375,0.7549913194444444,11.9375,5.532722134412074,28,1,/mnt/data/ssz/mr/results/Qwen2.5-VL/pope/memvr/analysis/coco_POPE_random/1060.pt
320,320,coco_POPE_random,coco_POPE_random,1,0,No!,no,1.6796875,0.7679398148148148,11.9375,5.531558886989101,28,1,/mnt/data/ssz/mr/results/Qwen2.5-VL/pope/memvr/analysis/coco_POPE_random/320.pt
2557,2557,coco_POPE_random,coco_POPE_random,1,0,"Yes,",yes,1.6953125,0.7493489583333334,11.9375,4.750740350204063,28,1,/mnt/data/ssz/mr/results/Qwen2.5-VL/pope/memvr/analysis/coco_POPE_random/2557.pt
1808,1808,coco_POPE_random,coco_POPE_random,1,0,No!,no,1.734375,0.74609375,11.9375,5.644524357332698,28,1,/mnt/data/ssz/mr/results/Qwen2.5-VL/pope/memvr/analysis/coco_POPE_random/1808.pt
1061,1061,coco_POPE_random,coco_POPE_random,1,0,"Yes,",yes,1.71875,0.75,11.9375,4.849246550901352,28,1,/mnt/data/ssz/mr/results/Qwen2.5-VL/pope/memvr/analysis/coco_POPE_random/1061.pt
321,321,coco_POPE_random,coco_POPE_random,0,0,No!,yes,1.6796875,0.7679398148148148,11.9375,5.61918418686275,28,1,/mnt/data/ssz/mr/results/Qwen2.5-VL/pope/memvr/analysis/coco_POPE_random/321.pt
2558,2558,coco_POPE_random,coco_POPE_random,1,0,No!,no,1.6875,0.7523148148148148,11.9375,5.492046088470017,28,1,/mnt/data/ssz/mr/results/Qwen2.5-VL/pope/memvr/analysis/coco_POPE_random/2558.pt
322,322,coco_POPE_random,coco_POPE_random,1,0,No!,no,1.6796875,0.7679398148148148,11.9375,5.502503951651204,28,1,/mnt/data/ssz/mr/results/Qwen2.5-VL/pope/memvr/analysis/coco_POPE_random/322.pt
1062,1062,coco_POPE_random,coco_POPE_random,1,0,No!,no,1.7109375,0.7549913194444444,11.9375,5.504524306797599,28,1,/mnt/data/ssz/mr/results/Qwen2.5-VL/pope/memvr/analysis/coco_POPE_random/1062.pt
1809,1809,coco_POPE_random,coco_POPE_random,0,0,No!,yes,1.734375,0.74609375,11.9375,5.543761197935212,28,1,/mnt/data/ssz/mr/results/Qwen2.5-VL/pope/memvr/analysis/coco_POPE_random/1809.pt
2559,2559,coco_POPE_random,coco_POPE_random,0,0,No!,yes,1.6875,0.7523148148148148,11.9375,5.586753497165146,28,1,/mnt/data/ssz/mr/results/Qwen2.5-VL/pope/memvr/analysis/coco_POPE_random/2559.pt
323,323,coco_POPE_random,coco_POPE_random,0,0,No!,yes,1.6796875,0.7679398148148148,11.9375,5.541768280427967,28,1,/mnt/data/ssz/mr/results/Qwen2.5-VL/pope/memvr/analysis/coco_POPE_random/323.pt
1063,1063,coco_POPE_random,coco_POPE_random,1,0,"Yes,",yes,1.71875,0.7421151620370371,11.9375,4.86196068801185,28,1,/mnt/data/ssz/mr/results/Qwen2.5-VL/pope/memvr/analysis/coco_POPE_random/1063.pt
1810,1810,coco_POPE_random,coco_POPE_random,1,0,No!,no,1.734375,0.74609375,11.9375,5.607325315010659,28,1,/mnt/data/ssz/mr/results/Qwen2.5-VL/pope/memvr/analysis/coco_POPE_random/1810.pt
324,324,coco_POPE_random,coco_POPE_random,1,0,No!,no,1.6796875,0.7679398148148148,11.9375,5.502398273805519,28,1,/mnt/data/ssz/mr/results/Qwen2.5-VL/pope/memvr/analysis/coco_POPE_random/324.pt
2560,2560,coco_POPE_random,coco_POPE_random,1,0,No!,no,1.6875,0.7523148148148148,11.9375,5.562985035383713,28,1,/mnt/data/ssz/mr/results/Qwen2.5-VL/pope/memvr/analysis/coco_POPE_random/2560.pt
1064,1064,coco_POPE_random,coco_POPE_random,1,0,No!,no,1.7109375,0.74609375,11.9375,5.594847797115358,28,1,/mnt/data/ssz/mr/results/Qwen2.5-VL/pope/memvr/analysis/coco_POPE_random/1064.pt
1811,1811,coco_POPE_random,coco_POPE_random,0,0,No!,yes,1.734375,0.74609375,11.9375,5.618107220748839,28,1,/mnt/data/ssz/mr/results/Qwen2.5-VL/pope/memvr/analysis/coco_POPE_random/1811.pt
325,325,coco_POPE_random,coco_POPE_random,1,0,"Yes,",yes,1.7265625,0.7259837962962963,11.9375,4.958553263579173,28,2,/mnt/data/ssz/mr/results/Qwen2.5-VL/pope/memvr/analysis/coco_POPE_random/325.pt
2561,2561,coco_POPE_random,coco_POPE_random,1,0,"Yes,",yes,1.6953125,0.7493489583333334,11.9375,4.858254825258809,28,1,/mnt/data/ssz/mr/results/Qwen2.5-VL/pope/memvr/analysis/coco_POPE_random/2561.pt
1065,1065,coco_POPE_random,coco_POPE_random,0,0,No!,yes,1.7109375,0.74609375,11.9375,5.48495386104395,28,1,/mnt/data/ssz/mr/results/Qwen2.5-VL/pope/memvr/analysis/coco_POPE_random/1065.pt
1812,1812,coco_POPE_random,coco_POPE_random,1,0,No!,no,1.734375,0.74609375,11.9375,5.573451267981627,28,1,/mnt/data/ssz/mr/results/Qwen2.5-VL/pope/memvr/analysis/coco_POPE_random/1812.pt
326,326,coco_POPE_random,coco_POPE_random,1,0,No!,no,1.7265625,0.7302517361111112,11.9375,5.598622477844762,28,1,/mnt/data/ssz/mr/results/Qwen2.5-VL/pope/memvr/analysis/coco_POPE_random/326.pt
2562,2562,coco_POPE_random,coco_POPE_random,1,0,No!,no,1.6875,0.7523148148148148,11.9375,5.620995408566348,28,1,/mnt/data/ssz/mr/results/Qwen2.5-VL/pope/memvr/analysis/coco_POPE_random/2562.pt
1066,1066,coco_POPE_random,coco_POPE_random,1,0,No!,no,1.7109375,0.74609375,11.9375,5.533569118724919,28,1,/mnt/data/ssz/mr/results/Qwen2.5-VL/pope/memvr/analysis/coco_POPE_random/1066.pt
1813,1813,coco_POPE_random,coco_POPE_random,1,0,"Yes,",yes,1.7109375,0.7282986111111112,11.9375,4.830460219098453,28,1,/mnt/data/ssz/mr/results/Qwen2.5-VL/pope/memvr/analysis/coco_POPE_random/1813.pt
2563,2563,coco_POPE_random,coco_POPE_random,1,0,"Yes,",yes,1.6953125,0.7383535879629629,11.9375,4.865905227722361,28,2,/mnt/data/ssz/mr/results/Qwen2.5-VL/pope/memvr/analysis/coco_POPE_random/2563.pt
327,327,coco_POPE_random,coco_POPE_random,0,0,No!,yes,1.7265625,0.7302517361111112,11.9375,5.5662973864752825,28,1,/mnt/data/ssz/mr/results/Qwen2.5-VL/pope/memvr/analysis/coco_POPE_random/327.pt
1067,1067,coco_POPE_random,coco_POPE_random,0,0,No!,yes,1.7109375,0.7458043981481481,11.9375,5.572979781411615,28,1,/mnt/data/ssz/mr/results/Qwen2.5-VL/pope/memvr/analysis/coco_POPE_random/1067.pt
1814,1814,coco_POPE_random,coco_POPE_random,1,0,No!,no,1.703125,0.7340856481481481,11.9375,5.466853075012453,28,1,/mnt/data/ssz/mr/results/Qwen2.5-VL/pope/memvr/analysis/coco_POPE_random/1814.pt
2564,2564,coco_POPE_random,coco_POPE_random,1,0,No!,no,1.703125,0.7404513888888888,11.9375,5.494339666031253,28,1,/mnt/data/ssz/mr/results/Qwen2.5-VL/pope/memvr/analysis/coco_POPE_random/2564.pt
328,328,coco_POPE_random,coco_POPE_random,1,0,No!,no,1.7265625,0.7301793981481481,11.9375,5.601660373955787,28,1,/mnt/data/ssz/mr/results/Qwen2.5-VL/pope/memvr/analysis/coco_POPE_random/328.pt
1068,1068,coco_POPE_random,coco_POPE_random,1,0,No!,no,1.7109375,0.74609375,11.9375,5.57618657565567,28,1,/mnt/data/ssz/mr/results/Qwen2.5-VL/pope/memvr/analysis/coco_POPE_random/1068.pt
1815,1815,coco_POPE_random,coco_POPE_random,1,0,"Yes,",yes,1.7109375,0.7282986111111112,11.9375,5.000847139433422,28,1,/mnt/data/ssz/mr/results/Qwen2.5-VL/pope/memvr/analysis/coco_POPE_random/1815.pt
2565,2565,coco_POPE_random,coco_POPE_random,1,0,"Yes,",yes,1.703125,0.7396556712962963,11.9375,4.7392808668579365,28,2,/mnt/data/ssz/mr/results/Qwen2.5-VL/pope/memvr/analysis/coco_POPE_random/2565.pt
329,329,coco_POPE_random,coco_POPE_random,0,0,No!,yes,1.7265625,0.7303240740740741,11.9375,5.579561821106271,28,1,/mnt/data/ssz/mr/results/Qwen2.5-VL/pope/memvr/analysis/coco_POPE_random/329.pt
1069,1069,coco_POPE_random,coco_POPE_random,1,0,"Yes,",yes,1.7421875,0.7465277777777778,11.9375,4.852646275261899,28,1,/mnt/data/ssz/mr/results/Qwen2.5-VL/pope/memvr/analysis/coco_POPE_random/1069.pt
1816,1816,coco_POPE_random,coco_POPE_random,1,0,No!,no,1.703125,0.7340856481481481,11.9375,5.529890456014606,28,1,/mnt/data/ssz/mr/results/Qwen2.5-VL/pope/memvr/analysis/coco_POPE_random/1816.pt
2566,2566,coco_POPE_random,coco_POPE_random,1,0,No!,no,1.703125,0.7404513888888888,11.9375,5.517236910974659,28,1,/mnt/data/ssz/mr/results/Qwen2.5-VL/pope/memvr/analysis/coco_POPE_random/2566.pt
330,330,coco_POPE_random,coco_POPE_random,1,0,No!,no,1.7265625,0.7301793981481481,11.9375,5.58107407795602,28,1,/mnt/data/ssz/mr/results/Qwen2.5-VL/pope/memvr/analysis/coco_POPE_random/330.pt
1070,1070,coco_POPE_random,coco_POPE_random,1,0,No!,no,1.734375,0.7510127314814815,11.9375,5.60791131341532,28,1,/mnt/data/ssz/mr/results/Qwen2.5-VL/pope/memvr/analysis/coco_POPE_random/1070.pt
1817,1817,coco_POPE_random,coco_POPE_random,1,0,"Yes,",yes,1.7109375,0.7282986111111112,11.9375,4.841213880590093,28,1,/mnt/data/ssz/mr/results/Qwen2.5-VL/pope/memvr/analysis/coco_POPE_random/1817.pt
2567,2567,coco_POPE_random,coco_POPE_random,0,0,No!,yes,1.6953125,0.7395833333333334,11.9375,5.398337183804556,28,1,/mnt/data/ssz/mr/results/Qwen2.5-VL/pope/memvr/analysis/coco_POPE_random/2567.pt
331,331,coco_POPE_random,coco_POPE_random,1,0,"Yes,",yes,1.7421875,0.7350260416666666,11.9375,5.028047426665048,28,2,/mnt/data/ssz/mr/results/Qwen2.5-VL/pope/memvr/analysis/coco_POPE_random/331.pt
2568,2568,coco_POPE_random,coco_POPE_random,1,0,No!,no,1.703125,0.7404513888888888,11.9375,5.533106739869832,28,1,/mnt/data/ssz/mr/results/Qwen2.5-VL/pope/memvr/analysis/coco_POPE_random/2568.pt
1071,1071,coco_POPE_random,coco_POPE_random,1,0,"Yes,",yes,1.7421875,0.7465277777777778,11.9375,4.9903086740524625,28,1,/mnt/data/ssz/mr/results/Qwen2.5-VL/pope/memvr/analysis/coco_POPE_random/1071.pt
1818,1818,coco_POPE_random,coco_POPE_random,1,0,No!,no,1.703125,0.7337962962962963,11.9375,5.590073389638904,28,1,/mnt/data/ssz/mr/results/Qwen2.5-VL/pope/memvr/analysis/coco_POPE_random/1818.pt
332,332,coco_POPE_random,coco_POPE_random,1,0,No!,no,1.7421875,0.7410300925925926,11.9375,5.570673072973414,28,1,/mnt/data/ssz/mr/results/Qwen2.5-VL/pope/memvr/analysis/coco_POPE_random/332.pt
2569,2569,coco_POPE_random,coco_POPE_random,1,0,"Yes,",yes,1.7109375,0.7609953703703703,11.9375,4.985315002898443,28,1,/mnt/data/ssz/mr/results/Qwen2.5-VL/pope/memvr/analysis/coco_POPE_random/2569.pt
1072,1072,coco_POPE_random,coco_POPE_random,1,0,No!,no,1.734375,0.7510127314814815,11.9375,5.665641831314133,28,1,/mnt/data/ssz/mr/results/Qwen2.5-VL/pope/memvr/analysis/coco_POPE_random/1072.pt
1819,1819,coco_POPE_random,coco_POPE_random,0,0,No!,yes,1.734375,0.7428385416666666,11.9375,5.577176512134711,28,1,/mnt/data/ssz/mr/results/Qwen2.5-VL/pope/memvr/analysis/coco_POPE_random/1819.pt
333,333,coco_POPE_random,coco_POPE_random,1,0,"Yes,",yes,1.7421875,0.7350260416666666,11.9375,4.822666027476309,28,2,/mnt/data/ssz/mr/results/Qwen2.5-VL/pope/memvr/analysis/coco_POPE_random/333.pt
2570,2570,coco_POPE_random,coco_POPE_random,1,0,No!,no,1.7109375,0.7641782407407407,11.9375,5.582198283801106,28,1,/mnt/data/ssz/mr/results/Qwen2.5-VL/pope/memvr/analysis/coco_POPE_random/2570.pt
1073,1073,coco_POPE_random,coco_POPE_random,0,0,No!,yes,1.734375,0.7510127314814815,11.9375,5.554157903175079,28,1,/mnt/data/ssz/mr/results/Qwen2.5-VL/pope/memvr/analysis/coco_POPE_random/1073.pt
1820,1820,coco_POPE_random,coco_POPE_random,1,0,No!,no,1.734375,0.7428385416666666,11.9375,5.5955050926942995,28,1,/mnt/data/ssz/mr/results/Qwen2.5-VL/pope/memvr/analysis/coco_POPE_random/1820.pt
2571,2571,coco_POPE_random,coco_POPE_random,0,0,No!,yes,1.7109375,0.7641782407407407,11.9375,5.594754119126923,28,1,/mnt/data/ssz/mr/results/Qwen2.5-VL/pope/memvr/analysis/coco_POPE_random/2571.pt
334,334,coco_POPE_random,coco_POPE_random,1,0,No!,no,1.7421875,0.7410300925925926,11.9375,5.724791969401473,28,1,/mnt/data/ssz/mr/results/Qwen2.5-VL/pope/memvr/analysis/coco_POPE_random/334.pt
1074,1074,coco_POPE_random,coco_POPE_random,1,0,No!,no,1.734375,0.7510127314814815,11.9375,5.692957425788586,28,1,/mnt/data/ssz/mr/results/Qwen2.5-VL/pope/memvr/analysis/coco_POPE_random/1074.pt
2572,2572,coco_POPE_random,coco_POPE_random,1,0,No!,no,1.7109375,0.7641782407407407,11.9375,5.493406351642393,28,1,/mnt/data/ssz/mr/results/Qwen2.5-VL/pope/memvr/analysis/coco_POPE_random/2572.pt
1821,1821,coco_POPE_random,coco_POPE_random,1,0,"Yes,",yes,1.734375,0.7372685185185185,11.9375,4.963842091204795,28,2,/mnt/data/ssz/mr/results/Qwen2.5-VL/pope/memvr/analysis/coco_POPE_random/1821.pt
335,335,coco_POPE_random,coco_POPE_random,1,0,"Yes,",yes,1.7421875,0.7350260416666666,11.9375,4.833375520354905,28,2,/mnt/data/ssz/mr/results/Qwen2.5-VL/pope/memvr/analysis/coco_POPE_random/335.pt
1075,1075,coco_POPE_random,coco_POPE_random,1,0,"Yes,",yes,1.75,0.7481192129629629,11.9375,5.000256869300097,28,1,/mnt/data/ssz/mr/results/Qwen2.5-VL/pope/memvr/analysis/coco_POPE_random/1075.pt
2573,2573,coco_POPE_random,coco_POPE_random,0,0,No!,yes,1.7109375,0.7641782407407407,11.9375,5.631617205344685,28,1,/mnt/data/ssz/mr/results/Qwen2.5-VL/pope/memvr/analysis/coco_POPE_random/2573.pt
336,336,coco_POPE_random,coco_POPE_random,1,0,No!,no,1.7421875,0.7408854166666666,11.9375,5.759588490275275,28,1,/mnt/data/ssz/mr/results/Qwen2.5-VL/pope/memvr/analysis/coco_POPE_random/336.pt
1822,1822,coco_POPE_random,coco_POPE_random,1,0,No!,no,1.734375,0.7426215277777778,11.9375,5.609997176641753,28,1,/mnt/data/ssz/mr/results/Qwen2.5-VL/pope/memvr/analysis/coco_POPE_random/1822.pt
1076,1076,coco_POPE_random,coco_POPE_random,1,0,No!,no,1.7421875,0.7533275462962963,11.9375,5.73841355141032,28,1,/mnt/data/ssz/mr/results/Qwen2.5-VL/pope/memvr/analysis/coco_POPE_random/1076.pt
2574,2574,coco_POPE_random,coco_POPE_random,1,0,No!,no,1.7109375,0.7641782407407407,11.9375,5.548357776492375,28,1,/mnt/data/ssz/mr/results/Qwen2.5-VL/pope/memvr/analysis/coco_POPE_random/2574.pt
337,337,coco_POPE_random,coco_POPE_random,1,0,"Yes,",yes,1.734375,0.7377748842592593,11.9375,4.857191493993699,28,1,/mnt/data/ssz/mr/results/Qwen2.5-VL/pope/memvr/analysis/coco_POPE_random/337.pt
1823,1823,coco_POPE_random,coco_POPE_random,1,0,"Yes,",yes,1.734375,0.7374855324074074,11.9375,4.966450295001598,28,2,/mnt/data/ssz/mr/results/Qwen2.5-VL/pope/memvr/analysis/coco_POPE_random/1823.pt
1077,1077,coco_POPE_random,coco_POPE_random,1,0,"Yes,",yes,1.75,0.7481192129629629,11.9375,5.161861647131209,28,1,/mnt/data/ssz/mr/results/Qwen2.5-VL/pope/memvr/analysis/coco_POPE_random/1077.pt
2575,2575,coco_POPE_random,coco_POPE_random,0,0,No!,yes,1.703125,0.7418981481481481,11.9375,5.495459651011013,28,1,/mnt/data/ssz/mr/results/Qwen2.5-VL/pope/memvr/analysis/coco_POPE_random/2575.pt
338,338,coco_POPE_random,coco_POPE_random,1,0,No!,no,1.71875,0.7433449074074074,11.9375,5.543267603289917,28,1,/mnt/data/ssz/mr/results/Qwen2.5-VL/pope/memvr/analysis/coco_POPE_random/338.pt
1078,1078,coco_POPE_random,coco_POPE_random,1,0,No!,no,1.7421875,0.7533275462962963,11.9375,5.591837615072516,28,1,/mnt/data/ssz/mr/results/Qwen2.5-VL/pope/memvr/analysis/coco_POPE_random/1078.pt
2576,2576,coco_POPE_random,coco_POPE_random,1,0,No!,no,1.7109375,0.7414641203703703,11.9375,5.520666046110223,28,1,/mnt/data/ssz/mr/results/Qwen2.5-VL/pope/memvr/analysis/coco_POPE_random/2576.pt
1824,1824,coco_POPE_random,coco_POPE_random,1,0,No!,no,1.734375,0.7428385416666666,11.9375,5.5412307100732665,28,1,/mnt/data/ssz/mr/results/Qwen2.5-VL/pope/memvr/analysis/coco_POPE_random/1824.pt
339,339,coco_POPE_random,coco_POPE_random,1,0,"Yes,",yes,1.734375,0.7377748842592593,11.9375,4.8841570418064375,28,1,/mnt/data/ssz/mr/results/Qwen2.5-VL/pope/memvr/analysis/coco_POPE_random/339.pt
1079,1079,coco_POPE_random,coco_POPE_random,0,0,No!,yes,1.7421875,0.7533275462962963,11.9375,5.705697740764161,28,1,/mnt/data/ssz/mr/results/Qwen2.5-VL/pope/memvr/analysis/coco_POPE_random/1079.pt
2577,2577,coco_POPE_random,coco_POPE_random,1,0,"Yes,",yes,1.703125,0.7386429398148148,11.9375,4.961852748372882,28,1,/mnt/data/ssz/mr/results/Qwen2.5-VL/pope/memvr/analysis/coco_POPE_random/2577.pt
1825,1825,coco_POPE_random,coco_POPE_random,1,0,"Yes,",yes,1.71875,0.7634548611111112,11.9375,4.813177068094806,28,1,/mnt/data/ssz/mr/results/Qwen2.5-VL/pope/memvr/analysis/coco_POPE_random/1825.pt
340,340,coco_POPE_random,coco_POPE_random,1,0,No!,no,1.71875,0.7433449074074074,11.9375,5.542710590979556,28,1,/mnt/data/ssz/mr/results/Qwen2.5-VL/pope/memvr/analysis/coco_POPE_random/340.pt
1826,1826,coco_POPE_random,coco_POPE_random,1,0,No!,no,1.71875,0.7677951388888888,11.9375,5.49347628711508,28,1,/mnt/data/ssz/mr/results/Qwen2.5-VL/pope/memvr/analysis/coco_POPE_random/1826.pt
2578,2578,coco_POPE_random,coco_POPE_random,1,0,No!,no,1.7109375,0.7416811342592593,11.9375,5.559564924155422,28,1,/mnt/data/ssz/mr/results/Qwen2.5-VL/pope/memvr/analysis/coco_POPE_random/2578.pt
1080,1080,coco_POPE_random,coco_POPE_random,1,0,No!,no,1.7421875,0.7533275462962963,11.9375,5.639040783027604,28,1,/mnt/data/ssz/mr/results/Qwen2.5-VL/pope/memvr/analysis/coco_POPE_random/1080.pt
341,341,coco_POPE_random,coco_POPE_random,0,0,No!,yes,1.71875,0.7433449074074074,11.9375,5.527361598324205,28,1,/mnt/data/ssz/mr/results/Qwen2.5-VL/pope/memvr/analysis/coco_POPE_random/341.pt
2579,2579,coco_POPE_random,coco_POPE_random,1,0,"Yes,",yes,1.703125,0.7386429398148148,11.9375,4.881576433472344,28,1,/mnt/data/ssz/mr/results/Qwen2.5-VL/pope/memvr/analysis/coco_POPE_random/2579.pt
1827,1827,coco_POPE_random,coco_POPE_random,1,0,"Yes,",yes,1.71875,0.7634548611111112,11.9375,4.875323882961312,28,1,/mnt/data/ssz/mr/results/Qwen2.5-VL/pope/memvr/analysis/coco_POPE_random/1827.pt
1081,1081,coco_POPE_random,coco_POPE_random,1,0,"Yes,",yes,1.734375,0.7409577546296297,11.9375,4.981060449635135,28,1,/mnt/data/ssz/mr/results/Qwen2.5-VL/pope/memvr/analysis/coco_POPE_random/1081.pt
342,342,coco_POPE_random,coco_POPE_random,1,0,No!,no,1.71875,0.7433449074074074,11.9375,5.540575821251031,28,1,/mnt/data/ssz/mr/results/Qwen2.5-VL/pope/memvr/analysis/coco_POPE_random/342.pt
2580,2580,coco_POPE_random,coco_POPE_random,1,0,No!,no,1.703125,0.7418981481481481,11.9375,5.507201432511936,28,1,/mnt/data/ssz/mr/results/Qwen2.5-VL/pope/memvr/analysis/coco_POPE_random/2580.pt
1828,1828,coco_POPE_random,coco_POPE_random,1,0,No!,no,1.71875,0.7677951388888888,11.9375,5.569304261484345,28,1,/mnt/data/ssz/mr/results/Qwen2.5-VL/pope/memvr/analysis/coco_POPE_random/1828.pt
1082,1082,coco_POPE_random,coco_POPE_random,1,0,No!,no,1.734375,0.7455150462962963,11.9375,5.532677330923152,28,1,/mnt/data/ssz/mr/results/Qwen2.5-VL/pope/memvr/analysis/coco_POPE_random/1082.pt
343,343,coco_POPE_random,coco_POPE_random,1,0,"Yes,",yes,1.734375,0.7341579861111112,11.9375,4.827133477065594,28,1,/mnt/data/ssz/mr/results/Qwen2.5-VL/pope/memvr/analysis/coco_POPE_random/343.pt
1829,1829,coco_POPE_random,coco_POPE_random,1,0,"Yes,",yes,1.71875,0.7634548611111112,11.9375,4.723908409390914,28,1,/mnt/data/ssz/mr/results/Qwen2.5-VL/pope/memvr/analysis/coco_POPE_random/1829.pt
2581,2581,coco_POPE_random,coco_POPE_random,1,0,"Yes,",yes,1.71875,0.7277199074074074,11.9375,4.854169055115379,28,1,/mnt/data/ssz/mr/results/Qwen2.5-VL/pope/memvr/analysis/coco_POPE_random/2581.pt
1083,1083,coco_POPE_random,coco_POPE_random,0,0,No!,yes,1.734375,0.7455150462962963,11.9375,5.473488181223039,28,1,/mnt/data/ssz/mr/results/Qwen2.5-VL/pope/memvr/analysis/coco_POPE_random/1083.pt
344,344,coco_POPE_random,coco_POPE_random,1,0,No!,no,1.71875,0.7372685185185185,11.9375,5.461100264916992,28,1,/mnt/data/ssz/mr/results/Qwen2.5-VL/pope/memvr/analysis/coco_POPE_random/344.pt
1830,1830,coco_POPE_random,coco_POPE_random,1,0,No!,no,1.71875,0.7677951388888888,11.9375,5.53184998133447,28,1,/mnt/data/ssz/mr/results/Qwen2.5-VL/pope/memvr/analysis/coco_POPE_random/1830.pt
1084,1084,coco_POPE_random,coco_POPE_random,1,0,No!,no,1.734375,0.74609375,11.9375,5.526751076741722,28,1,/mnt/data/ssz/mr/results/Qwen2.5-VL/pope/memvr/analysis/coco_POPE_random/1084.pt
2582,2582,coco_POPE_random,coco_POPE_random,1,0,No!,no,1.71875,0.7513020833333334,11.9375,5.470587963000902,28,1,/mnt/data/ssz/mr/results/Qwen2.5-VL/pope/memvr/analysis/coco_POPE_random/2582.pt
345,345,coco_POPE_random,coco_POPE_random,1,0,"Yes,",yes,1.734375,0.7341579861111112,11.9375,5.062601951316282,28,1,/mnt/data/ssz/mr/results/Qwen2.5-VL/pope/memvr/analysis/coco_POPE_random/345.pt
1831,1831,coco_POPE_random,coco_POPE_random,0,0,No!,yes,1.7265625,0.7576678240740741,11.9375,5.583944030421631,28,1,/mnt/data/ssz/mr/results/Qwen2.5-VL/pope/memvr/analysis/coco_POPE_random/1831.pt
1085,1085,coco_POPE_random,coco_POPE_random,1,0,"Yes,",yes,1.734375,0.7409577546296297,11.9375,4.746875828128362,28,1,/mnt/data/ssz/mr/results/Qwen2.5-VL/pope/memvr/analysis/coco_POPE_random/1085.pt
2583,2583,coco_POPE_random,coco_POPE_random,1,0,"Yes,",yes,1.71875,0.7452980324074074,11.9375,4.773774351829368,28,1,/mnt/data/ssz/mr/results/Qwen2.5-VL/pope/memvr/analysis/coco_POPE_random/2583.pt
346,346,coco_POPE_random,coco_POPE_random,1,0,No!,no,1.71875,0.7372685185185185,11.9375,5.5090158238096025,28,1,/mnt/data/ssz/mr/results/Qwen2.5-VL/pope/memvr/analysis/coco_POPE_random/346.pt
1086,1086,coco_POPE_random,coco_POPE_random,1,0,No!,no,1.734375,0.7449363425925926,11.9375,5.553185583899151,28,1,/mnt/data/ssz/mr/results/Qwen2.5-VL/pope/memvr/analysis/coco_POPE_random/1086.pt
1832,1832,coco_POPE_random,coco_POPE_random,1,0,No!,no,1.7265625,0.7576678240740741,11.9375,5.592265101726153,28,1,/mnt/data/ssz/mr/results/Qwen2.5-VL/pope/memvr/analysis/coco_POPE_random/1832.pt
2584,2584,coco_POPE_random,coco_POPE_random,1,0,No!,no,1.71875,0.7513020833333334,11.9375,5.377645375631973,28,1,/mnt/data/ssz/mr/results/Qwen2.5-VL/pope/memvr/analysis/coco_POPE_random/2584.pt
347,347,coco_POPE_random,coco_POPE_random,1,0,"Yes,",yes,1.734375,0.7183883101851852,11.9375,4.880803007924206,28,1,/mnt/data/ssz/mr/results/Qwen2.5-VL/pope/memvr/analysis/coco_POPE_random/347.pt
1087,1087,coco_POPE_random,coco_POPE_random,1,0,"Yes,",yes,1.671875,0.7145543981481481,11.9375,4.867833960162521,28,2,/mnt/data/ssz/mr/results/Qwen2.5-VL/pope/memvr/analysis/coco_POPE_random/1087.pt
1833,1833,coco_POPE_random,coco_POPE_random,1,0,"Yes,",yes,1.734375,0.7513020833333334,11.9375,4.927747857182921,28,1,/mnt/data/ssz/mr/results/Qwen2.5-VL/pope/memvr/analysis/coco_POPE_random/1833.pt
2585,2585,coco_POPE_random,coco_POPE_random,1,0,"Yes,",yes,1.71875,0.7452980324074074,11.9375,4.651745982536999,28,1,/mnt/data/ssz/mr/results/Qwen2.5-VL/pope/memvr/analysis/coco_POPE_random/2585.pt
348,348,coco_POPE_random,coco_POPE_random,1,0,No!,no,1.71875,0.7372685185185185,11.9375,5.499947364183075,28,1,/mnt/data/ssz/mr/results/Qwen2.5-VL/pope/memvr/analysis/coco_POPE_random/348.pt
1088,1088,coco_POPE_random,coco_POPE_random,1,0,No!,no,1.671875,0.7157118055555556,11.9375,5.262808500419643,28,1,/mnt/data/ssz/mr/results/Qwen2.5-VL/pope/memvr/analysis/coco_POPE_random/1088.pt
1834,1834,coco_POPE_random,coco_POPE_random,1,0,No!,no,1.7265625,0.7576678240740741,11.9375,5.612668159887484,28,1,/mnt/data/ssz/mr/results/Qwen2.5-VL/pope/memvr/analysis/coco_POPE_random/1834.pt
2586,2586,coco_POPE_random,coco_POPE_random,1,0,No!,no,1.71875,0.7516637731481481,11.9375,5.494908199812775,28,1,/mnt/data/ssz/mr/results/Qwen2.5-VL/pope/memvr/analysis/coco_POPE_random/2586.pt
349,349,coco_POPE_random,coco_POPE_random,1,0,"Yes,",yes,1.75,0.7234519675925926,11.9375,4.851531704850247,28,1,/mnt/data/ssz/mr/results/Qwen2.5-VL/pope/memvr/analysis/coco_POPE_random/349.pt
1089,1089,coco_POPE_random,coco_POPE_random,1,0,"Yes,",yes,1.671875,0.7145543981481481,11.9375,4.794495514105464,28,2,/mnt/data/ssz/mr/results/Qwen2.5-VL/pope/memvr/analysis/coco_POPE_random/1089.pt
1835,1835,coco_POPE_random,coco_POPE_random,1,0,"Yes,",yes,1.734375,0.7513020833333334,11.9375,4.95903142069602,28,1,/mnt/data/ssz/mr/results/Qwen2.5-VL/pope/memvr/analysis/coco_POPE_random/1835.pt
2587,2587,coco_POPE_random,coco_POPE_random,1,0,"Yes,",yes,1.71875,0.7272858796296297,11.9375,4.963160795827396,28,1,/mnt/data/ssz/mr/results/Qwen2.5-VL/pope/memvr/analysis/coco_POPE_random/2587.pt
350,350,coco_POPE_random,coco_POPE_random,1,0,No!,no,1.75,0.7256944444444444,11.9375,5.502209383095791,28,1,/mnt/data/ssz/mr/results/Qwen2.5-VL/pope/memvr/analysis/coco_POPE_random/350.pt
1090,1090,coco_POPE_random,coco_POPE_random,1,0,No!,no,1.671875,0.7157118055555556,11.9375,5.231240447396901,28,1,/mnt/data/ssz/mr/results/Qwen2.5-VL/pope/memvr/analysis/coco_POPE_random/1090.pt
2588,2588,coco_POPE_random,coco_POPE_random,1,0,No!,no,1.71875,0.7332175925925926,11.9375,5.510053435315121,28,1,/mnt/data/ssz/mr/results/Qwen2.5-VL/pope/memvr/analysis/coco_POPE_random/2588.pt
1836,1836,coco_POPE_random,coco_POPE_random,1,0,No!,no,1.7265625,0.7576678240740741,11.9375,5.612405274728688,28,1,/mnt/data/ssz/mr/results/Qwen2.5-VL/pope/memvr/analysis/coco_POPE_random/1836.pt
351,351,coco_POPE_random,coco_POPE_random,1,0,"Yes,",yes,1.75,0.7234519675925926,11.9375,4.791972121618184,28,1,/mnt/data/ssz/mr/results/Qwen2.5-VL/pope/memvr/analysis/coco_POPE_random/351.pt
2589,2589,coco_POPE_random,coco_POPE_random,0,0,No!,yes,1.71875,0.7316261574074074,11.9375,5.4751737342662405,28,2,/mnt/data/ssz/mr/results/Qwen2.5-VL/pope/memvr/analysis/coco_POPE_random/2589.pt
1091,1091,coco_POPE_random,coco_POPE_random,1,0,"Yes,",yes,1.671875,0.7145543981481481,11.9375,4.726645033982268,28,2,/mnt/data/ssz/mr/results/Qwen2.5-VL/pope/memvr/analysis/coco_POPE_random/1091.pt
1837,1837,coco_POPE_random,coco_POPE_random,1,0,"Yes,",yes,1.734375,0.7429832175925926,11.9375,4.947221608553297,28,1,/mnt/data/ssz/mr/results/Qwen2.5-VL/pope/memvr/analysis/coco_POPE_random/1837.pt
352,352,coco_POPE_random,coco_POPE_random,1,0,No!,no,1.75,0.7249710648148148,11.9375,5.4718091154423565,28,1,/mnt/data/ssz/mr/results/Qwen2.5-VL/pope/memvr/analysis/coco_POPE_random/352.pt
2590,2590,coco_POPE_random,coco_POPE_random,1,0,No!,no,1.7109375,0.7300347222222222,11.9375,5.5001361620859806,28,1,/mnt/data/ssz/mr/results/Qwen2.5-VL/pope/memvr/analysis/coco_POPE_random/2590.pt
1092,1092,coco_POPE_random,coco_POPE_random,1,0,No!,no,1.671875,0.7158564814814815,11.9375,5.23681347104074,28,1,/mnt/data/ssz/mr/results/Qwen2.5-VL/pope/memvr/analysis/coco_POPE_random/1092.pt
1838,1838,coco_POPE_random,coco_POPE_random,1,0,No!,no,1.71875,0.7449363425925926,11.9375,5.644734768381505,28,1,/mnt/data/ssz/mr/results/Qwen2.5-VL/pope/memvr/analysis/coco_POPE_random/1838.pt
353,353,coco_POPE_random,coco_POPE_random,0,0,No!,yes,1.75,0.7249710648148148,11.9375,5.4870929939105,28,1,/mnt/data/ssz/mr/results/Qwen2.5-VL/pope/memvr/analysis/coco_POPE_random/353.pt
2591,2591,coco_POPE_random,coco_POPE_random,1,0,"Yes,",yes,1.71875,0.7272858796296297,11.9375,4.757258584328727,28,1,/mnt/data/ssz/mr/results/Qwen2.5-VL/pope/memvr/analysis/coco_POPE_random/2591.pt
1093,1093,coco_POPE_random,coco_POPE_random,1,0,"Yes,",yes,1.7109375,0.7554253472222222,11.9375,4.881769601563472,28,1,/mnt/data/ssz/mr/results/Qwen2.5-VL/pope/memvr/analysis/coco_POPE_random/1093.pt
354,354,coco_POPE_random,coco_POPE_random,1,0,No!,no,1.75,0.7249710648148148,11.9375,5.50860761330051,28,1,/mnt/data/ssz/mr/results/Qwen2.5-VL/pope/memvr/analysis/coco_POPE_random/354.pt
1839,1839,coco_POPE_random,coco_POPE_random,1,0,"Yes,",yes,1.734375,0.7429832175925926,11.9375,4.818273713443926,28,1,/mnt/data/ssz/mr/results/Qwen2.5-VL/pope/memvr/analysis/coco_POPE_random/1839.pt
2592,2592,coco_POPE_random,coco_POPE_random,1,0,No!,no,1.71875,0.7316261574074074,11.9375,5.523783500948679,28,2,/mnt/data/ssz/mr/results/Qwen2.5-VL/pope/memvr/analysis/coco_POPE_random/2592.pt
1094,1094,coco_POPE_random,coco_POPE_random,1,0,No!,no,1.703125,0.7608506944444444,11.9375,5.647275650795434,28,1,/mnt/data/ssz/mr/results/Qwen2.5-VL/pope/memvr/analysis/coco_POPE_random/1094.pt
355,355,coco_POPE_random,coco_POPE_random,0,0,No!,yes,1.703125,0.7738715277777778,11.9375,5.619658926722156,28,1,/mnt/data/ssz/mr/results/Qwen2.5-VL/pope/memvr/analysis/coco_POPE_random/355.pt
2593,2593,coco_POPE_random,coco_POPE_random,1,0,"Yes,",yes,1.75,0.7248263888888888,11.9375,4.8462502743279625,28,1,/mnt/data/ssz/mr/results/Qwen2.5-VL/pope/memvr/analysis/coco_POPE_random/2593.pt
1095,1095,coco_POPE_random,coco_POPE_random,1,0,"Yes,",yes,1.7109375,0.7554253472222222,11.9375,5.047807658986486,28,1,/mnt/data/ssz/mr/results/Qwen2.5-VL/pope/memvr/analysis/coco_POPE_random/1095.pt
1840,1840,coco_POPE_random,coco_POPE_random,1,0,No!,no,1.734375,0.7457320601851852,11.9375,5.561672233192592,28,1,/mnt/data/ssz/mr/results/Qwen2.5-VL/pope/memvr/analysis/coco_POPE_random/1840.pt
356,356,coco_POPE_random,coco_POPE_random,1,0,No!,no,1.703125,0.7738715277777778,11.9375,5.525137103672525,28,1,/mnt/data/ssz/mr/results/Qwen2.5-VL/pope/memvr/analysis/coco_POPE_random/356.pt
1096,1096,coco_POPE_random,coco_POPE_random,1,0,No!,no,1.703125,0.7608506944444444,11.9375,5.625056642959203,28,1,/mnt/data/ssz/mr/results/Qwen2.5-VL/pope/memvr/analysis/coco_POPE_random/1096.pt
2594,2594,coco_POPE_random,coco_POPE_random,1,0,No!,no,1.7421875,0.7319155092592593,11.9375,5.461368074925568,28,1,/mnt/data/ssz/mr/results/Qwen2.5-VL/pope/memvr/analysis/coco_POPE_random/2594.pt
1841,1841,coco_POPE_random,coco_POPE_random,1,0,"Yes,",yes,1.734375,0.7437789351851852,11.9375,4.7451465979221314,28,1,/mnt/data/ssz/mr/results/Qwen2.5-VL/pope/memvr/analysis/coco_POPE_random/1841.pt
1097,1097,coco_POPE_random,coco_POPE_random,1,0,"Yes,",yes,1.7109375,0.7551359953703703,11.9375,4.893924661498299,28,1,/mnt/data/ssz/mr/results/Qwen2.5-VL/pope/memvr/analysis/coco_POPE_random/1097.pt
357,357,coco_POPE_random,coco_POPE_random,0,0,No!,yes,1.703125,0.7738715277777778,11.9375,5.564394572955468,28,1,/mnt/data/ssz/mr/results/Qwen2.5-VL/pope/memvr/analysis/coco_POPE_random/357.pt
2595,2595,coco_POPE_random,coco_POPE_random,1,0,"Yes,",yes,1.75,0.7248263888888888,11.9375,4.800293173313141,28,1,/mnt/data/ssz/mr/results/Qwen2.5-VL/pope/memvr/analysis/coco_POPE_random/2595.pt
1842,1842,coco_POPE_random,coco_POPE_random,1,0,No!,no,1.71875,0.7449363425925926,11.9375,5.586464251325949,28,1,/mnt/data/ssz/mr/results/Qwen2.5-VL/pope/memvr/analysis/coco_POPE_random/1842.pt
1098,1098,coco_POPE_random,coco_POPE_random,1,0,No!,no,1.703125,0.7608506944444444,11.9375,5.627119961567446,28,1,/mnt/data/ssz/mr/results/Qwen2.5-VL/pope/memvr/analysis/coco_POPE_random/1098.pt
358,358,coco_POPE_random,coco_POPE_random,1,0,No!,no,1.703125,0.7738715277777778,11.9375,5.526001177957996,28,1,/mnt/data/ssz/mr/results/Qwen2.5-VL/pope/memvr/analysis/coco_POPE_random/358.pt
2596,2596,coco_POPE_random,coco_POPE_random,1,0,No!,no,1.7421875,0.7320601851851852,11.9375,5.488389892251156,28,1,/mnt/data/ssz/mr/results/Qwen2.5-VL/pope/memvr/analysis/coco_POPE_random/2596.pt
1843,1843,coco_POPE_random,coco_POPE_random,0,0,No!,yes,1.703125,0.7567997685185185,11.9375,5.482953941150142,28,1,/mnt/data/ssz/mr/results/Qwen2.5-VL/pope/memvr/analysis/coco_POPE_random/1843.pt
1099,1099,coco_POPE_random,coco_POPE_random,1,0,"Yes,",yes,1.71875,0.734375,11.9375,4.79410455505222,28,1,/mnt/data/ssz/mr/results/Qwen2.5-VL/pope/memvr/analysis/coco_POPE_random/1099.pt
359,359,coco_POPE_random,coco_POPE_random,0,0,No!,yes,1.703125,0.7738715277777778,11.9375,5.441152606368194,28,1,/mnt/data/ssz/mr/results/Qwen2.5-VL/pope/memvr/analysis/coco_POPE_random/359.pt
2597,2597,coco_POPE_random,coco_POPE_random,1,0,"Yes,",yes,1.75,0.7248263888888888,11.9375,4.681669201206738,28,1,/mnt/data/ssz/mr/results/Qwen2.5-VL/pope/memvr/analysis/coco_POPE_random/2597.pt
1844,1844,coco_POPE_random,coco_POPE_random,1,0,No!,no,1.703125,0.7567997685185185,11.9375,5.580383934604799,28,1,/mnt/data/ssz/mr/results/Qwen2.5-VL/pope/memvr/analysis/coco_POPE_random/1844.pt
1100,1100,coco_POPE_random,coco_POPE_random,1,0,No!,no,1.703125,0.7414641203703703,11.9375,5.647080032305015,28,1,/mnt/data/ssz/mr/results/Qwen2.5-VL/pope/memvr/analysis/coco_POPE_random/1100.pt
360,360,coco_POPE_random,coco_POPE_random,1,0,No!,no,1.703125,0.7738715277777778,11.9375,5.559874620537875,28,1,/mnt/data/ssz/mr/results/Qwen2.5-VL/pope/memvr/analysis/coco_POPE_random/360.pt
2598,2598,coco_POPE_random,coco_POPE_random,1,0,No!,no,1.7421875,0.7320601851851852,11.9375,5.550114009933756,28,1,/mnt/data/ssz/mr/results/Qwen2.5-VL/pope/memvr/analysis/coco_POPE_random/2598.pt
1845,1845,coco_POPE_random,coco_POPE_random,0,0,No!,yes,1.703125,0.7567997685185185,11.9375,5.508645537756318,28,1,/mnt/data/ssz/mr/results/Qwen2.5-VL/pope/memvr/analysis/coco_POPE_random/1845.pt
1101,1101,coco_POPE_random,coco_POPE_random,0,0,No!,yes,1.703125,0.7411024305555556,11.9375,5.535834764908439,28,1,/mnt/data/ssz/mr/results/Qwen2.5-VL/pope/memvr/analysis/coco_POPE_random/1101.pt
361,361,coco_POPE_random,coco_POPE_random,1,0,"Yes,",yes,1.71875,0.7355324074074074,11.9375,4.892141889070979,28,2,/mnt/data/ssz/mr/results/Qwen2.5-VL/pope/memvr/analysis/coco_POPE_random/361.pt
1846,1846,coco_POPE_random,coco_POPE_random,1,0,No!,no,1.703125,0.7567997685185185,11.9375,5.499823671410812,28,1,/mnt/data/ssz/mr/results/Qwen2.5-VL/pope/memvr/analysis/coco_POPE_random/1846.pt
2599,2599,coco_POPE_random,coco_POPE_random,0,0,No!,yes,1.7421875,0.7280092592592593,11.9375,5.558792109362347,28,1,/mnt/data/ssz/mr/results/Qwen2.5-VL/pope/memvr/analysis/coco_POPE_random/2599.pt
1102,1102,coco_POPE_random,coco_POPE_random,1,0,No!,no,1.703125,0.7417534722222222,11.9375,5.5862163317088145,28,1,/mnt/data/ssz/mr/results/Qwen2.5-VL/pope/memvr/analysis/coco_POPE_random/1102.pt
362,362,coco_POPE_random,coco_POPE_random,1,0,No!,no,1.71875,0.7411747685185185,11.9375,5.607957067925499,28,1,/mnt/data/ssz/mr/results/Qwen2.5-VL/pope/memvr/analysis/coco_POPE_random/362.pt
1847,1847,coco_POPE_random,coco_POPE_random,1,0,"Yes,",yes,1.71875,0.7516637731481481,11.9375,4.892403490189359,28,1,/mnt/data/ssz/mr/results/Qwen2.5-VL/pope/memvr/analysis/coco_POPE_random/1847.pt
2600,2600,coco_POPE_random,coco_POPE_random,1,0,No!,no,1.7421875,0.7280092592592593,11.9375,5.673380623426181,28,1,/mnt/data/ssz/mr/results/Qwen2.5-VL/pope/memvr/analysis/coco_POPE_random/2600.pt
1103,1103,coco_POPE_random,coco_POPE_random,1,0,"Yes,",yes,1.71875,0.7350260416666666,11.9375,4.87728937710677,28,1,/mnt/data/ssz/mr/results/Qwen2.5-VL/pope/memvr/analysis/coco_POPE_random/1103.pt
363,363,coco_POPE_random,coco_POPE_random,1,0,"Yes,",yes,1.71875,0.7355324074074074,11.9375,4.905248135411641,28,2,/mnt/data/ssz/mr/results/Qwen2.5-VL/pope/memvr/analysis/coco_POPE_random/363.pt
1848,1848,coco_POPE_random,coco_POPE_random,1,0,No!,no,1.703125,0.7567997685185185,11.9375,5.494936645297457,28,1,/mnt/data/ssz/mr/results/Qwen2.5-VL/pope/memvr/analysis/coco_POPE_random/1848.pt
2601,2601,coco_POPE_random,coco_POPE_random,0,0,No!,yes,1.7421875,0.7281539351851852,11.9375,5.55421427647249,28,1,/mnt/data/ssz/mr/results/Qwen2.5-VL/pope/memvr/analysis/coco_POPE_random/2601.pt
364,364,coco_POPE_random,coco_POPE_random,1,0,No!,no,1.71875,0.7411747685185185,11.9375,5.634790528413195,28,1,/mnt/data/ssz/mr/results/Qwen2.5-VL/pope/memvr/analysis/coco_POPE_random/364.pt
1849,1849,coco_POPE_random,coco_POPE_random,1,0,"Yes,",yes,1.6640625,0.7496383101851852,11.9375,4.799734253460742,28,1,/mnt/data/ssz/mr/results/Qwen2.5-VL/pope/memvr/analysis/coco_POPE_random/1849.pt
1104,1104,coco_POPE_random,coco_POPE_random,1,0,No!,no,1.703125,0.7417534722222222,11.9375,5.500865957334711,28,1,/mnt/data/ssz/mr/results/Qwen2.5-VL/pope/memvr/analysis/coco_POPE_random/1104.pt
2602,2602,coco_POPE_random,coco_POPE_random,1,0,No!,no,1.7421875,0.7280815972222222,11.9375,5.516683556294334,28,1,/mnt/data/ssz/mr/results/Qwen2.5-VL/pope/memvr/analysis/coco_POPE_random/2602.pt
365,365,coco_POPE_random,coco_POPE_random,0,0,No!,yes,1.71875,0.7408854166666666,11.9375,5.526651095131895,28,1,/mnt/data/ssz/mr/results/Qwen2.5-VL/pope/memvr/analysis/coco_POPE_random/365.pt
1850,1850,coco_POPE_random,coco_POPE_random,1,0,No!,no,1.65625,0.7541956018518519,11.9375,5.5619781307485905,28,1,/mnt/data/ssz/mr/results/Qwen2.5-VL/pope/memvr/analysis/coco_POPE_random/1850.pt
1105,1105,coco_POPE_random,coco_POPE_random,1,0,"Yes,",yes,1.703125,0.7547743055555556,11.9375,4.863806209908239,28,1,/mnt/data/ssz/mr/results/Qwen2.5-VL/pope/memvr/analysis/coco_POPE_random/1105.pt
2603,2603,coco_POPE_random,coco_POPE_random,1,0,"Yes,",yes,1.7421875,0.72265625,11.9375,4.982724733988277,28,1,/mnt/data/ssz/mr/results/Qwen2.5-VL/pope/memvr/analysis/coco_POPE_random/2603.pt
366,366,coco_POPE_random,coco_POPE_random,1,0,No!,no,1.71875,0.7407407407407407,11.9375,5.52064549427325,28,1,/mnt/data/ssz/mr/results/Qwen2.5-VL/pope/memvr/analysis/coco_POPE_random/366.pt
1851,1851,coco_POPE_random,coco_POPE_random,1,0,"Yes,",yes,1.6640625,0.7496383101851852,11.9375,4.811654700678556,28,1,/mnt/data/ssz/mr/results/Qwen2.5-VL/pope/memvr/analysis/coco_POPE_random/1851.pt
1106,1106,coco_POPE_random,coco_POPE_random,1,0,No!,no,1.6953125,0.7686631944444444,11.9375,5.374620467526326,28,1,/mnt/data/ssz/mr/results/Qwen2.5-VL/pope/memvr/analysis/coco_POPE_random/1106.pt
2604,2604,coco_POPE_random,coco_POPE_random,1,0,No!,no,1.7421875,0.7281539351851852,11.9375,5.565061182437007,28,1,/mnt/data/ssz/mr/results/Qwen2.5-VL/pope/memvr/analysis/coco_POPE_random/2604.pt
367,367,coco_POPE_random,coco_POPE_random,1,0,"Yes,",yes,1.7109375,0.7436342592592593,11.9375,4.984725974745068,28,1,/mnt/data/ssz/mr/results/Qwen2.5-VL/pope/memvr/analysis/coco_POPE_random/367.pt
1852,1852,coco_POPE_random,coco_POPE_random,1,0,No!,no,1.65625,0.7533275462962963,11.9375,5.4627269558429035,28,1,/mnt/data/ssz/mr/results/Qwen2.5-VL/pope/memvr/analysis/coco_POPE_random/1852.pt
1107,1107,coco_POPE_random,coco_POPE_random,0,0,No!,yes,1.6953125,0.7686631944444444,11.9375,5.40039223195903,28,1,/mnt/data/ssz/mr/results/Qwen2.5-VL/pope/memvr/analysis/coco_POPE_random/1107.pt
2605,2605,coco_POPE_random,coco_POPE_random,1,0,"Yes,",yes,1.71875,0.7218605324074074,11.9375,4.833187361568483,28,1,/mnt/data/ssz/mr/results/Qwen2.5-VL/pope/memvr/analysis/coco_POPE_random/2605.pt
368,368,coco_POPE_random,coco_POPE_random,1,0,No!,no,1.703125,0.7473958333333334,11.9375,5.525744961369583,28,1,/mnt/data/ssz/mr/results/Qwen2.5-VL/pope/memvr/analysis/coco_POPE_random/368.pt
1853,1853,coco_POPE_random,coco_POPE_random,0,0,No!,yes,1.65625,0.7536168981481481,11.9375,5.508022120353511,28,1,/mnt/data/ssz/mr/results/Qwen2.5-VL/pope/memvr/analysis/coco_POPE_random/1853.pt
1108,1108,coco_POPE_random,coco_POPE_random,1,0,No!,no,1.6953125,0.7686631944444444,11.9375,5.46656219810094,28,1,/mnt/data/ssz/mr/results/Qwen2.5-VL/pope/memvr/analysis/coco_POPE_random/1108.pt
2606,2606,coco_POPE_random,coco_POPE_random,1,0,No!,no,1.71875,0.7265625,11.9375,5.497430280333149,28,1,/mnt/data/ssz/mr/results/Qwen2.5-VL/pope/memvr/analysis/coco_POPE_random/2606.pt
369,369,coco_POPE_random,coco_POPE_random,0,0,No!,yes,1.703125,0.7473958333333334,11.9375,5.581063586947807,28,1,/mnt/data/ssz/mr/results/Qwen2.5-VL/pope/memvr/analysis/coco_POPE_random/369.pt
1854,1854,coco_POPE_random,coco_POPE_random,1,0,No!,no,1.65625,0.7533275462962963,11.9375,5.499868653854547,28,1,/mnt/data/ssz/mr/results/Qwen2.5-VL/pope/memvr/analysis/coco_POPE_random/1854.pt
1109,1109,coco_POPE_random,coco_POPE_random,1,0,"Yes,",yes,1.703125,0.7633101851851852,11.9375,4.698590195361468,28,1,/mnt/data/ssz/mr/results/Qwen2.5-VL/pope/memvr/analysis/coco_POPE_random/1109.pt
2607,2607,coco_POPE_random,coco_POPE_random,0,0,No!,yes,1.71875,0.7265625,11.9375,5.455269845567367,28,1,/mnt/data/ssz/mr/results/Qwen2.5-VL/pope/memvr/analysis/coco_POPE_random/2607.pt
370,370,coco_POPE_random,coco_POPE_random,1,0,No!,no,1.703125,0.7473958333333334,11.9375,5.512462942742034,28,1,/mnt/data/ssz/mr/results/Qwen2.5-VL/pope/memvr/analysis/coco_POPE_random/370.pt
1110,1110,coco_POPE_random,coco_POPE_random,1,0,No!,no,1.6953125,0.7686631944444444,11.9375,5.367073393689115,28,1,/mnt/data/ssz/mr/results/Qwen2.5-VL/pope/memvr/analysis/coco_POPE_random/1110.pt
1855,1855,coco_POPE_random,coco_POPE_random,0,0,No!,yes,1.71875,0.7468171296296297,11.9375,5.515280717547708,28,2,/mnt/data/ssz/mr/results/Qwen2.5-VL/pope/memvr/analysis/coco_POPE_random/1855.pt
2608,2608,coco_POPE_random,coco_POPE_random,1,0,No!,no,1.71875,0.7265625,11.9375,5.5366736996463946,28,1,/mnt/data/ssz/mr/results/Qwen2.5-VL/pope/memvr/analysis/coco_POPE_random/2608.pt
371,371,coco_POPE_random,coco_POPE_random,0,0,No!,yes,1.703125,0.7473958333333334,11.9375,5.596393761784666,28,1,/mnt/data/ssz/mr/results/Qwen2.5-VL/pope/memvr/analysis/coco_POPE_random/371.pt
1111,1111,coco_POPE_random,coco_POPE_random,0,0,No!,yes,1.7109375,0.7868200231481481,11.9375,5.571231256532162,28,1,/mnt/data/ssz/mr/results/Qwen2.5-VL/pope/memvr/analysis/coco_POPE_random/1111.pt
1856,1856,coco_POPE_random,coco_POPE_random,1,0,No!,no,1.7109375,0.7472511574074074,11.9375,5.5963931494545,28,1,/mnt/data/ssz/mr/results/Qwen2.5-VL/pope/memvr/analysis/coco_POPE_random/1856.pt
2609,2609,coco_POPE_random,coco_POPE_random,1,0,"Yes,",yes,1.71875,0.7218605324074074,11.9375,4.687298591862137,28,1,/mnt/data/ssz/mr/results/Qwen2.5-VL/pope/memvr/analysis/coco_POPE_random/2609.pt
372,372,coco_POPE_random,coco_POPE_random,1,0,No!,no,1.703125,0.7473958333333334,11.9375,5.590289639907183,28,1,/mnt/data/ssz/mr/results/Qwen2.5-VL/pope/memvr/analysis/coco_POPE_random/372.pt
1112,1112,coco_POPE_random,coco_POPE_random,1,0,No!,no,1.7109375,0.7868200231481481,11.9375,5.545962401353657,28,1,/mnt/data/ssz/mr/results/Qwen2.5-VL/pope/memvr/analysis/coco_POPE_random/1112.pt
1857,1857,coco_POPE_random,coco_POPE_random,1,0,"Yes,",yes,1.7109375,0.7405960648148148,11.9375,4.857513879496828,28,2,/mnt/data/ssz/mr/results/Qwen2.5-VL/pope/memvr/analysis/coco_POPE_random/1857.pt
2610,2610,coco_POPE_random,coco_POPE_random,1,0,No!,no,1.71875,0.7265625,11.9375,5.44402108103422,28,1,/mnt/data/ssz/mr/results/Qwen2.5-VL/pope/memvr/analysis/coco_POPE_random/2610.pt
373,373,coco_POPE_random,coco_POPE_random,1,0,"Yes,",yes,1.7421875,0.712890625,11.9375,4.959879376786541,28,1,/mnt/data/ssz/mr/results/Qwen2.5-VL/pope/memvr/analysis/coco_POPE_random/373.pt
1113,1113,coco_POPE_random,coco_POPE_random,0,0,No!,yes,1.7109375,0.7868200231481481,11.9375,5.533236387813492,28,1,/mnt/data/ssz/mr/results/Qwen2.5-VL/pope/memvr/analysis/coco_POPE_random/1113.pt
1858,1858,coco_POPE_random,coco_POPE_random,1,0,No!,no,1.7109375,0.7472511574074074,11.9375,5.497080244245626,28,1,/mnt/data/ssz/mr/results/Qwen2.5-VL/pope/memvr/analysis/coco_POPE_random/1858.pt
2611,2611,coco_POPE_random,coco_POPE_random,0,0,No!,yes,1.703125,0.7499276620370371,11.9375,5.545481616113303,28,1,/mnt/data/ssz/mr/results/Qwen2.5-VL/pope/memvr/analysis/coco_POPE_random/2611.pt
1114,1114,coco_POPE_random,coco_POPE_random,1,0,No!,no,1.7109375,0.7868200231481481,11.9375,5.616266769290288,28,1,/mnt/data/ssz/mr/results/Qwen2.5-VL/pope/memvr/analysis/coco_POPE_random/1114.pt
374,374,coco_POPE_random,coco_POPE_random,1,0,No!,no,1.734375,0.71875,11.9375,5.475472805677343,28,1,/mnt/data/ssz/mr/results/Qwen2.5-VL/pope/memvr/analysis/coco_POPE_random/374.pt
1859,1859,coco_POPE_random,coco_POPE_random,0,0,No!,yes,1.71875,0.7468171296296297,11.9375,5.540966977047682,28,2,/mnt/data/ssz/mr/results/Qwen2.5-VL/pope/memvr/analysis/coco_POPE_random/1859.pt
2612,2612,coco_POPE_random,coco_POPE_random,1,0,No!,no,1.6953125,0.7498553240740741,11.9375,5.693563671697434,28,1,/mnt/data/ssz/mr/results/Qwen2.5-VL/pope/memvr/analysis/coco_POPE_random/2612.pt
1115,1115,coco_POPE_random,coco_POPE_random,1,0,"Yes,",yes,1.7109375,0.7814670138888888,11.9375,4.951972374311877,28,1,/mnt/data/ssz/mr/results/Qwen2.5-VL/pope/memvr/analysis/coco_POPE_random/1115.pt
375,375,coco_POPE_random,coco_POPE_random,1,0,"Yes,",yes,1.7421875,0.712890625,11.9375,4.833534124756062,28,1,/mnt/data/ssz/mr/results/Qwen2.5-VL/pope/memvr/analysis/coco_POPE_random/375.pt
1860,1860,coco_POPE_random,coco_POPE_random,1,0,No!,no,1.7109375,0.7472511574074074,11.9375,5.501841788576085,28,1,/mnt/data/ssz/mr/results/Qwen2.5-VL/pope/memvr/analysis/coco_POPE_random/1860.pt
2613,2613,coco_POPE_random,coco_POPE_random,1,0,"Yes,",yes,1.6953125,0.7447916666666666,11.9375,5.012225532328728,28,1,/mnt/data/ssz/mr/results/Qwen2.5-VL/pope/memvr/analysis/coco_POPE_random/2613.pt
1116,1116,coco_POPE_random,coco_POPE_random,1,0,No!,no,1.7109375,0.7868200231481481,11.9375,5.60753802158082,28,1,/mnt/data/ssz/mr/results/Qwen2.5-VL/pope/memvr/analysis/coco_POPE_random/1116.pt
376,376,coco_POPE_random,coco_POPE_random,1,0,No!,no,1.734375,0.71875,11.9375,5.46441482923182,28,1,/mnt/data/ssz/mr/results/Qwen2.5-VL/pope/memvr/analysis/coco_POPE_random/376.pt
1861,1861,coco_POPE_random,coco_POPE_random,1,0,"Yes,",yes,1.6953125,0.7282262731481481,11.9375,4.725629358701938,28,2,/mnt/data/ssz/mr/results/Qwen2.5-VL/pope/memvr/analysis/coco_POPE_random/1861.pt
1117,1117,coco_POPE_random,coco_POPE_random,1,0,"Yes,",yes,1.734375,0.7583912037037037,11.9375,4.757490259527317,28,1,/mnt/data/ssz/mr/results/Qwen2.5-VL/pope/memvr/analysis/coco_POPE_random/1117.pt
2614,2614,coco_POPE_random,coco_POPE_random,1,0,No!,no,1.6953125,0.7498553240740741,11.9375,5.641393801363001,28,1,/mnt/data/ssz/mr/results/Qwen2.5-VL/pope/memvr/analysis/coco_POPE_random/2614.pt
377,377,coco_POPE_random,coco_POPE_random,1,0,"Yes,",yes,1.7421875,0.712890625,11.9375,4.822268710522214,28,1,/mnt/data/ssz/mr/results/Qwen2.5-VL/pope/memvr/analysis/coco_POPE_random/377.pt
1862,1862,coco_POPE_random,coco_POPE_random,1,0,No!,no,1.6953125,0.7317708333333334,11.9375,5.499500242709473,28,1,/mnt/data/ssz/mr/results/Qwen2.5-VL/pope/memvr/analysis/coco_POPE_random/1862.pt
1118,1118,coco_POPE_random,coco_POPE_random,1,0,No!,no,1.71875,0.7631655092592593,11.9375,5.490661553674821,28,1,/mnt/data/ssz/mr/results/Qwen2.5-VL/pope/memvr/analysis/coco_POPE_random/1118.pt
2615,2615,coco_POPE_random,coco_POPE_random,1,0,"Yes,",yes,1.6953125,0.7447916666666666,11.9375,4.851825103790345,28,1,/mnt/data/ssz/mr/results/Qwen2.5-VL/pope/memvr/analysis/coco_POPE_random/2615.pt
1863,1863,coco_POPE_random,coco_POPE_random,1,0,"Yes,",yes,1.6953125,0.7282262731481481,11.9375,4.8780574976680615,28,2,/mnt/data/ssz/mr/results/Qwen2.5-VL/pope/memvr/analysis/coco_POPE_random/1863.pt
378,378,coco_POPE_random,coco_POPE_random,1,0,No!,no,1.734375,0.71875,11.9375,5.494681490222029,28,1,/mnt/data/ssz/mr/results/Qwen2.5-VL/pope/memvr/analysis/coco_POPE_random/378.pt
1119,1119,coco_POPE_random,coco_POPE_random,1,0,"Yes,",yes,1.734375,0.7582465277777778,11.9375,4.924290123652608,28,1,/mnt/data/ssz/mr/results/Qwen2.5-VL/pope/memvr/analysis/coco_POPE_random/1119.pt
2616,2616,coco_POPE_random,coco_POPE_random,1,0,No!,no,1.6953125,0.7498553240740741,11.9375,5.563174090075461,28,1,/mnt/data/ssz/mr/results/Qwen2.5-VL/pope/memvr/analysis/coco_POPE_random/2616.pt
1864,1864,coco_POPE_random,coco_POPE_random,1,0,No!,no,1.6953125,0.7317708333333334,11.9375,5.602368416828415,28,1,/mnt/data/ssz/mr/results/Qwen2.5-VL/pope/memvr/analysis/coco_POPE_random/1864.pt
379,379,coco_POPE_random,coco_POPE_random,1,0,"Yes,",yes,1.671875,0.7390769675925926,11.9375,5.037005017554452,28,1,/mnt/data/ssz/mr/results/Qwen2.5-VL/pope/memvr/analysis/coco_POPE_random/379.pt
1120,1120,coco_POPE_random,coco_POPE_random,1,0,No!,no,1.734375,0.7628761574074074,11.9375,5.550964929248384,28,1,/mnt/data/ssz/mr/results/Qwen2.5-VL/pope/memvr/analysis/coco_POPE_random/1120.pt
2617,2617,coco_POPE_random,coco_POPE_random,1,0,"Yes,",yes,1.7421875,0.7278645833333334,11.9375,4.946244869056955,28,1,/mnt/data/ssz/mr/results/Qwen2.5-VL/pope/memvr/analysis/coco_POPE_random/2617.pt
1865,1865,coco_POPE_random,coco_POPE_random,1,0,"Yes,",yes,1.6953125,0.7282262731481481,11.9375,4.79553484981738,28,2,/mnt/data/ssz/mr/results/Qwen2.5-VL/pope/memvr/analysis/coco_POPE_random/1865.pt
380,380,coco_POPE_random,coco_POPE_random,1,0,No!,no,1.65625,0.7429108796296297,11.9375,5.575129622732659,28,1,/mnt/data/ssz/mr/results/Qwen2.5-VL/pope/memvr/analysis/coco_POPE_random/380.pt
1121,1121,coco_POPE_random,coco_POPE_random,1,0,"Yes,",yes,1.734375,0.7582465277777778,11.9375,4.948602663815078,28,1,/mnt/data/ssz/mr/results/Qwen2.5-VL/pope/memvr/analysis/coco_POPE_random/1121.pt
2618,2618,coco_POPE_random,coco_POPE_random,1,0,No!,no,1.734375,0.7316261574074074,11.9375,5.6065209347532425,28,1,/mnt/data/ssz/mr/results/Qwen2.5-VL/pope/memvr/analysis/coco_POPE_random/2618.pt
1866,1866,coco_POPE_random,coco_POPE_random,1,0,No!,no,1.703125,0.7320601851851852,11.9375,5.6401468418566605,28,2,/mnt/data/ssz/mr/results/Qwen2.5-VL/pope/memvr/analysis/coco_POPE_random/1866.pt
381,381,coco_POPE_random,coco_POPE_random,1,0,"Yes,",yes,1.671875,0.7390046296296297,11.9375,5.006741546061313,28,1,/mnt/data/ssz/mr/results/Qwen2.5-VL/pope/memvr/analysis/coco_POPE_random/381.pt
1122,1122,coco_POPE_random,coco_POPE_random,1,0,No!,no,1.71875,0.7631655092592593,11.9375,5.5139990396822585,28,1,/mnt/data/ssz/mr/results/Qwen2.5-VL/pope/memvr/analysis/coco_POPE_random/1122.pt
2619,2619,coco_POPE_random,coco_POPE_random,0,0,No!,yes,1.734375,0.7316261574074074,11.9375,5.554033423975413,28,1,/mnt/data/ssz/mr/results/Qwen2.5-VL/pope/memvr/analysis/coco_POPE_random/2619.pt
1867,1867,coco_POPE_random,coco_POPE_random,1,0,"Yes,",yes,1.7109375,0.7413194444444444,11.9375,4.840440612856376,28,1,/mnt/data/ssz/mr/results/Qwen2.5-VL/pope/memvr/analysis/coco_POPE_random/1867.pt
382,382,coco_POPE_random,coco_POPE_random,1,0,No!,no,1.65625,0.7428385416666666,11.9375,5.661325956961267,28,1,/mnt/data/ssz/mr/results/Qwen2.5-VL/pope/memvr/analysis/coco_POPE_random/382.pt
1123,1123,coco_POPE_random,coco_POPE_random,1,0,"Yes,",yes,1.6875,0.7267071759259259,11.9375,4.868505478798467,28,1,/mnt/data/ssz/mr/results/Qwen2.5-VL/pope/memvr/analysis/coco_POPE_random/1123.pt
2620,2620,coco_POPE_random,coco_POPE_random,1,0,No!,no,1.734375,0.7316261574074074,11.9375,5.566063601825139,28,1,/mnt/data/ssz/mr/results/Qwen2.5-VL/pope/memvr/analysis/coco_POPE_random/2620.pt
1868,1868,coco_POPE_random,coco_POPE_random,1,0,No!,no,1.703125,0.7445023148148148,11.9375,5.501136376671411,28,1,/mnt/data/ssz/mr/results/Qwen2.5-VL/pope/memvr/analysis/coco_POPE_random/1868.pt
383,383,coco_POPE_random,coco_POPE_random,1,0,"Yes,",yes,1.671875,0.7390046296296297,11.9375,4.949179423731108,28,1,/mnt/data/ssz/mr/results/Qwen2.5-VL/pope/memvr/analysis/coco_POPE_random/383.pt
1124,1124,coco_POPE_random,coco_POPE_random,1,0,No!,no,1.6875,0.7449363425925926,11.9375,5.564638812933309,28,1,/mnt/data/ssz/mr/results/Qwen2.5-VL/pope/memvr/analysis/coco_POPE_random/1124.pt
2621,2621,coco_POPE_random,coco_POPE_random,1,0,"Yes,",yes,1.7421875,0.7278645833333334,11.9375,4.852697851134335,28,1,/mnt/data/ssz/mr/results/Qwen2.5-VL/pope/memvr/analysis/coco_POPE_random/2621.pt
1869,1869,coco_POPE_random,coco_POPE_random,1,0,"Yes,",yes,1.7109375,0.7413194444444444,11.9375,4.7704459959644945,28,1,/mnt/data/ssz/mr/results/Qwen2.5-VL/pope/memvr/analysis/coco_POPE_random/1869.pt
384,384,coco_POPE_random,coco_POPE_random,1,0,No!,no,1.65625,0.7428385416666666,11.9375,5.617541620374313,28,1,/mnt/data/ssz/mr/results/Qwen2.5-VL/pope/memvr/analysis/coco_POPE_random/384.pt
1125,1125,coco_POPE_random,coco_POPE_random,0,0,No!,yes,1.6875,0.7449363425925926,11.9375,5.5826885214237025,28,1,/mnt/data/ssz/mr/results/Qwen2.5-VL/pope/memvr/analysis/coco_POPE_random/1125.pt
2622,2622,coco_POPE_random,coco_POPE_random,1,0,No!,no,1.734375,0.7316261574074074,11.9375,5.506113030501042,28,1,/mnt/data/ssz/mr/results/Qwen2.5-VL/pope/memvr/analysis/coco_POPE_random/2622.pt
1870,1870,coco_POPE_random,coco_POPE_random,1,0,No!,no,1.703125,0.7445023148148148,11.9375,5.482124925781481,28,1,/mnt/data/ssz/mr/results/Qwen2.5-VL/pope/memvr/analysis/coco_POPE_random/1870.pt
385,385,coco_POPE_random,coco_POPE_random,0,0,No!,yes,1.71875,0.7559317129629629,11.9375,5.665758678119409,28,1,/mnt/data/ssz/mr/results/Qwen2.5-VL/pope/memvr/analysis/coco_POPE_random/385.pt
1126,1126,coco_POPE_random,coco_POPE_random,1,0,No!,no,1.6875,0.7449363425925926,11.9375,5.605008952946954,28,1,/mnt/data/ssz/mr/results/Qwen2.5-VL/pope/memvr/analysis/coco_POPE_random/1126.pt
1871,1871,coco_POPE_random,coco_POPE_random,1,0,"Yes,",yes,1.7109375,0.7405960648148148,11.9375,4.713488501068588,28,1,/mnt/data/ssz/mr/results/Qwen2.5-VL/pope/memvr/analysis/coco_POPE_random/1871.pt
2623,2623,coco_POPE_random,coco_POPE_random,0,0,No!,yes,1.7265625,0.7329282407407407,11.9375,5.458158960388024,28,1,/mnt/data/ssz/mr/results/Qwen2.5-VL/pope/memvr/analysis/coco_POPE_random/2623.pt
386,386,coco_POPE_random,coco_POPE_random,1,0,No!,no,1.71875,0.7559317129629629,11.9375,5.619412072326417,28,1,/mnt/data/ssz/mr/results/Qwen2.5-VL/pope/memvr/analysis/coco_POPE_random/386.pt
1127,1127,coco_POPE_random,coco_POPE_random,1,0,"Yes,",yes,1.6875,0.7405237268518519,11.9375,4.932821433670391,28,1,/mnt/data/ssz/mr/results/Qwen2.5-VL/pope/memvr/analysis/coco_POPE_random/1127.pt
1872,1872,coco_POPE_random,coco_POPE_random,1,0,No!,no,1.703125,0.7445023148148148,11.9375,5.526212068439134,28,1,/mnt/data/ssz/mr/results/Qwen2.5-VL/pope/memvr/analysis/coco_POPE_random/1872.pt
2624,2624,coco_POPE_random,coco_POPE_random,1,0,No!,no,1.7265625,0.7329282407407407,11.9375,5.564981698210462,28,1,/mnt/data/ssz/mr/results/Qwen2.5-VL/pope/memvr/analysis/coco_POPE_random/2624.pt
387,387,coco_POPE_random,coco_POPE_random,0,0,No!,yes,1.71875,0.7559317129629629,11.9375,5.60219906098666,28,1,/mnt/data/ssz/mr/results/Qwen2.5-VL/pope/memvr/analysis/coco_POPE_random/387.pt
1128,1128,coco_POPE_random,coco_POPE_random,1,0,No!,no,1.6875,0.7449363425925926,11.9375,5.4777746877458915,28,1,/mnt/data/ssz/mr/results/Qwen2.5-VL/pope/memvr/analysis/coco_POPE_random/1128.pt
1873,1873,coco_POPE_random,coco_POPE_random,0,0,No!,yes,1.671875,0.7526041666666666,11.9375,5.563326397950795,28,1,/mnt/data/ssz/mr/results/Qwen2.5-VL/pope/memvr/analysis/coco_POPE_random/1873.pt
2625,2625,coco_POPE_random,coco_POPE_random,1,0,"Yes,",yes,1.734375,0.728515625,11.9375,4.851867425739831,28,1,/mnt/data/ssz/mr/results/Qwen2.5-VL/pope/memvr/analysis/coco_POPE_random/2625.pt
388,388,coco_POPE_random,coco_POPE_random,1,0,No!,no,1.71875,0.7559317129629629,11.9375,5.653431539322151,28,1,/mnt/data/ssz/mr/results/Qwen2.5-VL/pope/memvr/analysis/coco_POPE_random/388.pt
1874,1874,coco_POPE_random,coco_POPE_random,1,0,No!,no,1.671875,0.7526041666666666,11.9375,5.584403171797123,28,1,/mnt/data/ssz/mr/results/Qwen2.5-VL/pope/memvr/analysis/coco_POPE_random/1874.pt
1129,1129,coco_POPE_random,coco_POPE_random,1,0,"Yes,",yes,1.734375,0.7481915509259259,11.9375,5.0860651668887895,28,1,/mnt/data/ssz/mr/results/Qwen2.5-VL/pope/memvr/analysis/coco_POPE_random/1129.pt
2626,2626,coco_POPE_random,coco_POPE_random,1,0,No!,no,1.71875,0.7319155092592593,11.9375,5.582518435764666,28,1,/mnt/data/ssz/mr/results/Qwen2.5-VL/pope/memvr/analysis/coco_POPE_random/2626.pt
1875,1875,coco_POPE_random,coco_POPE_random,1,0,"Yes,",yes,1.6875,0.7479021990740741,11.9375,4.902293754696075,28,1,/mnt/data/ssz/mr/results/Qwen2.5-VL/pope/memvr/analysis/coco_POPE_random/1875.pt
389,389,coco_POPE_random,coco_POPE_random,1,0,"Yes,",yes,1.71875,0.7524594907407407,11.9375,4.827603119479923,28,1,/mnt/data/ssz/mr/results/Qwen2.5-VL/pope/memvr/analysis/coco_POPE_random/389.pt
1130,1130,coco_POPE_random,coco_POPE_random,1,0,No!,no,1.734375,0.7528935185185185,11.9375,5.609714303666163,28,1,/mnt/data/ssz/mr/results/Qwen2.5-VL/pope/memvr/analysis/coco_POPE_random/1130.pt
2627,2627,coco_POPE_random,coco_POPE_random,1,0,"Yes,",yes,1.734375,0.7275752314814815,11.9375,4.844149128905726,28,1,/mnt/data/ssz/mr/results/Qwen2.5-VL/pope/memvr/analysis/coco_POPE_random/2627.pt
1876,1876,coco_POPE_random,coco_POPE_random,1,0,No!,no,1.671875,0.7526041666666666,11.9375,5.695955350671628,28,1,/mnt/data/ssz/mr/results/Qwen2.5-VL/pope/memvr/analysis/coco_POPE_random/1876.pt
390,390,coco_POPE_random,coco_POPE_random,1,0,No!,no,1.71875,0.7559317129629629,11.9375,5.629292671068908,28,1,/mnt/data/ssz/mr/results/Qwen2.5-VL/pope/memvr/analysis/coco_POPE_random/390.pt
1131,1131,coco_POPE_random,coco_POPE_random,1,0,"Yes,",yes,1.734375,0.7481915509259259,11.9375,4.894570919454579,28,1,/mnt/data/ssz/mr/results/Qwen2.5-VL/pope/memvr/analysis/coco_POPE_random/1131.pt
2628,2628,coco_POPE_random,coco_POPE_random,1,0,No!,no,1.7265625,0.732421875,11.9375,5.553009438960701,28,1,/mnt/data/ssz/mr/results/Qwen2.5-VL/pope/memvr/analysis/coco_POPE_random/2628.pt
1877,1877,coco_POPE_random,coco_POPE_random,0,0,No!,yes,1.671875,0.7526041666666666,11.9375,5.544082153717501,28,1,/mnt/data/ssz/mr/results/Qwen2.5-VL/pope/memvr/analysis/coco_POPE_random/1877.pt
391,391,coco_POPE_random,coco_POPE_random,1,0,"Yes,",yes,1.6875,0.7648292824074074,11.9375,4.871422554921404,28,1,/mnt/data/ssz/mr/results/Qwen2.5-VL/pope/memvr/analysis/coco_POPE_random/391.pt
1132,1132,coco_POPE_random,coco_POPE_random,1,0,No!,no,1.734375,0.7530381944444444,11.9375,5.659229127814577,28,1,/mnt/data/ssz/mr/results/Qwen2.5-VL/pope/memvr/analysis/coco_POPE_random/1132.pt
1878,1878,coco_POPE_random,coco_POPE_random,1,0,No!,no,1.671875,0.7526041666666666,11.9375,5.5586141720620486,28,1,/mnt/data/ssz/mr/results/Qwen2.5-VL/pope/memvr/analysis/coco_POPE_random/1878.pt
2629,2629,coco_POPE_random,coco_POPE_random,1,0,"Yes,",yes,1.75,0.7631655092592593,11.9375,4.88913044672669,28,1,/mnt/data/ssz/mr/results/Qwen2.5-VL/pope/memvr/analysis/coco_POPE_random/2629.pt
392,392,coco_POPE_random,coco_POPE_random,1,0,No!,no,1.6796875,0.7696759259259259,11.9375,5.527876403199179,28,1,/mnt/data/ssz/mr/results/Qwen2.5-VL/pope/memvr/analysis/coco_POPE_random/392.pt
1133,1133,coco_POPE_random,coco_POPE_random,0,0,No!,yes,1.734375,0.7530381944444444,11.9375,5.648062292349942,28,1,/mnt/data/ssz/mr/results/Qwen2.5-VL/pope/memvr/analysis/coco_POPE_random/1133.pt
2630,2630,coco_POPE_random,coco_POPE_random,1,0,No!,no,1.75,0.767578125,11.9375,5.702389355279216,28,1,/mnt/data/ssz/mr/results/Qwen2.5-VL/pope/memvr/analysis/coco_POPE_random/2630.pt
1879,1879,coco_POPE_random,coco_POPE_random,0,0,No!,yes,1.6875,0.7374131944444444,11.9375,5.559065839115145,28,1,/mnt/data/ssz/mr/results/Qwen2.5-VL/pope/memvr/analysis/coco_POPE_random/1879.pt
393,393,coco_POPE_random,coco_POPE_random,1,0,"Yes,",yes,1.6875,0.7646122685185185,11.9375,4.837949119071334,28,1,/mnt/data/ssz/mr/results/Qwen2.5-VL/pope/memvr/analysis/coco_POPE_random/393.pt
1134,1134,coco_POPE_random,coco_POPE_random,1,0,No!,no,1.734375,0.7530381944444444,11.9375,5.615404793914861,28,1,/mnt/data/ssz/mr/results/Qwen2.5-VL/pope/memvr/analysis/coco_POPE_random/1134.pt
2631,2631,coco_POPE_random,coco_POPE_random,1,0,"Yes,",yes,1.75,0.7629484953703703,11.9375,5.205949140228908,28,1,/mnt/data/ssz/mr/results/Qwen2.5-VL/pope/memvr/analysis/coco_POPE_random/2631.pt
1880,1880,coco_POPE_random,coco_POPE_random,1,0,No!,no,1.6875,0.7385706018518519,11.9375,5.535632671429978,28,1,/mnt/data/ssz/mr/results/Qwen2.5-VL/pope/memvr/analysis/coco_POPE_random/1880.pt
394,394,coco_POPE_random,coco_POPE_random,1,0,No!,no,1.6796875,0.7696759259259259,11.9375,5.480977938171032,28,1,/mnt/data/ssz/mr/results/Qwen2.5-VL/pope/memvr/analysis/coco_POPE_random/394.pt
1135,1135,coco_POPE_random,coco_POPE_random,1,0,"Yes,",yes,1.703125,0.7342303240740741,11.9375,4.900069759018702,28,1,/mnt/data/ssz/mr/results/Qwen2.5-VL/pope/memvr/analysis/coco_POPE_random/1135.pt
2632,2632,coco_POPE_random,coco_POPE_random,1,0,No!,no,1.75,0.767578125,11.9375,5.57887039144407,28,1,/mnt/data/ssz/mr/results/Qwen2.5-VL/pope/memvr/analysis/coco_POPE_random/2632.pt
1881,1881,coco_POPE_random,coco_POPE_random,1,0,"Yes,",yes,1.6953125,0.7338686342592593,11.9375,4.94572009803029,28,1,/mnt/data/ssz/mr/results/Qwen2.5-VL/pope/memvr/analysis/coco_POPE_random/1881.pt
395,395,coco_POPE_random,coco_POPE_random,1,0,"Yes,",yes,1.6875,0.7648292824074074,11.9375,4.8813891035333965,28,1,/mnt/data/ssz/mr/results/Qwen2.5-VL/pope/memvr/analysis/coco_POPE_random/395.pt
2633,2633,coco_POPE_random,coco_POPE_random,0,0,No!,yes,1.75,0.7673611111111112,11.9375,5.622587837812747,28,1,/mnt/data/ssz/mr/results/Qwen2.5-VL/pope/memvr/analysis/coco_POPE_random/2633.pt
1136,1136,coco_POPE_random,coco_POPE_random,1,0,No!,no,1.703125,0.73828125,11.9375,5.52508142508132,28,1,/mnt/data/ssz/mr/results/Qwen2.5-VL/pope/memvr/analysis/coco_POPE_random/1136.pt
1882,1882,coco_POPE_random,coco_POPE_random,1,0,No!,no,1.6875,0.7372685185185185,11.9375,5.50667810484123,28,1,/mnt/data/ssz/mr/results/Qwen2.5-VL/pope/memvr/analysis/coco_POPE_random/1882.pt
396,396,coco_POPE_random,coco_POPE_random,1,0,No!,no,1.6796875,0.7696759259259259,11.9375,5.497246829602177,28,1,/mnt/data/ssz/mr/results/Qwen2.5-VL/pope/memvr/analysis/coco_POPE_random/396.pt
2634,2634,coco_POPE_random,coco_POPE_random,1,0,No!,no,1.75,0.767578125,11.9375,5.734364939856372,28,1,/mnt/data/ssz/mr/results/Qwen2.5-VL/pope/memvr/analysis/coco_POPE_random/2634.pt
397,397,coco_POPE_random,coco_POPE_random,0,0,No!,yes,1.6875,0.7618634259259259,11.9375,5.397441313972289,28,1,/mnt/data/ssz/mr/results/Qwen2.5-VL/pope/memvr/analysis/coco_POPE_random/397.pt
1883,1883,coco_POPE_random,coco_POPE_random,1,0,"Yes,",yes,1.6953125,0.7338686342592593,11.9375,4.878667694451232,28,1,/mnt/data/ssz/mr/results/Qwen2.5-VL/pope/memvr/analysis/coco_POPE_random/1883.pt
1137,1137,coco_POPE_random,coco_POPE_random,1,0,"Yes,",yes,1.703125,0.7342303240740741,11.9375,4.81228715384626,28,1,/mnt/data/ssz/mr/results/Qwen2.5-VL/pope/memvr/analysis/coco_POPE_random/1137.pt
398,398,coco_POPE_random,coco_POPE_random,1,0,No!,no,1.6875,0.7618634259259259,11.9375,5.419531937774211,28,1,/mnt/data/ssz/mr/results/Qwen2.5-VL/pope/memvr/analysis/coco_POPE_random/398.pt
2635,2635,coco_POPE_random,coco_POPE_random,0,0,No!,yes,1.6875,0.7313368055555556,11.9375,5.472939053252299,28,1,/mnt/data/ssz/mr/results/Qwen2.5-VL/pope/memvr/analysis/coco_POPE_random/2635.pt
1884,1884,coco_POPE_random,coco_POPE_random,1,0,No!,no,1.6875,0.7379195601851852,11.9375,5.542339316960665,28,1,/mnt/data/ssz/mr/results/Qwen2.5-VL/pope/memvr/analysis/coco_POPE_random/1884.pt
1138,1138,coco_POPE_random,coco_POPE_random,1,0,No!,no,1.703125,0.7384982638888888,11.9375,5.50479932697655,28,1,/mnt/data/ssz/mr/results/Qwen2.5-VL/pope/memvr/analysis/coco_POPE_random/1138.pt
399,399,coco_POPE_random,coco_POPE_random,0,0,No!,yes,1.6875,0.7618634259259259,11.9375,5.417946121355961,28,1,/mnt/data/ssz/mr/results/Qwen2.5-VL/pope/memvr/analysis/coco_POPE_random/399.pt
1885,1885,coco_POPE_random,coco_POPE_random,1,0,"Yes,",yes,1.703125,0.7231626157407407,11.9375,4.871682299252045,28,1,/mnt/data/ssz/mr/results/Qwen2.5-VL/pope/memvr/analysis/coco_POPE_random/1885.pt
1139,1139,coco_POPE_random,coco_POPE_random,0,0,No!,yes,1.703125,0.7384982638888888,11.9375,5.6111101179422835,28,1,/mnt/data/ssz/mr/results/Qwen2.5-VL/pope/memvr/analysis/coco_POPE_random/1139.pt
2636,2636,coco_POPE_random,coco_POPE_random,1,0,No!,no,1.6875,0.7313368055555556,11.9375,5.424054504432175,28,1,/mnt/data/ssz/mr/results/Qwen2.5-VL/pope/memvr/analysis/coco_POPE_random/2636.pt
400,400,coco_POPE_random,coco_POPE_random,1,0,No!,no,1.6875,0.7622974537037037,11.9375,5.46155863352692,28,1,/mnt/data/ssz/mr/results/Qwen2.5-VL/pope/memvr/analysis/coco_POPE_random/400.pt
1886,1886,coco_POPE_random,coco_POPE_random,1,0,No!,no,1.703125,0.7269965277777778,11.9375,5.521149753866949,28,1,/mnt/data/ssz/mr/results/Qwen2.5-VL/pope/memvr/analysis/coco_POPE_random/1886.pt
1140,1140,coco_POPE_random,coco_POPE_random,1,0,No!,no,1.703125,0.73828125,11.9375,5.499166624652781,28,1,/mnt/data/ssz/mr/results/Qwen2.5-VL/pope/memvr/analysis/coco_POPE_random/1140.pt
401,401,coco_POPE_random,coco_POPE_random,1,0,"Yes,",yes,1.6875,0.7561487268518519,11.9375,4.806042467875166,28,1,/mnt/data/ssz/mr/results/Qwen2.5-VL/pope/memvr/analysis/coco_POPE_random/401.pt
2637,2637,coco_POPE_random,coco_POPE_random,0,0,No!,yes,1.6875,0.7313368055555556,11.9375,5.585756714462369,28,1,/mnt/data/ssz/mr/results/Qwen2.5-VL/pope/memvr/analysis/coco_POPE_random/2637.pt
402,402,coco_POPE_random,coco_POPE_random,1,0,No!,no,1.6875,0.7617910879629629,11.9375,5.407680866686311,28,1,/mnt/data/ssz/mr/results/Qwen2.5-VL/pope/memvr/analysis/coco_POPE_random/402.pt
1887,1887,coco_POPE_random,coco_POPE_random,0,0,No!,yes,1.703125,0.7269965277777778,11.9375,5.467088164892818,28,1,/mnt/data/ssz/mr/results/Qwen2.5-VL/pope/memvr/analysis/coco_POPE_random/1887.pt
1141,1141,coco_POPE_random,coco_POPE_random,1,0,"Yes,",yes,1.75,0.7513744212962963,11.9375,4.718521566861346,28,1,/mnt/data/ssz/mr/results/Qwen2.5-VL/pope/memvr/analysis/coco_POPE_random/1141.pt
2638,2638,coco_POPE_random,coco_POPE_random,1,0,No!,no,1.6875,0.7313368055555556,11.9375,5.483171921177966,28,1,/mnt/data/ssz/mr/results/Qwen2.5-VL/pope/memvr/analysis/coco_POPE_random/2638.pt
403,403,coco_POPE_random,coco_POPE_random,1,0,"Yes,",yes,1.734375,0.7386429398148148,11.9375,4.928086179861579,28,1,/mnt/data/ssz/mr/results/Qwen2.5-VL/pope/memvr/analysis/coco_POPE_random/403.pt
1888,1888,coco_POPE_random,coco_POPE_random,1,0,No!,no,1.703125,0.7269965277777778,11.9375,5.5562196362604075,28,1,/mnt/data/ssz/mr/results/Qwen2.5-VL/pope/memvr/analysis/coco_POPE_random/1888.pt
1142,1142,coco_POPE_random,coco_POPE_random,1,0,No!,no,1.734375,0.7552083333333334,11.9375,5.525220599806916,28,1,/mnt/data/ssz/mr/results/Qwen2.5-VL/pope/memvr/analysis/coco_POPE_random/1142.pt
2639,2639,coco_POPE_random,coco_POPE_random,1,0,"Yes,",yes,1.6875,0.7269965277777778,11.9375,4.779852435953746,28,1,/mnt/data/ssz/mr/results/Qwen2.5-VL/pope/memvr/analysis/coco_POPE_random/2639.pt
404,404,coco_POPE_random,coco_POPE_random,1,0,No!,no,1.71875,0.7431278935185185,11.9375,5.476995543189583,28,1,/mnt/data/ssz/mr/results/Qwen2.5-VL/pope/memvr/analysis/coco_POPE_random/404.pt
1889,1889,coco_POPE_random,coco_POPE_random,0,0,No!,yes,1.703125,0.7272858796296297,11.9375,5.474924576612591,28,1,/mnt/data/ssz/mr/results/Qwen2.5-VL/pope/memvr/analysis/coco_POPE_random/1889.pt
1143,1143,coco_POPE_random,coco_POPE_random,0,0,No!,yes,1.734375,0.7554976851851852,11.9375,5.4744392988099015,28,1,/mnt/data/ssz/mr/results/Qwen2.5-VL/pope/memvr/analysis/coco_POPE_random/1143.pt
2640,2640,coco_POPE_random,coco_POPE_random,1,0,No!,no,1.6875,0.7313368055555556,11.9375,5.477157482787303,28,1,/mnt/data/ssz/mr/results/Qwen2.5-VL/pope/memvr/analysis/coco_POPE_random/2640.pt
405,405,coco_POPE_random,coco_POPE_random,1,0,"Yes,",yes,1.734375,0.7386429398148148,11.9375,4.73188476156806,28,1,/mnt/data/ssz/mr/results/Qwen2.5-VL/pope/memvr/analysis/coco_POPE_random/405.pt
1890,1890,coco_POPE_random,coco_POPE_random,1,0,No!,no,1.703125,0.7269965277777778,11.9375,5.5157085521972915,28,1,/mnt/data/ssz/mr/results/Qwen2.5-VL/pope/memvr/analysis/coco_POPE_random/1890.pt
1144,1144,coco_POPE_random,coco_POPE_random,1,0,No!,no,1.734375,0.7553530092592593,11.9375,5.559050246946064,28,1,/mnt/data/ssz/mr/results/Qwen2.5-VL/pope/memvr/analysis/coco_POPE_random/1144.pt
2641,2641,coco_POPE_random,coco_POPE_random,1,0,"Yes,",yes,1.703125,0.7680121527777778,11.9375,4.772158213702465,28,1,/mnt/data/ssz/mr/results/Qwen2.5-VL/pope/memvr/analysis/coco_POPE_random/2641.pt
406,406,coco_POPE_random,coco_POPE_random,1,0,No!,no,1.71875,0.7430555555555556,11.9375,5.474717775531032,28,1,/mnt/data/ssz/mr/results/Qwen2.5-VL/pope/memvr/analysis/coco_POPE_random/406.pt
1891,1891,coco_POPE_random,coco_POPE_random,0,0,No!,yes,1.671875,0.7698206018518519,11.9375,5.6549207772401004,28,1,/mnt/data/ssz/mr/results/Qwen2.5-VL/pope/memvr/analysis/coco_POPE_random/1891.pt
2642,2642,coco_POPE_random,coco_POPE_random,1,0,No!,no,1.6875,0.7724247685185185,11.9375,5.6046433987460755,28,1,/mnt/data/ssz/mr/results/Qwen2.5-VL/pope/memvr/analysis/coco_POPE_random/2642.pt
407,407,coco_POPE_random,coco_POPE_random,1,0,"Yes,",yes,1.734375,0.7386429398148148,11.9375,4.6738965543818525,28,1,/mnt/data/ssz/mr/results/Qwen2.5-VL/pope/memvr/analysis/coco_POPE_random/407.pt
1145,1145,coco_POPE_random,coco_POPE_random,1,0,"Yes,",yes,1.75,0.7512297453703703,11.9375,4.735509347870598,28,1,/mnt/data/ssz/mr/results/Qwen2.5-VL/pope/memvr/analysis/coco_POPE_random/1145.pt
1892,1892,coco_POPE_random,coco_POPE_random,1,0,No!,no,1.671875,0.7698206018518519,11.9375,5.67214379505068,28,1,/mnt/data/ssz/mr/results/Qwen2.5-VL/pope/memvr/analysis/coco_POPE_random/1892.pt
2643,2643,coco_POPE_random,coco_POPE_random,1,0,"Yes,",yes,1.703125,0.7680121527777778,11.9375,4.934328894470519,28,1,/mnt/data/ssz/mr/results/Qwen2.5-VL/pope/memvr/analysis/coco_POPE_random/2643.pt
408,408,coco_POPE_random,coco_POPE_random,1,0,No!,no,1.71875,0.7430555555555556,11.9375,5.483946988231953,28,1,/mnt/data/ssz/mr/results/Qwen2.5-VL/pope/memvr/analysis/coco_POPE_random/408.pt
1146,1146,coco_POPE_random,coco_POPE_random,1,0,No!,no,1.734375,0.7554976851851852,11.9375,5.454373387599172,28,1,/mnt/data/ssz/mr/results/Qwen2.5-VL/pope/memvr/analysis/coco_POPE_random/1146.pt
2644,2644,coco_POPE_random,coco_POPE_random,1,0,No!,no,1.6875,0.7724247685185185,11.9375,5.583831951183333,28,1,/mnt/data/ssz/mr/results/Qwen2.5-VL/pope/memvr/analysis/coco_POPE_random/2644.pt
409,409,coco_POPE_random,coco_POPE_random,1,0,"Yes,",yes,1.6875,0.7421151620370371,11.9375,4.966134508312122,28,1,/mnt/data/ssz/mr/results/Qwen2.5-VL/pope/memvr/analysis/coco_POPE_random/409.pt
1893,1893,coco_POPE_random,coco_POPE_random,1,0,"Yes,",yes,1.6796875,0.7639612268518519,11.9375,4.94431677445852,28,1,/mnt/data/ssz/mr/results/Qwen2.5-VL/pope/memvr/analysis/coco_POPE_random/1893.pt
1147,1147,coco_POPE_random,coco_POPE_random,1,0,"Yes,",yes,1.734375,0.7169415509259259,11.9375,4.92125688126506,28,1,/mnt/data/ssz/mr/results/Qwen2.5-VL/pope/memvr/analysis/coco_POPE_random/1147.pt
2645,2645,coco_POPE_random,coco_POPE_random,1,0,"Yes,",yes,1.703125,0.7680121527777778,11.9375,5.145725283970477,28,1,/mnt/data/ssz/mr/results/Qwen2.5-VL/pope/memvr/analysis/coco_POPE_random/2645.pt
410,410,coco_POPE_random,coco_POPE_random,1,0,No!,no,1.671875,0.7484085648148148,11.9375,5.522275072391996,28,1,/mnt/data/ssz/mr/results/Qwen2.5-VL/pope/memvr/analysis/coco_POPE_random/410.pt
1894,1894,coco_POPE_random,coco_POPE_random,1,0,No!,no,1.671875,0.7698206018518519,11.9375,5.698481147223541,28,1,/mnt/data/ssz/mr/results/Qwen2.5-VL/pope/memvr/analysis/coco_POPE_random/1894.pt
1148,1148,coco_POPE_random,coco_POPE_random,1,0,No!,no,1.734375,0.7213541666666666,11.9375,5.5499769305119635,28,1,/mnt/data/ssz/mr/results/Qwen2.5-VL/pope/memvr/analysis/coco_POPE_random/1148.pt
2646,2646,coco_POPE_random,coco_POPE_random,1,0,No!,no,1.6875,0.7724247685185185,11.9375,5.681363472286115,28,1,/mnt/data/ssz/mr/results/Qwen2.5-VL/pope/memvr/analysis/coco_POPE_random/2646.pt
411,411,coco_POPE_random,coco_POPE_random,1,0,"Yes,",yes,1.6875,0.7421151620370371,11.9375,4.8899902732664495,28,1,/mnt/data/ssz/mr/results/Qwen2.5-VL/pope/memvr/analysis/coco_POPE_random/411.pt
1149,1149,coco_POPE_random,coco_POPE_random,1,0,"Yes,",yes,1.734375,0.7169415509259259,11.9375,4.798469399996237,28,1,/mnt/data/ssz/mr/results/Qwen2.5-VL/pope/memvr/analysis/coco_POPE_random/1149.pt
1895,1895,coco_POPE_random,coco_POPE_random,0,0,No!,yes,1.671875,0.7698206018518519,11.9375,5.8211103526610435,28,1,/mnt/data/ssz/mr/results/Qwen2.5-VL/pope/memvr/analysis/coco_POPE_random/1895.pt
2647,2647,coco_POPE_random,coco_POPE_random,1,0,"Yes,",yes,1.734375,0.7262008101851852,11.9375,4.858524729814863,28,1,/mnt/data/ssz/mr/results/Qwen2.5-VL/pope/memvr/analysis/coco_POPE_random/2647.pt
412,412,coco_POPE_random,coco_POPE_random,1,0,No!,no,1.671875,0.7484085648148148,11.9375,5.718011360118845,28,1,/mnt/data/ssz/mr/results/Qwen2.5-VL/pope/memvr/analysis/coco_POPE_random/412.pt
1150,1150,coco_POPE_random,coco_POPE_random,1,0,No!,no,1.734375,0.7213541666666666,11.9375,5.562723173605577,28,1,/mnt/data/ssz/mr/results/Qwen2.5-VL/pope/memvr/analysis/coco_POPE_random/1150.pt
2648,2648,coco_POPE_random,coco_POPE_random,1,0,No!,no,1.734375,0.7313368055555556,11.9375,5.469633405370892,28,1,/mnt/data/ssz/mr/results/Qwen2.5-VL/pope/memvr/analysis/coco_POPE_random/2648.pt
1896,1896,coco_POPE_random,coco_POPE_random,1,0,No!,no,1.671875,0.7696759259259259,11.9375,5.7617221342694265,28,1,/mnt/data/ssz/mr/results/Qwen2.5-VL/pope/memvr/analysis/coco_POPE_random/1896.pt
413,413,coco_POPE_random,coco_POPE_random,1,0,"Yes,",yes,1.6875,0.7421151620370371,11.9375,4.802426972145527,28,1,/mnt/data/ssz/mr/results/Qwen2.5-VL/pope/memvr/analysis/coco_POPE_random/413.pt
1151,1151,coco_POPE_random,coco_POPE_random,1,0,"Yes,",yes,1.734375,0.7169415509259259,11.9375,4.721346793210558,28,1,/mnt/data/ssz/mr/results/Qwen2.5-VL/pope/memvr/analysis/coco_POPE_random/1151.pt
2649,2649,coco_POPE_random,coco_POPE_random,1,0,"Yes,",yes,1.734375,0.7262008101851852,11.9375,4.934457860945266,28,1,/mnt/data/ssz/mr/results/Qwen2.5-VL/pope/memvr/analysis/coco_POPE_random/2649.pt
1897,1897,coco_POPE_random,coco_POPE_random,0,0,No!,yes,1.703125,0.7426215277777778,11.9375,5.490005211498419,28,1,/mnt/data/ssz/mr/results/Qwen2.5-VL/pope/memvr/analysis/coco_POPE_random/1897.pt
414,414,coco_POPE_random,coco_POPE_random,1,0,No!,no,1.671875,0.7484085648148148,11.9375,5.573613198466648,28,1,/mnt/data/ssz/mr/results/Qwen2.5-VL/pope/memvr/analysis/coco_POPE_random/414.pt
1152,1152,coco_POPE_random,coco_POPE_random,1,0,No!,no,1.734375,0.7213541666666666,11.9375,5.547245706271324,28,1,/mnt/data/ssz/mr/results/Qwen2.5-VL/pope/memvr/analysis/coco_POPE_random/1152.pt
2650,2650,coco_POPE_random,coco_POPE_random,1,0,No!,no,1.734375,0.7326388888888888,11.9375,5.612691341321273,28,1,/mnt/data/ssz/mr/results/Qwen2.5-VL/pope/memvr/analysis/coco_POPE_random/2650.pt
415,415,coco_POPE_random,coco_POPE_random,1,0,"Yes,",yes,1.6484375,0.7479745370370371,11.9375,4.666088656634413,28,1,/mnt/data/ssz/mr/results/Qwen2.5-VL/pope/memvr/analysis/coco_POPE_random/415.pt
1898,1898,coco_POPE_random,coco_POPE_random,1,0,No!,no,1.703125,0.7429832175925926,11.9375,5.47692917152732,28,1,/mnt/data/ssz/mr/results/Qwen2.5-VL/pope/memvr/analysis/coco_POPE_random/1898.pt
1153,1153,coco_POPE_random,coco_POPE_random,1,0,"Yes,",yes,1.734375,0.73828125,11.9375,4.877080831292068,28,1,/mnt/data/ssz/mr/results/Qwen2.5-VL/pope/memvr/analysis/coco_POPE_random/1153.pt
2651,2651,coco_POPE_random,coco_POPE_random,1,0,"Yes,",yes,1.734375,0.7268518518518519,11.9375,4.683897251990481,28,1,/mnt/data/ssz/mr/results/Qwen2.5-VL/pope/memvr/analysis/coco_POPE_random/2651.pt
416,416,coco_POPE_random,coco_POPE_random,1,0,No!,no,1.6484375,0.7536168981481481,11.9375,5.571223646977912,28,1,/mnt/data/ssz/mr/results/Qwen2.5-VL/pope/memvr/analysis/coco_POPE_random/416.pt
1899,1899,coco_POPE_random,coco_POPE_random,1,0,"Yes,",yes,1.7109375,0.7377025462962963,11.9375,4.796243564418045,28,1,/mnt/data/ssz/mr/results/Qwen2.5-VL/pope/memvr/analysis/coco_POPE_random/1899.pt
1154,1154,coco_POPE_random,coco_POPE_random,1,0,No!,no,1.734375,0.7445023148148148,11.9375,5.558459955695698,28,1,/mnt/data/ssz/mr/results/Qwen2.5-VL/pope/memvr/analysis/coco_POPE_random/1154.pt
2652,2652,coco_POPE_random,coco_POPE_random,1,0,No!,no,1.734375,0.7313368055555556,11.9375,5.538945571662633,28,1,/mnt/data/ssz/mr/results/Qwen2.5-VL/pope/memvr/analysis/coco_POPE_random/2652.pt
417,417,coco_POPE_random,coco_POPE_random,1,0,"Yes,",yes,1.6484375,0.7481192129629629,11.9375,4.878836412401283,28,1,/mnt/data/ssz/mr/results/Qwen2.5-VL/pope/memvr/analysis/coco_POPE_random/417.pt
2653,2653,coco_POPE_random,coco_POPE_random,0,0,No!,yes,1.6640625,0.7445023148148148,11.9375,5.4869666653693425,28,1,/mnt/data/ssz/mr/results/Qwen2.5-VL/pope/memvr/analysis/coco_POPE_random/2653.pt
1900,1900,coco_POPE_random,coco_POPE_random,1,0,No!,no,1.703125,0.7429832175925926,11.9375,5.408457200044271,28,1,/mnt/data/ssz/mr/results/Qwen2.5-VL/pope/memvr/analysis/coco_POPE_random/1900.pt
418,418,coco_POPE_random,coco_POPE_random,1,0,No!,no,1.640625,0.7540509259259259,11.9375,5.351876475156001,28,1,/mnt/data/ssz/mr/results/Qwen2.5-VL/pope/memvr/analysis/coco_POPE_random/418.pt
1155,1155,coco_POPE_random,coco_POPE_random,1,0,"Yes,",yes,1.734375,0.73828125,11.9375,4.96099852011302,28,1,/mnt/data/ssz/mr/results/Qwen2.5-VL/pope/memvr/analysis/coco_POPE_random/1155.pt
2654,2654,coco_POPE_random,coco_POPE_random,1,0,No!,no,1.6640625,0.7447916666666666,11.9375,5.5954405089786485,28,1,/mnt/data/ssz/mr/results/Qwen2.5-VL/pope/memvr/analysis/coco_POPE_random/2654.pt
419,419,coco_POPE_random,coco_POPE_random,1,0,"Yes,",yes,1.6484375,0.7481192129629629,11.9375,4.6808119221236835,28,1,/mnt/data/ssz/mr/results/Qwen2.5-VL/pope/memvr/analysis/coco_POPE_random/419.pt
1156,1156,coco_POPE_random,coco_POPE_random,1,0,No!,no,1.734375,0.7446469907407407,11.9375,5.537052805115497,28,1,/mnt/data/ssz/mr/results/Qwen2.5-VL/pope/memvr/analysis/coco_POPE_random/1156.pt
1901,1901,coco_POPE_random,coco_POPE_random,1,0,"Yes,",yes,1.7109375,0.7377025462962963,11.9375,4.766963696645544,28,1,/mnt/data/ssz/mr/results/Qwen2.5-VL/pope/memvr/analysis/coco_POPE_random/1901.pt
2655,2655,coco_POPE_random,coco_POPE_random,1,0,"Yes,",yes,1.671875,0.7413194444444444,11.9375,4.835714026025643,28,1,/mnt/data/ssz/mr/results/Qwen2.5-VL/pope/memvr/analysis/coco_POPE_random/2655.pt
420,420,coco_POPE_random,coco_POPE_random,1,0,No!,no,1.640625,0.75390625,11.9375,5.414912570204118,28,1,/mnt/data/ssz/mr/results/Qwen2.5-VL/pope/memvr/analysis/coco_POPE_random/420.pt
1157,1157,coco_POPE_random,coco_POPE_random,1,0,"Yes,",yes,1.734375,0.73828125,11.9375,4.758560343951612,28,1,/mnt/data/ssz/mr/results/Qwen2.5-VL/pope/memvr/analysis/coco_POPE_random/1157.pt
2656,2656,coco_POPE_random,coco_POPE_random,1,0,No!,no,1.6640625,0.7446469907407407,11.9375,5.528458155344949,28,1,/mnt/data/ssz/mr/results/Qwen2.5-VL/pope/memvr/analysis/coco_POPE_random/2656.pt
1902,1902,coco_POPE_random,coco_POPE_random,1,0,No!,no,1.703125,0.7429832175925926,11.9375,5.418301999205034,28,1,/mnt/data/ssz/mr/results/Qwen2.5-VL/pope/memvr/analysis/coco_POPE_random/1902.pt
421,421,coco_POPE_random,coco_POPE_random,1,0,"Yes,",yes,1.6875,0.7774884259259259,11.9375,4.803523822948505,28,1,/mnt/data/ssz/mr/results/Qwen2.5-VL/pope/memvr/analysis/coco_POPE_random/421.pt
2657,2657,coco_POPE_random,coco_POPE_random,1,0,"Yes,",yes,1.671875,0.7413194444444444,11.9375,4.796860900546782,28,1,/mnt/data/ssz/mr/results/Qwen2.5-VL/pope/memvr/analysis/coco_POPE_random/2657.pt
1158,1158,coco_POPE_random,coco_POPE_random,1,0,No!,no,1.734375,0.7446469907407407,11.9375,5.691102817795111,28,1,/mnt/data/ssz/mr/results/Qwen2.5-VL/pope/memvr/analysis/coco_POPE_random/1158.pt
1903,1903,coco_POPE_random,coco_POPE_random,1,0,"Yes,",yes,1.71875,0.7254774305555556,11.9375,4.767223074026196,28,1,/mnt/data/ssz/mr/results/Qwen2.5-VL/pope/memvr/analysis/coco_POPE_random/1903.pt
422,422,coco_POPE_random,coco_POPE_random,1,0,No!,no,1.6875,0.7815393518518519,11.9375,5.457726601381778,28,1,/mnt/data/ssz/mr/results/Qwen2.5-VL/pope/memvr/analysis/coco_POPE_random/422.pt
2658,2658,coco_POPE_random,coco_POPE_random,1,0,No!,no,1.6640625,0.7448640046296297,11.9375,5.502411125006896,28,1,/mnt/data/ssz/mr/results/Qwen2.5-VL/pope/memvr/analysis/coco_POPE_random/2658.pt
1159,1159,coco_POPE_random,coco_POPE_random,1,0,"Yes,",yes,1.71875,0.7243200231481481,11.9375,4.807526544828417,28,1,/mnt/data/ssz/mr/results/Qwen2.5-VL/pope/memvr/analysis/coco_POPE_random/1159.pt
1904,1904,coco_POPE_random,coco_POPE_random,1,0,No!,no,1.7109375,0.7290219907407407,11.9375,5.455993373876293,28,1,/mnt/data/ssz/mr/results/Qwen2.5-VL/pope/memvr/analysis/coco_POPE_random/1904.pt
423,423,coco_POPE_random,coco_POPE_random,1,0,"Yes,",yes,1.6875,0.7774884259259259,11.9375,4.873432814639381,28,1,/mnt/data/ssz/mr/results/Qwen2.5-VL/pope/memvr/analysis/coco_POPE_random/423.pt
2659,2659,coco_POPE_random,coco_POPE_random,0,0,No!,yes,1.6796875,0.7622974537037037,11.9375,5.519906067667511,28,1,/mnt/data/ssz/mr/results/Qwen2.5-VL/pope/memvr/analysis/coco_POPE_random/2659.pt
1160,1160,coco_POPE_random,coco_POPE_random,1,0,No!,no,1.7109375,0.7280092592592593,11.9375,5.4724539538721535,28,1,/mnt/data/ssz/mr/results/Qwen2.5-VL/pope/memvr/analysis/coco_POPE_random/1160.pt
424,424,coco_POPE_random,coco_POPE_random,1,0,No!,no,1.6875,0.7819733796296297,11.9375,5.48728169383942,28,1,/mnt/data/ssz/mr/results/Qwen2.5-VL/pope/memvr/analysis/coco_POPE_random/424.pt
1905,1905,coco_POPE_random,coco_POPE_random,1,0,"Yes,",yes,1.71875,0.7254774305555556,11.9375,4.881348306752488,28,1,/mnt/data/ssz/mr/results/Qwen2.5-VL/pope/memvr/analysis/coco_POPE_random/1905.pt
2660,2660,coco_POPE_random,coco_POPE_random,1,0,No!,no,1.6796875,0.7622251157407407,11.9375,5.447327130830562,28,1,/mnt/data/ssz/mr/results/Qwen2.5-VL/pope/memvr/analysis/coco_POPE_random/2660.pt
1161,1161,coco_POPE_random,coco_POPE_random,1,0,"Yes,",yes,1.71875,0.7243200231481481,11.9375,4.896386540098259,28,1,/mnt/data/ssz/mr/results/Qwen2.5-VL/pope/memvr/analysis/coco_POPE_random/1161.pt
425,425,coco_POPE_random,coco_POPE_random,1,0,"Yes,",yes,1.6875,0.7774884259259259,11.9375,4.659087300270789,28,1,/mnt/data/ssz/mr/results/Qwen2.5-VL/pope/memvr/analysis/coco_POPE_random/425.pt
2661,2661,coco_POPE_random,coco_POPE_random,0,0,No!,yes,1.6796875,0.7622251157407407,11.9375,5.621025867815441,28,1,/mnt/data/ssz/mr/results/Qwen2.5-VL/pope/memvr/analysis/coco_POPE_random/2661.pt
1906,1906,coco_POPE_random,coco_POPE_random,1,0,No!,no,1.7109375,0.7290219907407407,11.9375,5.5987538508293095,28,1,/mnt/data/ssz/mr/results/Qwen2.5-VL/pope/memvr/analysis/coco_POPE_random/1906.pt
1162,1162,coco_POPE_random,coco_POPE_random,1,0,No!,no,1.7109375,0.7280092592592593,11.9375,5.593115101705013,28,1,/mnt/data/ssz/mr/results/Qwen2.5-VL/pope/memvr/analysis/coco_POPE_random/1162.pt
426,426,coco_POPE_random,coco_POPE_random,1,0,No!,no,1.6875,0.7819733796296297,11.9375,5.538545168678457,28,1,/mnt/data/ssz/mr/results/Qwen2.5-VL/pope/memvr/analysis/coco_POPE_random/426.pt
2662,2662,coco_POPE_random,coco_POPE_random,1,0,No!,no,1.6796875,0.7621527777777778,11.9375,5.539500805920045,28,1,/mnt/data/ssz/mr/results/Qwen2.5-VL/pope/memvr/analysis/coco_POPE_random/2662.pt
1907,1907,coco_POPE_random,coco_POPE_random,1,0,"Yes,",yes,1.71875,0.7256221064814815,11.9375,4.812429013903237,28,1,/mnt/data/ssz/mr/results/Qwen2.5-VL/pope/memvr/analysis/coco_POPE_random/1907.pt
1163,1163,coco_POPE_random,coco_POPE_random,1,0,"Yes,",yes,1.71875,0.7243200231481481,11.9375,4.797248701228162,28,1,/mnt/data/ssz/mr/results/Qwen2.5-VL/pope/memvr/analysis/coco_POPE_random/1163.pt
427,427,coco_POPE_random,coco_POPE_random,1,0,"Yes,",yes,1.734375,0.7486979166666666,11.9375,4.898603348271788,28,1,/mnt/data/ssz/mr/results/Qwen2.5-VL/pope/memvr/analysis/coco_POPE_random/427.pt
2663,2663,coco_POPE_random,coco_POPE_random,1,0,"Yes,",yes,1.6875,0.7575231481481481,11.9375,4.780967373201137,28,1,/mnt/data/ssz/mr/results/Qwen2.5-VL/pope/memvr/analysis/coco_POPE_random/2663.pt
1908,1908,coco_POPE_random,coco_POPE_random,1,0,No!,no,1.7109375,0.7290219907407407,11.9375,5.522554692857997,28,1,/mnt/data/ssz/mr/results/Qwen2.5-VL/pope/memvr/analysis/coco_POPE_random/1908.pt
1164,1164,coco_POPE_random,coco_POPE_random,1,0,No!,no,1.7109375,0.7280092592592593,11.9375,5.469476373422336,28,1,/mnt/data/ssz/mr/results/Qwen2.5-VL/pope/memvr/analysis/coco_POPE_random/1164.pt
428,428,coco_POPE_random,coco_POPE_random,1,0,No!,no,1.71875,0.7517361111111112,11.9375,5.597824847149398,28,1,/mnt/data/ssz/mr/results/Qwen2.5-VL/pope/memvr/analysis/coco_POPE_random/428.pt
2664,2664,coco_POPE_random,coco_POPE_random,1,0,No!,no,1.6796875,0.7622974537037037,11.9375,5.480991791438727,28,1,/mnt/data/ssz/mr/results/Qwen2.5-VL/pope/memvr/analysis/coco_POPE_random/2664.pt
1909,1909,coco_POPE_random,coco_POPE_random,1,0,"Yes,",yes,1.71875,0.7099247685185185,11.9375,4.9378757355096825,28,1,/mnt/data/ssz/mr/results/Qwen2.5-VL/pope/memvr/analysis/coco_POPE_random/1909.pt
1165,1165,coco_POPE_random,coco_POPE_random,1,0,"Yes,",yes,1.71875,0.7456597222222222,11.9375,4.954574579951449,28,1,/mnt/data/ssz/mr/results/Qwen2.5-VL/pope/memvr/analysis/coco_POPE_random/1165.pt
429,429,coco_POPE_random,coco_POPE_random,1,0,"Yes,",yes,1.734375,0.7486979166666666,11.9375,4.770196139606736,28,1,/mnt/data/ssz/mr/results/Qwen2.5-VL/pope/memvr/analysis/coco_POPE_random/429.pt
2665,2665,coco_POPE_random,coco_POPE_random,1,0,"Yes,",yes,1.703125,0.7380642361111112,11.9375,4.901450479108589,28,1,/mnt/data/ssz/mr/results/Qwen2.5-VL/pope/memvr/analysis/coco_POPE_random/2665.pt
1910,1910,coco_POPE_random,coco_POPE_random,1,0,No!,no,1.71875,0.7170138888888888,11.9375,5.490294231657603,28,1,/mnt/data/ssz/mr/results/Qwen2.5-VL/pope/memvr/analysis/coco_POPE_random/1910.pt
1166,1166,coco_POPE_random,coco_POPE_random,1,0,No!,no,1.71875,0.7504340277777778,11.9375,5.648393096410614,28,1,/mnt/data/ssz/mr/results/Qwen2.5-VL/pope/memvr/analysis/coco_POPE_random/1166.pt
430,430,coco_POPE_random,coco_POPE_random,1,0,No!,no,1.71875,0.7521701388888888,11.9375,5.549763121089576,28,1,/mnt/data/ssz/mr/results/Qwen2.5-VL/pope/memvr/analysis/coco_POPE_random/430.pt
2666,2666,coco_POPE_random,coco_POPE_random,1,0,No!,no,1.703125,0.7411747685185185,11.9375,5.518649937240374,28,1,/mnt/data/ssz/mr/results/Qwen2.5-VL/pope/memvr/analysis/coco_POPE_random/2666.pt
1911,1911,coco_POPE_random,coco_POPE_random,0,0,No!,yes,1.71875,0.7162905092592593,11.9375,5.509629848760226,28,1,/mnt/data/ssz/mr/results/Qwen2.5-VL/pope/memvr/analysis/coco_POPE_random/1911.pt
1167,1167,coco_POPE_random,coco_POPE_random,0,0,No!,yes,1.71875,0.7504340277777778,11.9375,5.582757809303514,28,1,/mnt/data/ssz/mr/results/Qwen2.5-VL/pope/memvr/analysis/coco_POPE_random/1167.pt
431,431,coco_POPE_random,coco_POPE_random,1,0,"Yes,",yes,1.734375,0.7486979166666666,11.9375,4.73616193144222,28,1,/mnt/data/ssz/mr/results/Qwen2.5-VL/pope/memvr/analysis/coco_POPE_random/431.pt
2667,2667,coco_POPE_random,coco_POPE_random,0,0,No!,yes,1.703125,0.7418981481481481,11.9375,5.541036904397609,28,1,/mnt/data/ssz/mr/results/Qwen2.5-VL/pope/memvr/analysis/coco_POPE_random/2667.pt
1912,1912,coco_POPE_random,coco_POPE_random,1,0,No!,no,1.71875,0.7170138888888888,11.9375,5.513433346713571,28,1,/mnt/data/ssz/mr/results/Qwen2.5-VL/pope/memvr/analysis/coco_POPE_random/1912.pt
1168,1168,coco_POPE_random,coco_POPE_random,1,0,No!,no,1.71875,0.7504340277777778,11.9375,5.585786006783217,28,1,/mnt/data/ssz/mr/results/Qwen2.5-VL/pope/memvr/analysis/coco_POPE_random/1168.pt
432,432,coco_POPE_random,coco_POPE_random,1,0,No!,no,1.71875,0.7517361111111112,11.9375,5.622738926646512,28,1,/mnt/data/ssz/mr/results/Qwen2.5-VL/pope/memvr/analysis/coco_POPE_random/432.pt
2668,2668,coco_POPE_random,coco_POPE_random,1,0,No!,no,1.703125,0.7418981481481481,11.9375,5.507696808371387,28,1,/mnt/data/ssz/mr/results/Qwen2.5-VL/pope/memvr/analysis/coco_POPE_random/2668.pt
1913,1913,coco_POPE_random,coco_POPE_random,1,0,"Yes,",yes,1.71875,0.7099247685185185,11.9375,4.714432868484665,28,1,/mnt/data/ssz/mr/results/Qwen2.5-VL/pope/memvr/analysis/coco_POPE_random/1913.pt
1169,1169,coco_POPE_random,coco_POPE_random,0,0,No!,yes,1.71875,0.7504340277777778,11.9375,5.540118009048958,28,1,/mnt/data/ssz/mr/results/Qwen2.5-VL/pope/memvr/analysis/coco_POPE_random/1169.pt
433,433,coco_POPE_random,coco_POPE_random,1,0,"Yes,",yes,1.734375,0.7564380787037037,11.9375,4.949516250693593,28,1,/mnt/data/ssz/mr/results/Qwen2.5-VL/pope/memvr/analysis/coco_POPE_random/433.pt
2669,2669,coco_POPE_random,coco_POPE_random,1,0,"Yes,",yes,1.703125,0.7380642361111112,11.9375,4.717814768199381,28,1,/mnt/data/ssz/mr/results/Qwen2.5-VL/pope/memvr/analysis/coco_POPE_random/2669.pt
1914,1914,coco_POPE_random,coco_POPE_random,1,0,No!,no,1.71875,0.7162905092592593,11.9375,5.493498595506794,28,1,/mnt/data/ssz/mr/results/Qwen2.5-VL/pope/memvr/analysis/coco_POPE_random/1914.pt
1170,1170,coco_POPE_random,coco_POPE_random,1,0,No!,no,1.71875,0.7504340277777778,11.9375,5.548870641385669,28,1,/mnt/data/ssz/mr/results/Qwen2.5-VL/pope/memvr/analysis/coco_POPE_random/1170.pt
434,434,coco_POPE_random,coco_POPE_random,1,0,No!,no,1.734375,0.7609953703703703,11.9375,5.589201443000281,28,1,/mnt/data/ssz/mr/results/Qwen2.5-VL/pope/memvr/analysis/coco_POPE_random/434.pt
2670,2670,coco_POPE_random,coco_POPE_random,1,0,No!,no,1.703125,0.7418981481481481,11.9375,5.490730951621525,28,1,/mnt/data/ssz/mr/results/Qwen2.5-VL/pope/memvr/analysis/coco_POPE_random/2670.pt
1915,1915,coco_POPE_random,coco_POPE_random,1,0,"Yes,",yes,1.71875,0.7251880787037037,11.9375,4.91436420123996,28,1,/mnt/data/ssz/mr/results/Qwen2.5-VL/pope/memvr/analysis/coco_POPE_random/1915.pt
435,435,coco_POPE_random,coco_POPE_random,0,0,No!,yes,1.734375,0.7602719907407407,11.9375,5.6581186692928895,28,1,/mnt/data/ssz/mr/results/Qwen2.5-VL/pope/memvr/analysis/coco_POPE_random/435.pt
1171,1171,coco_POPE_random,coco_POPE_random,0,0,No!,yes,1.703125,0.7423321759259259,11.9375,5.353755447663814,28,1,/mnt/data/ssz/mr/results/Qwen2.5-VL/pope/memvr/analysis/coco_POPE_random/1171.pt
2671,2671,coco_POPE_random,coco_POPE_random,1,0,"Yes,",yes,1.6875,0.7537615740740741,11.9375,4.926238958926849,28,1,/mnt/data/ssz/mr/results/Qwen2.5-VL/pope/memvr/analysis/coco_POPE_random/2671.pt
1916,1916,coco_POPE_random,coco_POPE_random,1,0,No!,no,1.71875,0.732421875,11.9375,5.657840786104763,28,1,/mnt/data/ssz/mr/results/Qwen2.5-VL/pope/memvr/analysis/coco_POPE_random/1916.pt
436,436,coco_POPE_random,coco_POPE_random,1,0,No!,no,1.734375,0.7606336805555556,11.9375,5.584992937043792,28,1,/mnt/data/ssz/mr/results/Qwen2.5-VL/pope/memvr/analysis/coco_POPE_random/436.pt
1172,1172,coco_POPE_random,coco_POPE_random,1,0,No!,no,1.703125,0.7423321759259259,11.9375,5.5080458146755795,28,1,/mnt/data/ssz/mr/results/Qwen2.5-VL/pope/memvr/analysis/coco_POPE_random/1172.pt
2672,2672,coco_POPE_random,coco_POPE_random,1,0,No!,no,1.671875,0.7546296296296297,11.9375,5.555249989691658,28,1,/mnt/data/ssz/mr/results/Qwen2.5-VL/pope/memvr/analysis/coco_POPE_random/2672.pt
1917,1917,coco_POPE_random,coco_POPE_random,1,0,"Yes,",yes,1.71875,0.7251880787037037,11.9375,4.8997655423982405,28,1,/mnt/data/ssz/mr/results/Qwen2.5-VL/pope/memvr/analysis/coco_POPE_random/1917.pt
437,437,coco_POPE_random,coco_POPE_random,1,0,"Yes,",yes,1.734375,0.7564380787037037,11.9375,4.8355681898782805,28,1,/mnt/data/ssz/mr/results/Qwen2.5-VL/pope/memvr/analysis/coco_POPE_random/437.pt
1173,1173,coco_POPE_random,coco_POPE_random,0,0,No!,yes,1.703125,0.7423321759259259,11.9375,5.467954363651219,28,1,/mnt/data/ssz/mr/results/Qwen2.5-VL/pope/memvr/analysis/coco_POPE_random/1173.pt
2673,2673,coco_POPE_random,coco_POPE_random,0,0,No!,yes,1.671875,0.7546296296296297,11.9375,5.470043497755514,28,1,/mnt/data/ssz/mr/results/Qwen2.5-VL/pope/memvr/analysis/coco_POPE_random/2673.pt
438,438,coco_POPE_random,coco_POPE_random,0,1,"Yes,",no,1.734375,0.7564380787037037,11.9375,4.882026897904356,28,1,/mnt/data/ssz/mr/results/Qwen2.5-VL/pope/memvr/analysis/coco_POPE_random/438.pt
1918,1918,coco_POPE_random,coco_POPE_random,1,0,No!,no,1.71875,0.7319155092592593,11.9375,5.5231809433754,28,1,/mnt/data/ssz/mr/results/Qwen2.5-VL/pope/memvr/analysis/coco_POPE_random/1918.pt
2674,2674,coco_POPE_random,coco_POPE_random,1,0,No!,no,1.671875,0.7546296296296297,11.9375,5.463258218307836,28,1,/mnt/data/ssz/mr/results/Qwen2.5-VL/pope/memvr/analysis/coco_POPE_random/2674.pt
1174,1174,coco_POPE_random,coco_POPE_random,1,0,No!,no,1.703125,0.7422598379629629,11.9375,5.580843109501512,28,1,/mnt/data/ssz/mr/results/Qwen2.5-VL/pope/memvr/analysis/coco_POPE_random/1174.pt
439,439,coco_POPE_random,coco_POPE_random,1,0,"Yes,",yes,1.734375,0.7280092592592593,11.9375,4.875056537374083,28,1,/mnt/data/ssz/mr/results/Qwen2.5-VL/pope/memvr/analysis/coco_POPE_random/439.pt
1919,1919,coco_POPE_random,coco_POPE_random,0,0,No!,yes,1.71875,0.7319155092592593,11.9375,5.595413492201448,28,1,/mnt/data/ssz/mr/results/Qwen2.5-VL/pope/memvr/analysis/coco_POPE_random/1919.pt
2675,2675,coco_POPE_random,coco_POPE_random,1,0,"Yes,",yes,1.6875,0.7535445601851852,11.9375,4.696876114906603,28,1,/mnt/data/ssz/mr/results/Qwen2.5-VL/pope/memvr/analysis/coco_POPE_random/2675.pt
1175,1175,coco_POPE_random,coco_POPE_random,1,0,"Yes,",yes,1.71875,0.7398726851851852,11.9375,4.809649246649486,28,1,/mnt/data/ssz/mr/results/Qwen2.5-VL/pope/memvr/analysis/coco_POPE_random/1175.pt
440,440,coco_POPE_random,coco_POPE_random,1,0,No!,no,1.71875,0.7326388888888888,11.9375,5.5078988208316675,28,1,/mnt/data/ssz/mr/results/Qwen2.5-VL/pope/memvr/analysis/coco_POPE_random/440.pt
1920,1920,coco_POPE_random,coco_POPE_random,1,0,No!,no,1.71875,0.7319155092592593,11.9375,5.7547463510566965,28,1,/mnt/data/ssz/mr/results/Qwen2.5-VL/pope/memvr/analysis/coco_POPE_random/1920.pt
2676,2676,coco_POPE_random,coco_POPE_random,1,0,No!,no,1.671875,0.7546296296296297,11.9375,5.481347715021853,28,1,/mnt/data/ssz/mr/results/Qwen2.5-VL/pope/memvr/analysis/coco_POPE_random/2676.pt
1176,1176,coco_POPE_random,coco_POPE_random,1,0,No!,no,1.703125,0.7423321759259259,11.9375,5.601508954332052,28,1,/mnt/data/ssz/mr/results/Qwen2.5-VL/pope/memvr/analysis/coco_POPE_random/1176.pt
441,441,coco_POPE_random,coco_POPE_random,1,0,"Yes,",yes,1.734375,0.7280092592592593,11.9375,4.941218752386202,28,1,/mnt/data/ssz/mr/results/Qwen2.5-VL/pope/memvr/analysis/coco_POPE_random/441.pt
1921,1921,coco_POPE_random,coco_POPE_random,1,0,"Yes,",yes,1.734375,0.7153501157407407,11.9375,4.926982314531235,28,1,/mnt/data/ssz/mr/results/Qwen2.5-VL/pope/memvr/analysis/coco_POPE_random/1921.pt
2677,2677,coco_POPE_random,coco_POPE_random,1,0,"Yes,",yes,1.671875,0.7337239583333334,11.9375,4.8894927151984025,28,1,/mnt/data/ssz/mr/results/Qwen2.5-VL/pope/memvr/analysis/coco_POPE_random/2677.pt
1177,1177,coco_POPE_random,coco_POPE_random,1,0,"Yes,",yes,1.6875,0.7424768518518519,11.9375,4.861287212131958,28,1,/mnt/data/ssz/mr/results/Qwen2.5-VL/pope/memvr/analysis/coco_POPE_random/1177.pt
442,442,coco_POPE_random,coco_POPE_random,1,0,No!,no,1.71875,0.7326388888888888,11.9375,5.5630585444585074,28,1,/mnt/data/ssz/mr/results/Qwen2.5-VL/pope/memvr/analysis/coco_POPE_random/442.pt
1922,1922,coco_POPE_random,coco_POPE_random,1,0,No!,no,1.734375,0.7181712962962963,11.9375,5.506984173327196,28,1,/mnt/data/ssz/mr/results/Qwen2.5-VL/pope/memvr/analysis/coco_POPE_random/1922.pt
2678,2678,coco_POPE_random,coco_POPE_random,1,0,No!,no,1.65625,0.7560763888888888,11.9375,5.402691911074138,28,1,/mnt/data/ssz/mr/results/Qwen2.5-VL/pope/memvr/analysis/coco_POPE_random/2678.pt
1178,1178,coco_POPE_random,coco_POPE_random,1,0,No!,no,1.6875,0.7475405092592593,11.9375,5.478131852223355,28,1,/mnt/data/ssz/mr/results/Qwen2.5-VL/pope/memvr/analysis/coco_POPE_random/1178.pt
443,443,coco_POPE_random,coco_POPE_random,0,0,No!,yes,1.7265625,0.7327835648148148,11.9375,5.649185811163173,28,1,/mnt/data/ssz/mr/results/Qwen2.5-VL/pope/memvr/analysis/coco_POPE_random/443.pt
1923,1923,coco_POPE_random,coco_POPE_random,1,0,"Yes,",yes,1.734375,0.7153501157407407,11.9375,4.900434403241206,28,1,/mnt/data/ssz/mr/results/Qwen2.5-VL/pope/memvr/analysis/coco_POPE_random/1923.pt
2679,2679,coco_POPE_random,coco_POPE_random,0,0,No!,yes,1.65625,0.7560763888888888,11.9375,5.536053875995102,28,1,/mnt/data/ssz/mr/results/Qwen2.5-VL/pope/memvr/analysis/coco_POPE_random/2679.pt
1179,1179,coco_POPE_random,coco_POPE_random,0,0,No!,yes,1.6875,0.7475405092592593,11.9375,5.514327501562234,28,1,/mnt/data/ssz/mr/results/Qwen2.5-VL/pope/memvr/analysis/coco_POPE_random/1179.pt
444,444,coco_POPE_random,coco_POPE_random,1,0,No!,no,1.71875,0.7326388888888888,11.9375,5.632003744125604,28,1,/mnt/data/ssz/mr/results/Qwen2.5-VL/pope/memvr/analysis/coco_POPE_random/444.pt
2680,2680,coco_POPE_random,coco_POPE_random,1,0,No!,no,1.65625,0.7555700231481481,11.9375,5.452995590909219,28,1,/mnt/data/ssz/mr/results/Qwen2.5-VL/pope/memvr/analysis/coco_POPE_random/2680.pt
1924,1924,coco_POPE_random,coco_POPE_random,1,0,No!,no,1.734375,0.7181712962962963,11.9375,5.496166210161595,28,1,/mnt/data/ssz/mr/results/Qwen2.5-VL/pope/memvr/analysis/coco_POPE_random/1924.pt
1180,1180,coco_POPE_random,coco_POPE_random,1,0,No!,no,1.6875,0.7475405092592593,11.9375,5.506592736337866,28,1,/mnt/data/ssz/mr/results/Qwen2.5-VL/pope/memvr/analysis/coco_POPE_random/1180.pt
445,445,coco_POPE_random,coco_POPE_random,1,0,"Yes,",yes,1.7265625,0.7403790509259259,11.9375,4.944907581766247,28,1,/mnt/data/ssz/mr/results/Qwen2.5-VL/pope/memvr/analysis/coco_POPE_random/445.pt
2681,2681,coco_POPE_random,coco_POPE_random,0,0,No!,yes,1.65625,0.7560763888888888,11.9375,5.434481272811009,28,1,/mnt/data/ssz/mr/results/Qwen2.5-VL/pope/memvr/analysis/coco_POPE_random/2681.pt
1925,1925,coco_POPE_random,coco_POPE_random,0,0,No!,yes,1.734375,0.7181712962962963,11.9375,5.5230813626701,28,1,/mnt/data/ssz/mr/results/Qwen2.5-VL/pope/memvr/analysis/coco_POPE_random/1925.pt
1181,1181,coco_POPE_random,coco_POPE_random,0,0,No!,yes,1.6875,0.7475405092592593,11.9375,5.645299235707265,28,1,/mnt/data/ssz/mr/results/Qwen2.5-VL/pope/memvr/analysis/coco_POPE_random/1181.pt
2682,2682,coco_POPE_random,coco_POPE_random,1,0,No!,no,1.65625,0.7560763888888888,11.9375,5.410102941249828,28,1,/mnt/data/ssz/mr/results/Qwen2.5-VL/pope/memvr/analysis/coco_POPE_random/2682.pt
446,446,coco_POPE_random,coco_POPE_random,1,0,No!,no,1.71875,0.7473958333333334,11.9375,5.564047489333524,28,1,/mnt/data/ssz/mr/results/Qwen2.5-VL/pope/memvr/analysis/coco_POPE_random/446.pt
1926,1926,coco_POPE_random,coco_POPE_random,1,0,No!,no,1.734375,0.7181712962962963,11.9375,5.59105701419446,28,1,/mnt/data/ssz/mr/results/Qwen2.5-VL/pope/memvr/analysis/coco_POPE_random/1926.pt
1182,1182,coco_POPE_random,coco_POPE_random,1,0,No!,no,1.6875,0.7475405092592593,11.9375,5.45639702407886,28,1,/mnt/data/ssz/mr/results/Qwen2.5-VL/pope/memvr/analysis/coco_POPE_random/1182.pt
2683,2683,coco_POPE_random,coco_POPE_random,1,0,"Yes,",yes,1.6875,0.7546296296296297,11.9375,4.838858570859815,28,1,/mnt/data/ssz/mr/results/Qwen2.5-VL/pope/memvr/analysis/coco_POPE_random/2683.pt
447,447,coco_POPE_random,coco_POPE_random,1,0,"Yes,",yes,1.7265625,0.7403790509259259,11.9375,4.739380837372372,28,1,/mnt/data/ssz/mr/results/Qwen2.5-VL/pope/memvr/analysis/coco_POPE_random/447.pt
1927,1927,coco_POPE_random,coco_POPE_random,1,0,"Yes,",yes,1.7421875,0.7335792824074074,11.9375,5.017058228531643,28,1,/mnt/data/ssz/mr/results/Qwen2.5-VL/pope/memvr/analysis/coco_POPE_random/1927.pt
1183,1183,coco_POPE_random,coco_POPE_random,1,0,"Yes,",yes,1.6875,0.7538339120370371,11.9375,5.035265776850117,28,1,/mnt/data/ssz/mr/results/Qwen2.5-VL/pope/memvr/analysis/coco_POPE_random/1183.pt
2684,2684,coco_POPE_random,coco_POPE_random,1,0,No!,no,1.671875,0.7591145833333334,11.9375,5.541194869117462,28,1,/mnt/data/ssz/mr/results/Qwen2.5-VL/pope/memvr/analysis/coco_POPE_random/2684.pt
448,448,coco_POPE_random,coco_POPE_random,1,0,No!,no,1.71875,0.7473958333333334,11.9375,5.512461053689235,28,1,/mnt/data/ssz/mr/results/Qwen2.5-VL/pope/memvr/analysis/coco_POPE_random/448.pt
1928,1928,coco_POPE_random,coco_POPE_random,1,0,No!,no,1.734375,0.7398003472222222,11.9375,5.657324200324935,28,1,/mnt/data/ssz/mr/results/Qwen2.5-VL/pope/memvr/analysis/coco_POPE_random/1928.pt
2685,2685,coco_POPE_random,coco_POPE_random,0,0,No!,yes,1.6796875,0.7595486111111112,11.9375,5.5010666865136795,28,1,/mnt/data/ssz/mr/results/Qwen2.5-VL/pope/memvr/analysis/coco_POPE_random/2685.pt
1184,1184,coco_POPE_random,coco_POPE_random,1,0,No!,no,1.6875,0.7572337962962963,11.9375,5.614997585215045,28,2,/mnt/data/ssz/mr/results/Qwen2.5-VL/pope/memvr/analysis/coco_POPE_random/1184.pt
449,449,coco_POPE_random,coco_POPE_random,1,0,"Yes,",yes,1.7265625,0.7403790509259259,11.9375,4.8789962188816,28,1,/mnt/data/ssz/mr/results/Qwen2.5-VL/pope/memvr/analysis/coco_POPE_random/449.pt
1929,1929,coco_POPE_random,coco_POPE_random,0,0,No!,yes,1.734375,0.7397280092592593,11.9375,5.703842892223198,28,1,/mnt/data/ssz/mr/results/Qwen2.5-VL/pope/memvr/analysis/coco_POPE_random/1929.pt
2686,2686,coco_POPE_random,coco_POPE_random,1,0,No!,no,1.671875,0.7591145833333334,11.9375,5.645229500187552,28,1,/mnt/data/ssz/mr/results/Qwen2.5-VL/pope/memvr/analysis/coco_POPE_random/2686.pt
1185,1185,coco_POPE_random,coco_POPE_random,1,0,"Yes,",yes,1.6875,0.7538339120370371,11.9375,4.895736017040302,28,1,/mnt/data/ssz/mr/results/Qwen2.5-VL/pope/memvr/analysis/coco_POPE_random/1185.pt
450,450,coco_POPE_random,coco_POPE_random,1,0,No!,no,1.71875,0.7473958333333334,11.9375,5.5539736469840815,28,1,/mnt/data/ssz/mr/results/Qwen2.5-VL/pope/memvr/analysis/coco_POPE_random/450.pt
1930,1930,coco_POPE_random,coco_POPE_random,1,0,No!,no,1.734375,0.7397280092592593,11.9375,5.6638199254834785,28,1,/mnt/data/ssz/mr/results/Qwen2.5-VL/pope/memvr/analysis/coco_POPE_random/1930.pt
2687,2687,coco_POPE_random,coco_POPE_random,1,0,"Yes,",yes,1.6875,0.7546296296296297,11.9375,4.876287742421138,28,1,/mnt/data/ssz/mr/results/Qwen2.5-VL/pope/memvr/analysis/coco_POPE_random/2687.pt
1186,1186,coco_POPE_random,coco_POPE_random,1,0,No!,no,1.6796875,0.7572337962962963,11.9375,5.675325910009555,28,1,/mnt/data/ssz/mr/results/Qwen2.5-VL/pope/memvr/analysis/coco_POPE_random/1186.pt
451,451,coco_POPE_random,coco_POPE_random,0,0,No!,yes,1.703125,0.7771267361111112,11.9375,5.377573196085473,28,1,/mnt/data/ssz/mr/results/Qwen2.5-VL/pope/memvr/analysis/coco_POPE_random/451.pt
1931,1931,coco_POPE_random,coco_POPE_random,1,0,"Yes,",yes,1.7421875,0.7335792824074074,11.9375,4.846423756887192,28,1,/mnt/data/ssz/mr/results/Qwen2.5-VL/pope/memvr/analysis/coco_POPE_random/1931.pt
2688,2688,coco_POPE_random,coco_POPE_random,1,0,No!,no,1.671875,0.7591145833333334,11.9375,5.547937198170171,28,1,/mnt/data/ssz/mr/results/Qwen2.5-VL/pope/memvr/analysis/coco_POPE_random/2688.pt
452,452,coco_POPE_random,coco_POPE_random,1,0,No!,no,1.703125,0.7764756944444444,11.9375,5.457376101753196,28,1,/mnt/data/ssz/mr/results/Qwen2.5-VL/pope/memvr/analysis/coco_POPE_random/452.pt
1187,1187,coco_POPE_random,coco_POPE_random,1,0,"Yes,",yes,1.6875,0.7538339120370371,11.9375,4.908955346881266,28,1,/mnt/data/ssz/mr/results/Qwen2.5-VL/pope/memvr/analysis/coco_POPE_random/1187.pt
2689,2689,coco_POPE_random,coco_POPE_random,1,0,"Yes,",yes,1.703125,0.7400173611111112,11.9375,4.852077900197087,28,1,/mnt/data/ssz/mr/results/Qwen2.5-VL/pope/memvr/analysis/coco_POPE_random/2689.pt
1932,1932,coco_POPE_random,coco_POPE_random,1,0,No!,no,1.734375,0.7397280092592593,11.9375,5.588852194976864,28,1,/mnt/data/ssz/mr/results/Qwen2.5-VL/pope/memvr/analysis/coco_POPE_random/1932.pt
453,453,coco_POPE_random,coco_POPE_random,1,0,"Yes,",yes,1.7109375,0.7743055555555556,11.9375,4.801980964733833,28,1,/mnt/data/ssz/mr/results/Qwen2.5-VL/pope/memvr/analysis/coco_POPE_random/453.pt
1188,1188,coco_POPE_random,coco_POPE_random,1,0,No!,no,1.6796875,0.7572337962962963,11.9375,5.560305502497863,28,1,/mnt/data/ssz/mr/results/Qwen2.5-VL/pope/memvr/analysis/coco_POPE_random/1188.pt
2690,2690,coco_POPE_random,coco_POPE_random,1,0,No!,no,1.703125,0.7429108796296297,11.9375,5.4981562536754645,28,1,/mnt/data/ssz/mr/results/Qwen2.5-VL/pope/memvr/analysis/coco_POPE_random/2690.pt
454,454,coco_POPE_random,coco_POPE_random,1,0,No!,no,1.703125,0.7764033564814815,11.9375,5.4100612796329415,28,1,/mnt/data/ssz/mr/results/Qwen2.5-VL/pope/memvr/analysis/coco_POPE_random/454.pt
1933,1933,coco_POPE_random,coco_POPE_random,1,0,"Yes,",yes,1.734375,0.7575231481481481,11.9375,5.101897423826012,28,1,/mnt/data/ssz/mr/results/Qwen2.5-VL/pope/memvr/analysis/coco_POPE_random/1933.pt
1189,1189,coco_POPE_random,coco_POPE_random,1,0,"Yes,",yes,1.71875,0.7321325231481481,11.9375,4.826036034814779,28,1,/mnt/data/ssz/mr/results/Qwen2.5-VL/pope/memvr/analysis/coco_POPE_random/1189.pt
455,455,coco_POPE_random,coco_POPE_random,0,0,No!,yes,1.703125,0.7777777777777778,11.9375,5.411863170799797,28,1,/mnt/data/ssz/mr/results/Qwen2.5-VL/pope/memvr/analysis/coco_POPE_random/455.pt
2691,2691,coco_POPE_random,coco_POPE_random,0,0,No!,yes,1.703125,0.7420428240740741,11.9375,5.524419863538873,28,1,/mnt/data/ssz/mr/results/Qwen2.5-VL/pope/memvr/analysis/coco_POPE_random/2691.pt
1934,1934,coco_POPE_random,coco_POPE_random,1,0,No!,no,1.734375,0.7631655092592593,11.9375,5.632818731444151,28,1,/mnt/data/ssz/mr/results/Qwen2.5-VL/pope/memvr/analysis/coco_POPE_random/1934.pt
456,456,coco_POPE_random,coco_POPE_random,1,0,No!,no,1.703125,0.7764756944444444,11.9375,5.434702921188206,28,1,/mnt/data/ssz/mr/results/Qwen2.5-VL/pope/memvr/analysis/coco_POPE_random/456.pt
2692,2692,coco_POPE_random,coco_POPE_random,1,0,No!,no,1.703125,0.7421875,11.9375,5.579962353275409,28,1,/mnt/data/ssz/mr/results/Qwen2.5-VL/pope/memvr/analysis/coco_POPE_random/2692.pt
1190,1190,coco_POPE_random,coco_POPE_random,1,0,No!,no,1.7109375,0.7350983796296297,11.9375,5.616526805258187,28,1,/mnt/data/ssz/mr/results/Qwen2.5-VL/pope/memvr/analysis/coco_POPE_random/1190.pt
1935,1935,coco_POPE_random,coco_POPE_random,0,0,No!,yes,1.734375,0.7631655092592593,11.9375,5.54429410187656,28,1,/mnt/data/ssz/mr/results/Qwen2.5-VL/pope/memvr/analysis/coco_POPE_random/1935.pt
457,457,coco_POPE_random,coco_POPE_random,0,0,No!,yes,1.75,0.7473958333333334,11.9375,5.572188540025999,28,1,/mnt/data/ssz/mr/results/Qwen2.5-VL/pope/memvr/analysis/coco_POPE_random/457.pt
2693,2693,coco_POPE_random,coco_POPE_random,0,0,No!,yes,1.703125,0.7433449074074074,11.9375,5.535082969168078,28,1,/mnt/data/ssz/mr/results/Qwen2.5-VL/pope/memvr/analysis/coco_POPE_random/2693.pt
1191,1191,coco_POPE_random,coco_POPE_random,0,0,No!,yes,1.7109375,0.7350983796296297,11.9375,5.718459327416487,28,1,/mnt/data/ssz/mr/results/Qwen2.5-VL/pope/memvr/analysis/coco_POPE_random/1191.pt
1936,1936,coco_POPE_random,coco_POPE_random,1,0,No!,no,1.734375,0.7631655092592593,11.9375,5.568794655008756,28,1,/mnt/data/ssz/mr/results/Qwen2.5-VL/pope/memvr/analysis/coco_POPE_random/1936.pt
2694,2694,coco_POPE_random,coco_POPE_random,1,0,No!,no,1.703125,0.7421875,11.9375,5.540518459847496,28,1,/mnt/data/ssz/mr/results/Qwen2.5-VL/pope/memvr/analysis/coco_POPE_random/2694.pt
458,458,coco_POPE_random,coco_POPE_random,1,0,No!,no,1.75,0.7473958333333334,11.9375,5.545744922923984,28,1,/mnt/data/ssz/mr/results/Qwen2.5-VL/pope/memvr/analysis/coco_POPE_random/458.pt
1937,1937,coco_POPE_random,coco_POPE_random,1,0,"Yes,",yes,1.734375,0.7575231481481481,11.9375,4.770783939516252,28,1,/mnt/data/ssz/mr/results/Qwen2.5-VL/pope/memvr/analysis/coco_POPE_random/1937.pt
1192,1192,coco_POPE_random,coco_POPE_random,1,0,No!,no,1.7109375,0.7350983796296297,11.9375,5.657923970042875,28,1,/mnt/data/ssz/mr/results/Qwen2.5-VL/pope/memvr/analysis/coco_POPE_random/1192.pt
2695,2695,coco_POPE_random,coco_POPE_random,0,0,No!,yes,1.734375,0.7454427083333334,11.9375,5.617333358332965,28,1,/mnt/data/ssz/mr/results/Qwen2.5-VL/pope/memvr/analysis/coco_POPE_random/2695.pt
459,459,coco_POPE_random,coco_POPE_random,1,0,"Yes,",yes,1.7578125,0.7430555555555556,11.9375,4.9748458144203775,28,1,/mnt/data/ssz/mr/results/Qwen2.5-VL/pope/memvr/analysis/coco_POPE_random/459.pt
1938,1938,coco_POPE_random,coco_POPE_random,1,0,No!,no,1.734375,0.7631655092592593,11.9375,5.573870635496672,28,1,/mnt/data/ssz/mr/results/Qwen2.5-VL/pope/memvr/analysis/coco_POPE_random/1938.pt
1193,1193,coco_POPE_random,coco_POPE_random,0,0,No!,yes,1.7109375,0.7350983796296297,11.9375,5.714609640439699,28,1,/mnt/data/ssz/mr/results/Qwen2.5-VL/pope/memvr/analysis/coco_POPE_random/1193.pt
2696,2696,coco_POPE_random,coco_POPE_random,1,0,No!,no,1.734375,0.7453703703703703,11.9375,5.600400726555312,28,1,/mnt/data/ssz/mr/results/Qwen2.5-VL/pope/memvr/analysis/coco_POPE_random/2696.pt
1939,1939,coco_POPE_random,coco_POPE_random,1,0,"Yes,",yes,1.734375,0.7588975694444444,11.9375,5.048631439370849,28,1,/mnt/data/ssz/mr/results/Qwen2.5-VL/pope/memvr/analysis/coco_POPE_random/1939.pt
460,460,coco_POPE_random,coco_POPE_random,1,0,No!,no,1.75,0.7473958333333334,11.9375,5.610779405369565,28,1,/mnt/data/ssz/mr/results/Qwen2.5-VL/pope/memvr/analysis/coco_POPE_random/460.pt
1194,1194,coco_POPE_random,coco_POPE_random,1,0,No!,no,1.7109375,0.7350983796296297,11.9375,5.534136367874476,28,1,/mnt/data/ssz/mr/results/Qwen2.5-VL/pope/memvr/analysis/coco_POPE_random/1194.pt
2697,2697,coco_POPE_random,coco_POPE_random,1,0,"Yes,",yes,1.734375,0.7387152777777778,11.9375,4.863832258975263,28,1,/mnt/data/ssz/mr/results/Qwen2.5-VL/pope/memvr/analysis/coco_POPE_random/2697.pt
1940,1940,coco_POPE_random,coco_POPE_random,1,0,No!,no,1.734375,0.7625868055555556,11.9375,5.593898599514746,28,1,/mnt/data/ssz/mr/results/Qwen2.5-VL/pope/memvr/analysis/coco_POPE_random/1940.pt
461,461,coco_POPE_random,coco_POPE_random,1,0,"Yes,",yes,1.7578125,0.7430555555555556,11.9375,4.9106819994473945,28,1,/mnt/data/ssz/mr/results/Qwen2.5-VL/pope/memvr/analysis/coco_POPE_random/461.pt
1195,1195,coco_POPE_random,coco_POPE_random,1,0,"Yes,",yes,1.6875,0.7253327546296297,11.9375,4.7833543184566185,28,1,/mnt/data/ssz/mr/results/Qwen2.5-VL/pope/memvr/analysis/coco_POPE_random/1195.pt
1941,1941,coco_POPE_random,coco_POPE_random,1,0,"Yes,",yes,1.734375,0.7584635416666666,11.9375,4.825435405460611,28,1,/mnt/data/ssz/mr/results/Qwen2.5-VL/pope/memvr/analysis/coco_POPE_random/1941.pt
2698,2698,coco_POPE_random,coco_POPE_random,1,0,No!,no,1.734375,0.7453703703703703,11.9375,5.552197125726424,28,1,/mnt/data/ssz/mr/results/Qwen2.5-VL/pope/memvr/analysis/coco_POPE_random/2698.pt
462,462,coco_POPE_random,coco_POPE_random,1,0,No!,no,1.75,0.7473958333333334,11.9375,5.5570465076422755,28,1,/mnt/data/ssz/mr/results/Qwen2.5-VL/pope/memvr/analysis/coco_POPE_random/462.pt
1196,1196,coco_POPE_random,coco_POPE_random,1,0,No!,no,1.6875,0.7301793981481481,11.9375,5.573727428513817,28,1,/mnt/data/ssz/mr/results/Qwen2.5-VL/pope/memvr/analysis/coco_POPE_random/1196.pt
1942,1942,coco_POPE_random,coco_POPE_random,1,0,No!,no,1.734375,0.7633101851851852,11.9375,5.539204610760549,28,1,/mnt/data/ssz/mr/results/Qwen2.5-VL/pope/memvr/analysis/coco_POPE_random/1942.pt
2699,2699,coco_POPE_random,coco_POPE_random,1,0,"Yes,",yes,1.734375,0.7387152777777778,11.9375,5.08226910829835,28,1,/mnt/data/ssz/mr/results/Qwen2.5-VL/pope/memvr/analysis/coco_POPE_random/2699.pt
463,463,coco_POPE_random,coco_POPE_random,1,0,"Yes,",yes,1.703125,0.7476851851851852,11.9375,4.995939329687113,28,1,/mnt/data/ssz/mr/results/Qwen2.5-VL/pope/memvr/analysis/coco_POPE_random/463.pt
1197,1197,coco_POPE_random,coco_POPE_random,1,0,"Yes,",yes,1.6875,0.7253327546296297,11.9375,4.884657511735503,28,1,/mnt/data/ssz/mr/results/Qwen2.5-VL/pope/memvr/analysis/coco_POPE_random/1197.pt
1943,1943,coco_POPE_random,coco_POPE_random,1,0,"Yes,",yes,1.734375,0.7588975694444444,11.9375,4.870529765505063,28,1,/mnt/data/ssz/mr/results/Qwen2.5-VL/pope/memvr/analysis/coco_POPE_random/1943.pt
2700,2700,coco_POPE_random,coco_POPE_random,1,0,No!,no,1.734375,0.7453703703703703,11.9375,5.621035702272476,28,1,/mnt/data/ssz/mr/results/Qwen2.5-VL/pope/memvr/analysis/coco_POPE_random/2700.pt
1198,1198,coco_POPE_random,coco_POPE_random,1,0,No!,no,1.6875,0.7301793981481481,11.9375,5.537386969136347,28,1,/mnt/data/ssz/mr/results/Qwen2.5-VL/pope/memvr/analysis/coco_POPE_random/1198.pt
464,464,coco_POPE_random,coco_POPE_random,1,0,No!,no,1.703125,0.7530381944444444,11.9375,5.583837473216057,28,1,/mnt/data/ssz/mr/results/Qwen2.5-VL/pope/memvr/analysis/coco_POPE_random/464.pt
1944,1944,coco_POPE_random,coco_POPE_random,1,0,No!,no,1.734375,0.7635995370370371,11.9375,5.515782134582219,28,1,/mnt/data/ssz/mr/results/Qwen2.5-VL/pope/memvr/analysis/coco_POPE_random/1944.pt
2701,2701,coco_POPE_random,coco_POPE_random,1,0,"Yes,",yes,1.75,0.7248987268518519,11.9375,4.999413482705847,28,1,/mnt/data/ssz/mr/results/Qwen2.5-VL/pope/memvr/analysis/coco_POPE_random/2701.pt
1199,1199,coco_POPE_random,coco_POPE_random,0,0,No!,yes,1.6875,0.7301793981481481,11.9375,5.527829498801111,28,1,/mnt/data/ssz/mr/results/Qwen2.5-VL/pope/memvr/analysis/coco_POPE_random/1199.pt
465,465,coco_POPE_random,coco_POPE_random,1,0,"Yes,",yes,1.703125,0.7476851851851852,11.9375,4.88056603843319,28,1,/mnt/data/ssz/mr/results/Qwen2.5-VL/pope/memvr/analysis/coco_POPE_random/465.pt
1945,1945,coco_POPE_random,coco_POPE_random,1,0,"Yes,",yes,1.703125,0.7564380787037037,11.9375,4.837410638585608,28,1,/mnt/data/ssz/mr/results/Qwen2.5-VL/pope/memvr/analysis/coco_POPE_random/1945.pt
2702,2702,coco_POPE_random,coco_POPE_random,1,0,No!,no,1.75,0.7291666666666666,11.9375,5.585564834247603,28,1,/mnt/data/ssz/mr/results/Qwen2.5-VL/pope/memvr/analysis/coco_POPE_random/2702.pt
1200,1200,coco_POPE_random,coco_POPE_random,1,0,No!,no,1.6875,0.7301793981481481,11.9375,5.521964858192546,28,1,/mnt/data/ssz/mr/results/Qwen2.5-VL/pope/memvr/analysis/coco_POPE_random/1200.pt
1946,1946,coco_POPE_random,coco_POPE_random,1,0,No!,no,1.6875,0.7599103009259259,11.9375,5.542637529843683,28,1,/mnt/data/ssz/mr/results/Qwen2.5-VL/pope/memvr/analysis/coco_POPE_random/1946.pt
466,466,coco_POPE_random,coco_POPE_random,1,0,No!,no,1.703125,0.7528935185185185,11.9375,5.637361073381554,28,1,/mnt/data/ssz/mr/results/Qwen2.5-VL/pope/memvr/analysis/coco_POPE_random/466.pt
2703,2703,coco_POPE_random,coco_POPE_random,0,0,No!,yes,1.75,0.7298900462962963,11.9375,5.522572887372654,28,1,/mnt/data/ssz/mr/results/Qwen2.5-VL/pope/memvr/analysis/coco_POPE_random/2703.pt
1947,1947,coco_POPE_random,coco_POPE_random,0,0,No!,yes,1.6875,0.7599103009259259,11.9375,5.638331659628828,28,1,/mnt/data/ssz/mr/results/Qwen2.5-VL/pope/memvr/analysis/coco_POPE_random/1947.pt
1201,1201,coco_POPE_random,coco_POPE_random,0,0,No!,yes,1.703125,0.7370515046296297,11.9375,5.510129501934741,28,1,/mnt/data/ssz/mr/results/Qwen2.5-VL/pope/memvr/analysis/coco_POPE_random/1201.pt
467,467,coco_POPE_random,coco_POPE_random,1,0,"Yes,",yes,1.703125,0.7476851851851852,11.9375,4.828176174918493,28,1,/mnt/data/ssz/mr/results/Qwen2.5-VL/pope/memvr/analysis/coco_POPE_random/467.pt
1948,1948,coco_POPE_random,coco_POPE_random,1,0,No!,no,1.6875,0.7599103009259259,11.9375,5.553866437045207,28,1,/mnt/data/ssz/mr/results/Qwen2.5-VL/pope/memvr/analysis/coco_POPE_random/1948.pt
2704,2704,coco_POPE_random,coco_POPE_random,1,0,No!,no,1.75,0.7291666666666666,11.9375,5.624448200721888,28,1,/mnt/data/ssz/mr/results/Qwen2.5-VL/pope/memvr/analysis/coco_POPE_random/2704.pt
1202,1202,coco_POPE_random,coco_POPE_random,1,0,No!,no,1.703125,0.7369791666666666,11.9375,5.53067076262897,28,1,/mnt/data/ssz/mr/results/Qwen2.5-VL/pope/memvr/analysis/coco_POPE_random/1202.pt
468,468,coco_POPE_random,coco_POPE_random,1,0,No!,no,1.703125,0.7528935185185185,11.9375,5.613015970850491,28,1,/mnt/data/ssz/mr/results/Qwen2.5-VL/pope/memvr/analysis/coco_POPE_random/468.pt
1949,1949,coco_POPE_random,coco_POPE_random,1,0,"Yes,",yes,1.703125,0.7564380787037037,11.9375,4.858797295755534,28,1,/mnt/data/ssz/mr/results/Qwen2.5-VL/pope/memvr/analysis/coco_POPE_random/1949.pt
2705,2705,coco_POPE_random,coco_POPE_random,0,0,No!,yes,1.75,0.7298900462962963,11.9375,5.558088245546969,28,1,/mnt/data/ssz/mr/results/Qwen2.5-VL/pope/memvr/analysis/coco_POPE_random/2705.pt
1203,1203,coco_POPE_random,coco_POPE_random,1,0,"Yes,",yes,1.7109375,0.7325665509259259,11.9375,4.874088679867873,28,1,/mnt/data/ssz/mr/results/Qwen2.5-VL/pope/memvr/analysis/coco_POPE_random/1203.pt
1950,1950,coco_POPE_random,coco_POPE_random,1,0,No!,no,1.6875,0.7601273148148148,11.9375,5.504601554340642,28,1,/mnt/data/ssz/mr/results/Qwen2.5-VL/pope/memvr/analysis/coco_POPE_random/1950.pt
469,469,coco_POPE_random,coco_POPE_random,1,0,"Yes,",yes,1.65625,0.7629484953703703,11.9375,4.7843431742337,28,1,/mnt/data/ssz/mr/results/Qwen2.5-VL/pope/memvr/analysis/coco_POPE_random/469.pt
2706,2706,coco_POPE_random,coco_POPE_random,1,0,No!,no,1.75,0.7291666666666666,11.9375,5.585214669328754,28,1,/mnt/data/ssz/mr/results/Qwen2.5-VL/pope/memvr/analysis/coco_POPE_random/2706.pt
1204,1204,coco_POPE_random,coco_POPE_random,1,0,No!,no,1.703125,0.7370515046296297,11.9375,5.561976276632746,28,1,/mnt/data/ssz/mr/results/Qwen2.5-VL/pope/memvr/analysis/coco_POPE_random/1204.pt
470,470,coco_POPE_random,coco_POPE_random,1,0,No!,no,1.65625,0.7677951388888888,11.9375,5.3228124586954,28,1,/mnt/data/ssz/mr/results/Qwen2.5-VL/pope/memvr/analysis/coco_POPE_random/470.pt
1951,1951,coco_POPE_random,coco_POPE_random,0,0,No!,yes,1.671875,0.7418981481481481,11.9375,5.513872721988672,28,1,/mnt/data/ssz/mr/results/Qwen2.5-VL/pope/memvr/analysis/coco_POPE_random/1951.pt
2707,2707,coco_POPE_random,coco_POPE_random,0,0,No!,yes,1.703125,0.7515914351851852,11.9375,5.5974393107889195,28,1,/mnt/data/ssz/mr/results/Qwen2.5-VL/pope/memvr/analysis/coco_POPE_random/2707.pt
1205,1205,coco_POPE_random,coco_POPE_random,1,0,"Yes,",yes,1.7109375,0.7325665509259259,11.9375,4.9898990417629,28,1,/mnt/data/ssz/mr/results/Qwen2.5-VL/pope/memvr/analysis/coco_POPE_random/1205.pt
471,471,coco_POPE_random,coco_POPE_random,1,0,"Yes,",yes,1.65625,0.7629484953703703,11.9375,4.83599208939437,28,1,/mnt/data/ssz/mr/results/Qwen2.5-VL/pope/memvr/analysis/coco_POPE_random/471.pt
1952,1952,coco_POPE_random,coco_POPE_random,1,0,No!,no,1.671875,0.7418981481481481,11.9375,5.515256456316224,28,1,/mnt/data/ssz/mr/results/Qwen2.5-VL/pope/memvr/analysis/coco_POPE_random/1952.pt
2708,2708,coco_POPE_random,coco_POPE_random,1,0,No!,no,1.703125,0.7515914351851852,11.9375,5.488440595289988,28,1,/mnt/data/ssz/mr/results/Qwen2.5-VL/pope/memvr/analysis/coco_POPE_random/2708.pt
1206,1206,coco_POPE_random,coco_POPE_random,1,0,No!,no,1.703125,0.7370515046296297,11.9375,5.462282771841399,28,1,/mnt/data/ssz/mr/results/Qwen2.5-VL/pope/memvr/analysis/coco_POPE_random/1206.pt
472,472,coco_POPE_random,coco_POPE_random,1,0,No!,no,1.65625,0.7679398148148148,11.9375,5.448524424865346,28,1,/mnt/data/ssz/mr/results/Qwen2.5-VL/pope/memvr/analysis/coco_POPE_random/472.pt
1953,1953,coco_POPE_random,coco_POPE_random,1,0,"Yes,",yes,1.671875,0.7381365740740741,11.9375,4.8871556721679985,28,1,/mnt/data/ssz/mr/results/Qwen2.5-VL/pope/memvr/analysis/coco_POPE_random/1953.pt
2709,2709,coco_POPE_random,coco_POPE_random,1,0,"Yes,",yes,1.7109375,0.7477575231481481,11.9375,4.851253139216396,28,1,/mnt/data/ssz/mr/results/Qwen2.5-VL/pope/memvr/analysis/coco_POPE_random/2709.pt
1207,1207,coco_POPE_random,coco_POPE_random,1,0,"Yes,",yes,1.6796875,0.7557870370370371,11.9375,5.139811193632731,28,1,/mnt/data/ssz/mr/results/Qwen2.5-VL/pope/memvr/analysis/coco_POPE_random/1207.pt
473,473,coco_POPE_random,coco_POPE_random,1,0,"Yes,",yes,1.65625,0.7629484953703703,11.9375,4.773625338600948,28,1,/mnt/data/ssz/mr/results/Qwen2.5-VL/pope/memvr/analysis/coco_POPE_random/473.pt
1954,1954,coco_POPE_random,coco_POPE_random,1,0,No!,no,1.671875,0.7418981481481481,11.9375,5.531184466569765,28,1,/mnt/data/ssz/mr/results/Qwen2.5-VL/pope/memvr/analysis/coco_POPE_random/1954.pt
2710,2710,coco_POPE_random,coco_POPE_random,1,0,No!,no,1.703125,0.7514467592592593,11.9375,5.554858623925423,28,1,/mnt/data/ssz/mr/results/Qwen2.5-VL/pope/memvr/analysis/coco_POPE_random/2710.pt
1208,1208,coco_POPE_random,coco_POPE_random,1,0,No!,no,1.6796875,0.7613570601851852,11.9375,5.6666741940593806,28,1,/mnt/data/ssz/mr/results/Qwen2.5-VL/pope/memvr/analysis/coco_POPE_random/1208.pt
474,474,coco_POPE_random,coco_POPE_random,1,0,No!,no,1.65625,0.7677951388888888,11.9375,5.390861408937433,28,1,/mnt/data/ssz/mr/results/Qwen2.5-VL/pope/memvr/analysis/coco_POPE_random/474.pt
1955,1955,coco_POPE_random,coco_POPE_random,1,0,"Yes,",yes,1.671875,0.7381365740740741,11.9375,4.908609970662451,28,1,/mnt/data/ssz/mr/results/Qwen2.5-VL/pope/memvr/analysis/coco_POPE_random/1955.pt
2711,2711,coco_POPE_random,coco_POPE_random,1,0,"Yes,",yes,1.7109375,0.7477575231481481,11.9375,4.9693331226794255,28,1,/mnt/data/ssz/mr/results/Qwen2.5-VL/pope/memvr/analysis/coco_POPE_random/2711.pt
1209,1209,coco_POPE_random,coco_POPE_random,0,0,No!,yes,1.6796875,0.7613570601851852,11.9375,5.553246143985548,28,1,/mnt/data/ssz/mr/results/Qwen2.5-VL/pope/memvr/analysis/coco_POPE_random/1209.pt
475,475,coco_POPE_random,coco_POPE_random,1,0,"Yes,",yes,1.734375,0.7152054398148148,11.9375,4.8041601041720785,28,1,/mnt/data/ssz/mr/results/Qwen2.5-VL/pope/memvr/analysis/coco_POPE_random/475.pt
1956,1956,coco_POPE_random,coco_POPE_random,1,0,No!,no,1.671875,0.7418981481481481,11.9375,5.593636446168791,28,1,/mnt/data/ssz/mr/results/Qwen2.5-VL/pope/memvr/analysis/coco_POPE_random/1956.pt
2712,2712,coco_POPE_random,coco_POPE_random,1,0,No!,no,1.703125,0.7515914351851852,11.9375,5.557183161163141,28,1,/mnt/data/ssz/mr/results/Qwen2.5-VL/pope/memvr/analysis/coco_POPE_random/2712.pt
1210,1210,coco_POPE_random,coco_POPE_random,1,0,No!,no,1.6796875,0.7613570601851852,11.9375,5.6760838115650865,28,1,/mnt/data/ssz/mr/results/Qwen2.5-VL/pope/memvr/analysis/coco_POPE_random/1210.pt
476,476,coco_POPE_random,coco_POPE_random,1,0,No!,no,1.7265625,0.7186053240740741,11.9375,5.374951462115452,28,1,/mnt/data/ssz/mr/results/Qwen2.5-VL/pope/memvr/analysis/coco_POPE_random/476.pt
1957,1957,coco_POPE_random,coco_POPE_random,1,0,"Yes,",yes,1.71875,0.7588252314814815,11.9375,4.910133201141436,28,1,/mnt/data/ssz/mr/results/Qwen2.5-VL/pope/memvr/analysis/coco_POPE_random/1957.pt
1211,1211,coco_POPE_random,coco_POPE_random,0,0,No!,yes,1.6796875,0.7613570601851852,11.9375,5.607484182280038,28,1,/mnt/data/ssz/mr/results/Qwen2.5-VL/pope/memvr/analysis/coco_POPE_random/1211.pt
2713,2713,coco_POPE_random,coco_POPE_random,0,0,No!,yes,1.7109375,0.7489872685185185,11.9375,5.581350187522134,28,1,/mnt/data/ssz/mr/results/Qwen2.5-VL/pope/memvr/analysis/coco_POPE_random/2713.pt
1212,1212,coco_POPE_random,coco_POPE_random,1,0,No!,no,1.671875,0.7611400462962963,11.9375,5.654753826577909,28,1,/mnt/data/ssz/mr/results/Qwen2.5-VL/pope/memvr/analysis/coco_POPE_random/1212.pt
1958,1958,coco_POPE_random,coco_POPE_random,1,0,No!,no,1.703125,0.7638888888888888,11.9375,5.597571716040279,28,1,/mnt/data/ssz/mr/results/Qwen2.5-VL/pope/memvr/analysis/coco_POPE_random/1958.pt
477,477,coco_POPE_random,coco_POPE_random,1,0,"Yes,",yes,1.734375,0.7152054398148148,11.9375,4.854888019948836,28,1,/mnt/data/ssz/mr/results/Qwen2.5-VL/pope/memvr/analysis/coco_POPE_random/477.pt
2714,2714,coco_POPE_random,coco_POPE_random,1,0,No!,no,1.7109375,0.7492766203703703,11.9375,5.503417666129751,28,1,/mnt/data/ssz/mr/results/Qwen2.5-VL/pope/memvr/analysis/coco_POPE_random/2714.pt
1213,1213,coco_POPE_random,coco_POPE_random,1,0,"Yes,",yes,1.671875,0.7615017361111112,11.9375,4.846639131006419,28,1,/mnt/data/ssz/mr/results/Qwen2.5-VL/pope/memvr/analysis/coco_POPE_random/1213.pt
1959,1959,coco_POPE_random,coco_POPE_random,1,0,"Yes,",yes,1.71875,0.7588252314814815,11.9375,4.8386247559322255,28,1,/mnt/data/ssz/mr/results/Qwen2.5-VL/pope/memvr/analysis/coco_POPE_random/1959.pt
2715,2715,coco_POPE_random,coco_POPE_random,0,0,No!,yes,1.7109375,0.7492766203703703,11.9375,5.621319108654179,28,1,/mnt/data/ssz/mr/results/Qwen2.5-VL/pope/memvr/analysis/coco_POPE_random/2715.pt
478,478,coco_POPE_random,coco_POPE_random,1,0,No!,no,1.7265625,0.7186053240740741,11.9375,5.437061062860349,28,1,/mnt/data/ssz/mr/results/Qwen2.5-VL/pope/memvr/analysis/coco_POPE_random/478.pt
1214,1214,coco_POPE_random,coco_POPE_random,1,0,No!,no,1.6640625,0.7667824074074074,11.9375,5.466317239006954,28,1,/mnt/data/ssz/mr/results/Qwen2.5-VL/pope/memvr/analysis/coco_POPE_random/1214.pt
1960,1960,coco_POPE_random,coco_POPE_random,1,0,No!,no,1.703125,0.7638888888888888,11.9375,5.593208078903444,28,1,/mnt/data/ssz/mr/results/Qwen2.5-VL/pope/memvr/analysis/coco_POPE_random/1960.pt
2716,2716,coco_POPE_random,coco_POPE_random,1,0,No!,no,1.7109375,0.7492766203703703,11.9375,5.5759638716334505,28,1,/mnt/data/ssz/mr/results/Qwen2.5-VL/pope/memvr/analysis/coco_POPE_random/2716.pt
1215,1215,coco_POPE_random,coco_POPE_random,1,0,"Yes,",yes,1.671875,0.7615017361111112,11.9375,4.7814931291535565,28,1,/mnt/data/ssz/mr/results/Qwen2.5-VL/pope/memvr/analysis/coco_POPE_random/1215.pt
479,479,coco_POPE_random,coco_POPE_random,1,0,"Yes,",yes,1.734375,0.7152054398148148,11.9375,4.78176928331095,28,1,/mnt/data/ssz/mr/results/Qwen2.5-VL/pope/memvr/analysis/coco_POPE_random/479.pt
1216,1216,coco_POPE_random,coco_POPE_random,1,0,No!,no,1.6640625,0.7667824074074074,11.9375,5.418804279378836,28,1,/mnt/data/ssz/mr/results/Qwen2.5-VL/pope/memvr/analysis/coco_POPE_random/1216.pt
1961,1961,coco_POPE_random,coco_POPE_random,0,0,No!,yes,1.703125,0.7638888888888888,11.9375,5.629515771884803,28,1,/mnt/data/ssz/mr/results/Qwen2.5-VL/pope/memvr/analysis/coco_POPE_random/1961.pt
2717,2717,coco_POPE_random,coco_POPE_random,1,0,"Yes,",yes,1.71875,0.7448640046296297,11.9375,4.907061190011269,28,1,/mnt/data/ssz/mr/results/Qwen2.5-VL/pope/memvr/analysis/coco_POPE_random/2717.pt
480,480,coco_POPE_random,coco_POPE_random,1,0,No!,no,1.7265625,0.7186053240740741,11.9375,5.420240835514489,28,1,/mnt/data/ssz/mr/results/Qwen2.5-VL/pope/memvr/analysis/coco_POPE_random/480.pt
1217,1217,coco_POPE_random,coco_POPE_random,0,0,No!,yes,1.6640625,0.7667824074074074,11.9375,5.515027817333656,28,1,/mnt/data/ssz/mr/results/Qwen2.5-VL/pope/memvr/analysis/coco_POPE_random/1217.pt
1962,1962,coco_POPE_random,coco_POPE_random,1,0,No!,no,1.703125,0.7638888888888888,11.9375,5.470569454893221,28,1,/mnt/data/ssz/mr/results/Qwen2.5-VL/pope/memvr/analysis/coco_POPE_random/1962.pt
2718,2718,coco_POPE_random,coco_POPE_random,1,0,No!,no,1.7109375,0.7489872685185185,11.9375,5.583040734001252,28,1,/mnt/data/ssz/mr/results/Qwen2.5-VL/pope/memvr/analysis/coco_POPE_random/2718.pt
1218,1218,coco_POPE_random,coco_POPE_random,1,0,No!,no,1.6640625,0.7667824074074074,11.9375,5.5377197305751125,28,1,/mnt/data/ssz/mr/results/Qwen2.5-VL/pope/memvr/analysis/coco_POPE_random/1218.pt
481,481,coco_POPE_random,coco_POPE_random,1,0,"Yes,",yes,1.71875,0.7288773148148148,11.9375,4.899497499147541,28,1,/mnt/data/ssz/mr/results/Qwen2.5-VL/pope/memvr/analysis/coco_POPE_random/481.pt
1963,1963,coco_POPE_random,coco_POPE_random,1,0,"Yes,",yes,1.6875,0.7129629629629629,11.9375,4.950317667385301,28,1,/mnt/data/ssz/mr/results/Qwen2.5-VL/pope/memvr/analysis/coco_POPE_random/1963.pt
2719,2719,coco_POPE_random,coco_POPE_random,1,0,"Yes,",yes,1.734375,0.7316261574074074,11.9375,4.876192231161543,28,1,/mnt/data/ssz/mr/results/Qwen2.5-VL/pope/memvr/analysis/coco_POPE_random/2719.pt
1219,1219,coco_POPE_random,coco_POPE_random,0,0,No!,yes,1.6640625,0.7436342592592593,11.9375,5.616155312791753,28,1,/mnt/data/ssz/mr/results/Qwen2.5-VL/pope/memvr/analysis/coco_POPE_random/1219.pt
482,482,coco_POPE_random,coco_POPE_random,1,0,No!,no,1.71875,0.7329282407407407,11.9375,5.49878621240184,28,1,/mnt/data/ssz/mr/results/Qwen2.5-VL/pope/memvr/analysis/coco_POPE_random/482.pt
1964,1964,coco_POPE_random,coco_POPE_random,1,0,No!,no,1.6875,0.7178819444444444,11.9375,5.642149504614846,28,1,/mnt/data/ssz/mr/results/Qwen2.5-VL/pope/memvr/analysis/coco_POPE_random/1964.pt
2720,2720,coco_POPE_random,coco_POPE_random,1,0,No!,no,1.734375,0.73828125,11.9375,5.564384089284368,28,1,/mnt/data/ssz/mr/results/Qwen2.5-VL/pope/memvr/analysis/coco_POPE_random/2720.pt
1220,1220,coco_POPE_random,coco_POPE_random,1,0,No!,no,1.6640625,0.7436342592592593,11.9375,5.5859036230209895,28,1,/mnt/data/ssz/mr/results/Qwen2.5-VL/pope/memvr/analysis/coco_POPE_random/1220.pt
483,483,coco_POPE_random,coco_POPE_random,1,0,"Yes,",yes,1.71875,0.7288773148148148,11.9375,4.860625129409904,28,1,/mnt/data/ssz/mr/results/Qwen2.5-VL/pope/memvr/analysis/coco_POPE_random/483.pt
2721,2721,coco_POPE_random,coco_POPE_random,0,0,No!,yes,1.734375,0.73828125,11.9375,5.678009336732493,28,1,/mnt/data/ssz/mr/results/Qwen2.5-VL/pope/memvr/analysis/coco_POPE_random/2721.pt
1965,1965,coco_POPE_random,coco_POPE_random,0,0,No!,yes,1.671875,0.7177372685185185,11.9375,5.53746008748567,28,1,/mnt/data/ssz/mr/results/Qwen2.5-VL/pope/memvr/analysis/coco_POPE_random/1965.pt
1221,1221,coco_POPE_random,coco_POPE_random,1,0,"Yes,",yes,1.671875,0.7385706018518519,11.9375,4.984395204730195,28,1,/mnt/data/ssz/mr/results/Qwen2.5-VL/pope/memvr/analysis/coco_POPE_random/1221.pt
484,484,coco_POPE_random,coco_POPE_random,1,0,No!,no,1.71875,0.7330729166666666,11.9375,5.556192069242351,28,1,/mnt/data/ssz/mr/results/Qwen2.5-VL/pope/memvr/analysis/coco_POPE_random/484.pt
2722,2722,coco_POPE_random,coco_POPE_random,1,0,No!,no,1.734375,0.7382089120370371,11.9375,5.698725094483757,28,1,/mnt/data/ssz/mr/results/Qwen2.5-VL/pope/memvr/analysis/coco_POPE_random/2722.pt
1966,1966,coco_POPE_random,coco_POPE_random,1,0,No!,no,1.671875,0.7175202546296297,11.9375,5.458443792398831,28,1,/mnt/data/ssz/mr/results/Qwen2.5-VL/pope/memvr/analysis/coco_POPE_random/1966.pt
1222,1222,coco_POPE_random,coco_POPE_random,1,0,No!,no,1.6640625,0.7436342592592593,11.9375,5.666391345598358,28,1,/mnt/data/ssz/mr/results/Qwen2.5-VL/pope/memvr/analysis/coco_POPE_random/1222.pt
485,485,coco_POPE_random,coco_POPE_random,0,0,No!,yes,1.71875,0.7330729166666666,11.9375,5.52755449924496,28,1,/mnt/data/ssz/mr/results/Qwen2.5-VL/pope/memvr/analysis/coco_POPE_random/485.pt
2723,2723,coco_POPE_random,coco_POPE_random,0,0,No!,yes,1.734375,0.73828125,11.9375,5.637005072198948,28,1,/mnt/data/ssz/mr/results/Qwen2.5-VL/pope/memvr/analysis/coco_POPE_random/2723.pt
1967,1967,coco_POPE_random,coco_POPE_random,1,0,"Yes,",yes,1.6875,0.7130353009259259,11.9375,4.951027431521327,28,1,/mnt/data/ssz/mr/results/Qwen2.5-VL/pope/memvr/analysis/coco_POPE_random/1967.pt
1223,1223,coco_POPE_random,coco_POPE_random,0,0,No!,yes,1.6640625,0.7436342592592593,11.9375,5.712903566695551,28,1,/mnt/data/ssz/mr/results/Qwen2.5-VL/pope/memvr/analysis/coco_POPE_random/1223.pt
486,486,coco_POPE_random,coco_POPE_random,1,0,No!,no,1.71875,0.7330729166666666,11.9375,5.463084173392374,28,1,/mnt/data/ssz/mr/results/Qwen2.5-VL/pope/memvr/analysis/coco_POPE_random/486.pt
2724,2724,coco_POPE_random,coco_POPE_random,1,0,No!,no,1.734375,0.7382089120370371,11.9375,5.617467495733606,28,1,/mnt/data/ssz/mr/results/Qwen2.5-VL/pope/memvr/analysis/coco_POPE_random/2724.pt
1968,1968,coco_POPE_random,coco_POPE_random,1,0,No!,no,1.671875,0.7175202546296297,11.9375,5.536460710386971,28,1,/mnt/data/ssz/mr/results/Qwen2.5-VL/pope/memvr/analysis/coco_POPE_random/1968.pt
1224,1224,coco_POPE_random,coco_POPE_random,1,0,No!,no,1.6640625,0.7436342592592593,11.9375,5.609689608979321,28,1,/mnt/data/ssz/mr/results/Qwen2.5-VL/pope/memvr/analysis/coco_POPE_random/1224.pt
1969,1969,coco_POPE_random,coco_POPE_random,1,0,"Yes,",yes,1.734375,0.7724971064814815,11.9375,4.709316761624607,28,2,/mnt/data/ssz/mr/results/Qwen2.5-VL/pope/memvr/analysis/coco_POPE_random/1969.pt
2725,2725,coco_POPE_random,coco_POPE_random,1,0,"Yes,",yes,1.734375,0.7315538194444444,11.9375,4.956813465772126,28,1,/mnt/data/ssz/mr/results/Qwen2.5-VL/pope/memvr/analysis/coco_POPE_random/2725.pt
487,487,coco_POPE_random,coco_POPE_random,1,0,"Yes,",yes,1.71875,0.7388599537037037,11.9375,4.971620855517579,28,1,/mnt/data/ssz/mr/results/Qwen2.5-VL/pope/memvr/analysis/coco_POPE_random/487.pt
1970,1970,coco_POPE_random,coco_POPE_random,1,0,No!,no,1.734375,0.7769097222222222,11.9375,5.518476374117222,28,1,/mnt/data/ssz/mr/results/Qwen2.5-VL/pope/memvr/analysis/coco_POPE_random/1970.pt
1225,1225,coco_POPE_random,coco_POPE_random,0,0,No!,yes,1.7578125,0.7399450231481481,11.9375,5.543831934961229,28,2,/mnt/data/ssz/mr/results/Qwen2.5-VL/pope/memvr/analysis/coco_POPE_random/1225.pt
2726,2726,coco_POPE_random,coco_POPE_random,1,0,No!,no,1.734375,0.7361111111111112,11.9375,5.45212989745702,28,1,/mnt/data/ssz/mr/results/Qwen2.5-VL/pope/memvr/analysis/coco_POPE_random/2726.pt
488,488,coco_POPE_random,coco_POPE_random,1,0,No!,no,1.71875,0.7452980324074074,11.9375,5.550503866867655,28,1,/mnt/data/ssz/mr/results/Qwen2.5-VL/pope/memvr/analysis/coco_POPE_random/488.pt
1971,1971,coco_POPE_random,coco_POPE_random,1,0,"Yes,",yes,1.734375,0.7724971064814815,11.9375,4.923907068767793,28,2,/mnt/data/ssz/mr/results/Qwen2.5-VL/pope/memvr/analysis/coco_POPE_random/1971.pt
1226,1226,coco_POPE_random,coco_POPE_random,1,0,No!,no,1.7578125,0.7397280092592593,11.9375,5.5561834157362435,28,1,/mnt/data/ssz/mr/results/Qwen2.5-VL/pope/memvr/analysis/coco_POPE_random/1226.pt
2727,2727,coco_POPE_random,coco_POPE_random,1,0,"Yes,",yes,1.734375,0.7315538194444444,11.9375,4.876755091173037,28,1,/mnt/data/ssz/mr/results/Qwen2.5-VL/pope/memvr/analysis/coco_POPE_random/2727.pt
1972,1972,coco_POPE_random,coco_POPE_random,1,0,No!,no,1.734375,0.7769097222222222,11.9375,5.542441164397854,28,1,/mnt/data/ssz/mr/results/Qwen2.5-VL/pope/memvr/analysis/coco_POPE_random/1972.pt
489,489,coco_POPE_random,coco_POPE_random,1,0,"Yes,",yes,1.71875,0.7381365740740741,11.9375,4.792863989381359,28,1,/mnt/data/ssz/mr/results/Qwen2.5-VL/pope/memvr/analysis/coco_POPE_random/489.pt
1227,1227,coco_POPE_random,coco_POPE_random,1,0,"Yes,",yes,1.7578125,0.736328125,11.9375,4.7565570605542,28,1,/mnt/data/ssz/mr/results/Qwen2.5-VL/pope/memvr/analysis/coco_POPE_random/1227.pt
2728,2728,coco_POPE_random,coco_POPE_random,1,0,No!,no,1.734375,0.7361111111111112,11.9375,5.504776762589245,28,1,/mnt/data/ssz/mr/results/Qwen2.5-VL/pope/memvr/analysis/coco_POPE_random/2728.pt
1973,1973,coco_POPE_random,coco_POPE_random,1,0,"Yes,",yes,1.734375,0.7724971064814815,11.9375,4.857922425959268,28,2,/mnt/data/ssz/mr/results/Qwen2.5-VL/pope/memvr/analysis/coco_POPE_random/1973.pt
1228,1228,coco_POPE_random,coco_POPE_random,1,0,No!,no,1.7578125,0.7397280092592593,11.9375,5.538969010608055,28,1,/mnt/data/ssz/mr/results/Qwen2.5-VL/pope/memvr/analysis/coco_POPE_random/1228.pt
2729,2729,coco_POPE_random,coco_POPE_random,0,0,No!,yes,1.734375,0.7361111111111112,11.9375,5.5317110724266305,28,1,/mnt/data/ssz/mr/results/Qwen2.5-VL/pope/memvr/analysis/coco_POPE_random/2729.pt
1974,1974,coco_POPE_random,coco_POPE_random,1,0,No!,no,1.734375,0.7769097222222222,11.9375,5.501683579607667,28,1,/mnt/data/ssz/mr/results/Qwen2.5-VL/pope/memvr/analysis/coco_POPE_random/1974.pt
490,490,coco_POPE_random,coco_POPE_random,1,0,No!,no,1.71875,0.7434895833333334,11.9375,5.688488967028739,28,1,/mnt/data/ssz/mr/results/Qwen2.5-VL/pope/memvr/analysis/coco_POPE_random/490.pt
1229,1229,coco_POPE_random,coco_POPE_random,1,0,"Yes,",yes,1.7578125,0.7361111111111112,11.9375,4.872293343481221,28,1,/mnt/data/ssz/mr/results/Qwen2.5-VL/pope/memvr/analysis/coco_POPE_random/1229.pt
2730,2730,coco_POPE_random,coco_POPE_random,1,0,No!,no,1.734375,0.7361111111111112,11.9375,5.534947442432456,28,1,/mnt/data/ssz/mr/results/Qwen2.5-VL/pope/memvr/analysis/coco_POPE_random/2730.pt
1975,1975,coco_POPE_random,coco_POPE_random,1,0,"Yes,",yes,1.703125,0.7242476851851852,11.9375,5.011096246670524,28,1,/mnt/data/ssz/mr/results/Qwen2.5-VL/pope/memvr/analysis/coco_POPE_random/1975.pt
491,491,coco_POPE_random,coco_POPE_random,1,0,"Yes,",yes,1.71875,0.7388599537037037,11.9375,4.915457341219875,28,1,/mnt/data/ssz/mr/results/Qwen2.5-VL/pope/memvr/analysis/coco_POPE_random/491.pt
1230,1230,coco_POPE_random,coco_POPE_random,1,0,No!,no,1.7578125,0.7399450231481481,11.9375,5.608077671379431,28,2,/mnt/data/ssz/mr/results/Qwen2.5-VL/pope/memvr/analysis/coco_POPE_random/1230.pt
2731,2731,coco_POPE_random,coco_POPE_random,1,0,"Yes,",yes,1.734375,0.7394386574074074,11.9375,4.74481630016798,28,1,/mnt/data/ssz/mr/results/Qwen2.5-VL/pope/memvr/analysis/coco_POPE_random/2731.pt
1976,1976,coco_POPE_random,coco_POPE_random,1,0,No!,no,1.703125,0.7298177083333334,11.9375,5.522411249778421,28,1,/mnt/data/ssz/mr/results/Qwen2.5-VL/pope/memvr/analysis/coco_POPE_random/1976.pt
1231,1231,coco_POPE_random,coco_POPE_random,1,0,"Yes,",yes,1.71875,0.7197627314814815,11.9375,4.791802166675215,28,1,/mnt/data/ssz/mr/results/Qwen2.5-VL/pope/memvr/analysis/coco_POPE_random/1231.pt
492,492,coco_POPE_random,coco_POPE_random,1,0,No!,no,1.71875,0.7452980324074074,11.9375,5.601249986892071,28,1,/mnt/data/ssz/mr/results/Qwen2.5-VL/pope/memvr/analysis/coco_POPE_random/492.pt
2732,2732,coco_POPE_random,coco_POPE_random,1,0,No!,no,1.734375,0.7445023148148148,11.9375,5.5994615636981475,28,1,/mnt/data/ssz/mr/results/Qwen2.5-VL/pope/memvr/analysis/coco_POPE_random/2732.pt
1977,1977,coco_POPE_random,coco_POPE_random,1,0,"Yes,",yes,1.703125,0.7237413194444444,11.9375,4.869399097208517,28,1,/mnt/data/ssz/mr/results/Qwen2.5-VL/pope/memvr/analysis/coco_POPE_random/1977.pt
1232,1232,coco_POPE_random,coco_POPE_random,1,0,No!,no,1.71875,0.7225115740740741,11.9375,5.462968515829745,28,1,/mnt/data/ssz/mr/results/Qwen2.5-VL/pope/memvr/analysis/coco_POPE_random/1232.pt
2733,2733,coco_POPE_random,coco_POPE_random,1,0,"Yes,",yes,1.734375,0.7393663194444444,11.9375,4.970375893224579,28,1,/mnt/data/ssz/mr/results/Qwen2.5-VL/pope/memvr/analysis/coco_POPE_random/2733.pt
493,493,coco_POPE_random,coco_POPE_random,1,0,"Yes,",yes,1.7421875,0.7526765046296297,11.9375,4.881835688142409,28,2,/mnt/data/ssz/mr/results/Qwen2.5-VL/pope/memvr/analysis/coco_POPE_random/493.pt
1978,1978,coco_POPE_random,coco_POPE_random,1,0,No!,no,1.703125,0.7298177083333334,11.9375,5.610340987062014,28,1,/mnt/data/ssz/mr/results/Qwen2.5-VL/pope/memvr/analysis/coco_POPE_random/1978.pt
1233,1233,coco_POPE_random,coco_POPE_random,0,0,No!,yes,1.71875,0.7235243055555556,11.9375,5.44445587770031,28,1,/mnt/data/ssz/mr/results/Qwen2.5-VL/pope/memvr/analysis/coco_POPE_random/1233.pt
2734,2734,coco_POPE_random,coco_POPE_random,1,0,No!,no,1.734375,0.7445023148148148,11.9375,5.531754400720792,28,1,/mnt/data/ssz/mr/results/Qwen2.5-VL/pope/memvr/analysis/coco_POPE_random/2734.pt
1234,1234,coco_POPE_random,coco_POPE_random,1,0,No!,no,1.71875,0.7235243055555556,11.9375,5.577435841624783,28,1,/mnt/data/ssz/mr/results/Qwen2.5-VL/pope/memvr/analysis/coco_POPE_random/1234.pt
1979,1979,coco_POPE_random,coco_POPE_random,1,0,"Yes,",yes,1.703125,0.7237413194444444,11.9375,4.757794038047386,28,1,/mnt/data/ssz/mr/results/Qwen2.5-VL/pope/memvr/analysis/coco_POPE_random/1979.pt
494,494,coco_POPE_random,coco_POPE_random,1,0,No!,no,1.7421875,0.7573784722222222,11.9375,5.573667122212916,28,1,/mnt/data/ssz/mr/results/Qwen2.5-VL/pope/memvr/analysis/coco_POPE_random/494.pt
2735,2735,coco_POPE_random,coco_POPE_random,1,0,"Yes,",yes,1.734375,0.7393663194444444,11.9375,4.768007982331947,28,1,/mnt/data/ssz/mr/results/Qwen2.5-VL/pope/memvr/analysis/coco_POPE_random/2735.pt
1235,1235,coco_POPE_random,coco_POPE_random,0,0,No!,yes,1.71875,0.7235243055555556,11.9375,5.558995884958582,28,1,/mnt/data/ssz/mr/results/Qwen2.5-VL/pope/memvr/analysis/coco_POPE_random/1235.pt
1980,1980,coco_POPE_random,coco_POPE_random,1,0,No!,no,1.703125,0.7303240740740741,11.9375,5.608249808066611,28,1,/mnt/data/ssz/mr/results/Qwen2.5-VL/pope/memvr/analysis/coco_POPE_random/1980.pt
495,495,coco_POPE_random,coco_POPE_random,1,0,"Yes,",yes,1.7421875,0.7526765046296297,11.9375,4.90496348932684,28,2,/mnt/data/ssz/mr/results/Qwen2.5-VL/pope/memvr/analysis/coco_POPE_random/495.pt
2736,2736,coco_POPE_random,coco_POPE_random,1,0,No!,no,1.734375,0.7445023148148148,11.9375,5.583331502376151,28,1,/mnt/data/ssz/mr/results/Qwen2.5-VL/pope/memvr/analysis/coco_POPE_random/2736.pt
1236,1236,coco_POPE_random,coco_POPE_random,1,0,No!,no,1.71875,0.7235243055555556,11.9375,5.502172104264587,28,1,/mnt/data/ssz/mr/results/Qwen2.5-VL/pope/memvr/analysis/coco_POPE_random/1236.pt
1981,1981,coco_POPE_random,coco_POPE_random,1,0,"Yes,",yes,1.7421875,0.7141927083333334,11.9375,4.931318543692859,28,1,/mnt/data/ssz/mr/results/Qwen2.5-VL/pope/memvr/analysis/coco_POPE_random/1981.pt
1237,1237,coco_POPE_random,coco_POPE_random,1,0,"Yes,",yes,1.734375,0.7458767361111112,11.9375,5.089237081437581,28,1,/mnt/data/ssz/mr/results/Qwen2.5-VL/pope/memvr/analysis/coco_POPE_random/1237.pt
2737,2737,coco_POPE_random,coco_POPE_random,1,0,"Yes,",yes,1.7265625,0.7540509259259259,11.9375,4.797187018443052,28,1,/mnt/data/ssz/mr/results/Qwen2.5-VL/pope/memvr/analysis/coco_POPE_random/2737.pt
496,496,coco_POPE_random,coco_POPE_random,1,0,No!,no,1.7421875,0.7573784722222222,11.9375,5.537888749061337,28,1,/mnt/data/ssz/mr/results/Qwen2.5-VL/pope/memvr/analysis/coco_POPE_random/496.pt
1982,1982,coco_POPE_random,coco_POPE_random,1,0,No!,no,1.7421875,0.7210648148148148,11.9375,5.46525897932783,28,1,/mnt/data/ssz/mr/results/Qwen2.5-VL/pope/memvr/analysis/coco_POPE_random/1982.pt
1238,1238,coco_POPE_random,coco_POPE_random,1,0,No!,no,1.734375,0.7530381944444444,11.9375,5.451529223015216,28,1,/mnt/data/ssz/mr/results/Qwen2.5-VL/pope/memvr/analysis/coco_POPE_random/1238.pt
2738,2738,coco_POPE_random,coco_POPE_random,1,0,No!,no,1.71875,0.7589699074074074,11.9375,5.483364123242452,28,1,/mnt/data/ssz/mr/results/Qwen2.5-VL/pope/memvr/analysis/coco_POPE_random/2738.pt
497,497,coco_POPE_random,coco_POPE_random,1,0,"Yes,",yes,1.7421875,0.7526765046296297,11.9375,4.84522670441822,28,2,/mnt/data/ssz/mr/results/Qwen2.5-VL/pope/memvr/analysis/coco_POPE_random/497.pt
1983,1983,coco_POPE_random,coco_POPE_random,1,0,"Yes,",yes,1.7421875,0.7141927083333334,11.9375,4.783985866723015,28,1,/mnt/data/ssz/mr/results/Qwen2.5-VL/pope/memvr/analysis/coco_POPE_random/1983.pt
1239,1239,coco_POPE_random,coco_POPE_random,0,0,No!,yes,1.734375,0.7530381944444444,11.9375,5.634451742272961,28,1,/mnt/data/ssz/mr/results/Qwen2.5-VL/pope/memvr/analysis/coco_POPE_random/1239.pt
2739,2739,coco_POPE_random,coco_POPE_random,1,0,"Yes,",yes,1.7265625,0.7540509259259259,11.9375,4.9396980100332435,28,1,/mnt/data/ssz/mr/results/Qwen2.5-VL/pope/memvr/analysis/coco_POPE_random/2739.pt
1984,1984,coco_POPE_random,coco_POPE_random,1,0,No!,no,1.7421875,0.7210648148148148,11.9375,5.521614759849665,28,1,/mnt/data/ssz/mr/results/Qwen2.5-VL/pope/memvr/analysis/coco_POPE_random/1984.pt
498,498,coco_POPE_random,coco_POPE_random,1,0,No!,no,1.7421875,0.7573784722222222,11.9375,5.591200778082951,28,1,/mnt/data/ssz/mr/results/Qwen2.5-VL/pope/memvr/analysis/coco_POPE_random/498.pt
1240,1240,coco_POPE_random,coco_POPE_random,1,0,No!,no,1.734375,0.7530381944444444,11.9375,5.512931499740104,28,1,/mnt/data/ssz/mr/results/Qwen2.5-VL/pope/memvr/analysis/coco_POPE_random/1240.pt
2740,2740,coco_POPE_random,coco_POPE_random,1,0,No!,no,1.71875,0.7589699074074074,11.9375,5.502822858485913,28,1,/mnt/data/ssz/mr/results/Qwen2.5-VL/pope/memvr/analysis/coco_POPE_random/2740.pt
1985,1985,coco_POPE_random,coco_POPE_random,0,0,No!,yes,1.7421875,0.7210648148148148,11.9375,5.551346078170825,28,1,/mnt/data/ssz/mr/results/Qwen2.5-VL/pope/memvr/analysis/coco_POPE_random/1985.pt
499,499,coco_POPE_random,coco_POPE_random,1,0,"Yes,",yes,1.6796875,0.7463107638888888,11.9375,4.910287108802644,28,1,/mnt/data/ssz/mr/results/Qwen2.5-VL/pope/memvr/analysis/coco_POPE_random/499.pt
1241,1241,coco_POPE_random,coco_POPE_random,1,0,"Yes,",yes,1.734375,0.7458767361111112,11.9375,4.870388200960201,28,1,/mnt/data/ssz/mr/results/Qwen2.5-VL/pope/memvr/analysis/coco_POPE_random/1241.pt
1986,1986,coco_POPE_random,coco_POPE_random,1,0,No!,no,1.7421875,0.7204861111111112,11.9375,5.5588302044506515,28,2,/mnt/data/ssz/mr/results/Qwen2.5-VL/pope/memvr/analysis/coco_POPE_random/1986.pt
2741,2741,coco_POPE_random,coco_POPE_random,0,0,No!,yes,1.71875,0.7589699074074074,11.9375,5.499752836357347,28,1,/mnt/data/ssz/mr/results/Qwen2.5-VL/pope/memvr/analysis/coco_POPE_random/2741.pt
500,500,coco_POPE_random,coco_POPE_random,1,0,No!,no,1.671875,0.7518807870370371,11.9375,5.575149488802458,28,1,/mnt/data/ssz/mr/results/Qwen2.5-VL/pope/memvr/analysis/coco_POPE_random/500.pt
1242,1242,coco_POPE_random,coco_POPE_random,1,0,No!,no,1.734375,0.7530381944444444,11.9375,5.570047591565063,28,1,/mnt/data/ssz/mr/results/Qwen2.5-VL/pope/memvr/analysis/coco_POPE_random/1242.pt
1987,1987,coco_POPE_random,coco_POPE_random,1,0,"Yes,",yes,1.7265625,0.7431278935185185,11.9375,4.823006320483593,28,1,/mnt/data/ssz/mr/results/Qwen2.5-VL/pope/memvr/analysis/coco_POPE_random/1987.pt
2742,2742,coco_POPE_random,coco_POPE_random,1,0,No!,no,1.71875,0.7589699074074074,11.9375,5.523358453999867,28,1,/mnt/data/ssz/mr/results/Qwen2.5-VL/pope/memvr/analysis/coco_POPE_random/2742.pt
501,501,coco_POPE_random,coco_POPE_random,0,0,No!,yes,1.671875,0.7518807870370371,11.9375,5.615308702970526,28,1,/mnt/data/ssz/mr/results/Qwen2.5-VL/pope/memvr/analysis/coco_POPE_random/501.pt
1243,1243,coco_POPE_random,coco_POPE_random,1,0,"Yes,",yes,1.6953125,0.7475405092592593,11.9375,4.871228920646837,28,1,/mnt/data/ssz/mr/results/Qwen2.5-VL/pope/memvr/analysis/coco_POPE_random/1243.pt
1244,1244,coco_POPE_random,coco_POPE_random,1,0,No!,no,1.6953125,0.7513020833333334,11.9375,5.47580392870052,28,1,/mnt/data/ssz/mr/results/Qwen2.5-VL/pope/memvr/analysis/coco_POPE_random/1244.pt
2743,2743,coco_POPE_random,coco_POPE_random,1,0,"Yes,",yes,1.71875,0.732421875,11.9375,4.789834489733289,28,1,/mnt/data/ssz/mr/results/Qwen2.5-VL/pope/memvr/analysis/coco_POPE_random/2743.pt
502,502,coco_POPE_random,coco_POPE_random,1,0,No!,no,1.671875,0.7518807870370371,11.9375,5.618530569895813,28,1,/mnt/data/ssz/mr/results/Qwen2.5-VL/pope/memvr/analysis/coco_POPE_random/502.pt
1988,1988,coco_POPE_random,coco_POPE_random,1,0,No!,no,1.71875,0.7478298611111112,11.9375,5.419504815670052,28,1,/mnt/data/ssz/mr/results/Qwen2.5-VL/pope/memvr/analysis/coco_POPE_random/1988.pt
1245,1245,coco_POPE_random,coco_POPE_random,0,0,No!,yes,1.703125,0.7513744212962963,11.9375,5.551210334380796,28,1,/mnt/data/ssz/mr/results/Qwen2.5-VL/pope/memvr/analysis/coco_POPE_random/1245.pt
2744,2744,coco_POPE_random,coco_POPE_random,1,0,No!,no,1.71875,0.7378472222222222,11.9375,5.478442292265095,28,1,/mnt/data/ssz/mr/results/Qwen2.5-VL/pope/memvr/analysis/coco_POPE_random/2744.pt
503,503,coco_POPE_random,coco_POPE_random,1,0,"Yes,",yes,1.6796875,0.7463107638888888,11.9375,5.106372442359424,28,1,/mnt/data/ssz/mr/results/Qwen2.5-VL/pope/memvr/analysis/coco_POPE_random/503.pt
1989,1989,coco_POPE_random,coco_POPE_random,1,0,"Yes,",yes,1.7265625,0.7431278935185185,11.9375,4.90876615058132,28,1,/mnt/data/ssz/mr/results/Qwen2.5-VL/pope/memvr/analysis/coco_POPE_random/1989.pt
1246,1246,coco_POPE_random,coco_POPE_random,1,0,No!,no,1.6953125,0.7513020833333334,11.9375,5.50457849862179,28,1,/mnt/data/ssz/mr/results/Qwen2.5-VL/pope/memvr/analysis/coco_POPE_random/1246.pt
2745,2745,coco_POPE_random,coco_POPE_random,0,0,No!,yes,1.71875,0.7378472222222222,11.9375,5.538120519096146,28,1,/mnt/data/ssz/mr/results/Qwen2.5-VL/pope/memvr/analysis/coco_POPE_random/2745.pt
504,504,coco_POPE_random,coco_POPE_random,1,0,No!,no,1.671875,0.7518807870370371,11.9375,5.553497257312097,28,1,/mnt/data/ssz/mr/results/Qwen2.5-VL/pope/memvr/analysis/coco_POPE_random/504.pt
1990,1990,coco_POPE_random,coco_POPE_random,1,0,No!,no,1.71875,0.7478298611111112,11.9375,5.4481583994533045,28,1,/mnt/data/ssz/mr/results/Qwen2.5-VL/pope/memvr/analysis/coco_POPE_random/1990.pt
1247,1247,coco_POPE_random,coco_POPE_random,0,0,No!,yes,1.703125,0.7513744212962963,11.9375,5.506867026011605,28,1,/mnt/data/ssz/mr/results/Qwen2.5-VL/pope/memvr/analysis/coco_POPE_random/1247.pt
2746,2746,coco_POPE_random,coco_POPE_random,1,0,No!,no,1.71875,0.7379195601851852,11.9375,5.477091540450005,28,1,/mnt/data/ssz/mr/results/Qwen2.5-VL/pope/memvr/analysis/coco_POPE_random/2746.pt
1248,1248,coco_POPE_random,coco_POPE_random,1,0,No!,no,1.703125,0.7516637731481481,11.9375,5.571257287370544,28,2,/mnt/data/ssz/mr/results/Qwen2.5-VL/pope/memvr/analysis/coco_POPE_random/1248.pt
505,505,coco_POPE_random,coco_POPE_random,0,0,No!,yes,1.671875,0.74609375,11.9375,5.5313066732422405,28,1,/mnt/data/ssz/mr/results/Qwen2.5-VL/pope/memvr/analysis/coco_POPE_random/505.pt
1991,1991,coco_POPE_random,coco_POPE_random,1,0,"Yes,",yes,1.7265625,0.7431278935185185,11.9375,4.761258255400561,28,1,/mnt/data/ssz/mr/results/Qwen2.5-VL/pope/memvr/analysis/coco_POPE_random/1991.pt
2747,2747,coco_POPE_random,coco_POPE_random,0,0,No!,yes,1.71875,0.7378472222222222,11.9375,5.634740166510114,28,1,/mnt/data/ssz/mr/results/Qwen2.5-VL/pope/memvr/analysis/coco_POPE_random/2747.pt
1249,1249,coco_POPE_random,coco_POPE_random,0,0,No!,yes,1.640625,0.7657696759259259,11.9375,5.713154416121832,28,1,/mnt/data/ssz/mr/results/Qwen2.5-VL/pope/memvr/analysis/coco_POPE_random/1249.pt
506,506,coco_POPE_random,coco_POPE_random,1,0,No!,no,1.671875,0.7464554398148148,11.9375,5.509910134210298,28,1,/mnt/data/ssz/mr/results/Qwen2.5-VL/pope/memvr/analysis/coco_POPE_random/506.pt
1992,1992,coco_POPE_random,coco_POPE_random,1,0,No!,no,1.71875,0.7478298611111112,11.9375,5.419687900531777,28,1,/mnt/data/ssz/mr/results/Qwen2.5-VL/pope/memvr/analysis/coco_POPE_random/1992.pt
2748,2748,coco_POPE_random,coco_POPE_random,1,0,No!,no,1.71875,0.7378472222222222,11.9375,5.5325318093536975,28,1,/mnt/data/ssz/mr/results/Qwen2.5-VL/pope/memvr/analysis/coco_POPE_random/2748.pt
1250,1250,coco_POPE_random,coco_POPE_random,1,0,No!,no,1.640625,0.7656973379629629,11.9375,5.59007117818041,28,1,/mnt/data/ssz/mr/results/Qwen2.5-VL/pope/memvr/analysis/coco_POPE_random/1250.pt
507,507,coco_POPE_random,coco_POPE_random,0,0,No!,yes,1.671875,0.74609375,11.9375,5.617892702098319,28,1,/mnt/data/ssz/mr/results/Qwen2.5-VL/pope/memvr/analysis/coco_POPE_random/507.pt
1993,1993,coco_POPE_random,coco_POPE_random,1,0,"Yes,",yes,1.703125,0.740234375,11.9375,4.847655555145799,28,1,/mnt/data/ssz/mr/results/Qwen2.5-VL/pope/memvr/analysis/coco_POPE_random/1993.pt
1251,1251,coco_POPE_random,coco_POPE_random,0,0,No!,yes,1.640625,0.7657696759259259,11.9375,5.501762623349821,28,1,/mnt/data/ssz/mr/results/Qwen2.5-VL/pope/memvr/analysis/coco_POPE_random/1251.pt
2749,2749,coco_POPE_random,coco_POPE_random,1,0,"Yes,",yes,1.734375,0.7501446759259259,11.9375,4.9724550090332915,28,1,/mnt/data/ssz/mr/results/Qwen2.5-VL/pope/memvr/analysis/coco_POPE_random/2749.pt
508,508,coco_POPE_random,coco_POPE_random,1,0,No!,no,1.671875,0.7468171296296297,11.9375,5.534035187670239,28,1,/mnt/data/ssz/mr/results/Qwen2.5-VL/pope/memvr/analysis/coco_POPE_random/508.pt
1994,1994,coco_POPE_random,coco_POPE_random,1,0,No!,no,1.703125,0.7443576388888888,11.9375,5.506779812266202,28,1,/mnt/data/ssz/mr/results/Qwen2.5-VL/pope/memvr/analysis/coco_POPE_random/1994.pt
1252,1252,coco_POPE_random,coco_POPE_random,1,0,No!,no,1.640625,0.7659143518518519,11.9375,5.624105142983118,28,1,/mnt/data/ssz/mr/results/Qwen2.5-VL/pope/memvr/analysis/coco_POPE_random/1252.pt
2750,2750,coco_POPE_random,coco_POPE_random,1,0,No!,no,1.7265625,0.7557146990740741,11.9375,5.453702099113594,28,1,/mnt/data/ssz/mr/results/Qwen2.5-VL/pope/memvr/analysis/coco_POPE_random/2750.pt
509,509,coco_POPE_random,coco_POPE_random,1,0,"Yes,",yes,1.671875,0.7413194444444444,11.9375,4.906425658774162,28,1,/mnt/data/ssz/mr/results/Qwen2.5-VL/pope/memvr/analysis/coco_POPE_random/509.pt
1995,1995,coco_POPE_random,coco_POPE_random,0,0,No!,yes,1.703125,0.7443576388888888,11.9375,5.6218755910035565,28,1,/mnt/data/ssz/mr/results/Qwen2.5-VL/pope/memvr/analysis/coco_POPE_random/1995.pt
1253,1253,coco_POPE_random,coco_POPE_random,0,0,No!,yes,1.640625,0.7659143518518519,11.9375,5.512952447504608,28,1,/mnt/data/ssz/mr/results/Qwen2.5-VL/pope/memvr/analysis/coco_POPE_random/1253.pt
2751,2751,coco_POPE_random,coco_POPE_random,1,0,"Yes,",yes,1.734375,0.7501446759259259,11.9375,4.815832329056415,28,1,/mnt/data/ssz/mr/results/Qwen2.5-VL/pope/memvr/analysis/coco_POPE_random/2751.pt
510,510,coco_POPE_random,coco_POPE_random,1,0,No!,no,1.671875,0.7464554398148148,11.9375,5.624431145613549,28,1,/mnt/data/ssz/mr/results/Qwen2.5-VL/pope/memvr/analysis/coco_POPE_random/510.pt
1254,1254,coco_POPE_random,coco_POPE_random,1,0,No!,no,1.640625,0.7657696759259259,11.9375,5.575068964547826,28,1,/mnt/data/ssz/mr/results/Qwen2.5-VL/pope/memvr/analysis/coco_POPE_random/1254.pt
1996,1996,coco_POPE_random,coco_POPE_random,1,0,No!,no,1.703125,0.7443576388888888,11.9375,5.550953708195172,28,1,/mnt/data/ssz/mr/results/Qwen2.5-VL/pope/memvr/analysis/coco_POPE_random/1996.pt
2752,2752,coco_POPE_random,coco_POPE_random,1,0,No!,no,1.7265625,0.7557146990740741,11.9375,5.459550477941673,28,1,/mnt/data/ssz/mr/results/Qwen2.5-VL/pope/memvr/analysis/coco_POPE_random/2752.pt
511,511,coco_POPE_random,coco_POPE_random,1,0,"Yes,",yes,1.75,0.7259837962962963,11.9375,4.932767284168723,28,2,/mnt/data/ssz/mr/results/Qwen2.5-VL/pope/memvr/analysis/coco_POPE_random/511.pt
1255,1255,coco_POPE_random,coco_POPE_random,0,0,No!,yes,1.734375,0.7326388888888888,11.9375,5.578290457130763,28,1,/mnt/data/ssz/mr/results/Qwen2.5-VL/pope/memvr/analysis/coco_POPE_random/1255.pt
2753,2753,coco_POPE_random,coco_POPE_random,1,0,"Yes,",yes,1.734375,0.7501446759259259,11.9375,4.799331706161166,28,1,/mnt/data/ssz/mr/results/Qwen2.5-VL/pope/memvr/analysis/coco_POPE_random/2753.pt
1997,1997,coco_POPE_random,coco_POPE_random,1,0,"Yes,",yes,1.703125,0.740234375,11.9375,4.949218147463407,28,1,/mnt/data/ssz/mr/results/Qwen2.5-VL/pope/memvr/analysis/coco_POPE_random/1997.pt
512,512,coco_POPE_random,coco_POPE_random,1,0,No!,no,1.75,0.7310474537037037,11.9375,5.485421787283579,28,1,/mnt/data/ssz/mr/results/Qwen2.5-VL/pope/memvr/analysis/coco_POPE_random/512.pt
1256,1256,coco_POPE_random,coco_POPE_random,1,0,No!,no,1.734375,0.7326388888888888,11.9375,5.615764584366812,28,1,/mnt/data/ssz/mr/results/Qwen2.5-VL/pope/memvr/analysis/coco_POPE_random/1256.pt
2754,2754,coco_POPE_random,coco_POPE_random,1,0,No!,no,1.7265625,0.7560763888888888,11.9375,5.423937019739994,28,1,/mnt/data/ssz/mr/results/Qwen2.5-VL/pope/memvr/analysis/coco_POPE_random/2754.pt
1998,1998,coco_POPE_random,coco_POPE_random,1,0,No!,no,1.703125,0.7443576388888888,11.9375,5.624437636994618,28,1,/mnt/data/ssz/mr/results/Qwen2.5-VL/pope/memvr/analysis/coco_POPE_random/1998.pt
513,513,coco_POPE_random,coco_POPE_random,0,0,No!,yes,1.75,0.7310474537037037,11.9375,5.456880768739787,28,1,/mnt/data/ssz/mr/results/Qwen2.5-VL/pope/memvr/analysis/coco_POPE_random/513.pt
1999,1999,coco_POPE_random,coco_POPE_random,1,0,"Yes,",yes,1.734375,0.7712673611111112,11.9375,4.722284612836014,28,1,/mnt/data/ssz/mr/results/Qwen2.5-VL/pope/memvr/analysis/coco_POPE_random/1999.pt
1257,1257,coco_POPE_random,coco_POPE_random,1,0,"Yes,",yes,1.734375,0.7284432870370371,11.9375,4.970020819121446,28,1,/mnt/data/ssz/mr/results/Qwen2.5-VL/pope/memvr/analysis/coco_POPE_random/1257.pt
2755,2755,coco_POPE_random,coco_POPE_random,1,0,"Yes,",yes,1.7109375,0.7322771990740741,11.9375,4.846818767845781,28,1,/mnt/data/ssz/mr/results/Qwen2.5-VL/pope/memvr/analysis/coco_POPE_random/2755.pt
514,514,coco_POPE_random,coco_POPE_random,1,0,No!,no,1.75,0.7301070601851852,11.9375,5.382789734205775,28,2,/mnt/data/ssz/mr/results/Qwen2.5-VL/pope/memvr/analysis/coco_POPE_random/514.pt
2000,2000,coco_POPE_random,coco_POPE_random,1,0,No!,no,1.7109375,0.7750289351851852,11.9375,5.442119425835824,28,1,/mnt/data/ssz/mr/results/Qwen2.5-VL/pope/memvr/analysis/coco_POPE_random/2000.pt
1258,1258,coco_POPE_random,coco_POPE_random,1,0,No!,no,1.734375,0.7326388888888888,11.9375,5.625581155421467,28,1,/mnt/data/ssz/mr/results/Qwen2.5-VL/pope/memvr/analysis/coco_POPE_random/1258.pt
2756,2756,coco_POPE_random,coco_POPE_random,1,0,No!,no,1.703125,0.7379918981481481,11.9375,5.548611845279679,28,1,/mnt/data/ssz/mr/results/Qwen2.5-VL/pope/memvr/analysis/coco_POPE_random/2756.pt
2001,2001,coco_POPE_random,coco_POPE_random,0,0,No!,yes,1.7109375,0.7750289351851852,11.9375,5.677228141501787,28,1,/mnt/data/ssz/mr/results/Qwen2.5-VL/pope/memvr/analysis/coco_POPE_random/2001.pt
515,515,coco_POPE_random,coco_POPE_random,1,0,"Yes,",yes,1.75,0.7259837962962963,11.9375,4.658100411762337,28,2,/mnt/data/ssz/mr/results/Qwen2.5-VL/pope/memvr/analysis/coco_POPE_random/515.pt
2002,2002,coco_POPE_random,coco_POPE_random,1,0,No!,no,1.7109375,0.7750289351851852,11.9375,5.567173844963565,28,1,/mnt/data/ssz/mr/results/Qwen2.5-VL/pope/memvr/analysis/coco_POPE_random/2002.pt
1259,1259,coco_POPE_random,coco_POPE_random,1,0,"Yes,",yes,1.734375,0.7284432870370371,11.9375,4.923333808997878,28,1,/mnt/data/ssz/mr/results/Qwen2.5-VL/pope/memvr/analysis/coco_POPE_random/1259.pt
2757,2757,coco_POPE_random,coco_POPE_random,1,0,"Yes,",yes,1.7109375,0.7322771990740741,11.9375,4.829599704250951,28,1,/mnt/data/ssz/mr/results/Qwen2.5-VL/pope/memvr/analysis/coco_POPE_random/2757.pt
516,516,coco_POPE_random,coco_POPE_random,1,0,No!,no,1.75,0.7310474537037037,11.9375,5.504367018854625,28,1,/mnt/data/ssz/mr/results/Qwen2.5-VL/pope/memvr/analysis/coco_POPE_random/516.pt
2003,2003,coco_POPE_random,coco_POPE_random,0,0,No!,yes,1.7109375,0.7750289351851852,11.9375,5.619740693058577,28,1,/mnt/data/ssz/mr/results/Qwen2.5-VL/pope/memvr/analysis/coco_POPE_random/2003.pt
517,517,coco_POPE_random,coco_POPE_random,0,0,No!,yes,1.671875,0.7798755787037037,11.9375,5.498788254820322,28,1,/mnt/data/ssz/mr/results/Qwen2.5-VL/pope/memvr/analysis/coco_POPE_random/517.pt
1260,1260,coco_POPE_random,coco_POPE_random,1,0,No!,no,1.734375,0.7326388888888888,11.9375,5.537431001831088,28,1,/mnt/data/ssz/mr/results/Qwen2.5-VL/pope/memvr/analysis/coco_POPE_random/1260.pt
2758,2758,coco_POPE_random,coco_POPE_random,1,0,No!,no,1.703125,0.7379918981481481,11.9375,5.542837892980217,28,1,/mnt/data/ssz/mr/results/Qwen2.5-VL/pope/memvr/analysis/coco_POPE_random/2758.pt
2004,2004,coco_POPE_random,coco_POPE_random,1,0,No!,no,1.7109375,0.7750289351851852,11.9375,5.579014118368361,28,1,/mnt/data/ssz/mr/results/Qwen2.5-VL/pope/memvr/analysis/coco_POPE_random/2004.pt
518,518,coco_POPE_random,coco_POPE_random,1,0,No!,no,1.671875,0.7800925925925926,11.9375,5.513416380000308,28,1,/mnt/data/ssz/mr/results/Qwen2.5-VL/pope/memvr/analysis/coco_POPE_random/518.pt
1261,1261,coco_POPE_random,coco_POPE_random,0,0,No!,yes,1.703125,0.7323495370370371,11.9375,5.583678442988583,28,1,/mnt/data/ssz/mr/results/Qwen2.5-VL/pope/memvr/analysis/coco_POPE_random/1261.pt
2759,2759,coco_POPE_random,coco_POPE_random,1,0,"Yes,",yes,1.7109375,0.7322771990740741,11.9375,4.855614272370774,28,1,/mnt/data/ssz/mr/results/Qwen2.5-VL/pope/memvr/analysis/coco_POPE_random/2759.pt
2005,2005,coco_POPE_random,coco_POPE_random,1,0,"Yes,",yes,1.6875,0.7578125,11.9375,4.783112452958583,28,1,/mnt/data/ssz/mr/results/Qwen2.5-VL/pope/memvr/analysis/coco_POPE_random/2005.pt
519,519,coco_POPE_random,coco_POPE_random,1,0,"Yes,",yes,1.671875,0.7736545138888888,11.9375,4.8084164459800505,28,2,/mnt/data/ssz/mr/results/Qwen2.5-VL/pope/memvr/analysis/coco_POPE_random/519.pt
1262,1262,coco_POPE_random,coco_POPE_random,1,0,No!,no,1.703125,0.7314091435185185,11.9375,5.48024007680889,28,1,/mnt/data/ssz/mr/results/Qwen2.5-VL/pope/memvr/analysis/coco_POPE_random/1262.pt
2006,2006,coco_POPE_random,coco_POPE_random,1,0,No!,no,1.6875,0.7633101851851852,11.9375,5.572287987291145,28,1,/mnt/data/ssz/mr/results/Qwen2.5-VL/pope/memvr/analysis/coco_POPE_random/2006.pt
2760,2760,coco_POPE_random,coco_POPE_random,1,0,No!,no,1.703125,0.7379918981481481,11.9375,5.657556425873642,28,1,/mnt/data/ssz/mr/results/Qwen2.5-VL/pope/memvr/analysis/coco_POPE_random/2760.pt
520,520,coco_POPE_random,coco_POPE_random,1,0,No!,no,1.671875,0.7800925925925926,11.9375,5.527912791632718,28,1,/mnt/data/ssz/mr/results/Qwen2.5-VL/pope/memvr/analysis/coco_POPE_random/520.pt
2007,2007,coco_POPE_random,coco_POPE_random,1,0,"Yes,",yes,1.6875,0.7578125,11.9375,4.80731394545759,28,1,/mnt/data/ssz/mr/results/Qwen2.5-VL/pope/memvr/analysis/coco_POPE_random/2007.pt
521,521,coco_POPE_random,coco_POPE_random,0,0,No!,yes,1.671875,0.7796585648148148,11.9375,5.5344331186680735,28,1,/mnt/data/ssz/mr/results/Qwen2.5-VL/pope/memvr/analysis/coco_POPE_random/521.pt
1263,1263,coco_POPE_random,coco_POPE_random,1,0,"Yes,",yes,1.7109375,0.7262731481481481,11.9375,4.823869634957349,28,1,/mnt/data/ssz/mr/results/Qwen2.5-VL/pope/memvr/analysis/coco_POPE_random/1263.pt
2761,2761,coco_POPE_random,coco_POPE_random,1,0,"Yes,",yes,1.71875,0.7581741898148148,11.9375,4.788661384263589,28,1,/mnt/data/ssz/mr/results/Qwen2.5-VL/pope/memvr/analysis/coco_POPE_random/2761.pt
522,522,coco_POPE_random,coco_POPE_random,1,0,No!,no,1.671875,0.7800925925925926,11.9375,5.514760034960969,28,1,/mnt/data/ssz/mr/results/Qwen2.5-VL/pope/memvr/analysis/coco_POPE_random/522.pt
2008,2008,coco_POPE_random,coco_POPE_random,1,0,No!,no,1.6875,0.7633101851851852,11.9375,5.460453568003623,28,1,/mnt/data/ssz/mr/results/Qwen2.5-VL/pope/memvr/analysis/coco_POPE_random/2008.pt
2762,2762,coco_POPE_random,coco_POPE_random,1,0,No!,no,1.71875,0.7633101851851852,11.9375,5.5401814985461115,28,1,/mnt/data/ssz/mr/results/Qwen2.5-VL/pope/memvr/analysis/coco_POPE_random/2762.pt
1264,1264,coco_POPE_random,coco_POPE_random,1,0,No!,no,1.703125,0.73046875,11.9375,5.5019130200866115,28,1,/mnt/data/ssz/mr/results/Qwen2.5-VL/pope/memvr/analysis/coco_POPE_random/1264.pt
2009,2009,coco_POPE_random,coco_POPE_random,1,0,"Yes,",yes,1.6875,0.7578125,11.9375,4.798106762922294,28,1,/mnt/data/ssz/mr/results/Qwen2.5-VL/pope/memvr/analysis/coco_POPE_random/2009.pt
523,523,coco_POPE_random,coco_POPE_random,0,0,No!,yes,1.7265625,0.7504340277777778,11.9375,5.749615338488968,28,1,/mnt/data/ssz/mr/results/Qwen2.5-VL/pope/memvr/analysis/coco_POPE_random/523.pt
2763,2763,coco_POPE_random,coco_POPE_random,1,0,"Yes,",yes,1.71875,0.7581741898148148,11.9375,4.961923497982421,28,1,/mnt/data/ssz/mr/results/Qwen2.5-VL/pope/memvr/analysis/coco_POPE_random/2763.pt
1265,1265,coco_POPE_random,coco_POPE_random,1,0,"Yes,",yes,1.7109375,0.7262731481481481,11.9375,4.804871932050209,28,1,/mnt/data/ssz/mr/results/Qwen2.5-VL/pope/memvr/analysis/coco_POPE_random/1265.pt
2010,2010,coco_POPE_random,coco_POPE_random,1,0,No!,no,1.6875,0.7632378472222222,11.9375,5.442353202973444,28,1,/mnt/data/ssz/mr/results/Qwen2.5-VL/pope/memvr/analysis/coco_POPE_random/2010.pt
524,524,coco_POPE_random,coco_POPE_random,1,0,No!,no,1.7265625,0.7504340277777778,11.9375,5.588029557912548,28,1,/mnt/data/ssz/mr/results/Qwen2.5-VL/pope/memvr/analysis/coco_POPE_random/524.pt
2764,2764,coco_POPE_random,coco_POPE_random,1,0,No!,no,1.71875,0.7633101851851852,11.9375,5.491183577401403,28,1,/mnt/data/ssz/mr/results/Qwen2.5-VL/pope/memvr/analysis/coco_POPE_random/2764.pt
1266,1266,coco_POPE_random,coco_POPE_random,1,0,No!,no,1.703125,0.7314091435185185,11.9375,5.488324623208177,28,1,/mnt/data/ssz/mr/results/Qwen2.5-VL/pope/memvr/analysis/coco_POPE_random/1266.pt
2011,2011,coco_POPE_random,coco_POPE_random,1,0,"Yes,",yes,1.703125,0.7455150462962963,11.9375,4.692893964922939,28,1,/mnt/data/ssz/mr/results/Qwen2.5-VL/pope/memvr/analysis/coco_POPE_random/2011.pt
525,525,coco_POPE_random,coco_POPE_random,1,0,"Yes,",yes,1.7265625,0.7424045138888888,11.9375,4.9821349909271495,28,1,/mnt/data/ssz/mr/results/Qwen2.5-VL/pope/memvr/analysis/coco_POPE_random/525.pt
2765,2765,coco_POPE_random,coco_POPE_random,1,0,"Yes,",yes,1.71875,0.7581741898148148,11.9375,4.782936569068467,28,1,/mnt/data/ssz/mr/results/Qwen2.5-VL/pope/memvr/analysis/coco_POPE_random/2765.pt
1267,1267,coco_POPE_random,coco_POPE_random,0,0,No!,yes,1.734375,0.7560763888888888,11.9375,5.602510662402171,28,1,/mnt/data/ssz/mr/results/Qwen2.5-VL/pope/memvr/analysis/coco_POPE_random/1267.pt
2012,2012,coco_POPE_random,coco_POPE_random,1,0,No!,no,1.703125,0.7504340277777778,11.9375,5.596095054116553,28,1,/mnt/data/ssz/mr/results/Qwen2.5-VL/pope/memvr/analysis/coco_POPE_random/2012.pt
2766,2766,coco_POPE_random,coco_POPE_random,1,0,No!,no,1.71875,0.7633101851851852,11.9375,5.590093710752563,28,1,/mnt/data/ssz/mr/results/Qwen2.5-VL/pope/memvr/analysis/coco_POPE_random/2766.pt
526,526,coco_POPE_random,coco_POPE_random,1,0,No!,no,1.7265625,0.7504340277777778,11.9375,5.612857156688639,28,1,/mnt/data/ssz/mr/results/Qwen2.5-VL/pope/memvr/analysis/coco_POPE_random/526.pt
1268,1268,coco_POPE_random,coco_POPE_random,1,0,No!,no,1.734375,0.7560763888888888,11.9375,5.610227676708119,28,1,/mnt/data/ssz/mr/results/Qwen2.5-VL/pope/memvr/analysis/coco_POPE_random/1268.pt
2013,2013,coco_POPE_random,coco_POPE_random,0,0,No!,yes,1.703125,0.7504340277777778,11.9375,5.580567887594325,28,1,/mnt/data/ssz/mr/results/Qwen2.5-VL/pope/memvr/analysis/coco_POPE_random/2013.pt
2767,2767,coco_POPE_random,coco_POPE_random,1,0,"Yes,",yes,1.734375,0.7373408564814815,11.9375,4.940647620940645,28,2,/mnt/data/ssz/mr/results/Qwen2.5-VL/pope/memvr/analysis/coco_POPE_random/2767.pt
527,527,coco_POPE_random,coco_POPE_random,0,0,No!,yes,1.7265625,0.7504340277777778,11.9375,5.658093123144775,28,1,/mnt/data/ssz/mr/results/Qwen2.5-VL/pope/memvr/analysis/coco_POPE_random/527.pt
1269,1269,coco_POPE_random,coco_POPE_random,1,0,"Yes,",yes,1.75,0.7516637731481481,11.9375,5.005954347502705,28,1,/mnt/data/ssz/mr/results/Qwen2.5-VL/pope/memvr/analysis/coco_POPE_random/1269.pt
2768,2768,coco_POPE_random,coco_POPE_random,1,0,No!,no,1.734375,0.7422598379629629,11.9375,5.509267081219527,28,1,/mnt/data/ssz/mr/results/Qwen2.5-VL/pope/memvr/analysis/coco_POPE_random/2768.pt
2014,2014,coco_POPE_random,coco_POPE_random,1,0,No!,no,1.703125,0.7504340277777778,11.9375,5.558574902868211,28,1,/mnt/data/ssz/mr/results/Qwen2.5-VL/pope/memvr/analysis/coco_POPE_random/2014.pt
528,528,coco_POPE_random,coco_POPE_random,1,0,No!,no,1.7265625,0.7504340277777778,11.9375,5.636523789117977,28,1,/mnt/data/ssz/mr/results/Qwen2.5-VL/pope/memvr/analysis/coco_POPE_random/528.pt
1270,1270,coco_POPE_random,coco_POPE_random,1,0,No!,no,1.734375,0.7560763888888888,11.9375,5.663899234344704,28,1,/mnt/data/ssz/mr/results/Qwen2.5-VL/pope/memvr/analysis/coco_POPE_random/1270.pt
2769,2769,coco_POPE_random,coco_POPE_random,0,0,No!,yes,1.734375,0.7429108796296297,11.9375,5.414028386908066,28,1,/mnt/data/ssz/mr/results/Qwen2.5-VL/pope/memvr/analysis/coco_POPE_random/2769.pt
2015,2015,coco_POPE_random,coco_POPE_random,1,0,"Yes,",yes,1.703125,0.7455150462962963,11.9375,4.834577825863796,28,1,/mnt/data/ssz/mr/results/Qwen2.5-VL/pope/memvr/analysis/coco_POPE_random/2015.pt
529,529,coco_POPE_random,coco_POPE_random,1,0,"Yes,",yes,1.7265625,0.7468171296296297,11.9375,5.11394489673018,28,1,/mnt/data/ssz/mr/results/Qwen2.5-VL/pope/memvr/analysis/coco_POPE_random/529.pt
1271,1271,coco_POPE_random,coco_POPE_random,0,0,No!,yes,1.734375,0.7560763888888888,11.9375,5.607996780238958,28,1,/mnt/data/ssz/mr/results/Qwen2.5-VL/pope/memvr/analysis/coco_POPE_random/1271.pt
2770,2770,coco_POPE_random,coco_POPE_random,1,0,No!,no,1.734375,0.7416087962962963,11.9375,5.558254774598121,28,1,/mnt/data/ssz/mr/results/Qwen2.5-VL/pope/memvr/analysis/coco_POPE_random/2770.pt
2016,2016,coco_POPE_random,coco_POPE_random,1,0,No!,no,1.703125,0.7504340277777778,11.9375,5.5142192117291415,28,1,/mnt/data/ssz/mr/results/Qwen2.5-VL/pope/memvr/analysis/coco_POPE_random/2016.pt
530,530,coco_POPE_random,coco_POPE_random,1,0,No!,no,1.7265625,0.7533275462962963,11.9375,5.653585662620101,28,1,/mnt/data/ssz/mr/results/Qwen2.5-VL/pope/memvr/analysis/coco_POPE_random/530.pt
1272,1272,coco_POPE_random,coco_POPE_random,1,0,No!,no,1.734375,0.7560763888888888,11.9375,5.57425311508745,28,1,/mnt/data/ssz/mr/results/Qwen2.5-VL/pope/memvr/analysis/coco_POPE_random/1272.pt
2771,2771,coco_POPE_random,coco_POPE_random,1,0,"Yes,",yes,1.734375,0.7373408564814815,11.9375,4.989528931407381,28,2,/mnt/data/ssz/mr/results/Qwen2.5-VL/pope/memvr/analysis/coco_POPE_random/2771.pt
2017,2017,coco_POPE_random,coco_POPE_random,1,0,"Yes,",yes,1.71875,0.7579571759259259,11.9375,5.079733390479006,28,1,/mnt/data/ssz/mr/results/Qwen2.5-VL/pope/memvr/analysis/coco_POPE_random/2017.pt
531,531,coco_POPE_random,coco_POPE_random,1,0,"Yes,",yes,1.7265625,0.7468171296296297,11.9375,5.002440264973949,28,1,/mnt/data/ssz/mr/results/Qwen2.5-VL/pope/memvr/analysis/coco_POPE_random/531.pt
1273,1273,coco_POPE_random,coco_POPE_random,0,0,No!,yes,1.7109375,0.7396556712962963,11.9375,5.587726386747441,28,1,/mnt/data/ssz/mr/results/Qwen2.5-VL/pope/memvr/analysis/coco_POPE_random/1273.pt
2772,2772,coco_POPE_random,coco_POPE_random,1,0,No!,no,1.734375,0.7422598379629629,11.9375,5.4862410654966505,28,1,/mnt/data/ssz/mr/results/Qwen2.5-VL/pope/memvr/analysis/coco_POPE_random/2772.pt
2018,2018,coco_POPE_random,coco_POPE_random,1,0,No!,no,1.71875,0.7637442129629629,11.9375,5.558328069407503,28,1,/mnt/data/ssz/mr/results/Qwen2.5-VL/pope/memvr/analysis/coco_POPE_random/2018.pt
532,532,coco_POPE_random,coco_POPE_random,1,0,No!,no,1.7265625,0.7533275462962963,11.9375,5.555997431582282,28,1,/mnt/data/ssz/mr/results/Qwen2.5-VL/pope/memvr/analysis/coco_POPE_random/532.pt
2773,2773,coco_POPE_random,coco_POPE_random,0,0,No!,yes,1.7109375,0.7436342592592593,11.9375,5.575741156661793,28,1,/mnt/data/ssz/mr/results/Qwen2.5-VL/pope/memvr/analysis/coco_POPE_random/2773.pt
1274,1274,coco_POPE_random,coco_POPE_random,1,0,No!,no,1.7109375,0.7388599537037037,11.9375,5.677018556144974,28,1,/mnt/data/ssz/mr/results/Qwen2.5-VL/pope/memvr/analysis/coco_POPE_random/1274.pt
2019,2019,coco_POPE_random,coco_POPE_random,1,0,"Yes,",yes,1.71875,0.7579571759259259,11.9375,4.878810819897171,28,1,/mnt/data/ssz/mr/results/Qwen2.5-VL/pope/memvr/analysis/coco_POPE_random/2019.pt
533,533,coco_POPE_random,coco_POPE_random,0,0,No!,yes,1.7265625,0.7533275462962963,11.9375,5.601376426836992,28,1,/mnt/data/ssz/mr/results/Qwen2.5-VL/pope/memvr/analysis/coco_POPE_random/533.pt
2774,2774,coco_POPE_random,coco_POPE_random,1,0,No!,no,1.7109375,0.7436342592592593,11.9375,5.650984038951594,28,1,/mnt/data/ssz/mr/results/Qwen2.5-VL/pope/memvr/analysis/coco_POPE_random/2774.pt
1275,1275,coco_POPE_random,coco_POPE_random,1,0,"Yes,",yes,1.71875,0.7338686342592593,11.9375,4.984473001366436,28,1,/mnt/data/ssz/mr/results/Qwen2.5-VL/pope/memvr/analysis/coco_POPE_random/1275.pt
2020,2020,coco_POPE_random,coco_POPE_random,1,0,No!,no,1.71875,0.7637442129629629,11.9375,5.605121598653631,28,1,/mnt/data/ssz/mr/results/Qwen2.5-VL/pope/memvr/analysis/coco_POPE_random/2020.pt
534,534,coco_POPE_random,coco_POPE_random,1,0,No!,no,1.7265625,0.7533275462962963,11.9375,5.624868992184647,28,1,/mnt/data/ssz/mr/results/Qwen2.5-VL/pope/memvr/analysis/coco_POPE_random/534.pt
2775,2775,coco_POPE_random,coco_POPE_random,0,0,No!,yes,1.7109375,0.7436342592592593,11.9375,5.571209964824886,28,1,/mnt/data/ssz/mr/results/Qwen2.5-VL/pope/memvr/analysis/coco_POPE_random/2775.pt
1276,1276,coco_POPE_random,coco_POPE_random,1,0,No!,no,1.7109375,0.7388599537037037,11.9375,5.756665605006705,28,1,/mnt/data/ssz/mr/results/Qwen2.5-VL/pope/memvr/analysis/coco_POPE_random/1276.pt
2021,2021,coco_POPE_random,coco_POPE_random,0,0,No!,yes,1.71875,0.7637442129629629,11.9375,5.6278416346728495,28,1,/mnt/data/ssz/mr/results/Qwen2.5-VL/pope/memvr/analysis/coco_POPE_random/2021.pt
535,535,coco_POPE_random,coco_POPE_random,1,0,"Yes,",yes,1.6640625,0.7407407407407407,11.9375,4.847436646314683,28,1,/mnt/data/ssz/mr/results/Qwen2.5-VL/pope/memvr/analysis/coco_POPE_random/535.pt
2776,2776,coco_POPE_random,coco_POPE_random,1,0,No!,no,1.7109375,0.7436342592592593,11.9375,5.4626964959942566,28,1,/mnt/data/ssz/mr/results/Qwen2.5-VL/pope/memvr/analysis/coco_POPE_random/2776.pt
1277,1277,coco_POPE_random,coco_POPE_random,0,0,No!,yes,1.7109375,0.7396556712962963,11.9375,5.555194372187191,28,1,/mnt/data/ssz/mr/results/Qwen2.5-VL/pope/memvr/analysis/coco_POPE_random/1277.pt
2022,2022,coco_POPE_random,coco_POPE_random,1,0,No!,no,1.71875,0.7637442129629629,11.9375,5.58576756803939,28,1,/mnt/data/ssz/mr/results/Qwen2.5-VL/pope/memvr/analysis/coco_POPE_random/2022.pt
2777,2777,coco_POPE_random,coco_POPE_random,1,0,"Yes,",yes,1.71875,0.7392216435185185,11.9375,4.889544854156378,28,1,/mnt/data/ssz/mr/results/Qwen2.5-VL/pope/memvr/analysis/coco_POPE_random/2777.pt
536,536,coco_POPE_random,coco_POPE_random,1,0,No!,no,1.6484375,0.7446469907407407,11.9375,5.525429978035843,28,1,/mnt/data/ssz/mr/results/Qwen2.5-VL/pope/memvr/analysis/coco_POPE_random/536.pt
1278,1278,coco_POPE_random,coco_POPE_random,1,0,No!,no,1.7109375,0.7388599537037037,11.9375,5.668580826702074,28,1,/mnt/data/ssz/mr/results/Qwen2.5-VL/pope/memvr/analysis/coco_POPE_random/1278.pt
2023,2023,coco_POPE_random,coco_POPE_random,0,0,No!,yes,1.6953125,0.7439236111111112,11.9375,5.536569992920343,28,1,/mnt/data/ssz/mr/results/Qwen2.5-VL/pope/memvr/analysis/coco_POPE_random/2023.pt
2778,2778,coco_POPE_random,coco_POPE_random,1,0,No!,no,1.7109375,0.7435619212962963,11.9375,5.620188612967593,28,1,/mnt/data/ssz/mr/results/Qwen2.5-VL/pope/memvr/analysis/coco_POPE_random/2778.pt
537,537,coco_POPE_random,coco_POPE_random,1,0,"Yes,",yes,1.6640625,0.7407407407407407,11.9375,4.927725745019896,28,1,/mnt/data/ssz/mr/results/Qwen2.5-VL/pope/memvr/analysis/coco_POPE_random/537.pt
1279,1279,coco_POPE_random,coco_POPE_random,1,0,"Yes,",yes,1.71875,0.7487702546296297,11.9375,4.88459053663297,28,2,/mnt/data/ssz/mr/results/Qwen2.5-VL/pope/memvr/analysis/coco_POPE_random/1279.pt
2024,2024,coco_POPE_random,coco_POPE_random,1,0,No!,no,1.6953125,0.7439236111111112,11.9375,5.557455396843045,28,1,/mnt/data/ssz/mr/results/Qwen2.5-VL/pope/memvr/analysis/coco_POPE_random/2024.pt
2779,2779,coco_POPE_random,coco_POPE_random,1,0,"Yes,",yes,1.71875,0.7364004629629629,11.9375,4.934461312550913,28,1,/mnt/data/ssz/mr/results/Qwen2.5-VL/pope/memvr/analysis/coco_POPE_random/2779.pt
538,538,coco_POPE_random,coco_POPE_random,1,0,No!,no,1.6484375,0.7449363425925926,11.9375,5.558204127737554,28,1,/mnt/data/ssz/mr/results/Qwen2.5-VL/pope/memvr/analysis/coco_POPE_random/538.pt
1280,1280,coco_POPE_random,coco_POPE_random,1,0,No!,no,1.71875,0.7530381944444444,11.9375,5.489292320072152,28,1,/mnt/data/ssz/mr/results/Qwen2.5-VL/pope/memvr/analysis/coco_POPE_random/1280.pt
2025,2025,coco_POPE_random,coco_POPE_random,1,0,"Yes,",yes,1.703125,0.7391493055555556,11.9375,4.843732869305761,28,1,/mnt/data/ssz/mr/results/Qwen2.5-VL/pope/memvr/analysis/coco_POPE_random/2025.pt
2780,2780,coco_POPE_random,coco_POPE_random,1,0,No!,no,1.703125,0.7414641203703703,11.9375,5.640534958321449,28,1,/mnt/data/ssz/mr/results/Qwen2.5-VL/pope/memvr/analysis/coco_POPE_random/2780.pt
539,539,coco_POPE_random,coco_POPE_random,1,0,"Yes,",yes,1.6640625,0.7407407407407407,11.9375,4.85208632032839,28,1,/mnt/data/ssz/mr/results/Qwen2.5-VL/pope/memvr/analysis/coco_POPE_random/539.pt
1281,1281,coco_POPE_random,coco_POPE_random,1,0,"Yes,",yes,1.71875,0.7487702546296297,11.9375,4.745415050547128,28,2,/mnt/data/ssz/mr/results/Qwen2.5-VL/pope/memvr/analysis/coco_POPE_random/1281.pt
2026,2026,coco_POPE_random,coco_POPE_random,1,0,No!,no,1.6953125,0.7439236111111112,11.9375,5.536905562024693,28,1,/mnt/data/ssz/mr/results/Qwen2.5-VL/pope/memvr/analysis/coco_POPE_random/2026.pt
2781,2781,coco_POPE_random,coco_POPE_random,0,0,No!,yes,1.703125,0.7430555555555556,11.9375,5.632956258738855,28,1,/mnt/data/ssz/mr/results/Qwen2.5-VL/pope/memvr/analysis/coco_POPE_random/2781.pt
1282,1282,coco_POPE_random,coco_POPE_random,1,0,No!,no,1.71875,0.7530381944444444,11.9375,5.4734051792502525,28,1,/mnt/data/ssz/mr/results/Qwen2.5-VL/pope/memvr/analysis/coco_POPE_random/1282.pt
540,540,coco_POPE_random,coco_POPE_random,1,0,No!,no,1.6484375,0.7443576388888888,11.9375,5.547655887766496,28,1,/mnt/data/ssz/mr/results/Qwen2.5-VL/pope/memvr/analysis/coco_POPE_random/540.pt
2027,2027,coco_POPE_random,coco_POPE_random,0,0,No!,yes,1.6953125,0.7439236111111112,11.9375,5.53718770265064,28,1,/mnt/data/ssz/mr/results/Qwen2.5-VL/pope/memvr/analysis/coco_POPE_random/2027.pt
2782,2782,coco_POPE_random,coco_POPE_random,1,0,No!,no,1.703125,0.7414641203703703,11.9375,5.579389862202741,28,1,/mnt/data/ssz/mr/results/Qwen2.5-VL/pope/memvr/analysis/coco_POPE_random/2782.pt
1283,1283,coco_POPE_random,coco_POPE_random,1,0,"Yes,",yes,1.71875,0.7487702546296297,11.9375,4.985748432889879,28,2,/mnt/data/ssz/mr/results/Qwen2.5-VL/pope/memvr/analysis/coco_POPE_random/1283.pt
541,541,coco_POPE_random,coco_POPE_random,0,0,No!,yes,1.6875,0.7577401620370371,11.9375,5.565425504324406,28,1,/mnt/data/ssz/mr/results/Qwen2.5-VL/pope/memvr/analysis/coco_POPE_random/541.pt
2028,2028,coco_POPE_random,coco_POPE_random,1,0,No!,no,1.6953125,0.7439236111111112,11.9375,5.561283737590139,28,1,/mnt/data/ssz/mr/results/Qwen2.5-VL/pope/memvr/analysis/coco_POPE_random/2028.pt
1284,1284,coco_POPE_random,coco_POPE_random,1,0,No!,no,1.71875,0.7530381944444444,11.9375,5.437484319261934,28,1,/mnt/data/ssz/mr/results/Qwen2.5-VL/pope/memvr/analysis/coco_POPE_random/1284.pt
2783,2783,coco_POPE_random,coco_POPE_random,1,0,"Yes,",yes,1.71875,0.7364004629629629,11.9375,4.722215660474496,28,1,/mnt/data/ssz/mr/results/Qwen2.5-VL/pope/memvr/analysis/coco_POPE_random/2783.pt
542,542,coco_POPE_random,coco_POPE_random,1,0,No!,no,1.6875,0.7575231481481481,11.9375,5.6131128736587765,28,1,/mnt/data/ssz/mr/results/Qwen2.5-VL/pope/memvr/analysis/coco_POPE_random/542.pt
1285,1285,coco_POPE_random,coco_POPE_random,1,0,"Yes,",yes,1.703125,0.7598379629629629,11.9375,4.762258851758239,28,1,/mnt/data/ssz/mr/results/Qwen2.5-VL/pope/memvr/analysis/coco_POPE_random/1285.pt
543,543,coco_POPE_random,coco_POPE_random,0,0,No!,yes,1.6875,0.7575231481481481,11.9375,5.66165126521333,28,1,/mnt/data/ssz/mr/results/Qwen2.5-VL/pope/memvr/analysis/coco_POPE_random/543.pt
2029,2029,coco_POPE_random,coco_POPE_random,1,0,"Yes,",yes,1.703125,0.7377025462962963,11.9375,4.9005174540580905,28,1,/mnt/data/ssz/mr/results/Qwen2.5-VL/pope/memvr/analysis/coco_POPE_random/2029.pt
2784,2784,coco_POPE_random,coco_POPE_random,1,0,No!,no,1.703125,0.7414641203703703,11.9375,5.55793005099255,28,1,/mnt/data/ssz/mr/results/Qwen2.5-VL/pope/memvr/analysis/coco_POPE_random/2784.pt
1286,1286,coco_POPE_random,coco_POPE_random,1,0,No!,no,1.703125,0.7640335648148148,11.9375,5.594734460145196,28,1,/mnt/data/ssz/mr/results/Qwen2.5-VL/pope/memvr/analysis/coco_POPE_random/1286.pt
544,544,coco_POPE_random,coco_POPE_random,1,0,No!,no,1.6875,0.7575231481481481,11.9375,5.570413281432154,28,1,/mnt/data/ssz/mr/results/Qwen2.5-VL/pope/memvr/analysis/coco_POPE_random/544.pt
2030,2030,coco_POPE_random,coco_POPE_random,1,0,No!,no,1.703125,0.7423321759259259,11.9375,5.467291229757648,28,1,/mnt/data/ssz/mr/results/Qwen2.5-VL/pope/memvr/analysis/coco_POPE_random/2030.pt
2785,2785,coco_POPE_random,coco_POPE_random,0,0,No!,yes,1.7265625,0.7418258101851852,11.9375,5.552329676139474,28,1,/mnt/data/ssz/mr/results/Qwen2.5-VL/pope/memvr/analysis/coco_POPE_random/2785.pt
1287,1287,coco_POPE_random,coco_POPE_random,0,0,No!,yes,1.703125,0.7640335648148148,11.9375,5.648306872062426,28,1,/mnt/data/ssz/mr/results/Qwen2.5-VL/pope/memvr/analysis/coco_POPE_random/1287.pt
545,545,coco_POPE_random,coco_POPE_random,1,0,"Yes,",yes,1.6875,0.7520978009259259,11.9375,4.846453883400202,28,1,/mnt/data/ssz/mr/results/Qwen2.5-VL/pope/memvr/analysis/coco_POPE_random/545.pt
2031,2031,coco_POPE_random,coco_POPE_random,0,0,No!,yes,1.703125,0.7423321759259259,11.9375,5.703416332010639,28,1,/mnt/data/ssz/mr/results/Qwen2.5-VL/pope/memvr/analysis/coco_POPE_random/2031.pt
2786,2786,coco_POPE_random,coco_POPE_random,1,0,No!,no,1.7265625,0.7417534722222222,11.9375,5.5238225455661825,28,1,/mnt/data/ssz/mr/results/Qwen2.5-VL/pope/memvr/analysis/coco_POPE_random/2786.pt
1288,1288,coco_POPE_random,coco_POPE_random,1,0,No!,no,1.703125,0.7641059027777778,11.9375,5.508367052616599,28,1,/mnt/data/ssz/mr/results/Qwen2.5-VL/pope/memvr/analysis/coco_POPE_random/1288.pt
546,546,coco_POPE_random,coco_POPE_random,1,0,No!,no,1.6875,0.7571614583333334,11.9375,5.475725614898316,28,1,/mnt/data/ssz/mr/results/Qwen2.5-VL/pope/memvr/analysis/coco_POPE_random/546.pt
2032,2032,coco_POPE_random,coco_POPE_random,1,0,No!,no,1.703125,0.7423321759259259,11.9375,5.621015342107762,28,1,/mnt/data/ssz/mr/results/Qwen2.5-VL/pope/memvr/analysis/coco_POPE_random/2032.pt
1289,1289,coco_POPE_random,coco_POPE_random,1,0,"Yes,",yes,1.703125,0.7598379629629629,11.9375,4.853586299577484,28,1,/mnt/data/ssz/mr/results/Qwen2.5-VL/pope/memvr/analysis/coco_POPE_random/1289.pt
547,547,coco_POPE_random,coco_POPE_random,1,0,"Yes,",yes,1.71875,0.7502893518518519,11.9375,4.660184268214436,28,1,/mnt/data/ssz/mr/results/Qwen2.5-VL/pope/memvr/analysis/coco_POPE_random/547.pt
2787,2787,coco_POPE_random,coco_POPE_random,0,0,No!,yes,1.7265625,0.7418981481481481,11.9375,5.572128742667199,28,1,/mnt/data/ssz/mr/results/Qwen2.5-VL/pope/memvr/analysis/coco_POPE_random/2787.pt
2033,2033,coco_POPE_random,coco_POPE_random,1,0,"Yes,",yes,1.703125,0.7377025462962963,11.9375,4.740107072249422,28,1,/mnt/data/ssz/mr/results/Qwen2.5-VL/pope/memvr/analysis/coco_POPE_random/2033.pt
1290,1290,coco_POPE_random,coco_POPE_random,1,0,No!,no,1.703125,0.7641782407407407,11.9375,5.533816878453967,28,1,/mnt/data/ssz/mr/results/Qwen2.5-VL/pope/memvr/analysis/coco_POPE_random/1290.pt
548,548,coco_POPE_random,coco_POPE_random,1,0,No!,no,1.71875,0.75390625,11.9375,5.4430119802664505,28,1,/mnt/data/ssz/mr/results/Qwen2.5-VL/pope/memvr/analysis/coco_POPE_random/548.pt
2788,2788,coco_POPE_random,coco_POPE_random,1,0,No!,no,1.7265625,0.7417534722222222,11.9375,5.600909738790788,28,1,/mnt/data/ssz/mr/results/Qwen2.5-VL/pope/memvr/analysis/coco_POPE_random/2788.pt
2034,2034,coco_POPE_random,coco_POPE_random,1,0,No!,no,1.703125,0.7423321759259259,11.9375,5.527612334721574,28,1,/mnt/data/ssz/mr/results/Qwen2.5-VL/pope/memvr/analysis/coco_POPE_random/2034.pt
549,549,coco_POPE_random,coco_POPE_random,1,0,"Yes,",yes,1.71875,0.7502893518518519,11.9375,4.728427027703157,28,1,/mnt/data/ssz/mr/results/Qwen2.5-VL/pope/memvr/analysis/coco_POPE_random/549.pt
1291,1291,coco_POPE_random,coco_POPE_random,1,0,"Yes,",yes,1.703125,0.7300347222222222,11.9375,4.7918381868402,28,1,/mnt/data/ssz/mr/results/Qwen2.5-VL/pope/memvr/analysis/coco_POPE_random/1291.pt
2035,2035,coco_POPE_random,coco_POPE_random,0,0,No!,yes,1.703125,0.76953125,11.9375,5.479188026209785,28,1,/mnt/data/ssz/mr/results/Qwen2.5-VL/pope/memvr/analysis/coco_POPE_random/2035.pt
2789,2789,coco_POPE_random,coco_POPE_random,0,0,No!,yes,1.7265625,0.7418258101851852,11.9375,5.604833422568657,28,1,/mnt/data/ssz/mr/results/Qwen2.5-VL/pope/memvr/analysis/coco_POPE_random/2789.pt
550,550,coco_POPE_random,coco_POPE_random,1,0,No!,no,1.71875,0.75390625,11.9375,5.417818197031857,28,1,/mnt/data/ssz/mr/results/Qwen2.5-VL/pope/memvr/analysis/coco_POPE_random/550.pt
1292,1292,coco_POPE_random,coco_POPE_random,1,0,No!,no,1.6953125,0.7374131944444444,11.9375,5.541391691919577,28,1,/mnt/data/ssz/mr/results/Qwen2.5-VL/pope/memvr/analysis/coco_POPE_random/1292.pt
2036,2036,coco_POPE_random,coco_POPE_random,1,0,No!,no,1.703125,0.76953125,11.9375,5.457162272189658,28,1,/mnt/data/ssz/mr/results/Qwen2.5-VL/pope/memvr/analysis/coco_POPE_random/2036.pt
551,551,coco_POPE_random,coco_POPE_random,1,0,"Yes,",yes,1.71875,0.7502893518518519,11.9375,4.8456659026751145,28,1,/mnt/data/ssz/mr/results/Qwen2.5-VL/pope/memvr/analysis/coco_POPE_random/551.pt
2790,2790,coco_POPE_random,coco_POPE_random,1,0,No!,no,1.7265625,0.7417534722222222,11.9375,5.57585850017159,28,1,/mnt/data/ssz/mr/results/Qwen2.5-VL/pope/memvr/analysis/coco_POPE_random/2790.pt
1293,1293,coco_POPE_random,coco_POPE_random,1,0,"Yes,",yes,1.703125,0.7300347222222222,11.9375,4.75312138959597,28,1,/mnt/data/ssz/mr/results/Qwen2.5-VL/pope/memvr/analysis/coco_POPE_random/1293.pt
2037,2037,coco_POPE_random,coco_POPE_random,1,0,"Yes,",yes,1.703125,0.7666377314814815,11.9375,4.96101187137238,28,1,/mnt/data/ssz/mr/results/Qwen2.5-VL/pope/memvr/analysis/coco_POPE_random/2037.pt
2791,2791,coco_POPE_random,coco_POPE_random,1,0,"Yes,",yes,1.6875,0.7608506944444444,11.9375,4.802782804683181,28,1,/mnt/data/ssz/mr/results/Qwen2.5-VL/pope/memvr/analysis/coco_POPE_random/2791.pt
552,552,coco_POPE_random,coco_POPE_random,1,0,No!,no,1.71875,0.75390625,11.9375,5.364068521612635,28,1,/mnt/data/ssz/mr/results/Qwen2.5-VL/pope/memvr/analysis/coco_POPE_random/552.pt
1294,1294,coco_POPE_random,coco_POPE_random,1,0,No!,no,1.6953125,0.7369791666666666,11.9375,5.59037065732615,28,1,/mnt/data/ssz/mr/results/Qwen2.5-VL/pope/memvr/analysis/coco_POPE_random/1294.pt
2038,2038,coco_POPE_random,coco_POPE_random,1,0,No!,no,1.703125,0.76953125,11.9375,5.511861593739264,28,1,/mnt/data/ssz/mr/results/Qwen2.5-VL/pope/memvr/analysis/coco_POPE_random/2038.pt
2792,2792,coco_POPE_random,coco_POPE_random,1,0,No!,no,1.6796875,0.7634548611111112,11.9375,5.542757662713562,28,1,/mnt/data/ssz/mr/results/Qwen2.5-VL/pope/memvr/analysis/coco_POPE_random/2792.pt
553,553,coco_POPE_random,coco_POPE_random,0,0,No!,yes,1.6875,0.7418981481481481,11.9375,5.614639719013988,28,1,/mnt/data/ssz/mr/results/Qwen2.5-VL/pope/memvr/analysis/coco_POPE_random/553.pt
1295,1295,coco_POPE_random,coco_POPE_random,0,0,No!,yes,1.6953125,0.7374131944444444,11.9375,5.506386155799505,28,1,/mnt/data/ssz/mr/results/Qwen2.5-VL/pope/memvr/analysis/coco_POPE_random/1295.pt
2039,2039,coco_POPE_random,coco_POPE_random,1,0,"Yes,",yes,1.703125,0.7666377314814815,11.9375,4.748280286179768,28,1,/mnt/data/ssz/mr/results/Qwen2.5-VL/pope/memvr/analysis/coco_POPE_random/2039.pt
2793,2793,coco_POPE_random,coco_POPE_random,0,0,No!,yes,1.6796875,0.7634548611111112,11.9375,5.580732484341093,28,1,/mnt/data/ssz/mr/results/Qwen2.5-VL/pope/memvr/analysis/coco_POPE_random/2793.pt
554,554,coco_POPE_random,coco_POPE_random,1,0,No!,no,1.6875,0.7418981481481481,11.9375,5.48808824082162,28,1,/mnt/data/ssz/mr/results/Qwen2.5-VL/pope/memvr/analysis/coco_POPE_random/554.pt
1296,1296,coco_POPE_random,coco_POPE_random,1,0,No!,no,1.6953125,0.7374131944444444,11.9375,5.639181072378114,28,1,/mnt/data/ssz/mr/results/Qwen2.5-VL/pope/memvr/analysis/coco_POPE_random/1296.pt
2040,2040,coco_POPE_random,coco_POPE_random,1,0,No!,no,1.703125,0.7694589120370371,11.9375,5.5490820191767645,28,1,/mnt/data/ssz/mr/results/Qwen2.5-VL/pope/memvr/analysis/coco_POPE_random/2040.pt
2794,2794,coco_POPE_random,coco_POPE_random,1,0,No!,no,1.6796875,0.7634548611111112,11.9375,5.4986449149350065,28,1,/mnt/data/ssz/mr/results/Qwen2.5-VL/pope/memvr/analysis/coco_POPE_random/2794.pt
555,555,coco_POPE_random,coco_POPE_random,0,0,No!,yes,1.6875,0.7418981481481481,11.9375,5.59606909030644,28,1,/mnt/data/ssz/mr/results/Qwen2.5-VL/pope/memvr/analysis/coco_POPE_random/555.pt
2041,2041,coco_POPE_random,coco_POPE_random,1,0,"Yes,",yes,1.734375,0.7355324074074074,11.9375,5.032407646136947,28,1,/mnt/data/ssz/mr/results/Qwen2.5-VL/pope/memvr/analysis/coco_POPE_random/2041.pt
2795,2795,coco_POPE_random,coco_POPE_random,0,0,No!,yes,1.6796875,0.7634548611111112,11.9375,5.452560335340187,28,1,/mnt/data/ssz/mr/results/Qwen2.5-VL/pope/memvr/analysis/coco_POPE_random/2795.pt
1297,1297,coco_POPE_random,coco_POPE_random,0,0,No!,yes,1.734375,0.7416087962962963,11.9375,5.498258299696067,28,1,/mnt/data/ssz/mr/results/Qwen2.5-VL/pope/memvr/analysis/coco_POPE_random/1297.pt
556,556,coco_POPE_random,coco_POPE_random,1,0,No!,no,1.6875,0.7418981481481481,11.9375,5.640588310500946,28,1,/mnt/data/ssz/mr/results/Qwen2.5-VL/pope/memvr/analysis/coco_POPE_random/556.pt
2796,2796,coco_POPE_random,coco_POPE_random,1,0,No!,no,1.6796875,0.7634548611111112,11.9375,5.4717305014862125,28,1,/mnt/data/ssz/mr/results/Qwen2.5-VL/pope/memvr/analysis/coco_POPE_random/2796.pt
2042,2042,coco_POPE_random,coco_POPE_random,1,0,No!,no,1.734375,0.7427662037037037,11.9375,5.537029263267524,28,1,/mnt/data/ssz/mr/results/Qwen2.5-VL/pope/memvr/analysis/coco_POPE_random/2042.pt
1298,1298,coco_POPE_random,coco_POPE_random,1,0,No!,no,1.7421875,0.7418981481481481,11.9375,5.560844947694081,28,2,/mnt/data/ssz/mr/results/Qwen2.5-VL/pope/memvr/analysis/coco_POPE_random/1298.pt
557,557,coco_POPE_random,coco_POPE_random,0,0,No!,yes,1.6875,0.7418981481481481,11.9375,5.672400988274023,28,1,/mnt/data/ssz/mr/results/Qwen2.5-VL/pope/memvr/analysis/coco_POPE_random/557.pt
2043,2043,coco_POPE_random,coco_POPE_random,1,0,"Yes,",yes,1.734375,0.7364004629629629,11.9375,4.90559233545606,28,1,/mnt/data/ssz/mr/results/Qwen2.5-VL/pope/memvr/analysis/coco_POPE_random/2043.pt
2797,2797,coco_POPE_random,coco_POPE_random,1,0,"Yes,",yes,1.6953125,0.7377748842592593,11.9375,4.951582596768591,28,1,/mnt/data/ssz/mr/results/Qwen2.5-VL/pope/memvr/analysis/coco_POPE_random/2797.pt
1299,1299,coco_POPE_random,coco_POPE_random,1,0,"Yes,",yes,1.75,0.736328125,11.9375,5.029694463545357,28,1,/mnt/data/ssz/mr/results/Qwen2.5-VL/pope/memvr/analysis/coco_POPE_random/1299.pt
558,558,coco_POPE_random,coco_POPE_random,1,0,No!,no,1.6875,0.7418981481481481,11.9375,5.608256609514275,28,1,/mnt/data/ssz/mr/results/Qwen2.5-VL/pope/memvr/analysis/coco_POPE_random/558.pt
2044,2044,coco_POPE_random,coco_POPE_random,1,0,No!,no,1.734375,0.7418981481481481,11.9375,5.516914749356491,28,1,/mnt/data/ssz/mr/results/Qwen2.5-VL/pope/memvr/analysis/coco_POPE_random/2044.pt
2798,2798,coco_POPE_random,coco_POPE_random,1,0,No!,no,1.6796875,0.7418981481481481,11.9375,5.660429760759943,28,1,/mnt/data/ssz/mr/results/Qwen2.5-VL/pope/memvr/analysis/coco_POPE_random/2798.pt
1300,1300,coco_POPE_random,coco_POPE_random,1,0,No!,no,1.7421875,0.7421875,11.9375,5.618766906168691,28,1,/mnt/data/ssz/mr/results/Qwen2.5-VL/pope/memvr/analysis/coco_POPE_random/1300.pt
559,559,coco_POPE_random,coco_POPE_random,1,0,"Yes,",yes,1.734375,0.7481915509259259,11.9375,4.801679271306309,28,1,/mnt/data/ssz/mr/results/Qwen2.5-VL/pope/memvr/analysis/coco_POPE_random/559.pt
2045,2045,coco_POPE_random,coco_POPE_random,1,0,"Yes,",yes,1.734375,0.7355324074074074,11.9375,4.830745885036258,28,1,/mnt/data/ssz/mr/results/Qwen2.5-VL/pope/memvr/analysis/coco_POPE_random/2045.pt
2799,2799,coco_POPE_random,coco_POPE_random,0,0,No!,yes,1.6796875,0.7418981481481481,11.9375,5.641924566086188,28,1,/mnt/data/ssz/mr/results/Qwen2.5-VL/pope/memvr/analysis/coco_POPE_random/2799.pt
1301,1301,coco_POPE_random,coco_POPE_random,1,0,"Yes,",yes,1.75,0.7360387731481481,11.9375,4.781231880846449,28,1,/mnt/data/ssz/mr/results/Qwen2.5-VL/pope/memvr/analysis/coco_POPE_random/1301.pt
560,560,coco_POPE_random,coco_POPE_random,1,0,No!,no,1.71875,0.7526041666666666,11.9375,5.558616320158277,28,1,/mnt/data/ssz/mr/results/Qwen2.5-VL/pope/memvr/analysis/coco_POPE_random/560.pt
2046,2046,coco_POPE_random,coco_POPE_random,1,0,No!,no,1.734375,0.7418981481481481,11.9375,5.651729065748253,28,1,/mnt/data/ssz/mr/results/Qwen2.5-VL/pope/memvr/analysis/coco_POPE_random/2046.pt
2800,2800,coco_POPE_random,coco_POPE_random,1,0,No!,no,1.6796875,0.7418981481481481,11.9375,5.612710365758207,28,1,/mnt/data/ssz/mr/results/Qwen2.5-VL/pope/memvr/analysis/coco_POPE_random/2800.pt
1302,1302,coco_POPE_random,coco_POPE_random,1,0,No!,no,1.7421875,0.7421875,11.9375,5.559406178989806,28,1,/mnt/data/ssz/mr/results/Qwen2.5-VL/pope/memvr/analysis/coco_POPE_random/1302.pt
561,561,coco_POPE_random,coco_POPE_random,0,0,No!,yes,1.71875,0.7526041666666666,11.9375,5.5831152499773955,28,1,/mnt/data/ssz/mr/results/Qwen2.5-VL/pope/memvr/analysis/coco_POPE_random/561.pt
2047,2047,coco_POPE_random,coco_POPE_random,0,0,No!,yes,1.71875,0.7459490740740741,11.9375,5.438230531594948,28,1,/mnt/data/ssz/mr/results/Qwen2.5-VL/pope/memvr/analysis/coco_POPE_random/2047.pt
2801,2801,coco_POPE_random,coco_POPE_random,1,0,"Yes,",yes,1.6953125,0.7377748842592593,11.9375,4.842176409221578,28,1,/mnt/data/ssz/mr/results/Qwen2.5-VL/pope/memvr/analysis/coco_POPE_random/2801.pt
1303,1303,coco_POPE_random,coco_POPE_random,1,0,"Yes,",yes,1.703125,0.7256221064814815,11.9375,5.096893054533539,28,1,/mnt/data/ssz/mr/results/Qwen2.5-VL/pope/memvr/analysis/coco_POPE_random/1303.pt
562,562,coco_POPE_random,coco_POPE_random,1,0,No!,no,1.71875,0.7526041666666666,11.9375,5.554609725187635,28,1,/mnt/data/ssz/mr/results/Qwen2.5-VL/pope/memvr/analysis/coco_POPE_random/562.pt
2048,2048,coco_POPE_random,coco_POPE_random,1,0,No!,no,1.71875,0.7459490740740741,11.9375,5.489731420148944,28,1,/mnt/data/ssz/mr/results/Qwen2.5-VL/pope/memvr/analysis/coco_POPE_random/2048.pt
2802,2802,coco_POPE_random,coco_POPE_random,1,0,No!,no,1.6796875,0.7418981481481481,11.9375,5.546932716644388,28,1,/mnt/data/ssz/mr/results/Qwen2.5-VL/pope/memvr/analysis/coco_POPE_random/2802.pt
1304,1304,coco_POPE_random,coco_POPE_random,1,0,No!,no,1.703125,0.7316984953703703,11.9375,5.536841825832284,28,1,/mnt/data/ssz/mr/results/Qwen2.5-VL/pope/memvr/analysis/coco_POPE_random/1304.pt
563,563,coco_POPE_random,coco_POPE_random,0,0,No!,yes,1.71875,0.7526041666666666,11.9375,5.779335313440869,28,1,/mnt/data/ssz/mr/results/Qwen2.5-VL/pope/memvr/analysis/coco_POPE_random/563.pt
2049,2049,coco_POPE_random,coco_POPE_random,1,0,"Yes,",yes,1.71875,0.7436342592592593,11.9375,4.810917256909189,28,1,/mnt/data/ssz/mr/results/Qwen2.5-VL/pope/memvr/analysis/coco_POPE_random/2049.pt
1305,1305,coco_POPE_random,coco_POPE_random,0,0,No!,yes,1.703125,0.7310474537037037,11.9375,5.5917589051980405,28,1,/mnt/data/ssz/mr/results/Qwen2.5-VL/pope/memvr/analysis/coco_POPE_random/1305.pt
2803,2803,coco_POPE_random,coco_POPE_random,0,0,No!,yes,1.703125,0.7309027777777778,11.9375,5.602025236910965,28,1,/mnt/data/ssz/mr/results/Qwen2.5-VL/pope/memvr/analysis/coco_POPE_random/2803.pt
564,564,coco_POPE_random,coco_POPE_random,1,0,No!,no,1.71875,0.7526041666666666,11.9375,5.511551641745208,28,1,/mnt/data/ssz/mr/results/Qwen2.5-VL/pope/memvr/analysis/coco_POPE_random/564.pt
2050,2050,coco_POPE_random,coco_POPE_random,1,0,No!,no,1.71875,0.7459490740740741,11.9375,5.427832504596254,28,1,/mnt/data/ssz/mr/results/Qwen2.5-VL/pope/memvr/analysis/coco_POPE_random/2050.pt
1306,1306,coco_POPE_random,coco_POPE_random,1,0,No!,no,1.703125,0.7316984953703703,11.9375,5.575781936009912,28,1,/mnt/data/ssz/mr/results/Qwen2.5-VL/pope/memvr/analysis/coco_POPE_random/1306.pt
565,565,coco_POPE_random,coco_POPE_random,1,0,"Yes,",yes,1.7421875,0.7516637731481481,11.9375,4.845959703633314,28,2,/mnt/data/ssz/mr/results/Qwen2.5-VL/pope/memvr/analysis/coco_POPE_random/565.pt
2804,2804,coco_POPE_random,coco_POPE_random,1,0,No!,no,1.703125,0.7292390046296297,11.9375,5.5312254282517985,28,1,/mnt/data/ssz/mr/results/Qwen2.5-VL/pope/memvr/analysis/coco_POPE_random/2804.pt
2051,2051,coco_POPE_random,coco_POPE_random,1,0,"Yes,",yes,1.71875,0.7436342592592593,11.9375,4.680697255600903,28,1,/mnt/data/ssz/mr/results/Qwen2.5-VL/pope/memvr/analysis/coco_POPE_random/2051.pt
566,566,coco_POPE_random,coco_POPE_random,1,0,No!,no,1.734375,0.7566550925925926,11.9375,5.468967028165738,28,1,/mnt/data/ssz/mr/results/Qwen2.5-VL/pope/memvr/analysis/coco_POPE_random/566.pt
1307,1307,coco_POPE_random,coco_POPE_random,1,0,"Yes,",yes,1.703125,0.7256221064814815,11.9375,4.809241234460369,28,1,/mnt/data/ssz/mr/results/Qwen2.5-VL/pope/memvr/analysis/coco_POPE_random/1307.pt
2805,2805,coco_POPE_random,coco_POPE_random,0,0,No!,yes,1.703125,0.7309027777777778,11.9375,5.546140834880699,28,1,/mnt/data/ssz/mr/results/Qwen2.5-VL/pope/memvr/analysis/coco_POPE_random/2805.pt
2052,2052,coco_POPE_random,coco_POPE_random,1,0,No!,no,1.71875,0.7463831018518519,11.9375,5.41401550028577,28,1,/mnt/data/ssz/mr/results/Qwen2.5-VL/pope/memvr/analysis/coco_POPE_random/2052.pt
567,567,coco_POPE_random,coco_POPE_random,1,0,"Yes,",yes,1.734375,0.7510127314814815,11.9375,4.867372313764119,28,1,/mnt/data/ssz/mr/results/Qwen2.5-VL/pope/memvr/analysis/coco_POPE_random/567.pt
1308,1308,coco_POPE_random,coco_POPE_random,1,0,No!,no,1.703125,0.7310474537037037,11.9375,5.513762776073769,28,1,/mnt/data/ssz/mr/results/Qwen2.5-VL/pope/memvr/analysis/coco_POPE_random/1308.pt
2806,2806,coco_POPE_random,coco_POPE_random,1,0,No!,no,1.703125,0.7292390046296297,11.9375,5.483786371918729,28,1,/mnt/data/ssz/mr/results/Qwen2.5-VL/pope/memvr/analysis/coco_POPE_random/2806.pt
568,568,coco_POPE_random,coco_POPE_random,1,0,No!,no,1.734375,0.7566550925925926,11.9375,5.479191109794556,28,1,/mnt/data/ssz/mr/results/Qwen2.5-VL/pope/memvr/analysis/coco_POPE_random/568.pt
2053,2053,coco_POPE_random,coco_POPE_random,0,0,No!,yes,1.703125,0.7581741898148148,11.9375,5.554445229014602,28,1,/mnt/data/ssz/mr/results/Qwen2.5-VL/pope/memvr/analysis/coco_POPE_random/2053.pt
1309,1309,coco_POPE_random,coco_POPE_random,1,0,"Yes,",yes,1.71875,0.7479745370370371,11.9375,4.870362384439509,28,1,/mnt/data/ssz/mr/results/Qwen2.5-VL/pope/memvr/analysis/coco_POPE_random/1309.pt
569,569,coco_POPE_random,coco_POPE_random,1,0,"Yes,",yes,1.7421875,0.7511574074074074,11.9375,4.8367320805742136,28,2,/mnt/data/ssz/mr/results/Qwen2.5-VL/pope/memvr/analysis/coco_POPE_random/569.pt
2807,2807,coco_POPE_random,coco_POPE_random,1,0,"Yes,",yes,1.71875,0.7244646990740741,11.9375,4.802218649866802,28,1,/mnt/data/ssz/mr/results/Qwen2.5-VL/pope/memvr/analysis/coco_POPE_random/2807.pt
2054,2054,coco_POPE_random,coco_POPE_random,1,0,No!,no,1.703125,0.7581741898148148,11.9375,5.506215156192474,28,1,/mnt/data/ssz/mr/results/Qwen2.5-VL/pope/memvr/analysis/coco_POPE_random/2054.pt
1310,1310,coco_POPE_random,coco_POPE_random,1,0,No!,no,1.71875,0.7531828703703703,11.9375,5.5214980316485365,28,1,/mnt/data/ssz/mr/results/Qwen2.5-VL/pope/memvr/analysis/coco_POPE_random/1310.pt
570,570,coco_POPE_random,coco_POPE_random,1,0,No!,no,1.7421875,0.7573061342592593,11.9375,5.5200079786617575,28,1,/mnt/data/ssz/mr/results/Qwen2.5-VL/pope/memvr/analysis/coco_POPE_random/570.pt
2808,2808,coco_POPE_random,coco_POPE_random,1,0,No!,no,1.703125,0.7292390046296297,11.9375,5.507185767302119,28,1,/mnt/data/ssz/mr/results/Qwen2.5-VL/pope/memvr/analysis/coco_POPE_random/2808.pt
2055,2055,coco_POPE_random,coco_POPE_random,0,0,No!,yes,1.703125,0.7581741898148148,11.9375,5.5435308399569765,28,1,/mnt/data/ssz/mr/results/Qwen2.5-VL/pope/memvr/analysis/coco_POPE_random/2055.pt
571,571,coco_POPE_random,coco_POPE_random,1,0,"Yes,",yes,1.71875,0.7573784722222222,11.9375,4.891330450890454,28,1,/mnt/data/ssz/mr/results/Qwen2.5-VL/pope/memvr/analysis/coco_POPE_random/571.pt
1311,1311,coco_POPE_random,coco_POPE_random,1,0,"Yes,",yes,1.71875,0.7479745370370371,11.9375,4.868511874277399,28,1,/mnt/data/ssz/mr/results/Qwen2.5-VL/pope/memvr/analysis/coco_POPE_random/1311.pt
2809,2809,coco_POPE_random,coco_POPE_random,1,0,"Yes,",yes,1.734375,0.7330005787037037,11.9375,4.690618291904233,28,1,/mnt/data/ssz/mr/results/Qwen2.5-VL/pope/memvr/analysis/coco_POPE_random/2809.pt
2056,2056,coco_POPE_random,coco_POPE_random,1,0,No!,no,1.703125,0.7581741898148148,11.9375,5.533423176214608,28,1,/mnt/data/ssz/mr/results/Qwen2.5-VL/pope/memvr/analysis/coco_POPE_random/2056.pt
572,572,coco_POPE_random,coco_POPE_random,1,0,No!,no,1.7265625,0.7637442129629629,11.9375,5.579457266343117,28,1,/mnt/data/ssz/mr/results/Qwen2.5-VL/pope/memvr/analysis/coco_POPE_random/572.pt
1312,1312,coco_POPE_random,coco_POPE_random,1,0,No!,no,1.71875,0.7531828703703703,11.9375,5.504682358295119,28,1,/mnt/data/ssz/mr/results/Qwen2.5-VL/pope/memvr/analysis/coco_POPE_random/1312.pt
573,573,coco_POPE_random,coco_POPE_random,1,0,"Yes,",yes,1.7265625,0.7573784722222222,11.9375,4.848815349380519,28,2,/mnt/data/ssz/mr/results/Qwen2.5-VL/pope/memvr/analysis/coco_POPE_random/573.pt
2057,2057,coco_POPE_random,coco_POPE_random,0,0,No!,yes,1.703125,0.7581741898148148,11.9375,5.510620630414231,28,1,/mnt/data/ssz/mr/results/Qwen2.5-VL/pope/memvr/analysis/coco_POPE_random/2057.pt
1313,1313,coco_POPE_random,coco_POPE_random,0,0,No!,yes,1.71875,0.7531828703703703,11.9375,5.596735144383274,28,1,/mnt/data/ssz/mr/results/Qwen2.5-VL/pope/memvr/analysis/coco_POPE_random/1313.pt
2810,2810,coco_POPE_random,coco_POPE_random,1,0,No!,no,1.7265625,0.7381365740740741,11.9375,5.445511544520322,28,1,/mnt/data/ssz/mr/results/Qwen2.5-VL/pope/memvr/analysis/coco_POPE_random/2810.pt
574,574,coco_POPE_random,coco_POPE_random,1,0,No!,no,1.7265625,0.7637442129629629,11.9375,5.5397554148596475,28,1,/mnt/data/ssz/mr/results/Qwen2.5-VL/pope/memvr/analysis/coco_POPE_random/574.pt
2058,2058,coco_POPE_random,coco_POPE_random,1,0,No!,no,1.703125,0.7583912037037037,11.9375,5.564895232046967,28,1,/mnt/data/ssz/mr/results/Qwen2.5-VL/pope/memvr/analysis/coco_POPE_random/2058.pt
1314,1314,coco_POPE_random,coco_POPE_random,1,0,No!,no,1.71875,0.7531828703703703,11.9375,5.534911704443026,28,1,/mnt/data/ssz/mr/results/Qwen2.5-VL/pope/memvr/analysis/coco_POPE_random/1314.pt
2811,2811,coco_POPE_random,coco_POPE_random,1,0,"Yes,",yes,1.734375,0.7330005787037037,11.9375,4.850882836644281,28,1,/mnt/data/ssz/mr/results/Qwen2.5-VL/pope/memvr/analysis/coco_POPE_random/2811.pt
575,575,coco_POPE_random,coco_POPE_random,1,0,"Yes,",yes,1.7265625,0.7573784722222222,11.9375,4.833984412123317,28,2,/mnt/data/ssz/mr/results/Qwen2.5-VL/pope/memvr/analysis/coco_POPE_random/575.pt
2059,2059,coco_POPE_random,coco_POPE_random,1,0,"Yes,",yes,1.7265625,0.7248987268518519,11.9375,4.892462001712539,28,1,/mnt/data/ssz/mr/results/Qwen2.5-VL/pope/memvr/analysis/coco_POPE_random/2059.pt
1315,1315,coco_POPE_random,coco_POPE_random,1,0,"Yes,",yes,1.6796875,0.7475405092592593,11.9375,4.6929274724653345,28,1,/mnt/data/ssz/mr/results/Qwen2.5-VL/pope/memvr/analysis/coco_POPE_random/1315.pt
576,576,coco_POPE_random,coco_POPE_random,1,0,No!,no,1.71875,0.7637442129629629,11.9375,5.516429676669668,28,1,/mnt/data/ssz/mr/results/Qwen2.5-VL/pope/memvr/analysis/coco_POPE_random/576.pt
2812,2812,coco_POPE_random,coco_POPE_random,1,0,No!,no,1.7265625,0.7381365740740741,11.9375,5.3652439086957315,28,1,/mnt/data/ssz/mr/results/Qwen2.5-VL/pope/memvr/analysis/coco_POPE_random/2812.pt
2060,2060,coco_POPE_random,coco_POPE_random,1,0,No!,no,1.7265625,0.7327112268518519,11.9375,5.4801604376379744,28,1,/mnt/data/ssz/mr/results/Qwen2.5-VL/pope/memvr/analysis/coco_POPE_random/2060.pt
1316,1316,coco_POPE_random,coco_POPE_random,1,0,No!,no,1.671875,0.7514467592592593,11.9375,5.44071216615662,28,1,/mnt/data/ssz/mr/results/Qwen2.5-VL/pope/memvr/analysis/coco_POPE_random/1316.pt
577,577,coco_POPE_random,coco_POPE_random,1,0,"Yes,",yes,1.71875,0.7567274305555556,11.9375,4.973973799144021,28,1,/mnt/data/ssz/mr/results/Qwen2.5-VL/pope/memvr/analysis/coco_POPE_random/577.pt
2813,2813,coco_POPE_random,coco_POPE_random,1,0,"Yes,",yes,1.734375,0.7330005787037037,11.9375,4.692892645772229,28,1,/mnt/data/ssz/mr/results/Qwen2.5-VL/pope/memvr/analysis/coco_POPE_random/2813.pt
2061,2061,coco_POPE_random,coco_POPE_random,0,0,No!,yes,1.7265625,0.7337962962962963,11.9375,5.540578355840086,28,1,/mnt/data/ssz/mr/results/Qwen2.5-VL/pope/memvr/analysis/coco_POPE_random/2061.pt
1317,1317,coco_POPE_random,coco_POPE_random,1,0,"Yes,",yes,1.6796875,0.7475405092592593,11.9375,4.713323562098093,28,1,/mnt/data/ssz/mr/results/Qwen2.5-VL/pope/memvr/analysis/coco_POPE_random/1317.pt
578,578,coco_POPE_random,coco_POPE_random,1,0,No!,no,1.71875,0.7609953703703703,11.9375,5.568129051512956,28,1,/mnt/data/ssz/mr/results/Qwen2.5-VL/pope/memvr/analysis/coco_POPE_random/578.pt
2062,2062,coco_POPE_random,coco_POPE_random,1,0,No!,no,1.7265625,0.7316261574074074,11.9375,5.535535209999015,28,1,/mnt/data/ssz/mr/results/Qwen2.5-VL/pope/memvr/analysis/coco_POPE_random/2062.pt
2814,2814,coco_POPE_random,coco_POPE_random,1,0,No!,no,1.7265625,0.7381365740740741,11.9375,5.517408942763966,28,1,/mnt/data/ssz/mr/results/Qwen2.5-VL/pope/memvr/analysis/coco_POPE_random/2814.pt
1318,1318,coco_POPE_random,coco_POPE_random,1,0,No!,no,1.671875,0.7514467592592593,11.9375,5.419191932659854,28,1,/mnt/data/ssz/mr/results/Qwen2.5-VL/pope/memvr/analysis/coco_POPE_random/1318.pt
579,579,coco_POPE_random,coco_POPE_random,1,0,"Yes,",yes,1.71875,0.7567274305555556,11.9375,4.923099050057532,28,1,/mnt/data/ssz/mr/results/Qwen2.5-VL/pope/memvr/analysis/coco_POPE_random/579.pt
2063,2063,coco_POPE_random,coco_POPE_random,1,0,"Yes,",yes,1.7265625,0.7248987268518519,11.9375,4.8460964050616875,28,1,/mnt/data/ssz/mr/results/Qwen2.5-VL/pope/memvr/analysis/coco_POPE_random/2063.pt
2815,2815,coco_POPE_random,coco_POPE_random,0,0,No!,yes,1.6953125,0.7492766203703703,11.9375,5.394859217955729,28,1,/mnt/data/ssz/mr/results/Qwen2.5-VL/pope/memvr/analysis/coco_POPE_random/2815.pt
580,580,coco_POPE_random,coco_POPE_random,1,0,No!,no,1.71875,0.7609953703703703,11.9375,5.63829980290785,28,1,/mnt/data/ssz/mr/results/Qwen2.5-VL/pope/memvr/analysis/coco_POPE_random/580.pt
1319,1319,coco_POPE_random,coco_POPE_random,0,0,No!,yes,1.671875,0.7514467592592593,11.9375,5.540550867166342,28,1,/mnt/data/ssz/mr/results/Qwen2.5-VL/pope/memvr/analysis/coco_POPE_random/1319.pt
2064,2064,coco_POPE_random,coco_POPE_random,1,0,No!,no,1.7265625,0.7327112268518519,11.9375,5.483323445670549,28,1,/mnt/data/ssz/mr/results/Qwen2.5-VL/pope/memvr/analysis/coco_POPE_random/2064.pt
2816,2816,coco_POPE_random,coco_POPE_random,1,0,No!,no,1.6953125,0.7492766203703703,11.9375,5.361799188099353,28,1,/mnt/data/ssz/mr/results/Qwen2.5-VL/pope/memvr/analysis/coco_POPE_random/2816.pt
581,581,coco_POPE_random,coco_POPE_random,1,0,"Yes,",yes,1.71875,0.7567274305555556,11.9375,4.81229606569055,28,1,/mnt/data/ssz/mr/results/Qwen2.5-VL/pope/memvr/analysis/coco_POPE_random/581.pt
1320,1320,coco_POPE_random,coco_POPE_random,1,0,No!,no,1.671875,0.7514467592592593,11.9375,5.405661178946565,28,1,/mnt/data/ssz/mr/results/Qwen2.5-VL/pope/memvr/analysis/coco_POPE_random/1320.pt
2065,2065,coco_POPE_random,coco_POPE_random,0,0,No!,yes,1.734375,0.7514467592592593,11.9375,5.759330302425199,28,1,/mnt/data/ssz/mr/results/Qwen2.5-VL/pope/memvr/analysis/coco_POPE_random/2065.pt
582,582,coco_POPE_random,coco_POPE_random,1,0,No!,no,1.71875,0.7609953703703703,11.9375,5.503024435543921,28,1,/mnt/data/ssz/mr/results/Qwen2.5-VL/pope/memvr/analysis/coco_POPE_random/582.pt
2817,2817,coco_POPE_random,coco_POPE_random,1,0,"Yes,",yes,1.703125,0.7468171296296297,11.9375,4.932944457088839,28,1,/mnt/data/ssz/mr/results/Qwen2.5-VL/pope/memvr/analysis/coco_POPE_random/2817.pt
1321,1321,coco_POPE_random,coco_POPE_random,1,0,"Yes,",yes,1.703125,0.7473958333333334,11.9375,4.903987326499123,28,1,/mnt/data/ssz/mr/results/Qwen2.5-VL/pope/memvr/analysis/coco_POPE_random/1321.pt
2066,2066,coco_POPE_random,coco_POPE_random,1,0,No!,no,1.734375,0.7514467592592593,11.9375,5.54382684480622,28,1,/mnt/data/ssz/mr/results/Qwen2.5-VL/pope/memvr/analysis/coco_POPE_random/2066.pt
583,583,coco_POPE_random,coco_POPE_random,1,0,"Yes,",yes,1.6875,0.7631655092592593,11.9375,4.827541953721486,28,1,/mnt/data/ssz/mr/results/Qwen2.5-VL/pope/memvr/analysis/coco_POPE_random/583.pt
2818,2818,coco_POPE_random,coco_POPE_random,1,0,No!,no,1.6953125,0.7492766203703703,11.9375,5.446486339131125,28,1,/mnt/data/ssz/mr/results/Qwen2.5-VL/pope/memvr/analysis/coco_POPE_random/2818.pt
1322,1322,coco_POPE_random,coco_POPE_random,1,0,No!,no,1.703125,0.7543402777777778,11.9375,5.547746025078345,28,1,/mnt/data/ssz/mr/results/Qwen2.5-VL/pope/memvr/analysis/coco_POPE_random/1322.pt
2067,2067,coco_POPE_random,coco_POPE_random,1,0,"Yes,",yes,1.734375,0.7450810185185185,11.9375,4.958267063716856,28,1,/mnt/data/ssz/mr/results/Qwen2.5-VL/pope/memvr/analysis/coco_POPE_random/2067.pt
584,584,coco_POPE_random,coco_POPE_random,1,0,No!,no,1.6796875,0.7675057870370371,11.9375,5.509223433222517,28,1,/mnt/data/ssz/mr/results/Qwen2.5-VL/pope/memvr/analysis/coco_POPE_random/584.pt
2819,2819,coco_POPE_random,coco_POPE_random,0,0,No!,yes,1.6953125,0.7492766203703703,11.9375,5.396204617557612,28,1,/mnt/data/ssz/mr/results/Qwen2.5-VL/pope/memvr/analysis/coco_POPE_random/2819.pt
1323,1323,coco_POPE_random,coco_POPE_random,1,0,"Yes,",yes,1.703125,0.7477575231481481,11.9375,5.054862467851103,28,1,/mnt/data/ssz/mr/results/Qwen2.5-VL/pope/memvr/analysis/coco_POPE_random/1323.pt
585,585,coco_POPE_random,coco_POPE_random,1,0,"Yes,",yes,1.6875,0.7631655092592593,11.9375,4.871316230126782,28,1,/mnt/data/ssz/mr/results/Qwen2.5-VL/pope/memvr/analysis/coco_POPE_random/585.pt
2068,2068,coco_POPE_random,coco_POPE_random,1,0,No!,no,1.734375,0.7514467592592593,11.9375,5.635718607402459,28,1,/mnt/data/ssz/mr/results/Qwen2.5-VL/pope/memvr/analysis/coco_POPE_random/2068.pt
2820,2820,coco_POPE_random,coco_POPE_random,1,0,No!,no,1.6953125,0.7492766203703703,11.9375,5.426092461547968,28,1,/mnt/data/ssz/mr/results/Qwen2.5-VL/pope/memvr/analysis/coco_POPE_random/2820.pt
1324,1324,coco_POPE_random,coco_POPE_random,1,0,No!,no,1.703125,0.7543402777777778,11.9375,5.489943080023389,28,1,/mnt/data/ssz/mr/results/Qwen2.5-VL/pope/memvr/analysis/coco_POPE_random/1324.pt
586,586,coco_POPE_random,coco_POPE_random,1,0,No!,no,1.6796875,0.7677951388888888,11.9375,5.471222679950251,28,1,/mnt/data/ssz/mr/results/Qwen2.5-VL/pope/memvr/analysis/coco_POPE_random/586.pt
2069,2069,coco_POPE_random,coco_POPE_random,0,0,No!,yes,1.734375,0.7512297453703703,11.9375,5.597758110272103,28,1,/mnt/data/ssz/mr/results/Qwen2.5-VL/pope/memvr/analysis/coco_POPE_random/2069.pt
2821,2821,coco_POPE_random,coco_POPE_random,1,0,"Yes,",yes,1.75,0.7393663194444444,11.9375,5.110866366579017,28,1,/mnt/data/ssz/mr/results/Qwen2.5-VL/pope/memvr/analysis/coco_POPE_random/2821.pt
587,587,coco_POPE_random,coco_POPE_random,1,0,"Yes,",yes,1.6875,0.7628761574074074,11.9375,4.811725290939782,28,1,/mnt/data/ssz/mr/results/Qwen2.5-VL/pope/memvr/analysis/coco_POPE_random/587.pt
1325,1325,coco_POPE_random,coco_POPE_random,1,0,"Yes,",yes,1.703125,0.7477575231481481,11.9375,4.779288019363495,28,1,/mnt/data/ssz/mr/results/Qwen2.5-VL/pope/memvr/analysis/coco_POPE_random/1325.pt
2070,2070,coco_POPE_random,coco_POPE_random,1,0,No!,no,1.734375,0.7510127314814815,11.9375,5.556358590475454,28,1,/mnt/data/ssz/mr/results/Qwen2.5-VL/pope/memvr/analysis/coco_POPE_random/2070.pt
2822,2822,coco_POPE_random,coco_POPE_random,1,0,No!,no,1.7421875,0.7465277777777778,11.9375,5.598996001450296,28,1,/mnt/data/ssz/mr/results/Qwen2.5-VL/pope/memvr/analysis/coco_POPE_random/2822.pt
588,588,coco_POPE_random,coco_POPE_random,1,0,No!,no,1.6796875,0.7675057870370371,11.9375,5.482413292324117,28,1,/mnt/data/ssz/mr/results/Qwen2.5-VL/pope/memvr/analysis/coco_POPE_random/588.pt
1326,1326,coco_POPE_random,coco_POPE_random,1,0,No!,no,1.703125,0.7543402777777778,11.9375,5.549873793990753,28,1,/mnt/data/ssz/mr/results/Qwen2.5-VL/pope/memvr/analysis/coco_POPE_random/1326.pt
2071,2071,coco_POPE_random,coco_POPE_random,0,0,No!,yes,1.703125,0.72265625,11.9375,5.527111293661713,28,1,/mnt/data/ssz/mr/results/Qwen2.5-VL/pope/memvr/analysis/coco_POPE_random/2071.pt
2823,2823,coco_POPE_random,coco_POPE_random,0,0,No!,yes,1.7421875,0.7465277777777778,11.9375,5.567984387651888,28,1,/mnt/data/ssz/mr/results/Qwen2.5-VL/pope/memvr/analysis/coco_POPE_random/2823.pt
589,589,coco_POPE_random,coco_POPE_random,1,0,"Yes,",yes,1.703125,0.7408130787037037,11.9375,4.900805050003405,28,1,/mnt/data/ssz/mr/results/Qwen2.5-VL/pope/memvr/analysis/coco_POPE_random/589.pt
1327,1327,coco_POPE_random,coco_POPE_random,0,0,No!,yes,1.671875,0.7712673611111112,11.9375,5.532711433532846,28,1,/mnt/data/ssz/mr/results/Qwen2.5-VL/pope/memvr/analysis/coco_POPE_random/1327.pt
2072,2072,coco_POPE_random,coco_POPE_random,1,0,No!,no,1.703125,0.72265625,11.9375,5.626061269629268,28,1,/mnt/data/ssz/mr/results/Qwen2.5-VL/pope/memvr/analysis/coco_POPE_random/2072.pt
2824,2824,coco_POPE_random,coco_POPE_random,1,0,No!,no,1.7421875,0.7468171296296297,11.9375,5.70281320230236,28,1,/mnt/data/ssz/mr/results/Qwen2.5-VL/pope/memvr/analysis/coco_POPE_random/2824.pt
1328,1328,coco_POPE_random,coco_POPE_random,1,0,No!,no,1.671875,0.7711226851851852,11.9375,5.558127291549838,28,1,/mnt/data/ssz/mr/results/Qwen2.5-VL/pope/memvr/analysis/coco_POPE_random/1328.pt
590,590,coco_POPE_random,coco_POPE_random,1,0,No!,no,1.703125,0.7473958333333334,11.9375,5.516451094506512,28,1,/mnt/data/ssz/mr/results/Qwen2.5-VL/pope/memvr/analysis/coco_POPE_random/590.pt
2073,2073,coco_POPE_random,coco_POPE_random,1,0,"Yes,",yes,1.703125,0.7214265046296297,11.9375,4.934848840212034,28,1,/mnt/data/ssz/mr/results/Qwen2.5-VL/pope/memvr/analysis/coco_POPE_random/2073.pt
1329,1329,coco_POPE_random,coco_POPE_random,1,0,"Yes,",yes,1.6796875,0.7644675925925926,11.9375,4.879577957441331,28,1,/mnt/data/ssz/mr/results/Qwen2.5-VL/pope/memvr/analysis/coco_POPE_random/1329.pt
2825,2825,coco_POPE_random,coco_POPE_random,1,0,"Yes,",yes,1.75,0.7393663194444444,11.9375,4.803726889742017,28,1,/mnt/data/ssz/mr/results/Qwen2.5-VL/pope/memvr/analysis/coco_POPE_random/2825.pt
591,591,coco_POPE_random,coco_POPE_random,1,0,"Yes,",yes,1.703125,0.7408130787037037,11.9375,4.828720976285789,28,1,/mnt/data/ssz/mr/results/Qwen2.5-VL/pope/memvr/analysis/coco_POPE_random/591.pt
2074,2074,coco_POPE_random,coco_POPE_random,1,0,No!,no,1.703125,0.72265625,11.9375,5.580749552423005,28,1,/mnt/data/ssz/mr/results/Qwen2.5-VL/pope/memvr/analysis/coco_POPE_random/2074.pt
1330,1330,coco_POPE_random,coco_POPE_random,1,0,No!,no,1.671875,0.7709780092592593,11.9375,5.528304637752971,28,1,/mnt/data/ssz/mr/results/Qwen2.5-VL/pope/memvr/analysis/coco_POPE_random/1330.pt
2826,2826,coco_POPE_random,coco_POPE_random,1,0,No!,no,1.7421875,0.7468171296296297,11.9375,5.5349317906864535,28,1,/mnt/data/ssz/mr/results/Qwen2.5-VL/pope/memvr/analysis/coco_POPE_random/2826.pt
592,592,coco_POPE_random,coco_POPE_random,1,0,No!,no,1.703125,0.7473958333333334,11.9375,5.420901205104107,28,1,/mnt/data/ssz/mr/results/Qwen2.5-VL/pope/memvr/analysis/coco_POPE_random/592.pt
2075,2075,coco_POPE_random,coco_POPE_random,1,0,"Yes,",yes,1.703125,0.7214265046296297,11.9375,4.829893056457822,28,1,/mnt/data/ssz/mr/results/Qwen2.5-VL/pope/memvr/analysis/coco_POPE_random/2075.pt
1331,1331,coco_POPE_random,coco_POPE_random,0,0,No!,yes,1.671875,0.7711226851851852,11.9375,5.576180161554758,28,1,/mnt/data/ssz/mr/results/Qwen2.5-VL/pope/memvr/analysis/coco_POPE_random/1331.pt
2827,2827,coco_POPE_random,coco_POPE_random,1,0,"Yes,",yes,1.734375,0.7340856481481481,11.9375,4.7402700777972315,28,1,/mnt/data/ssz/mr/results/Qwen2.5-VL/pope/memvr/analysis/coco_POPE_random/2827.pt
593,593,coco_POPE_random,coco_POPE_random,1,0,"Yes,",yes,1.703125,0.7408130787037037,11.9375,4.830485627474716,28,1,/mnt/data/ssz/mr/results/Qwen2.5-VL/pope/memvr/analysis/coco_POPE_random/593.pt
1332,1332,coco_POPE_random,coco_POPE_random,1,0,No!,no,1.671875,0.7711226851851852,11.9375,5.551746292878165,28,1,/mnt/data/ssz/mr/results/Qwen2.5-VL/pope/memvr/analysis/coco_POPE_random/1332.pt
2076,2076,coco_POPE_random,coco_POPE_random,1,0,No!,no,1.703125,0.72265625,11.9375,5.469932023940632,28,1,/mnt/data/ssz/mr/results/Qwen2.5-VL/pope/memvr/analysis/coco_POPE_random/2076.pt
2828,2828,coco_POPE_random,coco_POPE_random,1,0,No!,no,1.734375,0.7369791666666666,11.9375,5.502713916655319,28,1,/mnt/data/ssz/mr/results/Qwen2.5-VL/pope/memvr/analysis/coco_POPE_random/2828.pt
594,594,coco_POPE_random,coco_POPE_random,1,0,No!,no,1.703125,0.7473958333333334,11.9375,5.508602968521151,28,1,/mnt/data/ssz/mr/results/Qwen2.5-VL/pope/memvr/analysis/coco_POPE_random/594.pt
2077,2077,coco_POPE_random,coco_POPE_random,1,0,"Yes,",yes,1.7265625,0.73046875,11.9375,4.836973975121572,28,1,/mnt/data/ssz/mr/results/Qwen2.5-VL/pope/memvr/analysis/coco_POPE_random/2077.pt
1333,1333,coco_POPE_random,coco_POPE_random,1,0,"Yes,",yes,1.71875,0.7466001157407407,11.9375,4.894308441761402,28,1,/mnt/data/ssz/mr/results/Qwen2.5-VL/pope/memvr/analysis/coco_POPE_random/1333.pt
2829,2829,coco_POPE_random,coco_POPE_random,1,0,"Yes,",yes,1.734375,0.7340856481481481,11.9375,4.840725999253326,28,1,/mnt/data/ssz/mr/results/Qwen2.5-VL/pope/memvr/analysis/coco_POPE_random/2829.pt
595,595,coco_POPE_random,coco_POPE_random,1,0,"Yes,",yes,1.734375,0.7686631944444444,11.9375,4.814809027577876,28,2,/mnt/data/ssz/mr/results/Qwen2.5-VL/pope/memvr/analysis/coco_POPE_random/595.pt
2078,2078,coco_POPE_random,coco_POPE_random,1,0,No!,no,1.71875,0.7374131944444444,11.9375,5.6448324007782,28,1,/mnt/data/ssz/mr/results/Qwen2.5-VL/pope/memvr/analysis/coco_POPE_random/2078.pt
1334,1334,coco_POPE_random,coco_POPE_random,1,0,No!,no,1.7109375,0.7515914351851852,11.9375,5.50331056778158,28,1,/mnt/data/ssz/mr/results/Qwen2.5-VL/pope/memvr/analysis/coco_POPE_random/1334.pt
2830,2830,coco_POPE_random,coco_POPE_random,1,0,No!,no,1.734375,0.7369791666666666,11.9375,5.532078324827598,28,1,/mnt/data/ssz/mr/results/Qwen2.5-VL/pope/memvr/analysis/coco_POPE_random/2830.pt
596,596,coco_POPE_random,coco_POPE_random,1,0,No!,no,1.734375,0.7724971064814815,11.9375,5.585990892571411,28,2,/mnt/data/ssz/mr/results/Qwen2.5-VL/pope/memvr/analysis/coco_POPE_random/596.pt
2079,2079,coco_POPE_random,coco_POPE_random,0,0,No!,yes,1.71875,0.7373408564814815,11.9375,5.5889083776675195,28,1,/mnt/data/ssz/mr/results/Qwen2.5-VL/pope/memvr/analysis/coco_POPE_random/2079.pt
2831,2831,coco_POPE_random,coco_POPE_random,1,0,"Yes,",yes,1.734375,0.7340856481481481,11.9375,4.831020118473027,28,1,/mnt/data/ssz/mr/results/Qwen2.5-VL/pope/memvr/analysis/coco_POPE_random/2831.pt
1335,1335,coco_POPE_random,coco_POPE_random,0,0,No!,yes,1.7109375,0.7515914351851852,11.9375,5.509170167839956,28,1,/mnt/data/ssz/mr/results/Qwen2.5-VL/pope/memvr/analysis/coco_POPE_random/1335.pt
2080,2080,coco_POPE_random,coco_POPE_random,1,0,No!,no,1.71875,0.7373408564814815,11.9375,5.472997913186003,28,1,/mnt/data/ssz/mr/results/Qwen2.5-VL/pope/memvr/analysis/coco_POPE_random/2080.pt
597,597,coco_POPE_random,coco_POPE_random,1,0,"Yes,",yes,1.7265625,0.7681568287037037,11.9375,5.038962669630495,28,2,/mnt/data/ssz/mr/results/Qwen2.5-VL/pope/memvr/analysis/coco_POPE_random/597.pt
2832,2832,coco_POPE_random,coco_POPE_random,1,0,No!,no,1.734375,0.7369791666666666,11.9375,5.502623996953593,28,1,/mnt/data/ssz/mr/results/Qwen2.5-VL/pope/memvr/analysis/coco_POPE_random/2832.pt
1336,1336,coco_POPE_random,coco_POPE_random,1,0,No!,no,1.7109375,0.7515914351851852,11.9375,5.537746857169293,28,1,/mnt/data/ssz/mr/results/Qwen2.5-VL/pope/memvr/analysis/coco_POPE_random/1336.pt
2081,2081,coco_POPE_random,coco_POPE_random,1,0,"Yes,",yes,1.7265625,0.73046875,11.9375,4.872165397023606,28,1,/mnt/data/ssz/mr/results/Qwen2.5-VL/pope/memvr/analysis/coco_POPE_random/2081.pt
598,598,coco_POPE_random,coco_POPE_random,1,0,No!,no,1.734375,0.7724971064814815,11.9375,5.52716175693422,28,2,/mnt/data/ssz/mr/results/Qwen2.5-VL/pope/memvr/analysis/coco_POPE_random/598.pt
2833,2833,coco_POPE_random,coco_POPE_random,0,0,No!,yes,1.71875,0.7387152777777778,11.9375,5.545636013937399,28,1,/mnt/data/ssz/mr/results/Qwen2.5-VL/pope/memvr/analysis/coco_POPE_random/2833.pt
1337,1337,coco_POPE_random,coco_POPE_random,1,0,"Yes,",yes,1.71875,0.7466001157407407,11.9375,4.826479685782848,28,1,/mnt/data/ssz/mr/results/Qwen2.5-VL/pope/memvr/analysis/coco_POPE_random/1337.pt
2082,2082,coco_POPE_random,coco_POPE_random,1,0,No!,no,1.71875,0.7374131944444444,11.9375,5.6491193779601385,28,1,/mnt/data/ssz/mr/results/Qwen2.5-VL/pope/memvr/analysis/coco_POPE_random/2082.pt
599,599,coco_POPE_random,coco_POPE_random,1,0,"Yes,",yes,1.7265625,0.7681568287037037,11.9375,4.949909038744941,28,2,/mnt/data/ssz/mr/results/Qwen2.5-VL/pope/memvr/analysis/coco_POPE_random/599.pt
2834,2834,coco_POPE_random,coco_POPE_random,1,0,No!,no,1.71875,0.7388599537037037,11.9375,5.653149891820374,28,1,/mnt/data/ssz/mr/results/Qwen2.5-VL/pope/memvr/analysis/coco_POPE_random/2834.pt
1338,1338,coco_POPE_random,coco_POPE_random,1,0,No!,no,1.7109375,0.7515914351851852,11.9375,5.580009872189682,28,1,/mnt/data/ssz/mr/results/Qwen2.5-VL/pope/memvr/analysis/coco_POPE_random/1338.pt
2083,2083,coco_POPE_random,coco_POPE_random,1,0,"Yes,",yes,1.734375,0.7375578703703703,11.9375,5.0325886657764825,28,1,/mnt/data/ssz/mr/results/Qwen2.5-VL/pope/memvr/analysis/coco_POPE_random/2083.pt
600,600,coco_POPE_random,coco_POPE_random,1,0,No!,no,1.734375,0.7724971064814815,11.9375,5.55697136355431,28,2,/mnt/data/ssz/mr/results/Qwen2.5-VL/pope/memvr/analysis/coco_POPE_random/600.pt
2835,2835,coco_POPE_random,coco_POPE_random,0,0,No!,yes,1.71875,0.7385706018518519,11.9375,5.616475744617548,28,1,/mnt/data/ssz/mr/results/Qwen2.5-VL/pope/memvr/analysis/coco_POPE_random/2835.pt
1339,1339,coco_POPE_random,coco_POPE_random,0,0,No!,yes,1.75,0.7523871527777778,11.9375,5.648257995465899,28,2,/mnt/data/ssz/mr/results/Qwen2.5-VL/pope/memvr/analysis/coco_POPE_random/1339.pt
2084,2084,coco_POPE_random,coco_POPE_random,1,0,No!,no,1.734375,0.744140625,11.9375,5.660841493219025,28,1,/mnt/data/ssz/mr/results/Qwen2.5-VL/pope/memvr/analysis/coco_POPE_random/2084.pt
601,601,coco_POPE_random,coco_POPE_random,1,0,"Yes,",yes,1.7109375,0.7410300925925926,11.9375,4.74018251115471,28,1,/mnt/data/ssz/mr/results/Qwen2.5-VL/pope/memvr/analysis/coco_POPE_random/601.pt
2836,2836,coco_POPE_random,coco_POPE_random,1,0,No!,no,1.71875,0.7388599537037037,11.9375,5.601676945330106,28,1,/mnt/data/ssz/mr/results/Qwen2.5-VL/pope/memvr/analysis/coco_POPE_random/2836.pt
1340,1340,coco_POPE_random,coco_POPE_random,1,0,No!,no,1.7421875,0.7515914351851852,11.9375,5.552178920691286,28,1,/mnt/data/ssz/mr/results/Qwen2.5-VL/pope/memvr/analysis/coco_POPE_random/1340.pt
2085,2085,coco_POPE_random,coco_POPE_random,1,0,"Yes,",yes,1.734375,0.7370515046296297,11.9375,4.947860171825736,28,1,/mnt/data/ssz/mr/results/Qwen2.5-VL/pope/memvr/analysis/coco_POPE_random/2085.pt
602,602,coco_POPE_random,coco_POPE_random,1,0,No!,no,1.703125,0.7488425925925926,11.9375,5.449081784422341,28,1,/mnt/data/ssz/mr/results/Qwen2.5-VL/pope/memvr/analysis/coco_POPE_random/602.pt
2837,2837,coco_POPE_random,coco_POPE_random,1,0,"Yes,",yes,1.71875,0.7303964120370371,11.9375,4.894630215082582,28,1,/mnt/data/ssz/mr/results/Qwen2.5-VL/pope/memvr/analysis/coco_POPE_random/2837.pt
1341,1341,coco_POPE_random,coco_POPE_random,0,0,No!,yes,1.75,0.7523871527777778,11.9375,5.674315271822832,28,2,/mnt/data/ssz/mr/results/Qwen2.5-VL/pope/memvr/analysis/coco_POPE_random/1341.pt
2086,2086,coco_POPE_random,coco_POPE_random,1,0,No!,no,1.734375,0.7446469907407407,11.9375,5.666490639472613,28,1,/mnt/data/ssz/mr/results/Qwen2.5-VL/pope/memvr/analysis/coco_POPE_random/2086.pt
603,603,coco_POPE_random,coco_POPE_random,1,0,"Yes,",yes,1.7109375,0.7410300925925926,11.9375,4.8731227147910925,28,1,/mnt/data/ssz/mr/results/Qwen2.5-VL/pope/memvr/analysis/coco_POPE_random/603.pt
2838,2838,coco_POPE_random,coco_POPE_random,1,0,No!,no,1.71875,0.7387152777777778,11.9375,5.663674722184039,28,1,/mnt/data/ssz/mr/results/Qwen2.5-VL/pope/memvr/analysis/coco_POPE_random/2838.pt
1342,1342,coco_POPE_random,coco_POPE_random,1,0,No!,no,1.7421875,0.7515914351851852,11.9375,5.628064563348838,28,1,/mnt/data/ssz/mr/results/Qwen2.5-VL/pope/memvr/analysis/coco_POPE_random/1342.pt
2087,2087,coco_POPE_random,coco_POPE_random,0,0,No!,yes,1.734375,0.744140625,11.9375,5.725955713421893,28,1,/mnt/data/ssz/mr/results/Qwen2.5-VL/pope/memvr/analysis/coco_POPE_random/2087.pt
2839,2839,coco_POPE_random,coco_POPE_random,1,0,"Yes,",yes,1.71875,0.7729311342592593,11.9375,4.77932296335148,28,1,/mnt/data/ssz/mr/results/Qwen2.5-VL/pope/memvr/analysis/coco_POPE_random/2839.pt
604,604,coco_POPE_random,coco_POPE_random,1,0,No!,no,1.703125,0.7488425925925926,11.9375,5.55172573567544,28,1,/mnt/data/ssz/mr/results/Qwen2.5-VL/pope/memvr/analysis/coco_POPE_random/604.pt
1343,1343,coco_POPE_random,coco_POPE_random,1,0,"Yes,",yes,1.75,0.7455150462962963,11.9375,4.929425641232041,28,1,/mnt/data/ssz/mr/results/Qwen2.5-VL/pope/memvr/analysis/coco_POPE_random/1343.pt
2088,2088,coco_POPE_random,coco_POPE_random,1,0,No!,no,1.734375,0.744140625,11.9375,5.543768814280564,28,1,/mnt/data/ssz/mr/results/Qwen2.5-VL/pope/memvr/analysis/coco_POPE_random/2088.pt
2840,2840,coco_POPE_random,coco_POPE_random,1,0,No!,no,1.71875,0.7805266203703703,11.9375,5.530520255495999,28,1,/mnt/data/ssz/mr/results/Qwen2.5-VL/pope/memvr/analysis/coco_POPE_random/2840.pt
605,605,coco_POPE_random,coco_POPE_random,1,0,"Yes,",yes,1.7109375,0.7410300925925926,11.9375,4.760962671732757,28,1,/mnt/data/ssz/mr/results/Qwen2.5-VL/pope/memvr/analysis/coco_POPE_random/605.pt
1344,1344,coco_POPE_random,coco_POPE_random,1,0,No!,no,1.75,0.7531828703703703,11.9375,5.707788858876977,28,1,/mnt/data/ssz/mr/results/Qwen2.5-VL/pope/memvr/analysis/coco_POPE_random/1344.pt
2089,2089,coco_POPE_random,coco_POPE_random,0,0,No!,yes,1.7109375,0.7514467592592593,11.9375,5.548510326428845,28,1,/mnt/data/ssz/mr/results/Qwen2.5-VL/pope/memvr/analysis/coco_POPE_random/2089.pt
2841,2841,coco_POPE_random,coco_POPE_random,1,0,"Yes,",yes,1.71875,0.7735821759259259,11.9375,4.95027857070493,28,1,/mnt/data/ssz/mr/results/Qwen2.5-VL/pope/memvr/analysis/coco_POPE_random/2841.pt
606,606,coco_POPE_random,coco_POPE_random,1,0,No!,no,1.703125,0.7488425925925926,11.9375,5.48124225014806,28,1,/mnt/data/ssz/mr/results/Qwen2.5-VL/pope/memvr/analysis/coco_POPE_random/606.pt
1345,1345,coco_POPE_random,coco_POPE_random,0,0,No!,yes,1.7109375,0.7495659722222222,11.9375,5.555183560643666,28,1,/mnt/data/ssz/mr/results/Qwen2.5-VL/pope/memvr/analysis/coco_POPE_random/1345.pt
2090,2090,coco_POPE_random,coco_POPE_random,1,0,No!,no,1.7109375,0.7514467592592593,11.9375,5.602851906263015,28,1,/mnt/data/ssz/mr/results/Qwen2.5-VL/pope/memvr/analysis/coco_POPE_random/2090.pt
2842,2842,coco_POPE_random,coco_POPE_random,1,0,No!,no,1.71875,0.7805266203703703,11.9375,5.474613881840547,28,1,/mnt/data/ssz/mr/results/Qwen2.5-VL/pope/memvr/analysis/coco_POPE_random/2842.pt
607,607,coco_POPE_random,coco_POPE_random,1,0,"Yes,",yes,1.71875,0.7487702546296297,11.9375,4.798624653486359,28,1,/mnt/data/ssz/mr/results/Qwen2.5-VL/pope/memvr/analysis/coco_POPE_random/607.pt
2091,2091,coco_POPE_random,coco_POPE_random,1,0,"Yes,",yes,1.71875,0.7467447916666666,11.9375,4.983244529333175,28,1,/mnt/data/ssz/mr/results/Qwen2.5-VL/pope/memvr/analysis/coco_POPE_random/2091.pt
1346,1346,coco_POPE_random,coco_POPE_random,1,0,No!,no,1.7109375,0.7495659722222222,11.9375,5.572848886753929,28,1,/mnt/data/ssz/mr/results/Qwen2.5-VL/pope/memvr/analysis/coco_POPE_random/1346.pt
2843,2843,coco_POPE_random,coco_POPE_random,0,0,No!,yes,1.71875,0.7805266203703703,11.9375,5.475143302278161,28,1,/mnt/data/ssz/mr/results/Qwen2.5-VL/pope/memvr/analysis/coco_POPE_random/2843.pt
608,608,coco_POPE_random,coco_POPE_random,1,0,No!,no,1.71875,0.7533275462962963,11.9375,5.513145802441308,28,1,/mnt/data/ssz/mr/results/Qwen2.5-VL/pope/memvr/analysis/coco_POPE_random/608.pt
2092,2092,coco_POPE_random,coco_POPE_random,1,0,No!,no,1.7109375,0.7514467592592593,11.9375,5.549798552223145,28,1,/mnt/data/ssz/mr/results/Qwen2.5-VL/pope/memvr/analysis/coco_POPE_random/2092.pt
2844,2844,coco_POPE_random,coco_POPE_random,1,0,No!,no,1.71875,0.7798755787037037,11.9375,5.616541062535017,28,1,/mnt/data/ssz/mr/results/Qwen2.5-VL/pope/memvr/analysis/coco_POPE_random/2844.pt
1347,1347,coco_POPE_random,coco_POPE_random,1,0,"Yes,",yes,1.71875,0.7431278935185185,11.9375,4.884390478635255,28,1,/mnt/data/ssz/mr/results/Qwen2.5-VL/pope/memvr/analysis/coco_POPE_random/1347.pt
609,609,coco_POPE_random,coco_POPE_random,1,0,"Yes,",yes,1.71875,0.7489149305555556,11.9375,4.812549391128541,28,1,/mnt/data/ssz/mr/results/Qwen2.5-VL/pope/memvr/analysis/coco_POPE_random/609.pt
2093,2093,coco_POPE_random,coco_POPE_random,1,0,"Yes,",yes,1.71875,0.7467447916666666,11.9375,4.814668622308468,28,1,/mnt/data/ssz/mr/results/Qwen2.5-VL/pope/memvr/analysis/coco_POPE_random/2093.pt
2845,2845,coco_POPE_random,coco_POPE_random,1,0,"Yes,",yes,1.734375,0.7552806712962963,11.9375,4.962339382620687,28,2,/mnt/data/ssz/mr/results/Qwen2.5-VL/pope/memvr/analysis/coco_POPE_random/2845.pt
1348,1348,coco_POPE_random,coco_POPE_random,1,0,No!,no,1.7109375,0.7495659722222222,11.9375,5.499448162875367,28,1,/mnt/data/ssz/mr/results/Qwen2.5-VL/pope/memvr/analysis/coco_POPE_random/1348.pt
610,610,coco_POPE_random,coco_POPE_random,1,0,No!,no,1.71875,0.7531828703703703,11.9375,5.55062471550088,28,1,/mnt/data/ssz/mr/results/Qwen2.5-VL/pope/memvr/analysis/coco_POPE_random/610.pt
2094,2094,coco_POPE_random,coco_POPE_random,1,0,No!,no,1.7109375,0.7514467592592593,11.9375,5.4933751484028175,28,1,/mnt/data/ssz/mr/results/Qwen2.5-VL/pope/memvr/analysis/coco_POPE_random/2094.pt
2846,2846,coco_POPE_random,coco_POPE_random,1,0,No!,no,1.734375,0.7621527777777778,11.9375,5.617513239668181,28,1,/mnt/data/ssz/mr/results/Qwen2.5-VL/pope/memvr/analysis/coco_POPE_random/2846.pt
1349,1349,coco_POPE_random,coco_POPE_random,1,0,"Yes,",yes,1.71875,0.7431278935185185,11.9375,4.97859633290084,28,1,/mnt/data/ssz/mr/results/Qwen2.5-VL/pope/memvr/analysis/coco_POPE_random/1349.pt
611,611,coco_POPE_random,coco_POPE_random,0,0,No!,yes,1.71875,0.7531828703703703,11.9375,5.543252303848115,28,1,/mnt/data/ssz/mr/results/Qwen2.5-VL/pope/memvr/analysis/coco_POPE_random/611.pt
2095,2095,coco_POPE_random,coco_POPE_random,0,0,No!,yes,1.6875,0.7455150462962963,11.9375,5.709157506589063,28,1,/mnt/data/ssz/mr/results/Qwen2.5-VL/pope/memvr/analysis/coco_POPE_random/2095.pt
2847,2847,coco_POPE_random,coco_POPE_random,1,0,"Yes,",yes,1.734375,0.7552806712962963,11.9375,4.747302332489577,28,2,/mnt/data/ssz/mr/results/Qwen2.5-VL/pope/memvr/analysis/coco_POPE_random/2847.pt
1350,1350,coco_POPE_random,coco_POPE_random,1,0,No!,no,1.7109375,0.7495659722222222,11.9375,5.536949158439178,28,1,/mnt/data/ssz/mr/results/Qwen2.5-VL/pope/memvr/analysis/coco_POPE_random/1350.pt
2096,2096,coco_POPE_random,coco_POPE_random,1,0,No!,no,1.6875,0.7455150462962963,11.9375,5.513941289575902,28,1,/mnt/data/ssz/mr/results/Qwen2.5-VL/pope/memvr/analysis/coco_POPE_random/2096.pt
612,612,coco_POPE_random,coco_POPE_random,1,0,No!,no,1.71875,0.7531828703703703,11.9375,5.592400031233018,28,1,/mnt/data/ssz/mr/results/Qwen2.5-VL/pope/memvr/analysis/coco_POPE_random/612.pt
2848,2848,coco_POPE_random,coco_POPE_random,1,0,No!,no,1.734375,0.7621527777777778,11.9375,5.48355328536825,28,1,/mnt/data/ssz/mr/results/Qwen2.5-VL/pope/memvr/analysis/coco_POPE_random/2848.pt
1351,1351,coco_POPE_random,coco_POPE_random,0,0,No!,yes,1.703125,0.7508680555555556,11.9375,5.462010792047232,28,1,/mnt/data/ssz/mr/results/Qwen2.5-VL/pope/memvr/analysis/coco_POPE_random/1351.pt
2097,2097,coco_POPE_random,coco_POPE_random,1,0,"Yes,",yes,1.6875,0.7408130787037037,11.9375,4.90219633871036,28,1,/mnt/data/ssz/mr/results/Qwen2.5-VL/pope/memvr/analysis/coco_POPE_random/2097.pt
613,613,coco_POPE_random,coco_POPE_random,1,0,"Yes,",yes,1.7265625,0.7387152777777778,11.9375,4.947052621721216,28,1,/mnt/data/ssz/mr/results/Qwen2.5-VL/pope/memvr/analysis/coco_POPE_random/613.pt
2849,2849,coco_POPE_random,coco_POPE_random,1,0,"Yes,",yes,1.734375,0.7556423611111112,11.9375,4.8219476540288015,28,2,/mnt/data/ssz/mr/results/Qwen2.5-VL/pope/memvr/analysis/coco_POPE_random/2849.pt
1352,1352,coco_POPE_random,coco_POPE_random,1,0,No!,no,1.703125,0.7508680555555556,11.9375,5.515733863489129,28,1,/mnt/data/ssz/mr/results/Qwen2.5-VL/pope/memvr/analysis/coco_POPE_random/1352.pt
2098,2098,coco_POPE_random,coco_POPE_random,1,0,No!,no,1.6875,0.7455150462962963,11.9375,5.511489606125377,28,1,/mnt/data/ssz/mr/results/Qwen2.5-VL/pope/memvr/analysis/coco_POPE_random/2098.pt
2850,2850,coco_POPE_random,coco_POPE_random,1,0,No!,no,1.734375,0.7617910879629629,11.9375,5.628800227685133,28,1,/mnt/data/ssz/mr/results/Qwen2.5-VL/pope/memvr/analysis/coco_POPE_random/2850.pt
614,614,coco_POPE_random,coco_POPE_random,1,0,No!,no,1.7265625,0.7453703703703703,11.9375,5.54085215525541,28,1,/mnt/data/ssz/mr/results/Qwen2.5-VL/pope/memvr/analysis/coco_POPE_random/614.pt
1353,1353,coco_POPE_random,coco_POPE_random,1,0,"Yes,",yes,1.703125,0.7460214120370371,11.9375,4.778364692931567,28,1,/mnt/data/ssz/mr/results/Qwen2.5-VL/pope/memvr/analysis/coco_POPE_random/1353.pt
2099,2099,coco_POPE_random,coco_POPE_random,0,0,No!,yes,1.6875,0.7456597222222222,11.9375,5.574523804619871,28,1,/mnt/data/ssz/mr/results/Qwen2.5-VL/pope/memvr/analysis/coco_POPE_random/2099.pt
2851,2851,coco_POPE_random,coco_POPE_random,0,0,No!,yes,1.734375,0.7552083333333334,11.9375,5.532886071202891,28,1,/mnt/data/ssz/mr/results/Qwen2.5-VL/pope/memvr/analysis/coco_POPE_random/2851.pt
615,615,coco_POPE_random,coco_POPE_random,1,0,"Yes,",yes,1.734375,0.7388599537037037,11.9375,4.845895554547215,28,2,/mnt/data/ssz/mr/results/Qwen2.5-VL/pope/memvr/analysis/coco_POPE_random/615.pt
2100,2100,coco_POPE_random,coco_POPE_random,1,0,No!,no,1.6875,0.7456597222222222,11.9375,5.541756195198159,28,1,/mnt/data/ssz/mr/results/Qwen2.5-VL/pope/memvr/analysis/coco_POPE_random/2100.pt
1354,1354,coco_POPE_random,coco_POPE_random,1,0,No!,no,1.703125,0.7508680555555556,11.9375,5.518616714315676,28,1,/mnt/data/ssz/mr/results/Qwen2.5-VL/pope/memvr/analysis/coco_POPE_random/1354.pt
2852,2852,coco_POPE_random,coco_POPE_random,1,0,No!,no,1.734375,0.7549913194444444,11.9375,5.553136908795539,28,1,/mnt/data/ssz/mr/results/Qwen2.5-VL/pope/memvr/analysis/coco_POPE_random/2852.pt
616,616,coco_POPE_random,coco_POPE_random,1,0,No!,no,1.7265625,0.7454427083333334,11.9375,5.665979460381079,28,1,/mnt/data/ssz/mr/results/Qwen2.5-VL/pope/memvr/analysis/coco_POPE_random/616.pt
2101,2101,coco_POPE_random,coco_POPE_random,0,0,No!,yes,1.703125,0.7672164351851852,11.9375,5.580381638768876,28,1,/mnt/data/ssz/mr/results/Qwen2.5-VL/pope/memvr/analysis/coco_POPE_random/2101.pt
1355,1355,coco_POPE_random,coco_POPE_random,1,0,"Yes,",yes,1.703125,0.7460214120370371,11.9375,4.806978086238502,28,1,/mnt/data/ssz/mr/results/Qwen2.5-VL/pope/memvr/analysis/coco_POPE_random/1355.pt
2853,2853,coco_POPE_random,coco_POPE_random,1,0,"Yes,",yes,1.734375,0.7518084490740741,11.9375,4.764561202731854,28,1,/mnt/data/ssz/mr/results/Qwen2.5-VL/pope/memvr/analysis/coco_POPE_random/2853.pt
617,617,coco_POPE_random,coco_POPE_random,0,0,No!,yes,1.734375,0.7455150462962963,11.9375,5.569290470760624,28,2,/mnt/data/ssz/mr/results/Qwen2.5-VL/pope/memvr/analysis/coco_POPE_random/617.pt
2854,2854,coco_POPE_random,coco_POPE_random,1,0,No!,no,1.734375,0.7547743055555556,11.9375,5.500504734231244,28,1,/mnt/data/ssz/mr/results/Qwen2.5-VL/pope/memvr/analysis/coco_POPE_random/2854.pt
2102,2102,coco_POPE_random,coco_POPE_random,1,0,No!,no,1.703125,0.7672164351851852,11.9375,5.563103082174918,28,1,/mnt/data/ssz/mr/results/Qwen2.5-VL/pope/memvr/analysis/coco_POPE_random/2102.pt
1356,1356,coco_POPE_random,coco_POPE_random,1,0,No!,no,1.703125,0.7508680555555556,11.9375,5.538211293871059,28,1,/mnt/data/ssz/mr/results/Qwen2.5-VL/pope/memvr/analysis/coco_POPE_random/1356.pt
618,618,coco_POPE_random,coco_POPE_random,1,0,No!,no,1.734375,0.7455150462962963,11.9375,5.679513412630576,28,1,/mnt/data/ssz/mr/results/Qwen2.5-VL/pope/memvr/analysis/coco_POPE_random/618.pt
2855,2855,coco_POPE_random,coco_POPE_random,1,0,"Yes,",yes,1.734375,0.7515914351851852,11.9375,5.010173452006476,28,1,/mnt/data/ssz/mr/results/Qwen2.5-VL/pope/memvr/analysis/coco_POPE_random/2855.pt
2103,2103,coco_POPE_random,coco_POPE_random,1,0,"Yes,",yes,1.703125,0.7622974537037037,11.9375,4.83855101619294,28,2,/mnt/data/ssz/mr/results/Qwen2.5-VL/pope/memvr/analysis/coco_POPE_random/2103.pt
1357,1357,coco_POPE_random,coco_POPE_random,0,0,No!,yes,1.703125,0.7569444444444444,11.9375,5.75429411618047,28,1,/mnt/data/ssz/mr/results/Qwen2.5-VL/pope/memvr/analysis/coco_POPE_random/1357.pt
619,619,coco_POPE_random,coco_POPE_random,0,0,No!,yes,1.671875,0.7445023148148148,11.9375,5.624589490596573,28,1,/mnt/data/ssz/mr/results/Qwen2.5-VL/pope/memvr/analysis/coco_POPE_random/619.pt
2856,2856,coco_POPE_random,coco_POPE_random,1,0,No!,no,1.734375,0.7549913194444444,11.9375,5.54344917736313,28,1,/mnt/data/ssz/mr/results/Qwen2.5-VL/pope/memvr/analysis/coco_POPE_random/2856.pt
2104,2104,coco_POPE_random,coco_POPE_random,1,0,No!,no,1.703125,0.7672164351851852,11.9375,5.556621736554572,28,1,/mnt/data/ssz/mr/results/Qwen2.5-VL/pope/memvr/analysis/coco_POPE_random/2104.pt
1358,1358,coco_POPE_random,coco_POPE_random,1,0,No!,no,1.703125,0.7569444444444444,11.9375,5.648095953710159,28,1,/mnt/data/ssz/mr/results/Qwen2.5-VL/pope/memvr/analysis/coco_POPE_random/1358.pt
620,620,coco_POPE_random,coco_POPE_random,1,0,No!,no,1.671875,0.7445023148148148,11.9375,5.442977709805438,28,1,/mnt/data/ssz/mr/results/Qwen2.5-VL/pope/memvr/analysis/coco_POPE_random/620.pt
2857,2857,coco_POPE_random,coco_POPE_random,1,0,"Yes,",yes,1.75,0.7621527777777778,11.9375,5.089212343512229,28,1,/mnt/data/ssz/mr/results/Qwen2.5-VL/pope/memvr/analysis/coco_POPE_random/2857.pt
2105,2105,coco_POPE_random,coco_POPE_random,0,0,No!,yes,1.703125,0.7664930555555556,11.9375,5.652345647244585,28,1,/mnt/data/ssz/mr/results/Qwen2.5-VL/pope/memvr/analysis/coco_POPE_random/2105.pt
1359,1359,coco_POPE_random,coco_POPE_random,1,0,"Yes,",yes,1.71875,0.7497106481481481,11.9375,4.951146964673486,28,1,/mnt/data/ssz/mr/results/Qwen2.5-VL/pope/memvr/analysis/coco_POPE_random/1359.pt
621,621,coco_POPE_random,coco_POPE_random,0,0,No!,yes,1.671875,0.7445023148148148,11.9375,5.623910870713158,28,1,/mnt/data/ssz/mr/results/Qwen2.5-VL/pope/memvr/analysis/coco_POPE_random/621.pt
2858,2858,coco_POPE_random,coco_POPE_random,1,0,No!,no,1.75,0.7669270833333334,11.9375,5.666924542404809,28,1,/mnt/data/ssz/mr/results/Qwen2.5-VL/pope/memvr/analysis/coco_POPE_random/2858.pt
2106,2106,coco_POPE_random,coco_POPE_random,1,0,No!,no,1.703125,0.7672164351851852,11.9375,5.523646029476218,28,1,/mnt/data/ssz/mr/results/Qwen2.5-VL/pope/memvr/analysis/coco_POPE_random/2106.pt
1360,1360,coco_POPE_random,coco_POPE_random,1,0,No!,no,1.703125,0.7569444444444444,11.9375,5.621343047325385,28,1,/mnt/data/ssz/mr/results/Qwen2.5-VL/pope/memvr/analysis/coco_POPE_random/1360.pt
622,622,coco_POPE_random,coco_POPE_random,1,0,No!,no,1.671875,0.7445023148148148,11.9375,5.450201102598776,28,1,/mnt/data/ssz/mr/results/Qwen2.5-VL/pope/memvr/analysis/coco_POPE_random/622.pt
2859,2859,coco_POPE_random,coco_POPE_random,1,0,"Yes,",yes,1.75,0.7503616898148148,11.9375,4.956509184429537,28,1,/mnt/data/ssz/mr/results/Qwen2.5-VL/pope/memvr/analysis/coco_POPE_random/2859.pt
2107,2107,coco_POPE_random,coco_POPE_random,1,0,"Yes,",yes,1.71875,0.7353153935185185,11.9375,5.036626356299111,28,1,/mnt/data/ssz/mr/results/Qwen2.5-VL/pope/memvr/analysis/coco_POPE_random/2107.pt
1361,1361,coco_POPE_random,coco_POPE_random,0,0,No!,yes,1.703125,0.7569444444444444,11.9375,5.646741294370666,28,1,/mnt/data/ssz/mr/results/Qwen2.5-VL/pope/memvr/analysis/coco_POPE_random/1361.pt
623,623,coco_POPE_random,coco_POPE_random,1,0,"Yes,",yes,1.671875,0.7400173611111112,11.9375,4.766488439691691,28,1,/mnt/data/ssz/mr/results/Qwen2.5-VL/pope/memvr/analysis/coco_POPE_random/623.pt
2860,2860,coco_POPE_random,coco_POPE_random,1,0,No!,no,1.75,0.7669270833333334,11.9375,5.752700381222737,28,1,/mnt/data/ssz/mr/results/Qwen2.5-VL/pope/memvr/analysis/coco_POPE_random/2860.pt
2108,2108,coco_POPE_random,coco_POPE_random,1,0,No!,no,1.71875,0.7446469907407407,11.9375,5.527903245642878,28,1,/mnt/data/ssz/mr/results/Qwen2.5-VL/pope/memvr/analysis/coco_POPE_random/2108.pt
1362,1362,coco_POPE_random,coco_POPE_random,1,0,No!,no,1.703125,0.7569444444444444,11.9375,5.645548391532774,28,1,/mnt/data/ssz/mr/results/Qwen2.5-VL/pope/memvr/analysis/coco_POPE_random/1362.pt
624,624,coco_POPE_random,coco_POPE_random,1,0,No!,no,1.671875,0.7445023148148148,11.9375,5.4264116203345925,28,1,/mnt/data/ssz/mr/results/Qwen2.5-VL/pope/memvr/analysis/coco_POPE_random/624.pt
2109,2109,coco_POPE_random,coco_POPE_random,1,0,"Yes,",yes,1.71875,0.7353153935185185,11.9375,4.855443222159304,28,1,/mnt/data/ssz/mr/results/Qwen2.5-VL/pope/memvr/analysis/coco_POPE_random/2109.pt
2861,2861,coco_POPE_random,coco_POPE_random,1,0,"Yes,",yes,1.75,0.7621527777777778,11.9375,4.937830419028804,28,1,/mnt/data/ssz/mr/results/Qwen2.5-VL/pope/memvr/analysis/coco_POPE_random/2861.pt
625,625,coco_POPE_random,coco_POPE_random,1,0,"Yes,",yes,1.734375,0.7430555555555556,11.9375,4.824940305503278,28,1,/mnt/data/ssz/mr/results/Qwen2.5-VL/pope/memvr/analysis/coco_POPE_random/625.pt
1363,1363,coco_POPE_random,coco_POPE_random,1,0,"Yes,",yes,1.703125,0.7625868055555556,11.9375,4.9978090668025015,28,1,/mnt/data/ssz/mr/results/Qwen2.5-VL/pope/memvr/analysis/coco_POPE_random/1363.pt
2110,2110,coco_POPE_random,coco_POPE_random,1,0,No!,no,1.71875,0.7446469907407407,11.9375,5.663094608002274,28,1,/mnt/data/ssz/mr/results/Qwen2.5-VL/pope/memvr/analysis/coco_POPE_random/2110.pt
2862,2862,coco_POPE_random,coco_POPE_random,1,0,No!,no,1.75,0.7669270833333334,11.9375,5.648496838291599,28,1,/mnt/data/ssz/mr/results/Qwen2.5-VL/pope/memvr/analysis/coco_POPE_random/2862.pt
626,626,coco_POPE_random,coco_POPE_random,1,0,No!,no,1.7265625,0.7471788194444444,11.9375,5.503557085789508,28,1,/mnt/data/ssz/mr/results/Qwen2.5-VL/pope/memvr/analysis/coco_POPE_random/626.pt
1364,1364,coco_POPE_random,coco_POPE_random,1,0,No!,no,1.703125,0.7672164351851852,11.9375,5.56758712271392,28,1,/mnt/data/ssz/mr/results/Qwen2.5-VL/pope/memvr/analysis/coco_POPE_random/1364.pt
2111,2111,coco_POPE_random,coco_POPE_random,1,0,"Yes,",yes,1.71875,0.7353153935185185,11.9375,4.864534244559611,28,1,/mnt/data/ssz/mr/results/Qwen2.5-VL/pope/memvr/analysis/coco_POPE_random/2111.pt
2863,2863,coco_POPE_random,coco_POPE_random,1,0,"Yes,",yes,1.703125,0.7533275462962963,11.9375,4.811853930639833,28,1,/mnt/data/ssz/mr/results/Qwen2.5-VL/pope/memvr/analysis/coco_POPE_random/2863.pt
627,627,coco_POPE_random,coco_POPE_random,0,0,No!,yes,1.7265625,0.7453703703703703,11.9375,5.5230485530778894,28,1,/mnt/data/ssz/mr/results/Qwen2.5-VL/pope/memvr/analysis/coco_POPE_random/627.pt
1365,1365,coco_POPE_random,coco_POPE_random,1,0,"Yes,",yes,1.703125,0.7625868055555556,11.9375,4.890345359955723,28,1,/mnt/data/ssz/mr/results/Qwen2.5-VL/pope/memvr/analysis/coco_POPE_random/1365.pt
2112,2112,coco_POPE_random,coco_POPE_random,1,0,No!,no,1.71875,0.7446469907407407,11.9375,5.6558338677969315,28,1,/mnt/data/ssz/mr/results/Qwen2.5-VL/pope/memvr/analysis/coco_POPE_random/2112.pt
2864,2864,coco_POPE_random,coco_POPE_random,1,0,No!,no,1.6953125,0.7581018518518519,11.9375,5.402523545323939,28,1,/mnt/data/ssz/mr/results/Qwen2.5-VL/pope/memvr/analysis/coco_POPE_random/2864.pt
628,628,coco_POPE_random,coco_POPE_random,1,0,No!,no,1.7265625,0.7471788194444444,11.9375,5.589074720735456,28,1,/mnt/data/ssz/mr/results/Qwen2.5-VL/pope/memvr/analysis/coco_POPE_random/628.pt
2865,2865,coco_POPE_random,coco_POPE_random,1,0,"Yes,",yes,1.703125,0.7533275462962963,11.9375,4.6873168355528465,28,1,/mnt/data/ssz/mr/results/Qwen2.5-VL/pope/memvr/analysis/coco_POPE_random/2865.pt
1366,1366,coco_POPE_random,coco_POPE_random,1,0,No!,no,1.703125,0.7672164351851852,11.9375,5.6260766825264845,28,1,/mnt/data/ssz/mr/results/Qwen2.5-VL/pope/memvr/analysis/coco_POPE_random/1366.pt
2113,2113,coco_POPE_random,coco_POPE_random,1,0,"Yes,",yes,1.671875,0.7167245370370371,11.9375,4.784913553699708,28,1,/mnt/data/ssz/mr/results/Qwen2.5-VL/pope/memvr/analysis/coco_POPE_random/2113.pt
629,629,coco_POPE_random,coco_POPE_random,1,0,"Yes,",yes,1.734375,0.7430555555555556,11.9375,4.936225614527093,28,1,/mnt/data/ssz/mr/results/Qwen2.5-VL/pope/memvr/analysis/coco_POPE_random/629.pt
2866,2866,coco_POPE_random,coco_POPE_random,1,0,No!,no,1.6953125,0.7591145833333334,11.9375,5.333105085329031,28,1,/mnt/data/ssz/mr/results/Qwen2.5-VL/pope/memvr/analysis/coco_POPE_random/2866.pt
2114,2114,coco_POPE_random,coco_POPE_random,1,0,No!,no,1.6640625,0.7210648148148148,11.9375,5.44872867429017,28,1,/mnt/data/ssz/mr/results/Qwen2.5-VL/pope/memvr/analysis/coco_POPE_random/2114.pt
1367,1367,coco_POPE_random,coco_POPE_random,0,0,No!,yes,1.703125,0.7672164351851852,11.9375,5.589935845421678,28,1,/mnt/data/ssz/mr/results/Qwen2.5-VL/pope/memvr/analysis/coco_POPE_random/1367.pt
630,630,coco_POPE_random,coco_POPE_random,1,0,No!,no,1.7265625,0.7453703703703703,11.9375,5.575002085946788,28,1,/mnt/data/ssz/mr/results/Qwen2.5-VL/pope/memvr/analysis/coco_POPE_random/630.pt
2867,2867,coco_POPE_random,coco_POPE_random,1,0,"Yes,",yes,1.703125,0.7533275462962963,11.9375,4.679935571506771,28,1,/mnt/data/ssz/mr/results/Qwen2.5-VL/pope/memvr/analysis/coco_POPE_random/2867.pt
2115,2115,coco_POPE_random,coco_POPE_random,0,0,No!,yes,1.6640625,0.7210648148148148,11.9375,5.528299321669755,28,1,/mnt/data/ssz/mr/results/Qwen2.5-VL/pope/memvr/analysis/coco_POPE_random/2115.pt
1368,1368,coco_POPE_random,coco_POPE_random,1,0,No!,no,1.703125,0.7672164351851852,11.9375,5.5388404467598304,28,1,/mnt/data/ssz/mr/results/Qwen2.5-VL/pope/memvr/analysis/coco_POPE_random/1368.pt
631,631,coco_POPE_random,coco_POPE_random,0,0,No!,yes,1.703125,0.7426215277777778,11.9375,5.505687603062691,28,1,/mnt/data/ssz/mr/results/Qwen2.5-VL/pope/memvr/analysis/coco_POPE_random/631.pt
2868,2868,coco_POPE_random,coco_POPE_random,1,0,No!,no,1.6953125,0.7586082175925926,11.9375,5.406480745614736,28,1,/mnt/data/ssz/mr/results/Qwen2.5-VL/pope/memvr/analysis/coco_POPE_random/2868.pt
1369,1369,coco_POPE_random,coco_POPE_random,1,0,"Yes,",yes,1.6875,0.7511574074074074,11.9375,4.8817973962686665,28,1,/mnt/data/ssz/mr/results/Qwen2.5-VL/pope/memvr/analysis/coco_POPE_random/1369.pt
2116,2116,coco_POPE_random,coco_POPE_random,1,0,No!,no,1.6640625,0.7210648148148148,11.9375,5.582905699425941,28,1,/mnt/data/ssz/mr/results/Qwen2.5-VL/pope/memvr/analysis/coco_POPE_random/2116.pt
632,632,coco_POPE_random,coco_POPE_random,1,0,No!,no,1.703125,0.7426215277777778,11.9375,5.399725923097576,28,1,/mnt/data/ssz/mr/results/Qwen2.5-VL/pope/memvr/analysis/coco_POPE_random/632.pt
2869,2869,coco_POPE_random,coco_POPE_random,0,0,No!,yes,1.75,0.7376302083333334,11.9375,5.570370968691915,28,1,/mnt/data/ssz/mr/results/Qwen2.5-VL/pope/memvr/analysis/coco_POPE_random/2869.pt
1370,1370,coco_POPE_random,coco_POPE_random,1,0,No!,no,1.6875,0.7557870370370371,11.9375,5.583881082311281,28,1,/mnt/data/ssz/mr/results/Qwen2.5-VL/pope/memvr/analysis/coco_POPE_random/1370.pt
633,633,coco_POPE_random,coco_POPE_random,1,0,"Yes,",yes,1.703125,0.7406684027777778,11.9375,4.788067414202143,28,1,/mnt/data/ssz/mr/results/Qwen2.5-VL/pope/memvr/analysis/coco_POPE_random/633.pt
2117,2117,coco_POPE_random,coco_POPE_random,1,0,"Yes,",yes,1.671875,0.7167245370370371,11.9375,4.830712923144693,28,1,/mnt/data/ssz/mr/results/Qwen2.5-VL/pope/memvr/analysis/coco_POPE_random/2117.pt
2870,2870,coco_POPE_random,coco_POPE_random,1,0,No!,no,1.75,0.7377025462962963,11.9375,5.5994091923481735,28,1,/mnt/data/ssz/mr/results/Qwen2.5-VL/pope/memvr/analysis/coco_POPE_random/2870.pt
1371,1371,coco_POPE_random,coco_POPE_random,0,0,No!,yes,1.6875,0.7581018518518519,11.9375,5.557313325959136,28,1,/mnt/data/ssz/mr/results/Qwen2.5-VL/pope/memvr/analysis/coco_POPE_random/1371.pt
634,634,coco_POPE_random,coco_POPE_random,1,0,No!,no,1.703125,0.7426215277777778,11.9375,5.514297762584257,28,1,/mnt/data/ssz/mr/results/Qwen2.5-VL/pope/memvr/analysis/coco_POPE_random/634.pt
2118,2118,coco_POPE_random,coco_POPE_random,1,0,No!,no,1.6640625,0.7210648148148148,11.9375,5.434841626318663,28,1,/mnt/data/ssz/mr/results/Qwen2.5-VL/pope/memvr/analysis/coco_POPE_random/2118.pt
2871,2871,coco_POPE_random,coco_POPE_random,1,0,"Yes,",yes,1.75,0.7307581018518519,11.9375,4.788780584777136,28,1,/mnt/data/ssz/mr/results/Qwen2.5-VL/pope/memvr/analysis/coco_POPE_random/2871.pt
1372,1372,coco_POPE_random,coco_POPE_random,1,0,No!,no,1.6875,0.7557870370370371,11.9375,5.5493550691674045,28,1,/mnt/data/ssz/mr/results/Qwen2.5-VL/pope/memvr/analysis/coco_POPE_random/1372.pt
635,635,coco_POPE_random,coco_POPE_random,1,0,"Yes,",yes,1.703125,0.7406684027777778,11.9375,4.809447969570226,28,1,/mnt/data/ssz/mr/results/Qwen2.5-VL/pope/memvr/analysis/coco_POPE_random/635.pt
2119,2119,coco_POPE_random,coco_POPE_random,1,0,"Yes,",yes,1.7265625,0.7461660879629629,11.9375,4.902552002361494,28,2,/mnt/data/ssz/mr/results/Qwen2.5-VL/pope/memvr/analysis/coco_POPE_random/2119.pt
1373,1373,coco_POPE_random,coco_POPE_random,1,0,"Yes,",yes,1.6875,0.7511574074074074,11.9375,4.844276131965743,28,1,/mnt/data/ssz/mr/results/Qwen2.5-VL/pope/memvr/analysis/coco_POPE_random/1373.pt
2872,2872,coco_POPE_random,coco_POPE_random,1,0,No!,no,1.75,0.7377025462962963,11.9375,5.541803466102637,28,1,/mnt/data/ssz/mr/results/Qwen2.5-VL/pope/memvr/analysis/coco_POPE_random/2872.pt
636,636,coco_POPE_random,coco_POPE_random,1,0,No!,no,1.703125,0.7426215277777778,11.9375,5.509484665906335,28,1,/mnt/data/ssz/mr/results/Qwen2.5-VL/pope/memvr/analysis/coco_POPE_random/636.pt
2120,2120,coco_POPE_random,coco_POPE_random,1,0,No!,no,1.7265625,0.7526041666666666,11.9375,5.608036068374151,28,1,/mnt/data/ssz/mr/results/Qwen2.5-VL/pope/memvr/analysis/coco_POPE_random/2120.pt
1374,1374,coco_POPE_random,coco_POPE_random,1,0,No!,no,1.6875,0.7577401620370371,11.9375,5.544741915230976,28,1,/mnt/data/ssz/mr/results/Qwen2.5-VL/pope/memvr/analysis/coco_POPE_random/1374.pt
2873,2873,coco_POPE_random,coco_POPE_random,1,0,"Yes,",yes,1.75,0.7307581018518519,11.9375,4.871880630835604,28,1,/mnt/data/ssz/mr/results/Qwen2.5-VL/pope/memvr/analysis/coco_POPE_random/2873.pt
637,637,coco_POPE_random,coco_POPE_random,0,0,No!,yes,1.671875,0.7611400462962963,11.9375,5.64909432503511,28,1,/mnt/data/ssz/mr/results/Qwen2.5-VL/pope/memvr/analysis/coco_POPE_random/637.pt
2121,2121,coco_POPE_random,coco_POPE_random,1,0,"Yes,",yes,1.7265625,0.7461660879629629,11.9375,4.77735548471324,28,2,/mnt/data/ssz/mr/results/Qwen2.5-VL/pope/memvr/analysis/coco_POPE_random/2121.pt
1375,1375,coco_POPE_random,coco_POPE_random,0,0,No!,yes,1.6953125,0.7420428240740741,11.9375,5.525896003232729,28,2,/mnt/data/ssz/mr/results/Qwen2.5-VL/pope/memvr/analysis/coco_POPE_random/1375.pt
2874,2874,coco_POPE_random,coco_POPE_random,1,0,No!,no,1.75,0.7376302083333334,11.9375,5.455441118467547,28,1,/mnt/data/ssz/mr/results/Qwen2.5-VL/pope/memvr/analysis/coco_POPE_random/2874.pt
638,638,coco_POPE_random,coco_POPE_random,1,0,No!,no,1.671875,0.7612847222222222,11.9375,5.571713163569601,28,1,/mnt/data/ssz/mr/results/Qwen2.5-VL/pope/memvr/analysis/coco_POPE_random/638.pt
2122,2122,coco_POPE_random,coco_POPE_random,1,0,No!,no,1.7265625,0.7526041666666666,11.9375,5.611111297838918,28,1,/mnt/data/ssz/mr/results/Qwen2.5-VL/pope/memvr/analysis/coco_POPE_random/2122.pt
1376,1376,coco_POPE_random,coco_POPE_random,1,0,No!,no,1.6953125,0.7421875,11.9375,5.405686744573735,28,1,/mnt/data/ssz/mr/results/Qwen2.5-VL/pope/memvr/analysis/coco_POPE_random/1376.pt
2875,2875,coco_POPE_random,coco_POPE_random,1,0,"Yes,",yes,1.7109375,0.7448640046296297,11.9375,4.78161069048035,28,1,/mnt/data/ssz/mr/results/Qwen2.5-VL/pope/memvr/analysis/coco_POPE_random/2875.pt
639,639,coco_POPE_random,coco_POPE_random,1,0,"Yes,",yes,1.6796875,0.7553530092592593,11.9375,4.845404130001733,28,1,/mnt/data/ssz/mr/results/Qwen2.5-VL/pope/memvr/analysis/coco_POPE_random/639.pt
2123,2123,coco_POPE_random,coco_POPE_random,1,0,"Yes,",yes,1.7265625,0.7461660879629629,11.9375,4.817077792132211,28,2,/mnt/data/ssz/mr/results/Qwen2.5-VL/pope/memvr/analysis/coco_POPE_random/2123.pt
1377,1377,coco_POPE_random,coco_POPE_random,0,0,No!,yes,1.6953125,0.7421875,11.9375,5.550094226249524,28,1,/mnt/data/ssz/mr/results/Qwen2.5-VL/pope/memvr/analysis/coco_POPE_random/1377.pt
2876,2876,coco_POPE_random,coco_POPE_random,1,0,No!,no,1.7109375,0.7505787037037037,11.9375,5.575015746551548,28,1,/mnt/data/ssz/mr/results/Qwen2.5-VL/pope/memvr/analysis/coco_POPE_random/2876.pt
640,640,coco_POPE_random,coco_POPE_random,1,0,No!,no,1.671875,0.7614293981481481,11.9375,5.639006711375009,28,1,/mnt/data/ssz/mr/results/Qwen2.5-VL/pope/memvr/analysis/coco_POPE_random/640.pt
1378,1378,coco_POPE_random,coco_POPE_random,1,0,No!,no,1.6953125,0.7421875,11.9375,5.4452691620261495,28,1,/mnt/data/ssz/mr/results/Qwen2.5-VL/pope/memvr/analysis/coco_POPE_random/1378.pt
2124,2124,coco_POPE_random,coco_POPE_random,1,0,No!,no,1.7265625,0.7531105324074074,11.9375,5.497133808075135,28,1,/mnt/data/ssz/mr/results/Qwen2.5-VL/pope/memvr/analysis/coco_POPE_random/2124.pt
2877,2877,coco_POPE_random,coco_POPE_random,0,0,No!,yes,1.7109375,0.7498553240740741,11.9375,5.484591455675619,28,1,/mnt/data/ssz/mr/results/Qwen2.5-VL/pope/memvr/analysis/coco_POPE_random/2877.pt
641,641,coco_POPE_random,coco_POPE_random,0,0,No!,yes,1.671875,0.7611400462962963,11.9375,5.657529552026847,28,1,/mnt/data/ssz/mr/results/Qwen2.5-VL/pope/memvr/analysis/coco_POPE_random/641.pt
1379,1379,coco_POPE_random,coco_POPE_random,1,0,"Yes,",yes,1.6953125,0.736328125,11.9375,4.7744651037473655,28,1,/mnt/data/ssz/mr/results/Qwen2.5-VL/pope/memvr/analysis/coco_POPE_random/1379.pt
2125,2125,coco_POPE_random,coco_POPE_random,1,0,"Yes,",yes,1.6796875,0.7634548611111112,11.9375,4.987144991539781,28,2,/mnt/data/ssz/mr/results/Qwen2.5-VL/pope/memvr/analysis/coco_POPE_random/2125.pt
2878,2878,coco_POPE_random,coco_POPE_random,1,0,No!,no,1.7109375,0.7498553240740741,11.9375,5.50712358252625,28,1,/mnt/data/ssz/mr/results/Qwen2.5-VL/pope/memvr/analysis/coco_POPE_random/2878.pt
642,642,coco_POPE_random,coco_POPE_random,1,0,No!,no,1.671875,0.7614293981481481,11.9375,5.568675736052306,28,1,/mnt/data/ssz/mr/results/Qwen2.5-VL/pope/memvr/analysis/coco_POPE_random/642.pt
1380,1380,coco_POPE_random,coco_POPE_random,1,0,No!,no,1.6953125,0.7421875,11.9375,5.474782191290959,28,1,/mnt/data/ssz/mr/results/Qwen2.5-VL/pope/memvr/analysis/coco_POPE_random/1380.pt
2126,2126,coco_POPE_random,coco_POPE_random,1,0,No!,no,1.6796875,0.7689525462962963,11.9375,5.590723679129026,28,1,/mnt/data/ssz/mr/results/Qwen2.5-VL/pope/memvr/analysis/coco_POPE_random/2126.pt
2879,2879,coco_POPE_random,coco_POPE_random,1,0,"Yes,",yes,1.7109375,0.7448640046296297,11.9375,4.796775830132714,28,1,/mnt/data/ssz/mr/results/Qwen2.5-VL/pope/memvr/analysis/coco_POPE_random/2879.pt
643,643,coco_POPE_random,coco_POPE_random,1,0,"Yes,",yes,1.7109375,0.7279369212962963,11.9375,4.9544915207290945,28,1,/mnt/data/ssz/mr/results/Qwen2.5-VL/pope/memvr/analysis/coco_POPE_random/643.pt
1381,1381,coco_POPE_random,coco_POPE_random,1,0,"Yes,",yes,1.734375,0.7505787037037037,11.9375,4.781809203618164,28,1,/mnt/data/ssz/mr/results/Qwen2.5-VL/pope/memvr/analysis/coco_POPE_random/1381.pt
2127,2127,coco_POPE_random,coco_POPE_random,1,0,"Yes,",yes,1.6796875,0.7637442129629629,11.9375,4.7631244600336915,28,2,/mnt/data/ssz/mr/results/Qwen2.5-VL/pope/memvr/analysis/coco_POPE_random/2127.pt
2880,2880,coco_POPE_random,coco_POPE_random,1,0,No!,no,1.7109375,0.7498553240740741,11.9375,5.515437378843783,28,1,/mnt/data/ssz/mr/results/Qwen2.5-VL/pope/memvr/analysis/coco_POPE_random/2880.pt
1382,1382,coco_POPE_random,coco_POPE_random,1,0,No!,no,1.7265625,0.7544126157407407,11.9375,5.665583670401498,28,1,/mnt/data/ssz/mr/results/Qwen2.5-VL/pope/memvr/analysis/coco_POPE_random/1382.pt
644,644,coco_POPE_random,coco_POPE_random,1,0,No!,no,1.7109375,0.7342303240740741,11.9375,5.578074883748082,28,1,/mnt/data/ssz/mr/results/Qwen2.5-VL/pope/memvr/analysis/coco_POPE_random/644.pt
2881,2881,coco_POPE_random,coco_POPE_random,0,0,No!,yes,1.71875,0.7364004629629629,11.9375,5.599611818855606,28,1,/mnt/data/ssz/mr/results/Qwen2.5-VL/pope/memvr/analysis/coco_POPE_random/2881.pt
2128,2128,coco_POPE_random,coco_POPE_random,1,0,No!,no,1.6796875,0.7692418981481481,11.9375,5.538255516701109,28,1,/mnt/data/ssz/mr/results/Qwen2.5-VL/pope/memvr/analysis/coco_POPE_random/2128.pt
1383,1383,coco_POPE_random,coco_POPE_random,1,0,"Yes,",yes,1.734375,0.7499276620370371,11.9375,5.048646856724613,28,1,/mnt/data/ssz/mr/results/Qwen2.5-VL/pope/memvr/analysis/coco_POPE_random/1383.pt
645,645,coco_POPE_random,coco_POPE_random,1,0,"Yes,",yes,1.7109375,0.7279369212962963,11.9375,4.869756316573801,28,1,/mnt/data/ssz/mr/results/Qwen2.5-VL/pope/memvr/analysis/coco_POPE_random/645.pt
2882,2882,coco_POPE_random,coco_POPE_random,1,0,No!,no,1.71875,0.7364004629629629,11.9375,5.510127747266402,28,1,/mnt/data/ssz/mr/results/Qwen2.5-VL/pope/memvr/analysis/coco_POPE_random/2882.pt
2129,2129,coco_POPE_random,coco_POPE_random,1,0,"Yes,",yes,1.6796875,0.7634548611111112,11.9375,4.885904558749634,28,2,/mnt/data/ssz/mr/results/Qwen2.5-VL/pope/memvr/analysis/coco_POPE_random/2129.pt
1384,1384,coco_POPE_random,coco_POPE_random,1,0,No!,no,1.7265625,0.7544126157407407,11.9375,5.637505185064897,28,1,/mnt/data/ssz/mr/results/Qwen2.5-VL/pope/memvr/analysis/coco_POPE_random/1384.pt
646,646,coco_POPE_random,coco_POPE_random,1,0,No!,no,1.7109375,0.7342303240740741,11.9375,5.553947177412142,28,1,/mnt/data/ssz/mr/results/Qwen2.5-VL/pope/memvr/analysis/coco_POPE_random/646.pt
2883,2883,coco_POPE_random,coco_POPE_random,1,0,"Yes,",yes,1.734375,0.7303240740740741,11.9375,4.824283268866442,28,1,/mnt/data/ssz/mr/results/Qwen2.5-VL/pope/memvr/analysis/coco_POPE_random/2883.pt
2130,2130,coco_POPE_random,coco_POPE_random,1,0,No!,no,1.6796875,0.7689525462962963,11.9375,5.543441680405835,28,1,/mnt/data/ssz/mr/results/Qwen2.5-VL/pope/memvr/analysis/coco_POPE_random/2130.pt
1385,1385,coco_POPE_random,coco_POPE_random,1,0,"Yes,",yes,1.734375,0.7499276620370371,11.9375,4.757839632742436,28,1,/mnt/data/ssz/mr/results/Qwen2.5-VL/pope/memvr/analysis/coco_POPE_random/1385.pt
647,647,coco_POPE_random,coco_POPE_random,0,0,No!,yes,1.7109375,0.7342303240740741,11.9375,5.565899847703835,28,1,/mnt/data/ssz/mr/results/Qwen2.5-VL/pope/memvr/analysis/coco_POPE_random/647.pt
2884,2884,coco_POPE_random,coco_POPE_random,1,0,No!,no,1.71875,0.7364004629629629,11.9375,5.552521307970093,28,1,/mnt/data/ssz/mr/results/Qwen2.5-VL/pope/memvr/analysis/coco_POPE_random/2884.pt
2131,2131,coco_POPE_random,coco_POPE_random,1,0,"Yes,",yes,1.71875,0.7361834490740741,11.9375,4.956944463229006,28,2,/mnt/data/ssz/mr/results/Qwen2.5-VL/pope/memvr/analysis/coco_POPE_random/2131.pt
1386,1386,coco_POPE_random,coco_POPE_random,1,0,No!,no,1.7265625,0.7544126157407407,11.9375,5.654745112363061,28,1,/mnt/data/ssz/mr/results/Qwen2.5-VL/pope/memvr/analysis/coco_POPE_random/1386.pt
2885,2885,coco_POPE_random,coco_POPE_random,1,0,"Yes,",yes,1.734375,0.7303240740740741,11.9375,4.867431891846269,28,1,/mnt/data/ssz/mr/results/Qwen2.5-VL/pope/memvr/analysis/coco_POPE_random/2885.pt
648,648,coco_POPE_random,coco_POPE_random,1,0,No!,no,1.7109375,0.7342303240740741,11.9375,5.5263284473958265,28,1,/mnt/data/ssz/mr/results/Qwen2.5-VL/pope/memvr/analysis/coco_POPE_random/648.pt
2132,2132,coco_POPE_random,coco_POPE_random,1,0,No!,no,1.71875,0.7407407407407407,11.9375,5.489882000020002,28,1,/mnt/data/ssz/mr/results/Qwen2.5-VL/pope/memvr/analysis/coco_POPE_random/2132.pt
1387,1387,coco_POPE_random,coco_POPE_random,0,0,No!,yes,1.71875,0.7358940972222222,11.9375,5.5384712332442145,28,1,/mnt/data/ssz/mr/results/Qwen2.5-VL/pope/memvr/analysis/coco_POPE_random/1387.pt
2886,2886,coco_POPE_random,coco_POPE_random,1,0,No!,no,1.71875,0.7364004629629629,11.9375,5.485883490048874,28,1,/mnt/data/ssz/mr/results/Qwen2.5-VL/pope/memvr/analysis/coco_POPE_random/2886.pt
649,649,coco_POPE_random,coco_POPE_random,1,0,"Yes,",yes,1.7265625,0.7456597222222222,11.9375,5.064459415758931,28,1,/mnt/data/ssz/mr/results/Qwen2.5-VL/pope/memvr/analysis/coco_POPE_random/649.pt
2133,2133,coco_POPE_random,coco_POPE_random,1,0,"Yes,",yes,1.71875,0.7361834490740741,11.9375,4.834581384254653,28,2,/mnt/data/ssz/mr/results/Qwen2.5-VL/pope/memvr/analysis/coco_POPE_random/2133.pt
1388,1388,coco_POPE_random,coco_POPE_random,1,0,No!,no,1.71875,0.7358940972222222,11.9375,5.640106487414445,28,1,/mnt/data/ssz/mr/results/Qwen2.5-VL/pope/memvr/analysis/coco_POPE_random/1388.pt
2887,2887,coco_POPE_random,coco_POPE_random,0,0,No!,yes,1.734375,0.7252604166666666,11.9375,5.589170586044804,28,1,/mnt/data/ssz/mr/results/Qwen2.5-VL/pope/memvr/analysis/coco_POPE_random/2887.pt
650,650,coco_POPE_random,coco_POPE_random,1,0,No!,no,1.71875,0.7498553240740741,11.9375,5.52216080817715,28,1,/mnt/data/ssz/mr/results/Qwen2.5-VL/pope/memvr/analysis/coco_POPE_random/650.pt
2134,2134,coco_POPE_random,coco_POPE_random,1,0,No!,no,1.71875,0.7407407407407407,11.9375,5.506278279164872,28,1,/mnt/data/ssz/mr/results/Qwen2.5-VL/pope/memvr/analysis/coco_POPE_random/2134.pt
2888,2888,coco_POPE_random,coco_POPE_random,1,0,No!,no,1.734375,0.7252604166666666,11.9375,5.594341348096428,28,1,/mnt/data/ssz/mr/results/Qwen2.5-VL/pope/memvr/analysis/coco_POPE_random/2888.pt
1389,1389,coco_POPE_random,coco_POPE_random,1,0,"Yes,",yes,1.71875,0.7293836805555556,11.9375,4.847379569738527,28,1,/mnt/data/ssz/mr/results/Qwen2.5-VL/pope/memvr/analysis/coco_POPE_random/1389.pt
2135,2135,coco_POPE_random,coco_POPE_random,1,0,"Yes,",yes,1.71875,0.7361834490740741,11.9375,4.8076264608815995,28,2,/mnt/data/ssz/mr/results/Qwen2.5-VL/pope/memvr/analysis/coco_POPE_random/2135.pt
651,651,coco_POPE_random,coco_POPE_random,1,0,"Yes,",yes,1.7265625,0.7458043981481481,11.9375,4.905154576364672,28,1,/mnt/data/ssz/mr/results/Qwen2.5-VL/pope/memvr/analysis/coco_POPE_random/651.pt
2889,2889,coco_POPE_random,coco_POPE_random,1,0,"Yes,",yes,1.734375,0.7220775462962963,11.9375,5.068256883480659,28,1,/mnt/data/ssz/mr/results/Qwen2.5-VL/pope/memvr/analysis/coco_POPE_random/2889.pt
1390,1390,coco_POPE_random,coco_POPE_random,1,0,No!,no,1.71875,0.7362557870370371,11.9375,5.609167384187435,28,1,/mnt/data/ssz/mr/results/Qwen2.5-VL/pope/memvr/analysis/coco_POPE_random/1390.pt
2136,2136,coco_POPE_random,coco_POPE_random,1,0,No!,no,1.71875,0.7407407407407407,11.9375,5.477608704215464,28,1,/mnt/data/ssz/mr/results/Qwen2.5-VL/pope/memvr/analysis/coco_POPE_random/2136.pt
652,652,coco_POPE_random,coco_POPE_random,1,0,No!,no,1.71875,0.7498553240740741,11.9375,5.633177025716797,28,1,/mnt/data/ssz/mr/results/Qwen2.5-VL/pope/memvr/analysis/coco_POPE_random/652.pt
2890,2890,coco_POPE_random,coco_POPE_random,1,0,No!,no,1.734375,0.7252604166666666,11.9375,5.648519885792509,28,1,/mnt/data/ssz/mr/results/Qwen2.5-VL/pope/memvr/analysis/coco_POPE_random/2890.pt
2137,2137,coco_POPE_random,coco_POPE_random,1,0,"Yes,",yes,1.71875,0.7625144675925926,11.9375,4.839738469542964,28,1,/mnt/data/ssz/mr/results/Qwen2.5-VL/pope/memvr/analysis/coco_POPE_random/2137.pt
1391,1391,coco_POPE_random,coco_POPE_random,1,0,"Yes,",yes,1.71875,0.7290219907407407,11.9375,4.879868767453125,28,1,/mnt/data/ssz/mr/results/Qwen2.5-VL/pope/memvr/analysis/coco_POPE_random/1391.pt
653,653,coco_POPE_random,coco_POPE_random,0,0,No!,yes,1.71875,0.7498553240740741,11.9375,5.658581522099447,28,1,/mnt/data/ssz/mr/results/Qwen2.5-VL/pope/memvr/analysis/coco_POPE_random/653.pt
2138,2138,coco_POPE_random,coco_POPE_random,1,0,No!,no,1.71875,0.7678674768518519,11.9375,5.567265309845017,28,1,/mnt/data/ssz/mr/results/Qwen2.5-VL/pope/memvr/analysis/coco_POPE_random/2138.pt
2891,2891,coco_POPE_random,coco_POPE_random,1,0,"Yes,",yes,1.734375,0.7220775462962963,11.9375,4.943360082772548,28,1,/mnt/data/ssz/mr/results/Qwen2.5-VL/pope/memvr/analysis/coco_POPE_random/2891.pt
1392,1392,coco_POPE_random,coco_POPE_random,1,0,No!,no,1.71875,0.7362557870370371,11.9375,5.517135573145158,28,1,/mnt/data/ssz/mr/results/Qwen2.5-VL/pope/memvr/analysis/coco_POPE_random/1392.pt
654,654,coco_POPE_random,coco_POPE_random,1,0,No!,no,1.71875,0.75,11.9375,5.573777091178021,28,1,/mnt/data/ssz/mr/results/Qwen2.5-VL/pope/memvr/analysis/coco_POPE_random/654.pt
2139,2139,coco_POPE_random,coco_POPE_random,1,0,"Yes,",yes,1.71875,0.7625144675925926,11.9375,4.742549224267037,28,1,/mnt/data/ssz/mr/results/Qwen2.5-VL/pope/memvr/analysis/coco_POPE_random/2139.pt
2892,2892,coco_POPE_random,coco_POPE_random,1,0,No!,no,1.734375,0.7252604166666666,11.9375,5.619325172386417,28,1,/mnt/data/ssz/mr/results/Qwen2.5-VL/pope/memvr/analysis/coco_POPE_random/2892.pt
1393,1393,coco_POPE_random,coco_POPE_random,1,0,"Yes,",yes,1.7421875,0.7383535879629629,11.9375,4.980728831447464,28,1,/mnt/data/ssz/mr/results/Qwen2.5-VL/pope/memvr/analysis/coco_POPE_random/1393.pt
2140,2140,coco_POPE_random,coco_POPE_random,1,0,No!,no,1.71875,0.7678674768518519,11.9375,5.541800466627467,28,1,/mnt/data/ssz/mr/results/Qwen2.5-VL/pope/memvr/analysis/coco_POPE_random/2140.pt
655,655,coco_POPE_random,coco_POPE_random,1,0,"Yes,",yes,1.703125,0.7462384259259259,11.9375,4.697346285341155,28,1,/mnt/data/ssz/mr/results/Qwen2.5-VL/pope/memvr/analysis/coco_POPE_random/655.pt
2893,2893,coco_POPE_random,coco_POPE_random,0,0,No!,yes,1.6875,0.7826967592592593,11.9375,5.460742082749958,28,1,/mnt/data/ssz/mr/results/Qwen2.5-VL/pope/memvr/analysis/coco_POPE_random/2893.pt
2141,2141,coco_POPE_random,coco_POPE_random,0,0,No!,yes,1.71875,0.7678674768518519,11.9375,5.548147655704403,28,1,/mnt/data/ssz/mr/results/Qwen2.5-VL/pope/memvr/analysis/coco_POPE_random/2141.pt
656,656,coco_POPE_random,coco_POPE_random,1,0,No!,no,1.703125,0.7505787037037037,11.9375,5.412829086897859,28,1,/mnt/data/ssz/mr/results/Qwen2.5-VL/pope/memvr/analysis/coco_POPE_random/656.pt
1394,1394,coco_POPE_random,coco_POPE_random,1,0,No!,no,1.734375,0.7456597222222222,11.9375,5.707941251723492,28,1,/mnt/data/ssz/mr/results/Qwen2.5-VL/pope/memvr/analysis/coco_POPE_random/1394.pt
2894,2894,coco_POPE_random,coco_POPE_random,1,0,No!,no,1.6875,0.7818287037037037,11.9375,5.423786319962091,28,1,/mnt/data/ssz/mr/results/Qwen2.5-VL/pope/memvr/analysis/coco_POPE_random/2894.pt
2142,2142,coco_POPE_random,coco_POPE_random,1,0,No!,no,1.71875,0.7678674768518519,11.9375,5.549909473599373,28,1,/mnt/data/ssz/mr/results/Qwen2.5-VL/pope/memvr/analysis/coco_POPE_random/2142.pt
657,657,coco_POPE_random,coco_POPE_random,1,0,"Yes,",yes,1.703125,0.7458043981481481,11.9375,4.873567521999646,28,1,/mnt/data/ssz/mr/results/Qwen2.5-VL/pope/memvr/analysis/coco_POPE_random/657.pt
1395,1395,coco_POPE_random,coco_POPE_random,1,0,"Yes,",yes,1.7421875,0.7390046296296297,11.9375,4.897842187065222,28,1,/mnt/data/ssz/mr/results/Qwen2.5-VL/pope/memvr/analysis/coco_POPE_random/1395.pt
2895,2895,coco_POPE_random,coco_POPE_random,1,0,"Yes,",yes,1.6875,0.7797309027777778,11.9375,4.888103817756183,28,2,/mnt/data/ssz/mr/results/Qwen2.5-VL/pope/memvr/analysis/coco_POPE_random/2895.pt
2143,2143,coco_POPE_random,coco_POPE_random,1,0,"Yes,",yes,1.6953125,0.7409577546296297,11.9375,5.0771466075444875,28,1,/mnt/data/ssz/mr/results/Qwen2.5-VL/pope/memvr/analysis/coco_POPE_random/2143.pt
658,658,coco_POPE_random,coco_POPE_random,1,0,No!,no,1.703125,0.7505787037037037,11.9375,5.458873212807389,28,1,/mnt/data/ssz/mr/results/Qwen2.5-VL/pope/memvr/analysis/coco_POPE_random/658.pt
1396,1396,coco_POPE_random,coco_POPE_random,1,0,No!,no,1.734375,0.7465277777777778,11.9375,5.602887023401779,28,1,/mnt/data/ssz/mr/results/Qwen2.5-VL/pope/memvr/analysis/coco_POPE_random/1396.pt
2896,2896,coco_POPE_random,coco_POPE_random,1,0,No!,no,1.6875,0.7818287037037037,11.9375,5.4745906155862665,28,1,/mnt/data/ssz/mr/results/Qwen2.5-VL/pope/memvr/analysis/coco_POPE_random/2896.pt
2144,2144,coco_POPE_random,coco_POPE_random,1,0,No!,no,1.6875,0.7447916666666666,11.9375,5.573711475182163,28,1,/mnt/data/ssz/mr/results/Qwen2.5-VL/pope/memvr/analysis/coco_POPE_random/2144.pt
659,659,coco_POPE_random,coco_POPE_random,1,0,"Yes,",yes,1.703125,0.7462384259259259,11.9375,4.754652964919025,28,1,/mnt/data/ssz/mr/results/Qwen2.5-VL/pope/memvr/analysis/coco_POPE_random/659.pt
1397,1397,coco_POPE_random,coco_POPE_random,1,0,"Yes,",yes,1.7421875,0.7390046296296297,11.9375,4.795967132846706,28,1,/mnt/data/ssz/mr/results/Qwen2.5-VL/pope/memvr/analysis/coco_POPE_random/1397.pt
2897,2897,coco_POPE_random,coco_POPE_random,1,0,"Yes,",yes,1.6875,0.7797309027777778,11.9375,4.710557515371664,28,2,/mnt/data/ssz/mr/results/Qwen2.5-VL/pope/memvr/analysis/coco_POPE_random/2897.pt
2145,2145,coco_POPE_random,coco_POPE_random,1,0,"Yes,",yes,1.6953125,0.7409577546296297,11.9375,4.869330977361724,28,1,/mnt/data/ssz/mr/results/Qwen2.5-VL/pope/memvr/analysis/coco_POPE_random/2145.pt
660,660,coco_POPE_random,coco_POPE_random,1,0,No!,no,1.703125,0.7505787037037037,11.9375,5.473331119918016,28,1,/mnt/data/ssz/mr/results/Qwen2.5-VL/pope/memvr/analysis/coco_POPE_random/660.pt
2898,2898,coco_POPE_random,coco_POPE_random,1,0,No!,no,1.6875,0.7818287037037037,11.9375,5.406334561577987,28,1,/mnt/data/ssz/mr/results/Qwen2.5-VL/pope/memvr/analysis/coco_POPE_random/2898.pt
1398,1398,coco_POPE_random,coco_POPE_random,1,0,No!,no,1.734375,0.7469618055555556,11.9375,5.636594885721134,28,1,/mnt/data/ssz/mr/results/Qwen2.5-VL/pope/memvr/analysis/coco_POPE_random/1398.pt
2146,2146,coco_POPE_random,coco_POPE_random,1,0,No!,no,1.6875,0.7447916666666666,11.9375,5.5724635259624655,28,1,/mnt/data/ssz/mr/results/Qwen2.5-VL/pope/memvr/analysis/coco_POPE_random/2146.pt
661,661,coco_POPE_random,coco_POPE_random,1,0,"Yes,",yes,1.71875,0.7377748842592593,11.9375,4.937934446951448,28,2,/mnt/data/ssz/mr/results/Qwen2.5-VL/pope/memvr/analysis/coco_POPE_random/661.pt
2899,2899,coco_POPE_random,coco_POPE_random,0,0,No!,yes,1.703125,0.7588252314814815,11.9375,5.56329510279064,28,1,/mnt/data/ssz/mr/results/Qwen2.5-VL/pope/memvr/analysis/coco_POPE_random/2899.pt
2147,2147,coco_POPE_random,coco_POPE_random,0,0,No!,yes,1.6875,0.7452980324074074,11.9375,5.562420520354926,28,1,/mnt/data/ssz/mr/results/Qwen2.5-VL/pope/memvr/analysis/coco_POPE_random/2147.pt
1399,1399,coco_POPE_random,coco_POPE_random,1,0,"Yes,",yes,1.75,0.7427662037037037,11.9375,4.761944780867577,28,1,/mnt/data/ssz/mr/results/Qwen2.5-VL/pope/memvr/analysis/coco_POPE_random/1399.pt
662,662,coco_POPE_random,coco_POPE_random,1,0,No!,no,1.71875,0.7452256944444444,11.9375,5.515899642136305,28,1,/mnt/data/ssz/mr/results/Qwen2.5-VL/pope/memvr/analysis/coco_POPE_random/662.pt
2900,2900,coco_POPE_random,coco_POPE_random,1,0,No!,no,1.703125,0.7588252314814815,11.9375,5.467336618798291,28,1,/mnt/data/ssz/mr/results/Qwen2.5-VL/pope/memvr/analysis/coco_POPE_random/2900.pt
2148,2148,coco_POPE_random,coco_POPE_random,1,0,No!,no,1.6875,0.7447916666666666,11.9375,5.579316402718114,28,1,/mnt/data/ssz/mr/results/Qwen2.5-VL/pope/memvr/analysis/coco_POPE_random/2148.pt
1400,1400,coco_POPE_random,coco_POPE_random,1,0,No!,no,1.734375,0.7476851851851852,11.9375,5.443038661404741,28,1,/mnt/data/ssz/mr/results/Qwen2.5-VL/pope/memvr/analysis/coco_POPE_random/1400.pt
663,663,coco_POPE_random,coco_POPE_random,1,0,"Yes,",yes,1.71875,0.7377748842592593,11.9375,4.862227572850805,28,2,/mnt/data/ssz/mr/results/Qwen2.5-VL/pope/memvr/analysis/coco_POPE_random/663.pt
2901,2901,coco_POPE_random,coco_POPE_random,1,0,"Yes,",yes,1.703125,0.7532552083333334,11.9375,4.845954587107905,28,1,/mnt/data/ssz/mr/results/Qwen2.5-VL/pope/memvr/analysis/coco_POPE_random/2901.pt
2149,2149,coco_POPE_random,coco_POPE_random,1,0,"Yes,",yes,1.7265625,0.7341579861111112,11.9375,4.779245837078141,28,1,/mnt/data/ssz/mr/results/Qwen2.5-VL/pope/memvr/analysis/coco_POPE_random/2149.pt
1401,1401,coco_POPE_random,coco_POPE_random,1,0,"Yes,",yes,1.75,0.7427662037037037,11.9375,4.941945906648325,28,1,/mnt/data/ssz/mr/results/Qwen2.5-VL/pope/memvr/analysis/coco_POPE_random/1401.pt
664,664,coco_POPE_random,coco_POPE_random,1,0,No!,no,1.71875,0.7452256944444444,11.9375,5.6284128094391255,28,1,/mnt/data/ssz/mr/results/Qwen2.5-VL/pope/memvr/analysis/coco_POPE_random/664.pt
2902,2902,coco_POPE_random,coco_POPE_random,1,0,No!,no,1.703125,0.7588252314814815,11.9375,5.464778162585766,28,1,/mnt/data/ssz/mr/results/Qwen2.5-VL/pope/memvr/analysis/coco_POPE_random/2902.pt
2150,2150,coco_POPE_random,coco_POPE_random,1,0,No!,no,1.71875,0.7361111111111112,11.9375,5.483430236636187,28,1,/mnt/data/ssz/mr/results/Qwen2.5-VL/pope/memvr/analysis/coco_POPE_random/2150.pt
1402,1402,coco_POPE_random,coco_POPE_random,1,0,No!,no,1.734375,0.7476851851851852,11.9375,5.491085260343425,28,1,/mnt/data/ssz/mr/results/Qwen2.5-VL/pope/memvr/analysis/coco_POPE_random/1402.pt
665,665,coco_POPE_random,coco_POPE_random,1,0,"Yes,",yes,1.71875,0.7377748842592593,11.9375,5.016796845238225,28,2,/mnt/data/ssz/mr/results/Qwen2.5-VL/pope/memvr/analysis/coco_POPE_random/665.pt
2903,2903,coco_POPE_random,coco_POPE_random,1,0,"Yes,",yes,1.703125,0.7532552083333334,11.9375,4.965973695269439,28,1,/mnt/data/ssz/mr/results/Qwen2.5-VL/pope/memvr/analysis/coco_POPE_random/2903.pt
2151,2151,coco_POPE_random,coco_POPE_random,1,0,"Yes,",yes,1.7265625,0.7341579861111112,11.9375,4.895875739609106,28,1,/mnt/data/ssz/mr/results/Qwen2.5-VL/pope/memvr/analysis/coco_POPE_random/2151.pt
1403,1403,coco_POPE_random,coco_POPE_random,1,0,"Yes,",yes,1.75,0.7427662037037037,11.9375,4.872265092753676,28,1,/mnt/data/ssz/mr/results/Qwen2.5-VL/pope/memvr/analysis/coco_POPE_random/1403.pt
666,666,coco_POPE_random,coco_POPE_random,1,0,No!,no,1.71875,0.7452256944444444,11.9375,5.531452909476778,28,1,/mnt/data/ssz/mr/results/Qwen2.5-VL/pope/memvr/analysis/coco_POPE_random/666.pt
2904,2904,coco_POPE_random,coco_POPE_random,1,0,No!,no,1.703125,0.7588252314814815,11.9375,5.5254547303775325,28,1,/mnt/data/ssz/mr/results/Qwen2.5-VL/pope/memvr/analysis/coco_POPE_random/2904.pt
2152,2152,coco_POPE_random,coco_POPE_random,1,0,No!,no,1.71875,0.7361111111111112,11.9375,5.5059992777543245,28,1,/mnt/data/ssz/mr/results/Qwen2.5-VL/pope/memvr/analysis/coco_POPE_random/2152.pt
1404,1404,coco_POPE_random,coco_POPE_random,1,0,No!,no,1.734375,0.7476851851851852,11.9375,5.593897937926252,28,1,/mnt/data/ssz/mr/results/Qwen2.5-VL/pope/memvr/analysis/coco_POPE_random/1404.pt
2905,2905,coco_POPE_random,coco_POPE_random,0,0,No!,yes,1.671875,0.7767650462962963,11.9375,5.47562825545086,28,1,/mnt/data/ssz/mr/results/Qwen2.5-VL/pope/memvr/analysis/coco_POPE_random/2905.pt
667,667,coco_POPE_random,coco_POPE_random,0,0,No!,yes,1.71875,0.7602719907407407,11.9375,5.55985971569202,28,1,/mnt/data/ssz/mr/results/Qwen2.5-VL/pope/memvr/analysis/coco_POPE_random/667.pt
2153,2153,coco_POPE_random,coco_POPE_random,0,0,No!,yes,1.71875,0.7361111111111112,11.9375,5.534112528245883,28,1,/mnt/data/ssz/mr/results/Qwen2.5-VL/pope/memvr/analysis/coco_POPE_random/2153.pt
2906,2906,coco_POPE_random,coco_POPE_random,1,0,No!,no,1.671875,0.7777777777777778,11.9375,5.45105530764395,28,1,/mnt/data/ssz/mr/results/Qwen2.5-VL/pope/memvr/analysis/coco_POPE_random/2906.pt
1405,1405,coco_POPE_random,coco_POPE_random,1,0,"Yes,",yes,1.75,0.7287326388888888,11.9375,4.879168922178612,28,1,/mnt/data/ssz/mr/results/Qwen2.5-VL/pope/memvr/analysis/coco_POPE_random/1405.pt
2154,2154,coco_POPE_random,coco_POPE_random,1,0,No!,no,1.71875,0.7361111111111112,11.9375,5.57444233350525,28,1,/mnt/data/ssz/mr/results/Qwen2.5-VL/pope/memvr/analysis/coco_POPE_random/2154.pt
668,668,coco_POPE_random,coco_POPE_random,1,0,No!,no,1.71875,0.7604166666666666,11.9375,5.483285492892157,28,1,/mnt/data/ssz/mr/results/Qwen2.5-VL/pope/memvr/analysis/coco_POPE_random/668.pt
2907,2907,coco_POPE_random,coco_POPE_random,1,0,"Yes,",yes,1.6875,0.7727141203703703,11.9375,4.756594280171135,28,1,/mnt/data/ssz/mr/results/Qwen2.5-VL/pope/memvr/analysis/coco_POPE_random/2907.pt
1406,1406,coco_POPE_random,coco_POPE_random,1,0,No!,no,1.734375,0.7335069444444444,11.9375,5.5250318400036935,28,1,/mnt/data/ssz/mr/results/Qwen2.5-VL/pope/memvr/analysis/coco_POPE_random/1406.pt
2155,2155,coco_POPE_random,coco_POPE_random,1,0,"Yes,",yes,1.734375,0.7486979166666666,11.9375,5.040890773022339,28,2,/mnt/data/ssz/mr/results/Qwen2.5-VL/pope/memvr/analysis/coco_POPE_random/2155.pt
669,669,coco_POPE_random,coco_POPE_random,1,0,"Yes,",yes,1.71875,0.7542679398148148,11.9375,4.70253037441581,28,1,/mnt/data/ssz/mr/results/Qwen2.5-VL/pope/memvr/analysis/coco_POPE_random/669.pt
2908,2908,coco_POPE_random,coco_POPE_random,1,0,No!,no,1.671875,0.7777777777777778,11.9375,5.450651621812207,28,1,/mnt/data/ssz/mr/results/Qwen2.5-VL/pope/memvr/analysis/coco_POPE_random/2908.pt
2156,2156,coco_POPE_random,coco_POPE_random,1,0,No!,no,1.734375,0.7516637731481481,11.9375,5.585125870245497,28,1,/mnt/data/ssz/mr/results/Qwen2.5-VL/pope/memvr/analysis/coco_POPE_random/2156.pt
1407,1407,coco_POPE_random,coco_POPE_random,1,0,"Yes,",yes,1.75,0.7287326388888888,11.9375,5.055129686423746,28,1,/mnt/data/ssz/mr/results/Qwen2.5-VL/pope/memvr/analysis/coco_POPE_random/1407.pt
2909,2909,coco_POPE_random,coco_POPE_random,1,0,"Yes,",yes,1.6875,0.7722077546296297,11.9375,4.764304647199,28,1,/mnt/data/ssz/mr/results/Qwen2.5-VL/pope/memvr/analysis/coco_POPE_random/2909.pt
670,670,coco_POPE_random,coco_POPE_random,1,0,No!,no,1.71875,0.7604166666666666,11.9375,5.457733964183811,28,1,/mnt/data/ssz/mr/results/Qwen2.5-VL/pope/memvr/analysis/coco_POPE_random/670.pt
2157,2157,coco_POPE_random,coco_POPE_random,1,0,"Yes,",yes,1.7265625,0.7484809027777778,11.9375,4.957454536266773,28,1,/mnt/data/ssz/mr/results/Qwen2.5-VL/pope/memvr/analysis/coco_POPE_random/2157.pt
1408,1408,coco_POPE_random,coco_POPE_random,1,0,No!,no,1.734375,0.7335069444444444,11.9375,5.627506890635201,28,1,/mnt/data/ssz/mr/results/Qwen2.5-VL/pope/memvr/analysis/coco_POPE_random/1408.pt
2910,2910,coco_POPE_random,coco_POPE_random,1,0,No!,no,1.671875,0.7777777777777778,11.9375,5.518282121729763,28,1,/mnt/data/ssz/mr/results/Qwen2.5-VL/pope/memvr/analysis/coco_POPE_random/2910.pt
2158,2158,coco_POPE_random,coco_POPE_random,1,0,No!,no,1.7265625,0.7514467592592593,11.9375,5.559141735402371,28,1,/mnt/data/ssz/mr/results/Qwen2.5-VL/pope/memvr/analysis/coco_POPE_random/2158.pt
671,671,coco_POPE_random,coco_POPE_random,1,0,"Yes,",yes,1.71875,0.7541232638888888,11.9375,4.761032936188093,28,1,/mnt/data/ssz/mr/results/Qwen2.5-VL/pope/memvr/analysis/coco_POPE_random/671.pt
1409,1409,coco_POPE_random,coco_POPE_random,1,0,"Yes,",yes,1.75,0.7287326388888888,11.9375,4.971338712966246,28,1,/mnt/data/ssz/mr/results/Qwen2.5-VL/pope/memvr/analysis/coco_POPE_random/1409.pt
2911,2911,coco_POPE_random,coco_POPE_random,0,0,No!,yes,1.6953125,0.7443576388888888,11.9375,5.7062945758614285,28,1,/mnt/data/ssz/mr/results/Qwen2.5-VL/pope/memvr/analysis/coco_POPE_random/2911.pt
2159,2159,coco_POPE_random,coco_POPE_random,0,0,No!,yes,1.734375,0.7518807870370371,11.9375,5.5713232918060385,28,1,/mnt/data/ssz/mr/results/Qwen2.5-VL/pope/memvr/analysis/coco_POPE_random/2159.pt
672,672,coco_POPE_random,coco_POPE_random,1,0,No!,no,1.71875,0.7605613425925926,11.9375,5.391785348370141,28,1,/mnt/data/ssz/mr/results/Qwen2.5-VL/pope/memvr/analysis/coco_POPE_random/672.pt
1410,1410,coco_POPE_random,coco_POPE_random,1,0,No!,no,1.734375,0.7335069444444444,11.9375,5.58518907873365,28,1,/mnt/data/ssz/mr/results/Qwen2.5-VL/pope/memvr/analysis/coco_POPE_random/1410.pt
2912,2912,coco_POPE_random,coco_POPE_random,1,0,No!,no,1.6953125,0.7445023148148148,11.9375,5.51941949407087,28,1,/mnt/data/ssz/mr/results/Qwen2.5-VL/pope/memvr/analysis/coco_POPE_random/2912.pt
2160,2160,coco_POPE_random,coco_POPE_random,1,0,No!,no,1.734375,0.7518807870370371,11.9375,5.643001485446891,28,1,/mnt/data/ssz/mr/results/Qwen2.5-VL/pope/memvr/analysis/coco_POPE_random/2160.pt
673,673,coco_POPE_random,coco_POPE_random,0,0,No!,yes,1.671875,0.7559317129629629,11.9375,5.574982812460646,28,1,/mnt/data/ssz/mr/results/Qwen2.5-VL/pope/memvr/analysis/coco_POPE_random/673.pt
1411,1411,coco_POPE_random,coco_POPE_random,1,0,"Yes,",yes,1.7109375,0.7273582175925926,11.9375,4.7742596560108685,28,1,/mnt/data/ssz/mr/results/Qwen2.5-VL/pope/memvr/analysis/coco_POPE_random/1411.pt
2913,2913,coco_POPE_random,coco_POPE_random,1,0,"Yes,",yes,1.6953125,0.7388599537037037,11.9375,4.895278321228977,28,1,/mnt/data/ssz/mr/results/Qwen2.5-VL/pope/memvr/analysis/coco_POPE_random/2913.pt
2161,2161,coco_POPE_random,coco_POPE_random,1,0,"Yes,",yes,1.71875,0.7643952546296297,11.9375,4.852466421436671,28,1,/mnt/data/ssz/mr/results/Qwen2.5-VL/pope/memvr/analysis/coco_POPE_random/2161.pt
674,674,coco_POPE_random,coco_POPE_random,1,0,No!,no,1.671875,0.7559317129629629,11.9375,5.559799508024149,28,1,/mnt/data/ssz/mr/results/Qwen2.5-VL/pope/memvr/analysis/coco_POPE_random/674.pt
1412,1412,coco_POPE_random,coco_POPE_random,1,0,No!,no,1.703125,0.7324942129629629,11.9375,5.552873566839511,28,1,/mnt/data/ssz/mr/results/Qwen2.5-VL/pope/memvr/analysis/coco_POPE_random/1412.pt
2914,2914,coco_POPE_random,coco_POPE_random,1,0,No!,no,1.6953125,0.7444299768518519,11.9375,5.471190557965953,28,1,/mnt/data/ssz/mr/results/Qwen2.5-VL/pope/memvr/analysis/coco_POPE_random/2914.pt
2162,2162,coco_POPE_random,coco_POPE_random,1,0,No!,no,1.71875,0.7703993055555556,11.9375,5.487927630688679,28,1,/mnt/data/ssz/mr/results/Qwen2.5-VL/pope/memvr/analysis/coco_POPE_random/2162.pt
675,675,coco_POPE_random,coco_POPE_random,1,0,"Yes,",yes,1.671875,0.7495659722222222,11.9375,5.025784859867326,28,1,/mnt/data/ssz/mr/results/Qwen2.5-VL/pope/memvr/analysis/coco_POPE_random/675.pt
1413,1413,coco_POPE_random,coco_POPE_random,0,0,No!,yes,1.703125,0.7324942129629629,11.9375,5.528146437337063,28,1,/mnt/data/ssz/mr/results/Qwen2.5-VL/pope/memvr/analysis/coco_POPE_random/1413.pt
2915,2915,coco_POPE_random,coco_POPE_random,0,0,No!,yes,1.6953125,0.7444299768518519,11.9375,5.497580320970961,28,1,/mnt/data/ssz/mr/results/Qwen2.5-VL/pope/memvr/analysis/coco_POPE_random/2915.pt
2163,2163,coco_POPE_random,coco_POPE_random,1,0,"Yes,",yes,1.71875,0.7643952546296297,11.9375,4.661651870422969,28,1,/mnt/data/ssz/mr/results/Qwen2.5-VL/pope/memvr/analysis/coco_POPE_random/2163.pt
676,676,coco_POPE_random,coco_POPE_random,1,0,No!,no,1.671875,0.7559317129629629,11.9375,5.597660049714375,28,1,/mnt/data/ssz/mr/results/Qwen2.5-VL/pope/memvr/analysis/coco_POPE_random/676.pt
1414,1414,coco_POPE_random,coco_POPE_random,1,0,No!,no,1.703125,0.7324942129629629,11.9375,5.50388458024394,28,1,/mnt/data/ssz/mr/results/Qwen2.5-VL/pope/memvr/analysis/coco_POPE_random/1414.pt
2916,2916,coco_POPE_random,coco_POPE_random,1,0,No!,no,1.6953125,0.7443576388888888,11.9375,5.443552534974534,28,1,/mnt/data/ssz/mr/results/Qwen2.5-VL/pope/memvr/analysis/coco_POPE_random/2916.pt
2164,2164,coco_POPE_random,coco_POPE_random,1,0,No!,no,1.71875,0.7703993055555556,11.9375,5.520639705485353,28,1,/mnt/data/ssz/mr/results/Qwen2.5-VL/pope/memvr/analysis/coco_POPE_random/2164.pt
677,677,coco_POPE_random,coco_POPE_random,1,0,"Yes,",yes,1.671875,0.7495659722222222,11.9375,5.035423415825422,28,1,/mnt/data/ssz/mr/results/Qwen2.5-VL/pope/memvr/analysis/coco_POPE_random/677.pt
2917,2917,coco_POPE_random,coco_POPE_random,0,0,No!,yes,1.734375,0.7513020833333334,11.9375,5.625204208239415,28,1,/mnt/data/ssz/mr/results/Qwen2.5-VL/pope/memvr/analysis/coco_POPE_random/2917.pt
1415,1415,coco_POPE_random,coco_POPE_random,0,0,No!,yes,1.703125,0.7324942129629629,11.9375,5.594501228778646,28,1,/mnt/data/ssz/mr/results/Qwen2.5-VL/pope/memvr/analysis/coco_POPE_random/1415.pt
2165,2165,coco_POPE_random,coco_POPE_random,1,0,"Yes,",yes,1.71875,0.7643952546296297,11.9375,4.609540926604152,28,1,/mnt/data/ssz/mr/results/Qwen2.5-VL/pope/memvr/analysis/coco_POPE_random/2165.pt
2918,2918,coco_POPE_random,coco_POPE_random,1,0,No!,no,1.734375,0.7513020833333334,11.9375,5.425861669680577,28,1,/mnt/data/ssz/mr/results/Qwen2.5-VL/pope/memvr/analysis/coco_POPE_random/2918.pt
678,678,coco_POPE_random,coco_POPE_random,1,0,No!,no,1.671875,0.7565827546296297,11.9375,5.563490120385942,28,1,/mnt/data/ssz/mr/results/Qwen2.5-VL/pope/memvr/analysis/coco_POPE_random/678.pt
1416,1416,coco_POPE_random,coco_POPE_random,1,0,No!,no,1.703125,0.7324942129629629,11.9375,5.522062533552575,28,1,/mnt/data/ssz/mr/results/Qwen2.5-VL/pope/memvr/analysis/coco_POPE_random/1416.pt
2166,2166,coco_POPE_random,coco_POPE_random,1,0,No!,no,1.71875,0.7703993055555556,11.9375,5.462232489876755,28,1,/mnt/data/ssz/mr/results/Qwen2.5-VL/pope/memvr/analysis/coco_POPE_random/2166.pt
2919,2919,coco_POPE_random,coco_POPE_random,1,0,"Yes,",yes,1.734375,0.7458043981481481,11.9375,4.783809352054144,28,1,/mnt/data/ssz/mr/results/Qwen2.5-VL/pope/memvr/analysis/coco_POPE_random/2919.pt
1417,1417,coco_POPE_random,coco_POPE_random,1,0,"Yes,",yes,1.6953125,0.7456597222222222,11.9375,4.84365070615805,28,1,/mnt/data/ssz/mr/results/Qwen2.5-VL/pope/memvr/analysis/coco_POPE_random/1417.pt
679,679,coco_POPE_random,coco_POPE_random,1,0,"Yes,",yes,1.71875,0.7201967592592593,11.9375,4.907449700317401,28,1,/mnt/data/ssz/mr/results/Qwen2.5-VL/pope/memvr/analysis/coco_POPE_random/679.pt
2167,2167,coco_POPE_random,coco_POPE_random,0,0,No!,yes,1.703125,0.7615740740740741,11.9375,5.711076524630008,28,1,/mnt/data/ssz/mr/results/Qwen2.5-VL/pope/memvr/analysis/coco_POPE_random/2167.pt
2920,2920,coco_POPE_random,coco_POPE_random,1,0,No!,no,1.734375,0.7513020833333334,11.9375,5.5651733360597255,28,1,/mnt/data/ssz/mr/results/Qwen2.5-VL/pope/memvr/analysis/coco_POPE_random/2920.pt
1418,1418,coco_POPE_random,coco_POPE_random,1,0,No!,no,1.6875,0.7505063657407407,11.9375,5.575945294712533,28,1,/mnt/data/ssz/mr/results/Qwen2.5-VL/pope/memvr/analysis/coco_POPE_random/1418.pt
2168,2168,coco_POPE_random,coco_POPE_random,1,0,No!,no,1.703125,0.7615740740740741,11.9375,5.569206890708176,28,1,/mnt/data/ssz/mr/results/Qwen2.5-VL/pope/memvr/analysis/coco_POPE_random/2168.pt
680,680,coco_POPE_random,coco_POPE_random,1,0,No!,no,1.703125,0.7262731481481481,11.9375,5.673314158388252,28,1,/mnt/data/ssz/mr/results/Qwen2.5-VL/pope/memvr/analysis/coco_POPE_random/680.pt
2921,2921,coco_POPE_random,coco_POPE_random,1,0,"Yes,",yes,1.734375,0.7458043981481481,11.9375,4.656970236662818,28,1,/mnt/data/ssz/mr/results/Qwen2.5-VL/pope/memvr/analysis/coco_POPE_random/2921.pt
1419,1419,coco_POPE_random,coco_POPE_random,1,0,"Yes,",yes,1.6953125,0.7447193287037037,11.9375,4.891198836541984,28,1,/mnt/data/ssz/mr/results/Qwen2.5-VL/pope/memvr/analysis/coco_POPE_random/1419.pt
2169,2169,coco_POPE_random,coco_POPE_random,1,0,"Yes,",yes,1.7109375,0.7556423611111112,11.9375,4.978865862848863,28,1,/mnt/data/ssz/mr/results/Qwen2.5-VL/pope/memvr/analysis/coco_POPE_random/2169.pt
681,681,coco_POPE_random,coco_POPE_random,1,0,"Yes,",yes,1.71875,0.7201967592592593,11.9375,4.8862873155556965,28,1,/mnt/data/ssz/mr/results/Qwen2.5-VL/pope/memvr/analysis/coco_POPE_random/681.pt
2922,2922,coco_POPE_random,coco_POPE_random,1,0,No!,no,1.734375,0.7513020833333334,11.9375,5.477516584557869,28,1,/mnt/data/ssz/mr/results/Qwen2.5-VL/pope/memvr/analysis/coco_POPE_random/2922.pt
1420,1420,coco_POPE_random,coco_POPE_random,1,0,No!,no,1.6796875,0.7496383101851852,11.9375,5.547607407034979,28,1,/mnt/data/ssz/mr/results/Qwen2.5-VL/pope/memvr/analysis/coco_POPE_random/1420.pt
2170,2170,coco_POPE_random,coco_POPE_random,1,0,No!,no,1.703125,0.7615740740740741,11.9375,5.499378991996819,28,1,/mnt/data/ssz/mr/results/Qwen2.5-VL/pope/memvr/analysis/coco_POPE_random/2170.pt
2923,2923,coco_POPE_random,coco_POPE_random,1,0,"Yes,",yes,1.765625,0.7281539351851852,11.9375,4.843186970616632,28,2,/mnt/data/ssz/mr/results/Qwen2.5-VL/pope/memvr/analysis/coco_POPE_random/2923.pt
1421,1421,coco_POPE_random,coco_POPE_random,1,0,"Yes,",yes,1.6953125,0.7447193287037037,11.9375,4.935890703767551,28,1,/mnt/data/ssz/mr/results/Qwen2.5-VL/pope/memvr/analysis/coco_POPE_random/1421.pt
682,682,coco_POPE_random,coco_POPE_random,1,0,No!,no,1.703125,0.7252604166666666,11.9375,5.485688881747811,28,1,/mnt/data/ssz/mr/results/Qwen2.5-VL/pope/memvr/analysis/coco_POPE_random/682.pt
2171,2171,coco_POPE_random,coco_POPE_random,1,0,"Yes,",yes,1.7109375,0.7556423611111112,11.9375,4.87862459448546,28,1,/mnt/data/ssz/mr/results/Qwen2.5-VL/pope/memvr/analysis/coco_POPE_random/2171.pt
1422,1422,coco_POPE_random,coco_POPE_random,1,0,No!,no,1.6796875,0.7495659722222222,11.9375,5.571466588939686,28,1,/mnt/data/ssz/mr/results/Qwen2.5-VL/pope/memvr/analysis/coco_POPE_random/1422.pt
2924,2924,coco_POPE_random,coco_POPE_random,1,0,No!,no,1.765625,0.7353877314814815,11.9375,5.546586069265623,28,1,/mnt/data/ssz/mr/results/Qwen2.5-VL/pope/memvr/analysis/coco_POPE_random/2924.pt
2172,2172,coco_POPE_random,coco_POPE_random,1,0,No!,no,1.703125,0.7615740740740741,11.9375,5.648422750370424,28,1,/mnt/data/ssz/mr/results/Qwen2.5-VL/pope/memvr/analysis/coco_POPE_random/2172.pt
683,683,coco_POPE_random,coco_POPE_random,1,0,"Yes,",yes,1.71875,0.7201967592592593,11.9375,4.954197162009098,28,1,/mnt/data/ssz/mr/results/Qwen2.5-VL/pope/memvr/analysis/coco_POPE_random/683.pt
1423,1423,coco_POPE_random,coco_POPE_random,0,0,No!,yes,1.65625,0.7682291666666666,11.9375,5.434915822196295,28,1,/mnt/data/ssz/mr/results/Qwen2.5-VL/pope/memvr/analysis/coco_POPE_random/1423.pt
2925,2925,coco_POPE_random,coco_POPE_random,1,0,"Yes,",yes,1.765625,0.7279369212962963,11.9375,4.869272991184437,28,2,/mnt/data/ssz/mr/results/Qwen2.5-VL/pope/memvr/analysis/coco_POPE_random/2925.pt
2173,2173,coco_POPE_random,coco_POPE_random,0,0,No!,yes,1.703125,0.7381365740740741,11.9375,5.696661915066451,28,1,/mnt/data/ssz/mr/results/Qwen2.5-VL/pope/memvr/analysis/coco_POPE_random/2173.pt
684,684,coco_POPE_random,coco_POPE_random,1,0,No!,no,1.703125,0.7252604166666666,11.9375,5.690539014552181,28,1,/mnt/data/ssz/mr/results/Qwen2.5-VL/pope/memvr/analysis/coco_POPE_random/684.pt
1424,1424,coco_POPE_random,coco_POPE_random,1,0,No!,no,1.65625,0.7682291666666666,11.9375,5.515244171985395,28,1,/mnt/data/ssz/mr/results/Qwen2.5-VL/pope/memvr/analysis/coco_POPE_random/1424.pt
2926,2926,coco_POPE_random,coco_POPE_random,1,0,No!,no,1.765625,0.7353877314814815,11.9375,5.470596117258992,28,1,/mnt/data/ssz/mr/results/Qwen2.5-VL/pope/memvr/analysis/coco_POPE_random/2926.pt
2174,2174,coco_POPE_random,coco_POPE_random,1,0,No!,no,1.703125,0.7381365740740741,11.9375,5.666909489958173,28,1,/mnt/data/ssz/mr/results/Qwen2.5-VL/pope/memvr/analysis/coco_POPE_random/2174.pt
685,685,coco_POPE_random,coco_POPE_random,1,0,"Yes,",yes,1.6796875,0.7598379629629629,11.9375,4.895911519046757,28,2,/mnt/data/ssz/mr/results/Qwen2.5-VL/pope/memvr/analysis/coco_POPE_random/685.pt
2927,2927,coco_POPE_random,coco_POPE_random,0,0,No!,yes,1.765625,0.7353877314814815,11.9375,5.695485486812059,28,1,/mnt/data/ssz/mr/results/Qwen2.5-VL/pope/memvr/analysis/coco_POPE_random/2927.pt
1425,1425,coco_POPE_random,coco_POPE_random,1,0,"Yes,",yes,1.65625,0.7615017361111112,11.9375,4.811107441657888,28,1,/mnt/data/ssz/mr/results/Qwen2.5-VL/pope/memvr/analysis/coco_POPE_random/1425.pt
2175,2175,coco_POPE_random,coco_POPE_random,1,0,"Yes,",yes,1.703125,0.7330729166666666,11.9375,4.974216778769789,28,1,/mnt/data/ssz/mr/results/Qwen2.5-VL/pope/memvr/analysis/coco_POPE_random/2175.pt
686,686,coco_POPE_random,coco_POPE_random,1,0,No!,no,1.6796875,0.7654803240740741,11.9375,5.503902997588331,28,1,/mnt/data/ssz/mr/results/Qwen2.5-VL/pope/memvr/analysis/coco_POPE_random/686.pt
2928,2928,coco_POPE_random,coco_POPE_random,1,0,No!,no,1.765625,0.7353877314814815,11.9375,5.616001646390691,28,1,/mnt/data/ssz/mr/results/Qwen2.5-VL/pope/memvr/analysis/coco_POPE_random/2928.pt
1426,1426,coco_POPE_random,coco_POPE_random,1,0,No!,no,1.65625,0.7682291666666666,11.9375,5.502764258353556,28,1,/mnt/data/ssz/mr/results/Qwen2.5-VL/pope/memvr/analysis/coco_POPE_random/1426.pt
2176,2176,coco_POPE_random,coco_POPE_random,1,0,No!,no,1.703125,0.7381365740740741,11.9375,5.578487252689895,28,1,/mnt/data/ssz/mr/results/Qwen2.5-VL/pope/memvr/analysis/coco_POPE_random/2176.pt
2929,2929,coco_POPE_random,coco_POPE_random,1,0,"Yes,",yes,1.6875,0.7635995370370371,11.9375,4.835479502051331,28,1,/mnt/data/ssz/mr/results/Qwen2.5-VL/pope/memvr/analysis/coco_POPE_random/2929.pt
687,687,coco_POPE_random,coco_POPE_random,1,0,"Yes,",yes,1.6796875,0.7598379629629629,11.9375,5.060405101657227,28,2,/mnt/data/ssz/mr/results/Qwen2.5-VL/pope/memvr/analysis/coco_POPE_random/687.pt
1427,1427,coco_POPE_random,coco_POPE_random,0,0,No!,yes,1.65625,0.7681568287037037,11.9375,5.488917915327279,28,1,/mnt/data/ssz/mr/results/Qwen2.5-VL/pope/memvr/analysis/coco_POPE_random/1427.pt
2930,2930,coco_POPE_random,coco_POPE_random,1,0,No!,no,1.6796875,0.7686631944444444,11.9375,5.511452812569806,28,1,/mnt/data/ssz/mr/results/Qwen2.5-VL/pope/memvr/analysis/coco_POPE_random/2930.pt
1428,1428,coco_POPE_random,coco_POPE_random,1,0,No!,no,1.65625,0.7680844907407407,11.9375,5.450231538720706,28,1,/mnt/data/ssz/mr/results/Qwen2.5-VL/pope/memvr/analysis/coco_POPE_random/1428.pt
2177,2177,coco_POPE_random,coco_POPE_random,1,0,"Yes,",yes,1.703125,0.7330729166666666,11.9375,4.883094967555729,28,1,/mnt/data/ssz/mr/results/Qwen2.5-VL/pope/memvr/analysis/coco_POPE_random/2177.pt
688,688,coco_POPE_random,coco_POPE_random,1,0,No!,no,1.6796875,0.7654803240740741,11.9375,5.578210871250058,28,1,/mnt/data/ssz/mr/results/Qwen2.5-VL/pope/memvr/analysis/coco_POPE_random/688.pt
2931,2931,coco_POPE_random,coco_POPE_random,0,0,No!,yes,1.6796875,0.7682291666666666,11.9375,5.625263371654879,28,1,/mnt/data/ssz/mr/results/Qwen2.5-VL/pope/memvr/analysis/coco_POPE_random/2931.pt
1429,1429,coco_POPE_random,coco_POPE_random,1,0,"Yes,",yes,1.6875,0.7557870370370371,11.9375,4.787701222106739,28,1,/mnt/data/ssz/mr/results/Qwen2.5-VL/pope/memvr/analysis/coco_POPE_random/1429.pt
2178,2178,coco_POPE_random,coco_POPE_random,1,0,No!,no,1.703125,0.7377748842592593,11.9375,5.537796307263839,28,1,/mnt/data/ssz/mr/results/Qwen2.5-VL/pope/memvr/analysis/coco_POPE_random/2178.pt
689,689,coco_POPE_random,coco_POPE_random,1,0,"Yes,",yes,1.6796875,0.7598379629629629,11.9375,4.832695353540502,28,2,/mnt/data/ssz/mr/results/Qwen2.5-VL/pope/memvr/analysis/coco_POPE_random/689.pt
2932,2932,coco_POPE_random,coco_POPE_random,1,0,No!,no,1.6796875,0.7685185185185185,11.9375,5.4899722488924905,28,1,/mnt/data/ssz/mr/results/Qwen2.5-VL/pope/memvr/analysis/coco_POPE_random/2932.pt
1430,1430,coco_POPE_random,coco_POPE_random,1,0,No!,no,1.6796875,0.7598379629629629,11.9375,5.567569646978217,28,1,/mnt/data/ssz/mr/results/Qwen2.5-VL/pope/memvr/analysis/coco_POPE_random/1430.pt
2179,2179,coco_POPE_random,coco_POPE_random,0,0,No!,yes,1.6796875,0.7554253472222222,11.9375,5.50647405583556,28,1,/mnt/data/ssz/mr/results/Qwen2.5-VL/pope/memvr/analysis/coco_POPE_random/2179.pt
690,690,coco_POPE_random,coco_POPE_random,1,0,No!,no,1.6796875,0.7661313657407407,11.9375,5.468157641783317,28,1,/mnt/data/ssz/mr/results/Qwen2.5-VL/pope/memvr/analysis/coco_POPE_random/690.pt
2933,2933,coco_POPE_random,coco_POPE_random,1,0,"Yes,",yes,1.6875,0.7638888888888888,11.9375,4.7955564174247325,28,1,/mnt/data/ssz/mr/results/Qwen2.5-VL/pope/memvr/analysis/coco_POPE_random/2933.pt
1431,1431,coco_POPE_random,coco_POPE_random,1,0,"Yes,",yes,1.6875,0.7557870370370371,11.9375,4.962782243171871,28,1,/mnt/data/ssz/mr/results/Qwen2.5-VL/pope/memvr/analysis/coco_POPE_random/1431.pt
2180,2180,coco_POPE_random,coco_POPE_random,1,0,No!,no,1.6796875,0.7553530092592593,11.9375,5.457946386485415,28,1,/mnt/data/ssz/mr/results/Qwen2.5-VL/pope/memvr/analysis/coco_POPE_random/2180.pt
691,691,coco_POPE_random,coco_POPE_random,1,0,"Yes,",yes,1.71875,0.7432725694444444,11.9375,4.753336758837295,28,1,/mnt/data/ssz/mr/results/Qwen2.5-VL/pope/memvr/analysis/coco_POPE_random/691.pt
2934,2934,coco_POPE_random,coco_POPE_random,1,0,No!,no,1.6796875,0.7685185185185185,11.9375,5.468953938023352,28,1,/mnt/data/ssz/mr/results/Qwen2.5-VL/pope/memvr/analysis/coco_POPE_random/2934.pt
1432,1432,coco_POPE_random,coco_POPE_random,1,0,No!,no,1.6796875,0.7599826388888888,11.9375,5.635937082581347,28,1,/mnt/data/ssz/mr/results/Qwen2.5-VL/pope/memvr/analysis/coco_POPE_random/1432.pt
2181,2181,coco_POPE_random,coco_POPE_random,1,0,"Yes,",yes,1.6875,0.7497106481481481,11.9375,4.951049191625362,28,1,/mnt/data/ssz/mr/results/Qwen2.5-VL/pope/memvr/analysis/coco_POPE_random/2181.pt
692,692,coco_POPE_random,coco_POPE_random,1,0,No!,no,1.6953125,0.7495659722222222,11.9375,5.53324461345227,28,1,/mnt/data/ssz/mr/results/Qwen2.5-VL/pope/memvr/analysis/coco_POPE_random/692.pt
2935,2935,coco_POPE_random,coco_POPE_random,1,0,"Yes,",yes,1.6875,0.7428385416666666,11.9375,4.817301325112002,28,1,/mnt/data/ssz/mr/results/Qwen2.5-VL/pope/memvr/analysis/coco_POPE_random/2935.pt
1433,1433,coco_POPE_random,coco_POPE_random,0,0,No!,yes,1.6796875,0.7598379629629629,11.9375,5.66796726666501,28,1,/mnt/data/ssz/mr/results/Qwen2.5-VL/pope/memvr/analysis/coco_POPE_random/1433.pt
2182,2182,coco_POPE_random,coco_POPE_random,1,0,No!,no,1.6796875,0.7549189814814815,11.9375,5.513803744581733,28,1,/mnt/data/ssz/mr/results/Qwen2.5-VL/pope/memvr/analysis/coco_POPE_random/2182.pt
693,693,coco_POPE_random,coco_POPE_random,1,0,"Yes,",yes,1.71875,0.7432725694444444,11.9375,4.848414963514973,28,1,/mnt/data/ssz/mr/results/Qwen2.5-VL/pope/memvr/analysis/coco_POPE_random/693.pt
2936,2936,coco_POPE_random,coco_POPE_random,1,0,No!,no,1.6875,0.7465277777777778,11.9375,5.432530141740652,28,1,/mnt/data/ssz/mr/results/Qwen2.5-VL/pope/memvr/analysis/coco_POPE_random/2936.pt
1434,1434,coco_POPE_random,coco_POPE_random,1,0,No!,no,1.6796875,0.7598379629629629,11.9375,5.477667463882614,28,1,/mnt/data/ssz/mr/results/Qwen2.5-VL/pope/memvr/analysis/coco_POPE_random/1434.pt
2183,2183,coco_POPE_random,coco_POPE_random,1,0,"Yes,",yes,1.6875,0.7496383101851852,11.9375,4.816619161982775,28,1,/mnt/data/ssz/mr/results/Qwen2.5-VL/pope/memvr/analysis/coco_POPE_random/2183.pt
694,694,coco_POPE_random,coco_POPE_random,1,0,No!,no,1.6953125,0.7491319444444444,11.9375,5.484498034709822,28,1,/mnt/data/ssz/mr/results/Qwen2.5-VL/pope/memvr/analysis/coco_POPE_random/694.pt
2937,2937,coco_POPE_random,coco_POPE_random,0,0,No!,yes,1.6875,0.7473234953703703,11.9375,5.630708056829713,28,1,/mnt/data/ssz/mr/results/Qwen2.5-VL/pope/memvr/analysis/coco_POPE_random/2937.pt
1435,1435,coco_POPE_random,coco_POPE_random,1,0,"Yes,",yes,1.734375,0.7381365740740741,11.9375,4.920379113046676,28,1,/mnt/data/ssz/mr/results/Qwen2.5-VL/pope/memvr/analysis/coco_POPE_random/1435.pt
2184,2184,coco_POPE_random,coco_POPE_random,1,0,No!,no,1.6796875,0.7553530092592593,11.9375,5.636431209386124,28,1,/mnt/data/ssz/mr/results/Qwen2.5-VL/pope/memvr/analysis/coco_POPE_random/2184.pt
695,695,coco_POPE_random,coco_POPE_random,0,0,No!,yes,1.6953125,0.7493489583333334,11.9375,5.557456947849679,28,1,/mnt/data/ssz/mr/results/Qwen2.5-VL/pope/memvr/analysis/coco_POPE_random/695.pt
2938,2938,coco_POPE_random,coco_POPE_random,1,0,No!,no,1.6875,0.7465277777777778,11.9375,5.517540605822025,28,1,/mnt/data/ssz/mr/results/Qwen2.5-VL/pope/memvr/analysis/coco_POPE_random/2938.pt
1436,1436,coco_POPE_random,coco_POPE_random,1,0,No!,no,1.7265625,0.7446469907407407,11.9375,5.582583174127272,28,1,/mnt/data/ssz/mr/results/Qwen2.5-VL/pope/memvr/analysis/coco_POPE_random/1436.pt
2185,2185,coco_POPE_random,coco_POPE_random,1,0,"Yes,",yes,1.671875,0.7361111111111112,11.9375,4.935853218604313,28,1,/mnt/data/ssz/mr/results/Qwen2.5-VL/pope/memvr/analysis/coco_POPE_random/2185.pt
696,696,coco_POPE_random,coco_POPE_random,1,0,No!,no,1.6953125,0.7486255787037037,11.9375,5.55521078307742,28,1,/mnt/data/ssz/mr/results/Qwen2.5-VL/pope/memvr/analysis/coco_POPE_random/696.pt
2939,2939,coco_POPE_random,coco_POPE_random,0,0,No!,yes,1.6875,0.7473234953703703,11.9375,5.433397708235228,28,1,/mnt/data/ssz/mr/results/Qwen2.5-VL/pope/memvr/analysis/coco_POPE_random/2939.pt
1437,1437,coco_POPE_random,coco_POPE_random,0,0,No!,yes,1.7265625,0.7446469907407407,11.9375,5.705807373056881,28,1,/mnt/data/ssz/mr/results/Qwen2.5-VL/pope/memvr/analysis/coco_POPE_random/1437.pt
2186,2186,coco_POPE_random,coco_POPE_random,1,0,No!,no,1.6640625,0.7408130787037037,11.9375,5.641231163618613,28,1,/mnt/data/ssz/mr/results/Qwen2.5-VL/pope/memvr/analysis/coco_POPE_random/2186.pt
697,697,coco_POPE_random,coco_POPE_random,1,0,"Yes,",yes,1.71875,0.7251880787037037,11.9375,4.988686566306326,28,1,/mnt/data/ssz/mr/results/Qwen2.5-VL/pope/memvr/analysis/coco_POPE_random/697.pt
2940,2940,coco_POPE_random,coco_POPE_random,1,0,No!,no,1.6875,0.7465277777777778,11.9375,5.4622862674120904,28,1,/mnt/data/ssz/mr/results/Qwen2.5-VL/pope/memvr/analysis/coco_POPE_random/2940.pt
1438,1438,coco_POPE_random,coco_POPE_random,1,0,No!,no,1.7265625,0.7446469907407407,11.9375,5.625389877498021,28,1,/mnt/data/ssz/mr/results/Qwen2.5-VL/pope/memvr/analysis/coco_POPE_random/1438.pt
2187,2187,coco_POPE_random,coco_POPE_random,0,0,No!,yes,1.6640625,0.7411747685185185,11.9375,5.58562832053827,28,1,/mnt/data/ssz/mr/results/Qwen2.5-VL/pope/memvr/analysis/coco_POPE_random/2187.pt
698,698,coco_POPE_random,coco_POPE_random,1,0,No!,no,1.71875,0.7317708333333334,11.9375,5.513847580820095,28,1,/mnt/data/ssz/mr/results/Qwen2.5-VL/pope/memvr/analysis/coco_POPE_random/698.pt
2941,2941,coco_POPE_random,coco_POPE_random,1,0,"Yes,",yes,1.734375,0.7545572916666666,11.9375,4.794808423211178,28,1,/mnt/data/ssz/mr/results/Qwen2.5-VL/pope/memvr/analysis/coco_POPE_random/2941.pt
1439,1439,coco_POPE_random,coco_POPE_random,1,0,"Yes,",yes,1.734375,0.7381365740740741,11.9375,5.02627672697104,28,1,/mnt/data/ssz/mr/results/Qwen2.5-VL/pope/memvr/analysis/coco_POPE_random/1439.pt
2188,2188,coco_POPE_random,coco_POPE_random,1,0,No!,no,1.6640625,0.7413194444444444,11.9375,5.681011881642415,28,1,/mnt/data/ssz/mr/results/Qwen2.5-VL/pope/memvr/analysis/coco_POPE_random/2188.pt
699,699,coco_POPE_random,coco_POPE_random,1,0,"Yes,",yes,1.71875,0.7251880787037037,11.9375,4.7887837835980855,28,1,/mnt/data/ssz/mr/results/Qwen2.5-VL/pope/memvr/analysis/coco_POPE_random/699.pt
2942,2942,coco_POPE_random,coco_POPE_random,1,0,No!,no,1.734375,0.7582465277777778,11.9375,5.479379668472618,28,1,/mnt/data/ssz/mr/results/Qwen2.5-VL/pope/memvr/analysis/coco_POPE_random/2942.pt
1440,1440,coco_POPE_random,coco_POPE_random,1,0,No!,no,1.7265625,0.7446469907407407,11.9375,5.577708464063421,28,1,/mnt/data/ssz/mr/results/Qwen2.5-VL/pope/memvr/analysis/coco_POPE_random/1440.pt
2189,2189,coco_POPE_random,coco_POPE_random,0,0,No!,yes,1.6640625,0.7411747685185185,11.9375,5.5442299195219675,28,1,/mnt/data/ssz/mr/results/Qwen2.5-VL/pope/memvr/analysis/coco_POPE_random/2189.pt
700,700,coco_POPE_random,coco_POPE_random,1,0,No!,no,1.71875,0.7317708333333334,11.9375,5.521630554872711,28,1,/mnt/data/ssz/mr/results/Qwen2.5-VL/pope/memvr/analysis/coco_POPE_random/700.pt
2943,2943,coco_POPE_random,coco_POPE_random,1,0,"Yes,",yes,1.734375,0.7544126157407407,11.9375,4.9533084517240535,28,1,/mnt/data/ssz/mr/results/Qwen2.5-VL/pope/memvr/analysis/coco_POPE_random/2943.pt
1441,1441,coco_POPE_random,coco_POPE_random,0,0,No!,yes,1.671875,0.7396556712962963,11.9375,5.550649299502813,28,1,/mnt/data/ssz/mr/results/Qwen2.5-VL/pope/memvr/analysis/coco_POPE_random/1441.pt
2190,2190,coco_POPE_random,coco_POPE_random,1,0,No!,no,1.6640625,0.7408130787037037,11.9375,5.625427985470432,28,1,/mnt/data/ssz/mr/results/Qwen2.5-VL/pope/memvr/analysis/coco_POPE_random/2190.pt
701,701,coco_POPE_random,coco_POPE_random,0,0,No!,yes,1.71875,0.7317708333333334,11.9375,5.536570538620975,28,1,/mnt/data/ssz/mr/results/Qwen2.5-VL/pope/memvr/analysis/coco_POPE_random/701.pt
2944,2944,coco_POPE_random,coco_POPE_random,1,0,No!,no,1.734375,0.7581018518518519,11.9375,5.4981236172541195,28,1,/mnt/data/ssz/mr/results/Qwen2.5-VL/pope/memvr/analysis/coco_POPE_random/2944.pt
2191,2191,coco_POPE_random,coco_POPE_random,1,0,"Yes,",yes,1.703125,0.7231626157407407,11.9375,4.909829433381223,28,1,/mnt/data/ssz/mr/results/Qwen2.5-VL/pope/memvr/analysis/coco_POPE_random/2191.pt
1442,1442,coco_POPE_random,coco_POPE_random,1,0,No!,no,1.671875,0.7391493055555556,11.9375,5.440066142822114,28,1,/mnt/data/ssz/mr/results/Qwen2.5-VL/pope/memvr/analysis/coco_POPE_random/1442.pt
702,702,coco_POPE_random,coco_POPE_random,1,0,No!,no,1.71875,0.7317708333333334,11.9375,5.44903921613413,28,1,/mnt/data/ssz/mr/results/Qwen2.5-VL/pope/memvr/analysis/coco_POPE_random/702.pt
2945,2945,coco_POPE_random,coco_POPE_random,0,0,No!,yes,1.734375,0.7581018518518519,11.9375,5.505202332116385,28,1,/mnt/data/ssz/mr/results/Qwen2.5-VL/pope/memvr/analysis/coco_POPE_random/2945.pt
2192,2192,coco_POPE_random,coco_POPE_random,1,0,No!,no,1.703125,0.7256944444444444,11.9375,5.402575687428186,28,1,/mnt/data/ssz/mr/results/Qwen2.5-VL/pope/memvr/analysis/coco_POPE_random/2192.pt
703,703,coco_POPE_random,coco_POPE_random,1,0,"Yes,",yes,1.640625,0.7500723379629629,11.9375,4.926063754662181,28,1,/mnt/data/ssz/mr/results/Qwen2.5-VL/pope/memvr/analysis/coco_POPE_random/703.pt
1443,1443,coco_POPE_random,coco_POPE_random,0,0,No!,yes,1.671875,0.7396556712962963,11.9375,5.598914275852904,28,1,/mnt/data/ssz/mr/results/Qwen2.5-VL/pope/memvr/analysis/coco_POPE_random/1443.pt
2946,2946,coco_POPE_random,coco_POPE_random,1,0,No!,no,1.734375,0.7581018518518519,11.9375,5.493678078128016,28,1,/mnt/data/ssz/mr/results/Qwen2.5-VL/pope/memvr/analysis/coco_POPE_random/2946.pt
2193,2193,coco_POPE_random,coco_POPE_random,1,0,"Yes,",yes,1.703125,0.7231626157407407,11.9375,4.897534572758236,28,1,/mnt/data/ssz/mr/results/Qwen2.5-VL/pope/memvr/analysis/coco_POPE_random/2193.pt
704,704,coco_POPE_random,coco_POPE_random,1,0,No!,no,1.640625,0.7570891203703703,11.9375,5.586500589276511,28,1,/mnt/data/ssz/mr/results/Qwen2.5-VL/pope/memvr/analysis/coco_POPE_random/704.pt
1444,1444,coco_POPE_random,coco_POPE_random,1,0,No!,no,1.671875,0.7396556712962963,11.9375,5.591502523539209,28,1,/mnt/data/ssz/mr/results/Qwen2.5-VL/pope/memvr/analysis/coco_POPE_random/1444.pt
2947,2947,coco_POPE_random,coco_POPE_random,1,0,"Yes,",yes,1.734375,0.7277199074074074,11.9375,4.914025232008877,28,1,/mnt/data/ssz/mr/results/Qwen2.5-VL/pope/memvr/analysis/coco_POPE_random/2947.pt
2194,2194,coco_POPE_random,coco_POPE_random,1,0,No!,no,1.703125,0.7261284722222222,11.9375,5.506288113856358,28,1,/mnt/data/ssz/mr/results/Qwen2.5-VL/pope/memvr/analysis/coco_POPE_random/2194.pt
705,705,coco_POPE_random,coco_POPE_random,0,0,No!,yes,1.640625,0.7570891203703703,11.9375,5.69027194326962,28,1,/mnt/data/ssz/mr/results/Qwen2.5-VL/pope/memvr/analysis/coco_POPE_random/705.pt
2948,2948,coco_POPE_random,coco_POPE_random,1,0,No!,no,1.734375,0.7323495370370371,11.9375,5.506974108345291,28,1,/mnt/data/ssz/mr/results/Qwen2.5-VL/pope/memvr/analysis/coco_POPE_random/2948.pt
1445,1445,coco_POPE_random,coco_POPE_random,0,0,No!,yes,1.671875,0.7391493055555556,11.9375,5.61581329546494,28,1,/mnt/data/ssz/mr/results/Qwen2.5-VL/pope/memvr/analysis/coco_POPE_random/1445.pt
2195,2195,coco_POPE_random,coco_POPE_random,1,0,"Yes,",yes,1.703125,0.7231626157407407,11.9375,4.785867551890112,28,1,/mnt/data/ssz/mr/results/Qwen2.5-VL/pope/memvr/analysis/coco_POPE_random/2195.pt
706,706,coco_POPE_random,coco_POPE_random,1,0,No!,no,1.640625,0.7570891203703703,11.9375,5.6137180731154235,28,1,/mnt/data/ssz/mr/results/Qwen2.5-VL/pope/memvr/analysis/coco_POPE_random/706.pt
2949,2949,coco_POPE_random,coco_POPE_random,1,0,"Yes,",yes,1.734375,0.7277199074074074,11.9375,4.827847132224823,28,1,/mnt/data/ssz/mr/results/Qwen2.5-VL/pope/memvr/analysis/coco_POPE_random/2949.pt
1446,1446,coco_POPE_random,coco_POPE_random,1,0,No!,no,1.671875,0.7391493055555556,11.9375,5.541728944063269,28,1,/mnt/data/ssz/mr/results/Qwen2.5-VL/pope/memvr/analysis/coco_POPE_random/1446.pt
2196,2196,coco_POPE_random,coco_POPE_random,1,0,No!,no,1.703125,0.7261284722222222,11.9375,5.569269008100899,28,1,/mnt/data/ssz/mr/results/Qwen2.5-VL/pope/memvr/analysis/coco_POPE_random/2196.pt
707,707,coco_POPE_random,coco_POPE_random,1,0,"Yes,",yes,1.640625,0.7500723379629629,11.9375,4.904053241767181,28,1,/mnt/data/ssz/mr/results/Qwen2.5-VL/pope/memvr/analysis/coco_POPE_random/707.pt
2950,2950,coco_POPE_random,coco_POPE_random,1,0,No!,no,1.734375,0.7323495370370371,11.9375,5.648193857600953,28,1,/mnt/data/ssz/mr/results/Qwen2.5-VL/pope/memvr/analysis/coco_POPE_random/2950.pt
1447,1447,coco_POPE_random,coco_POPE_random,1,0,"Yes,",yes,1.75,0.7257667824074074,11.9375,4.782511221617261,28,1,/mnt/data/ssz/mr/results/Qwen2.5-VL/pope/memvr/analysis/coco_POPE_random/1447.pt
2197,2197,coco_POPE_random,coco_POPE_random,1,0,"Yes,",yes,1.71875,0.7466724537037037,11.9375,4.855886732247177,28,1,/mnt/data/ssz/mr/results/Qwen2.5-VL/pope/memvr/analysis/coco_POPE_random/2197.pt
708,708,coco_POPE_random,coco_POPE_random,1,0,No!,no,1.640625,0.7570891203703703,11.9375,5.602843138496233,28,1,/mnt/data/ssz/mr/results/Qwen2.5-VL/pope/memvr/analysis/coco_POPE_random/708.pt
2951,2951,coco_POPE_random,coco_POPE_random,0,0,No!,yes,1.734375,0.7323495370370371,11.9375,5.494319761446918,28,1,/mnt/data/ssz/mr/results/Qwen2.5-VL/pope/memvr/analysis/coco_POPE_random/2951.pt
2198,2198,coco_POPE_random,coco_POPE_random,1,0,No!,no,1.71875,0.7489872685185185,11.9375,5.518846199140392,28,1,/mnt/data/ssz/mr/results/Qwen2.5-VL/pope/memvr/analysis/coco_POPE_random/2198.pt
1448,1448,coco_POPE_random,coco_POPE_random,1,0,No!,no,1.75,0.7311197916666666,11.9375,5.524099794551713,28,1,/mnt/data/ssz/mr/results/Qwen2.5-VL/pope/memvr/analysis/coco_POPE_random/1448.pt
709,709,coco_POPE_random,coco_POPE_random,1,0,"Yes,",yes,1.734375,0.7313368055555556,11.9375,4.929461548424901,28,1,/mnt/data/ssz/mr/results/Qwen2.5-VL/pope/memvr/analysis/coco_POPE_random/709.pt
2199,2199,coco_POPE_random,coco_POPE_random,1,0,"Yes,",yes,1.71875,0.7466724537037037,11.9375,4.837872197222803,28,1,/mnt/data/ssz/mr/results/Qwen2.5-VL/pope/memvr/analysis/coco_POPE_random/2199.pt
2952,2952,coco_POPE_random,coco_POPE_random,1,0,No!,no,1.734375,0.7323495370370371,11.9375,5.613081458357132,28,1,/mnt/data/ssz/mr/results/Qwen2.5-VL/pope/memvr/analysis/coco_POPE_random/2952.pt
1449,1449,coco_POPE_random,coco_POPE_random,0,0,No!,yes,1.75,0.7311921296296297,11.9375,5.478455306602437,28,1,/mnt/data/ssz/mr/results/Qwen2.5-VL/pope/memvr/analysis/coco_POPE_random/1449.pt
2200,2200,coco_POPE_random,coco_POPE_random,1,0,No!,no,1.71875,0.7489872685185185,11.9375,5.490253804486256,28,1,/mnt/data/ssz/mr/results/Qwen2.5-VL/pope/memvr/analysis/coco_POPE_random/2200.pt
710,710,coco_POPE_random,coco_POPE_random,1,0,No!,no,1.734375,0.7356047453703703,11.9375,5.558147923324904,28,1,/mnt/data/ssz/mr/results/Qwen2.5-VL/pope/memvr/analysis/coco_POPE_random/710.pt
2953,2953,coco_POPE_random,coco_POPE_random,1,0,"Yes,",yes,1.7265625,0.7464554398148148,11.9375,4.95602186972491,28,1,/mnt/data/ssz/mr/results/Qwen2.5-VL/pope/memvr/analysis/coco_POPE_random/2953.pt
1450,1450,coco_POPE_random,coco_POPE_random,1,0,No!,no,1.75,0.7310474537037037,11.9375,5.569372285003706,28,1,/mnt/data/ssz/mr/results/Qwen2.5-VL/pope/memvr/analysis/coco_POPE_random/1450.pt
2201,2201,coco_POPE_random,coco_POPE_random,0,0,No!,yes,1.71875,0.7489872685185185,11.9375,5.434563748652941,28,1,/mnt/data/ssz/mr/results/Qwen2.5-VL/pope/memvr/analysis/coco_POPE_random/2201.pt
711,711,coco_POPE_random,coco_POPE_random,1,0,"Yes,",yes,1.734375,0.7313368055555556,11.9375,4.846121504848653,28,1,/mnt/data/ssz/mr/results/Qwen2.5-VL/pope/memvr/analysis/coco_POPE_random/711.pt
2954,2954,coco_POPE_random,coco_POPE_random,1,0,No!,no,1.71875,0.7510127314814815,11.9375,5.548887015900587,28,1,/mnt/data/ssz/mr/results/Qwen2.5-VL/pope/memvr/analysis/coco_POPE_random/2954.pt
1451,1451,coco_POPE_random,coco_POPE_random,1,0,"Yes,",yes,1.75,0.7257667824074074,11.9375,4.802785843454082,28,1,/mnt/data/ssz/mr/results/Qwen2.5-VL/pope/memvr/analysis/coco_POPE_random/1451.pt
2202,2202,coco_POPE_random,coco_POPE_random,1,0,No!,no,1.71875,0.7489872685185185,11.9375,5.538330457099172,28,1,/mnt/data/ssz/mr/results/Qwen2.5-VL/pope/memvr/analysis/coco_POPE_random/2202.pt
2955,2955,coco_POPE_random,coco_POPE_random,0,0,No!,yes,1.71875,0.7510127314814815,11.9375,5.536213808967126,28,1,/mnt/data/ssz/mr/results/Qwen2.5-VL/pope/memvr/analysis/coco_POPE_random/2955.pt
712,712,coco_POPE_random,coco_POPE_random,1,0,No!,no,1.734375,0.7352430555555556,11.9375,5.6360542666369176,28,1,/mnt/data/ssz/mr/results/Qwen2.5-VL/pope/memvr/analysis/coco_POPE_random/712.pt
2203,2203,coco_POPE_random,coco_POPE_random,1,0,"Yes,",yes,1.6875,0.7462384259259259,11.9375,4.84239021367899,28,1,/mnt/data/ssz/mr/results/Qwen2.5-VL/pope/memvr/analysis/coco_POPE_random/2203.pt
1452,1452,coco_POPE_random,coco_POPE_random,1,0,No!,no,1.75,0.7311921296296297,11.9375,5.5578997139648045,28,1,/mnt/data/ssz/mr/results/Qwen2.5-VL/pope/memvr/analysis/coco_POPE_random/1452.pt
2956,2956,coco_POPE_random,coco_POPE_random,1,0,No!,no,1.71875,0.7510127314814815,11.9375,5.643884084082699,28,1,/mnt/data/ssz/mr/results/Qwen2.5-VL/pope/memvr/analysis/coco_POPE_random/2956.pt
713,713,coco_POPE_random,coco_POPE_random,1,0,"Yes,",yes,1.734375,0.7313368055555556,11.9375,4.851675904502969,28,1,/mnt/data/ssz/mr/results/Qwen2.5-VL/pope/memvr/analysis/coco_POPE_random/713.pt
2204,2204,coco_POPE_random,coco_POPE_random,1,0,No!,no,1.671875,0.7479745370370371,11.9375,5.464207517445904,28,1,/mnt/data/ssz/mr/results/Qwen2.5-VL/pope/memvr/analysis/coco_POPE_random/2204.pt
1453,1453,coco_POPE_random,coco_POPE_random,1,0,"Yes,",yes,1.6796875,0.7542679398148148,11.9375,4.841338416449134,28,1,/mnt/data/ssz/mr/results/Qwen2.5-VL/pope/memvr/analysis/coco_POPE_random/1453.pt
2957,2957,coco_POPE_random,coco_POPE_random,1,0,"Yes,",yes,1.7265625,0.7465277777777778,11.9375,4.773587527897627,28,1,/mnt/data/ssz/mr/results/Qwen2.5-VL/pope/memvr/analysis/coco_POPE_random/2957.pt
2205,2205,coco_POPE_random,coco_POPE_random,0,0,No!,yes,1.6796875,0.7474681712962963,11.9375,5.446116442968983,28,1,/mnt/data/ssz/mr/results/Qwen2.5-VL/pope/memvr/analysis/coco_POPE_random/2205.pt
714,714,coco_POPE_random,coco_POPE_random,1,0,No!,no,1.734375,0.7355324074074074,11.9375,5.61664566367409,28,1,/mnt/data/ssz/mr/results/Qwen2.5-VL/pope/memvr/analysis/coco_POPE_random/714.pt
1454,1454,coco_POPE_random,coco_POPE_random,1,0,No!,no,1.671875,0.7581741898148148,11.9375,5.604164300806023,28,1,/mnt/data/ssz/mr/results/Qwen2.5-VL/pope/memvr/analysis/coco_POPE_random/1454.pt
2958,2958,coco_POPE_random,coco_POPE_random,1,0,No!,no,1.71875,0.7510127314814815,11.9375,5.6236400180100174,28,1,/mnt/data/ssz/mr/results/Qwen2.5-VL/pope/memvr/analysis/coco_POPE_random/2958.pt
2206,2206,coco_POPE_random,coco_POPE_random,1,0,No!,no,1.6796875,0.7474681712962963,11.9375,5.470804335165751,28,1,/mnt/data/ssz/mr/results/Qwen2.5-VL/pope/memvr/analysis/coco_POPE_random/2206.pt
715,715,coco_POPE_random,coco_POPE_random,0,0,No!,yes,1.703125,0.7634548611111112,11.9375,5.534198715138857,28,1,/mnt/data/ssz/mr/results/Qwen2.5-VL/pope/memvr/analysis/coco_POPE_random/715.pt
1455,1455,coco_POPE_random,coco_POPE_random,1,0,"Yes,",yes,1.6796875,0.7542679398148148,11.9375,4.8521259987198295,28,1,/mnt/data/ssz/mr/results/Qwen2.5-VL/pope/memvr/analysis/coco_POPE_random/1455.pt
2959,2959,coco_POPE_random,coco_POPE_random,0,0,No!,yes,1.734375,0.7468894675925926,11.9375,5.514938494709731,28,1,/mnt/data/ssz/mr/results/Qwen2.5-VL/pope/memvr/analysis/coco_POPE_random/2959.pt
2207,2207,coco_POPE_random,coco_POPE_random,1,0,"Yes,",yes,1.6875,0.7462384259259259,11.9375,4.684703822672325,28,1,/mnt/data/ssz/mr/results/Qwen2.5-VL/pope/memvr/analysis/coco_POPE_random/2207.pt
716,716,coco_POPE_random,coco_POPE_random,1,0,No!,no,1.703125,0.7634548611111112,11.9375,5.507884797680037,28,1,/mnt/data/ssz/mr/results/Qwen2.5-VL/pope/memvr/analysis/coco_POPE_random/716.pt
1456,1456,coco_POPE_random,coco_POPE_random,1,0,No!,no,1.671875,0.7581741898148148,11.9375,5.656929967568775,28,1,/mnt/data/ssz/mr/results/Qwen2.5-VL/pope/memvr/analysis/coco_POPE_random/1456.pt
2960,2960,coco_POPE_random,coco_POPE_random,1,0,No!,no,1.734375,0.7471064814814815,11.9375,5.5168733571195565,28,1,/mnt/data/ssz/mr/results/Qwen2.5-VL/pope/memvr/analysis/coco_POPE_random/2960.pt
2208,2208,coco_POPE_random,coco_POPE_random,1,0,No!,no,1.6796875,0.7474681712962963,11.9375,5.415434223833817,28,1,/mnt/data/ssz/mr/results/Qwen2.5-VL/pope/memvr/analysis/coco_POPE_random/2208.pt
717,717,coco_POPE_random,coco_POPE_random,0,0,No!,yes,1.703125,0.7634548611111112,11.9375,5.4751722428785605,28,1,/mnt/data/ssz/mr/results/Qwen2.5-VL/pope/memvr/analysis/coco_POPE_random/717.pt
2961,2961,coco_POPE_random,coco_POPE_random,1,0,"Yes,",yes,1.734375,0.7393663194444444,11.9375,4.892948947108507,28,1,/mnt/data/ssz/mr/results/Qwen2.5-VL/pope/memvr/analysis/coco_POPE_random/2961.pt
1457,1457,coco_POPE_random,coco_POPE_random,0,0,No!,yes,1.671875,0.7585358796296297,11.9375,5.583374775131358,28,1,/mnt/data/ssz/mr/results/Qwen2.5-VL/pope/memvr/analysis/coco_POPE_random/1457.pt
2209,2209,coco_POPE_random,coco_POPE_random,1,0,"Yes,",yes,1.71875,0.7248987268518519,11.9375,4.804478871319024,28,1,/mnt/data/ssz/mr/results/Qwen2.5-VL/pope/memvr/analysis/coco_POPE_random/2209.pt
718,718,coco_POPE_random,coco_POPE_random,1,0,No!,no,1.703125,0.7634548611111112,11.9375,5.552572973827848,28,1,/mnt/data/ssz/mr/results/Qwen2.5-VL/pope/memvr/analysis/coco_POPE_random/718.pt
2962,2962,coco_POPE_random,coco_POPE_random,1,0,No!,no,1.734375,0.7471064814814815,11.9375,5.569020261459337,28,1,/mnt/data/ssz/mr/results/Qwen2.5-VL/pope/memvr/analysis/coco_POPE_random/2962.pt
1458,1458,coco_POPE_random,coco_POPE_random,1,0,No!,no,1.671875,0.7581741898148148,11.9375,5.484388727582223,28,1,/mnt/data/ssz/mr/results/Qwen2.5-VL/pope/memvr/analysis/coco_POPE_random/1458.pt
2210,2210,coco_POPE_random,coco_POPE_random,1,0,No!,no,1.71875,0.7311921296296297,11.9375,5.609415072081918,28,1,/mnt/data/ssz/mr/results/Qwen2.5-VL/pope/memvr/analysis/coco_POPE_random/2210.pt
719,719,coco_POPE_random,coco_POPE_random,0,0,No!,yes,1.703125,0.7634548611111112,11.9375,5.499480911459802,28,1,/mnt/data/ssz/mr/results/Qwen2.5-VL/pope/memvr/analysis/coco_POPE_random/719.pt
2963,2963,coco_POPE_random,coco_POPE_random,1,0,"Yes,",yes,1.734375,0.7395833333333334,11.9375,4.778165695807198,28,1,/mnt/data/ssz/mr/results/Qwen2.5-VL/pope/memvr/analysis/coco_POPE_random/2963.pt
1459,1459,coco_POPE_random,coco_POPE_random,1,0,"Yes,",yes,1.7265625,0.7311921296296297,11.9375,4.922114932593859,28,1,/mnt/data/ssz/mr/results/Qwen2.5-VL/pope/memvr/analysis/coco_POPE_random/1459.pt
720,720,coco_POPE_random,coco_POPE_random,1,0,No!,no,1.703125,0.7634548611111112,11.9375,5.492091663416557,28,1,/mnt/data/ssz/mr/results/Qwen2.5-VL/pope/memvr/analysis/coco_POPE_random/720.pt
2211,2211,coco_POPE_random,coco_POPE_random,1,0,"Yes,",yes,1.71875,0.724609375,11.9375,4.94394363502369,28,1,/mnt/data/ssz/mr/results/Qwen2.5-VL/pope/memvr/analysis/coco_POPE_random/2211.pt
2964,2964,coco_POPE_random,coco_POPE_random,1,0,No!,no,1.734375,0.7471064814814815,11.9375,5.525233868401033,28,1,/mnt/data/ssz/mr/results/Qwen2.5-VL/pope/memvr/analysis/coco_POPE_random/2964.pt
1460,1460,coco_POPE_random,coco_POPE_random,1,0,No!,no,1.71875,0.7391493055555556,11.9375,5.616068132407667,28,1,/mnt/data/ssz/mr/results/Qwen2.5-VL/pope/memvr/analysis/coco_POPE_random/1460.pt
721,721,coco_POPE_random,coco_POPE_random,1,0,"Yes,",yes,1.734375,0.7412471064814815,11.9375,4.958391902244207,28,1,/mnt/data/ssz/mr/results/Qwen2.5-VL/pope/memvr/analysis/coco_POPE_random/721.pt
2212,2212,coco_POPE_random,coco_POPE_random,1,0,No!,no,1.71875,0.7311921296296297,11.9375,5.54096790310723,28,1,/mnt/data/ssz/mr/results/Qwen2.5-VL/pope/memvr/analysis/coco_POPE_random/2212.pt
2965,2965,coco_POPE_random,coco_POPE_random,1,0,"Yes,",yes,1.71875,0.7693865740740741,11.9375,4.872633402697509,28,1,/mnt/data/ssz/mr/results/Qwen2.5-VL/pope/memvr/analysis/coco_POPE_random/2965.pt
1461,1461,coco_POPE_random,coco_POPE_random,1,0,"Yes,",yes,1.7265625,0.7311921296296297,11.9375,4.828887214368354,28,1,/mnt/data/ssz/mr/results/Qwen2.5-VL/pope/memvr/analysis/coco_POPE_random/1461.pt
722,722,coco_POPE_random,coco_POPE_random,1,0,No!,no,1.734375,0.7457320601851852,11.9375,5.721600083592609,28,1,/mnt/data/ssz/mr/results/Qwen2.5-VL/pope/memvr/analysis/coco_POPE_random/722.pt
2213,2213,coco_POPE_random,coco_POPE_random,0,0,No!,yes,1.71875,0.7311921296296297,11.9375,5.55945367893758,28,1,/mnt/data/ssz/mr/results/Qwen2.5-VL/pope/memvr/analysis/coco_POPE_random/2213.pt
2966,2966,coco_POPE_random,coco_POPE_random,1,0,No!,no,1.71875,0.7730034722222222,11.9375,5.598072287666519,28,1,/mnt/data/ssz/mr/results/Qwen2.5-VL/pope/memvr/analysis/coco_POPE_random/2966.pt
1462,1462,coco_POPE_random,coco_POPE_random,1,0,No!,no,1.71875,0.7391493055555556,11.9375,5.5564126603050354,28,1,/mnt/data/ssz/mr/results/Qwen2.5-VL/pope/memvr/analysis/coco_POPE_random/1462.pt
723,723,coco_POPE_random,coco_POPE_random,1,0,"Yes,",yes,1.734375,0.7412471064814815,11.9375,5.091416907521723,28,1,/mnt/data/ssz/mr/results/Qwen2.5-VL/pope/memvr/analysis/coco_POPE_random/723.pt
2214,2214,coco_POPE_random,coco_POPE_random,1,0,No!,no,1.71875,0.7322048611111112,11.9375,5.557111249627081,28,1,/mnt/data/ssz/mr/results/Qwen2.5-VL/pope/memvr/analysis/coco_POPE_random/2214.pt
2967,2967,coco_POPE_random,coco_POPE_random,1,0,"Yes,",yes,1.71875,0.7693865740740741,11.9375,5.136641915590549,28,1,/mnt/data/ssz/mr/results/Qwen2.5-VL/pope/memvr/analysis/coco_POPE_random/2967.pt
1463,1463,coco_POPE_random,coco_POPE_random,0,0,No!,yes,1.71875,0.7391493055555556,11.9375,5.655429719533803,28,1,/mnt/data/ssz/mr/results/Qwen2.5-VL/pope/memvr/analysis/coco_POPE_random/1463.pt
724,724,coco_POPE_random,coco_POPE_random,1,0,No!,no,1.734375,0.7456597222222222,11.9375,5.559947047885489,28,1,/mnt/data/ssz/mr/results/Qwen2.5-VL/pope/memvr/analysis/coco_POPE_random/724.pt
2215,2215,coco_POPE_random,coco_POPE_random,1,0,"Yes,",yes,1.7421875,0.7427662037037037,11.9375,4.917167924914965,28,1,/mnt/data/ssz/mr/results/Qwen2.5-VL/pope/memvr/analysis/coco_POPE_random/2215.pt
2968,2968,coco_POPE_random,coco_POPE_random,1,0,No!,no,1.71875,0.7728587962962963,11.9375,5.563552651961298,28,1,/mnt/data/ssz/mr/results/Qwen2.5-VL/pope/memvr/analysis/coco_POPE_random/2968.pt
2216,2216,coco_POPE_random,coco_POPE_random,1,0,No!,no,1.734375,0.7478298611111112,11.9375,5.631701099691845,28,1,/mnt/data/ssz/mr/results/Qwen2.5-VL/pope/memvr/analysis/coco_POPE_random/2216.pt
1464,1464,coco_POPE_random,coco_POPE_random,1,0,No!,no,1.71875,0.7391493055555556,11.9375,5.5064628330608265,28,1,/mnt/data/ssz/mr/results/Qwen2.5-VL/pope/memvr/analysis/coco_POPE_random/1464.pt
2969,2969,coco_POPE_random,coco_POPE_random,0,0,No!,yes,1.71875,0.7731481481481481,11.9375,5.557489728466266,28,1,/mnt/data/ssz/mr/results/Qwen2.5-VL/pope/memvr/analysis/coco_POPE_random/2969.pt
725,725,coco_POPE_random,coco_POPE_random,1,0,"Yes,",yes,1.734375,0.7412471064814815,11.9375,5.000847996613912,28,1,/mnt/data/ssz/mr/results/Qwen2.5-VL/pope/memvr/analysis/coco_POPE_random/725.pt
2217,2217,coco_POPE_random,coco_POPE_random,1,0,"Yes,",yes,1.7421875,0.7427662037037037,11.9375,5.068248415400955,28,1,/mnt/data/ssz/mr/results/Qwen2.5-VL/pope/memvr/analysis/coco_POPE_random/2217.pt
1465,1465,coco_POPE_random,coco_POPE_random,1,0,"Yes,",yes,1.703125,0.7435619212962963,11.9375,4.823646077213081,28,1,/mnt/data/ssz/mr/results/Qwen2.5-VL/pope/memvr/analysis/coco_POPE_random/1465.pt
2970,2970,coco_POPE_random,coco_POPE_random,1,0,No!,no,1.71875,0.7731481481481481,11.9375,5.666301007432123,28,1,/mnt/data/ssz/mr/results/Qwen2.5-VL/pope/memvr/analysis/coco_POPE_random/2970.pt
726,726,coco_POPE_random,coco_POPE_random,1,0,No!,no,1.734375,0.7458043981481481,11.9375,5.553773696885605,28,1,/mnt/data/ssz/mr/results/Qwen2.5-VL/pope/memvr/analysis/coco_POPE_random/726.pt
2218,2218,coco_POPE_random,coco_POPE_random,1,0,No!,no,1.734375,0.7478298611111112,11.9375,5.580914249496157,28,1,/mnt/data/ssz/mr/results/Qwen2.5-VL/pope/memvr/analysis/coco_POPE_random/2218.pt
1466,1466,coco_POPE_random,coco_POPE_random,1,0,No!,no,1.703125,0.7479745370370371,11.9375,5.632287921347848,28,1,/mnt/data/ssz/mr/results/Qwen2.5-VL/pope/memvr/analysis/coco_POPE_random/1466.pt
2971,2971,coco_POPE_random,coco_POPE_random,1,0,"Yes,",yes,1.71875,0.7444299768518519,11.9375,5.027574558001829,28,1,/mnt/data/ssz/mr/results/Qwen2.5-VL/pope/memvr/analysis/coco_POPE_random/2971.pt
727,727,coco_POPE_random,coco_POPE_random,1,0,"Yes,",yes,1.734375,0.7165798611111112,11.9375,4.880068014906315,28,2,/mnt/data/ssz/mr/results/Qwen2.5-VL/pope/memvr/analysis/coco_POPE_random/727.pt
2219,2219,coco_POPE_random,coco_POPE_random,1,0,"Yes,",yes,1.7421875,0.7427662037037037,11.9375,4.910024213372524,28,1,/mnt/data/ssz/mr/results/Qwen2.5-VL/pope/memvr/analysis/coco_POPE_random/2219.pt
1467,1467,coco_POPE_random,coco_POPE_random,0,0,No!,yes,1.703125,0.7501446759259259,11.9375,5.669770144432199,28,1,/mnt/data/ssz/mr/results/Qwen2.5-VL/pope/memvr/analysis/coco_POPE_random/1467.pt
2972,2972,coco_POPE_random,coco_POPE_random,1,0,No!,no,1.71875,0.7508680555555556,11.9375,5.735392029261706,28,1,/mnt/data/ssz/mr/results/Qwen2.5-VL/pope/memvr/analysis/coco_POPE_random/2972.pt
728,728,coco_POPE_random,coco_POPE_random,1,0,No!,no,1.734375,0.7213541666666666,11.9375,5.514877040424819,28,1,/mnt/data/ssz/mr/results/Qwen2.5-VL/pope/memvr/analysis/coco_POPE_random/728.pt
2220,2220,coco_POPE_random,coco_POPE_random,1,0,No!,no,1.734375,0.7478298611111112,11.9375,5.477569076721732,28,1,/mnt/data/ssz/mr/results/Qwen2.5-VL/pope/memvr/analysis/coco_POPE_random/2220.pt
1468,1468,coco_POPE_random,coco_POPE_random,1,0,No!,no,1.703125,0.7479745370370371,11.9375,5.61552571967758,28,1,/mnt/data/ssz/mr/results/Qwen2.5-VL/pope/memvr/analysis/coco_POPE_random/1468.pt
2973,2973,coco_POPE_random,coco_POPE_random,1,0,"Yes,",yes,1.71875,0.7444299768518519,11.9375,4.8743532244065895,28,1,/mnt/data/ssz/mr/results/Qwen2.5-VL/pope/memvr/analysis/coco_POPE_random/2973.pt
729,729,coco_POPE_random,coco_POPE_random,1,0,"Yes,",yes,1.734375,0.7165798611111112,11.9375,4.926692845870892,28,2,/mnt/data/ssz/mr/results/Qwen2.5-VL/pope/memvr/analysis/coco_POPE_random/729.pt
2221,2221,coco_POPE_random,coco_POPE_random,1,0,"Yes,",yes,1.734375,0.7596209490740741,11.9375,4.741815393146362,28,1,/mnt/data/ssz/mr/results/Qwen2.5-VL/pope/memvr/analysis/coco_POPE_random/2221.pt
1469,1469,coco_POPE_random,coco_POPE_random,1,0,"Yes,",yes,1.703125,0.7435619212962963,11.9375,4.99681105290251,28,1,/mnt/data/ssz/mr/results/Qwen2.5-VL/pope/memvr/analysis/coco_POPE_random/1469.pt
2974,2974,coco_POPE_random,coco_POPE_random,1,0,No!,no,1.71875,0.7507957175925926,11.9375,5.639212381035969,28,1,/mnt/data/ssz/mr/results/Qwen2.5-VL/pope/memvr/analysis/coco_POPE_random/2974.pt
730,730,coco_POPE_random,coco_POPE_random,1,0,No!,no,1.734375,0.7219328703703703,11.9375,5.534745839270507,28,1,/mnt/data/ssz/mr/results/Qwen2.5-VL/pope/memvr/analysis/coco_POPE_random/730.pt
2222,2222,coco_POPE_random,coco_POPE_random,1,0,No!,no,1.734375,0.7644675925925926,11.9375,5.516260119063896,28,1,/mnt/data/ssz/mr/results/Qwen2.5-VL/pope/memvr/analysis/coco_POPE_random/2222.pt
1470,1470,coco_POPE_random,coco_POPE_random,1,0,No!,no,1.7109375,0.7484085648148148,11.9375,5.563539662325638,28,1,/mnt/data/ssz/mr/results/Qwen2.5-VL/pope/memvr/analysis/coco_POPE_random/1470.pt
2975,2975,coco_POPE_random,coco_POPE_random,1,0,"Yes,",yes,1.71875,0.7444299768518519,11.9375,4.809343798682175,28,1,/mnt/data/ssz/mr/results/Qwen2.5-VL/pope/memvr/analysis/coco_POPE_random/2975.pt
731,731,coco_POPE_random,coco_POPE_random,1,0,"Yes,",yes,1.734375,0.7171585648148148,11.9375,4.963113791565526,28,2,/mnt/data/ssz/mr/results/Qwen2.5-VL/pope/memvr/analysis/coco_POPE_random/731.pt
2223,2223,coco_POPE_random,coco_POPE_random,1,0,"Yes,",yes,1.734375,0.7596209490740741,11.9375,5.046991186541648,28,1,/mnt/data/ssz/mr/results/Qwen2.5-VL/pope/memvr/analysis/coco_POPE_random/2223.pt
1471,1471,coco_POPE_random,coco_POPE_random,1,0,"Yes,",yes,1.734375,0.7599103009259259,11.9375,4.86301343897914,28,1,/mnt/data/ssz/mr/results/Qwen2.5-VL/pope/memvr/analysis/coco_POPE_random/1471.pt
2976,2976,coco_POPE_random,coco_POPE_random,1,0,No!,no,1.71875,0.7508680555555556,11.9375,5.672136900658094,28,1,/mnt/data/ssz/mr/results/Qwen2.5-VL/pope/memvr/analysis/coco_POPE_random/2976.pt
732,732,coco_POPE_random,coco_POPE_random,1,0,No!,no,1.734375,0.7213541666666666,11.9375,5.5573997319055985,28,1,/mnt/data/ssz/mr/results/Qwen2.5-VL/pope/memvr/analysis/coco_POPE_random/732.pt
2224,2224,coco_POPE_random,coco_POPE_random,1,0,No!,no,1.734375,0.7644675925925926,11.9375,5.423767840580287,28,1,/mnt/data/ssz/mr/results/Qwen2.5-VL/pope/memvr/analysis/coco_POPE_random/2224.pt
2977,2977,coco_POPE_random,coco_POPE_random,1,0,"Yes,",yes,1.71875,0.7399450231481481,11.9375,4.999921509675636,28,1,/mnt/data/ssz/mr/results/Qwen2.5-VL/pope/memvr/analysis/coco_POPE_random/2977.pt
733,733,coco_POPE_random,coco_POPE_random,1,0,"Yes,",yes,1.7265625,0.7454427083333334,11.9375,4.8180441204218125,28,1,/mnt/data/ssz/mr/results/Qwen2.5-VL/pope/memvr/analysis/coco_POPE_random/733.pt
1472,1472,coco_POPE_random,coco_POPE_random,1,0,No!,no,1.734375,0.7646122685185185,11.9375,5.594203379210551,28,1,/mnt/data/ssz/mr/results/Qwen2.5-VL/pope/memvr/analysis/coco_POPE_random/1472.pt
2225,2225,coco_POPE_random,coco_POPE_random,1,0,"Yes,",yes,1.734375,0.7596209490740741,11.9375,4.928068839578592,28,1,/mnt/data/ssz/mr/results/Qwen2.5-VL/pope/memvr/analysis/coco_POPE_random/2225.pt
2978,2978,coco_POPE_random,coco_POPE_random,1,0,No!,no,1.7109375,0.7445023148148148,11.9375,5.736698812935033,28,1,/mnt/data/ssz/mr/results/Qwen2.5-VL/pope/memvr/analysis/coco_POPE_random/2978.pt
734,734,coco_POPE_random,coco_POPE_random,1,0,No!,no,1.71875,0.7523148148148148,11.9375,5.586456372022581,28,1,/mnt/data/ssz/mr/results/Qwen2.5-VL/pope/memvr/analysis/coco_POPE_random/734.pt
1473,1473,coco_POPE_random,coco_POPE_random,1,0,"Yes,",yes,1.734375,0.7599103009259259,11.9375,5.083056323724043,28,1,/mnt/data/ssz/mr/results/Qwen2.5-VL/pope/memvr/analysis/coco_POPE_random/1473.pt
2979,2979,coco_POPE_random,coco_POPE_random,1,0,"Yes,",yes,1.71875,0.7400173611111112,11.9375,5.0692373824566355,28,1,/mnt/data/ssz/mr/results/Qwen2.5-VL/pope/memvr/analysis/coco_POPE_random/2979.pt
2226,2226,coco_POPE_random,coco_POPE_random,1,0,No!,no,1.734375,0.7647569444444444,11.9375,5.502734408477847,28,1,/mnt/data/ssz/mr/results/Qwen2.5-VL/pope/memvr/analysis/coco_POPE_random/2226.pt
735,735,coco_POPE_random,coco_POPE_random,1,0,"Yes,",yes,1.7265625,0.7449363425925926,11.9375,4.725693349295382,28,1,/mnt/data/ssz/mr/results/Qwen2.5-VL/pope/memvr/analysis/coco_POPE_random/735.pt
1474,1474,coco_POPE_random,coco_POPE_random,1,0,No!,no,1.734375,0.7650462962962963,11.9375,5.597729586328506,28,1,/mnt/data/ssz/mr/results/Qwen2.5-VL/pope/memvr/analysis/coco_POPE_random/1474.pt
2980,2980,coco_POPE_random,coco_POPE_random,1,0,No!,no,1.7109375,0.7444299768518519,11.9375,5.658772009277214,28,1,/mnt/data/ssz/mr/results/Qwen2.5-VL/pope/memvr/analysis/coco_POPE_random/2980.pt
2227,2227,coco_POPE_random,coco_POPE_random,1,0,"Yes,",yes,1.734375,0.7444299768518519,11.9375,4.995206974114591,28,2,/mnt/data/ssz/mr/results/Qwen2.5-VL/pope/memvr/analysis/coco_POPE_random/2227.pt
736,736,coco_POPE_random,coco_POPE_random,1,0,No!,no,1.71875,0.7523148148148148,11.9375,5.516066342524686,28,1,/mnt/data/ssz/mr/results/Qwen2.5-VL/pope/memvr/analysis/coco_POPE_random/736.pt
1475,1475,coco_POPE_random,coco_POPE_random,0,0,No!,yes,1.734375,0.7650462962962963,11.9375,5.593372984815907,28,1,/mnt/data/ssz/mr/results/Qwen2.5-VL/pope/memvr/analysis/coco_POPE_random/1475.pt
2981,2981,coco_POPE_random,coco_POPE_random,1,0,"Yes,",yes,1.71875,0.7400173611111112,11.9375,4.896776003531004,28,1,/mnt/data/ssz/mr/results/Qwen2.5-VL/pope/memvr/analysis/coco_POPE_random/2981.pt
2228,2228,coco_POPE_random,coco_POPE_random,1,0,No!,no,1.734375,0.7531828703703703,11.9375,5.629342025538602,28,1,/mnt/data/ssz/mr/results/Qwen2.5-VL/pope/memvr/analysis/coco_POPE_random/2228.pt
737,737,coco_POPE_random,coco_POPE_random,1,0,"Yes,",yes,1.7265625,0.7449363425925926,11.9375,4.789817505626507,28,1,/mnt/data/ssz/mr/results/Qwen2.5-VL/pope/memvr/analysis/coco_POPE_random/737.pt
1476,1476,coco_POPE_random,coco_POPE_random,1,0,No!,no,1.734375,0.7650462962962963,11.9375,5.48448578594599,28,1,/mnt/data/ssz/mr/results/Qwen2.5-VL/pope/memvr/analysis/coco_POPE_random/1476.pt
2982,2982,coco_POPE_random,coco_POPE_random,1,0,No!,no,1.7109375,0.7444299768518519,11.9375,5.68803516338624,28,1,/mnt/data/ssz/mr/results/Qwen2.5-VL/pope/memvr/analysis/coco_POPE_random/2982.pt
2229,2229,coco_POPE_random,coco_POPE_random,0,0,No!,yes,1.734375,0.7531828703703703,11.9375,5.732646392644303,28,1,/mnt/data/ssz/mr/results/Qwen2.5-VL/pope/memvr/analysis/coco_POPE_random/2229.pt
738,738,coco_POPE_random,coco_POPE_random,1,0,No!,no,1.71875,0.7518084490740741,11.9375,5.52712259437167,28,1,/mnt/data/ssz/mr/results/Qwen2.5-VL/pope/memvr/analysis/coco_POPE_random/738.pt
1477,1477,coco_POPE_random,coco_POPE_random,0,0,No!,yes,1.671875,0.7621527777777778,11.9375,5.501106173264879,28,1,/mnt/data/ssz/mr/results/Qwen2.5-VL/pope/memvr/analysis/coco_POPE_random/1477.pt
2230,2230,coco_POPE_random,coco_POPE_random,1,0,No!,no,1.734375,0.7531828703703703,11.9375,5.568228172830756,28,1,/mnt/data/ssz/mr/results/Qwen2.5-VL/pope/memvr/analysis/coco_POPE_random/2230.pt
2983,2983,coco_POPE_random,coco_POPE_random,1,0,"Yes,",yes,1.703125,0.7311197916666666,11.9375,4.835793367002698,28,1,/mnt/data/ssz/mr/results/Qwen2.5-VL/pope/memvr/analysis/coco_POPE_random/2983.pt
739,739,coco_POPE_random,coco_POPE_random,1,0,"Yes,",yes,1.7265625,0.7453703703703703,11.9375,5.0206259793108075,28,2,/mnt/data/ssz/mr/results/Qwen2.5-VL/pope/memvr/analysis/coco_POPE_random/739.pt
1478,1478,coco_POPE_random,coco_POPE_random,1,0,No!,no,1.671875,0.7621527777777778,11.9375,5.500012230092995,28,1,/mnt/data/ssz/mr/results/Qwen2.5-VL/pope/memvr/analysis/coco_POPE_random/1478.pt
2231,2231,coco_POPE_random,coco_POPE_random,0,0,No!,yes,1.734375,0.7531828703703703,11.9375,5.5678638672031635,28,1,/mnt/data/ssz/mr/results/Qwen2.5-VL/pope/memvr/analysis/coco_POPE_random/2231.pt
2984,2984,coco_POPE_random,coco_POPE_random,1,0,No!,no,1.6953125,0.7365451388888888,11.9375,5.432460590169724,28,1,/mnt/data/ssz/mr/results/Qwen2.5-VL/pope/memvr/analysis/coco_POPE_random/2984.pt
1479,1479,coco_POPE_random,coco_POPE_random,1,0,"Yes,",yes,1.6796875,0.7584635416666666,11.9375,4.829924328115747,28,1,/mnt/data/ssz/mr/results/Qwen2.5-VL/pope/memvr/analysis/coco_POPE_random/1479.pt
740,740,coco_POPE_random,coco_POPE_random,1,0,No!,no,1.7265625,0.7495659722222222,11.9375,5.558285235389058,28,1,/mnt/data/ssz/mr/results/Qwen2.5-VL/pope/memvr/analysis/coco_POPE_random/740.pt
2232,2232,coco_POPE_random,coco_POPE_random,1,0,No!,no,1.734375,0.7531828703703703,11.9375,5.530540917287877,28,1,/mnt/data/ssz/mr/results/Qwen2.5-VL/pope/memvr/analysis/coco_POPE_random/2232.pt
2985,2985,coco_POPE_random,coco_POPE_random,1,0,"Yes,",yes,1.703125,0.7311197916666666,11.9375,4.96584146163176,28,1,/mnt/data/ssz/mr/results/Qwen2.5-VL/pope/memvr/analysis/coco_POPE_random/2985.pt
1480,1480,coco_POPE_random,coco_POPE_random,1,0,No!,no,1.671875,0.7621527777777778,11.9375,5.535396474735739,28,1,/mnt/data/ssz/mr/results/Qwen2.5-VL/pope/memvr/analysis/coco_POPE_random/1480.pt
741,741,coco_POPE_random,coco_POPE_random,1,0,"Yes,",yes,1.7265625,0.7453703703703703,11.9375,4.8729956499180975,28,2,/mnt/data/ssz/mr/results/Qwen2.5-VL/pope/memvr/analysis/coco_POPE_random/741.pt
2233,2233,coco_POPE_random,coco_POPE_random,1,0,"Yes,",yes,1.75,0.7358940972222222,11.9375,5.1056433912378525,28,1,/mnt/data/ssz/mr/results/Qwen2.5-VL/pope/memvr/analysis/coco_POPE_random/2233.pt
2986,2986,coco_POPE_random,coco_POPE_random,1,0,No!,no,1.6953125,0.7365451388888888,11.9375,5.48374267832057,28,1,/mnt/data/ssz/mr/results/Qwen2.5-VL/pope/memvr/analysis/coco_POPE_random/2986.pt
1481,1481,coco_POPE_random,coco_POPE_random,1,0,"Yes,",yes,1.6796875,0.7584635416666666,11.9375,4.9901390396188,28,1,/mnt/data/ssz/mr/results/Qwen2.5-VL/pope/memvr/analysis/coco_POPE_random/1481.pt
2234,2234,coco_POPE_random,coco_POPE_random,1,0,No!,no,1.7421875,0.7430555555555556,11.9375,5.5921825805201255,28,1,/mnt/data/ssz/mr/results/Qwen2.5-VL/pope/memvr/analysis/coco_POPE_random/2234.pt
742,742,coco_POPE_random,coco_POPE_random,1,0,No!,no,1.7265625,0.7495659722222222,11.9375,5.55211498156922,28,1,/mnt/data/ssz/mr/results/Qwen2.5-VL/pope/memvr/analysis/coco_POPE_random/742.pt
2987,2987,coco_POPE_random,coco_POPE_random,0,0,No!,yes,1.6953125,0.7365451388888888,11.9375,5.515009103150203,28,1,/mnt/data/ssz/mr/results/Qwen2.5-VL/pope/memvr/analysis/coco_POPE_random/2987.pt
1482,1482,coco_POPE_random,coco_POPE_random,1,0,No!,no,1.671875,0.7621527777777778,11.9375,5.528452906302768,28,1,/mnt/data/ssz/mr/results/Qwen2.5-VL/pope/memvr/analysis/coco_POPE_random/1482.pt
2235,2235,coco_POPE_random,coco_POPE_random,1,0,"Yes,",yes,1.75,0.7358940972222222,11.9375,4.90647944416219,28,1,/mnt/data/ssz/mr/results/Qwen2.5-VL/pope/memvr/analysis/coco_POPE_random/2235.pt
743,743,coco_POPE_random,coco_POPE_random,1,0,"Yes,",yes,1.7265625,0.7453703703703703,11.9375,4.872637787043345,28,2,/mnt/data/ssz/mr/results/Qwen2.5-VL/pope/memvr/analysis/coco_POPE_random/743.pt
2988,2988,coco_POPE_random,coco_POPE_random,1,0,No!,no,1.6953125,0.7365451388888888,11.9375,5.468066787881228,28,1,/mnt/data/ssz/mr/results/Qwen2.5-VL/pope/memvr/analysis/coco_POPE_random/2988.pt
1483,1483,coco_POPE_random,coco_POPE_random,1,0,"Yes,",yes,1.71875,0.7578125,11.9375,5.01846274943293,28,2,/mnt/data/ssz/mr/results/Qwen2.5-VL/pope/memvr/analysis/coco_POPE_random/1483.pt
2236,2236,coco_POPE_random,coco_POPE_random,1,0,No!,no,1.7421875,0.7430555555555556,11.9375,5.615989275069641,28,1,/mnt/data/ssz/mr/results/Qwen2.5-VL/pope/memvr/analysis/coco_POPE_random/2236.pt
744,744,coco_POPE_random,coco_POPE_random,1,0,No!,no,1.7265625,0.7494212962962963,11.9375,5.577482263576179,28,1,/mnt/data/ssz/mr/results/Qwen2.5-VL/pope/memvr/analysis/coco_POPE_random/744.pt
2989,2989,coco_POPE_random,coco_POPE_random,0,0,No!,yes,1.71875,0.7581018518518519,11.9375,5.573126208738688,28,1,/mnt/data/ssz/mr/results/Qwen2.5-VL/pope/memvr/analysis/coco_POPE_random/2989.pt
1484,1484,coco_POPE_random,coco_POPE_random,1,0,No!,no,1.71875,0.7630208333333334,11.9375,5.563357623044999,28,1,/mnt/data/ssz/mr/results/Qwen2.5-VL/pope/memvr/analysis/coco_POPE_random/1484.pt
2237,2237,coco_POPE_random,coco_POPE_random,0,0,No!,yes,1.7421875,0.7430555555555556,11.9375,5.798806214495361,28,1,/mnt/data/ssz/mr/results/Qwen2.5-VL/pope/memvr/analysis/coco_POPE_random/2237.pt
745,745,coco_POPE_random,coco_POPE_random,1,0,"Yes,",yes,1.75,0.7327835648148148,11.9375,5.077204436229365,28,1,/mnt/data/ssz/mr/results/Qwen2.5-VL/pope/memvr/analysis/coco_POPE_random/745.pt
1485,1485,coco_POPE_random,coco_POPE_random,1,0,"Yes,",yes,1.71875,0.7578125,11.9375,4.875092046978644,28,2,/mnt/data/ssz/mr/results/Qwen2.5-VL/pope/memvr/analysis/coco_POPE_random/1485.pt
2990,2990,coco_POPE_random,coco_POPE_random,1,0,No!,no,1.71875,0.7577401620370371,11.9375,5.610550639829649,28,1,/mnt/data/ssz/mr/results/Qwen2.5-VL/pope/memvr/analysis/coco_POPE_random/2990.pt
2238,2238,coco_POPE_random,coco_POPE_random,1,0,No!,no,1.7421875,0.7430555555555556,11.9375,5.603786222867021,28,1,/mnt/data/ssz/mr/results/Qwen2.5-VL/pope/memvr/analysis/coco_POPE_random/2238.pt
746,746,coco_POPE_random,coco_POPE_random,1,0,No!,no,1.7421875,0.7385706018518519,11.9375,5.572088062371818,28,1,/mnt/data/ssz/mr/results/Qwen2.5-VL/pope/memvr/analysis/coco_POPE_random/746.pt
1486,1486,coco_POPE_random,coco_POPE_random,1,0,No!,no,1.71875,0.7633101851851852,11.9375,5.637694691537914,28,1,/mnt/data/ssz/mr/results/Qwen2.5-VL/pope/memvr/analysis/coco_POPE_random/1486.pt
2991,2991,coco_POPE_random,coco_POPE_random,1,0,"Yes,",yes,1.71875,0.7523871527777778,11.9375,4.920290054428271,28,1,/mnt/data/ssz/mr/results/Qwen2.5-VL/pope/memvr/analysis/coco_POPE_random/2991.pt
2239,2239,coco_POPE_random,coco_POPE_random,1,0,"Yes,",yes,1.71875,0.7282262731481481,11.9375,4.770388645578603,28,1,/mnt/data/ssz/mr/results/Qwen2.5-VL/pope/memvr/analysis/coco_POPE_random/2239.pt
747,747,coco_POPE_random,coco_POPE_random,1,0,"Yes,",yes,1.75,0.7327835648148148,11.9375,4.776076492193609,28,1,/mnt/data/ssz/mr/results/Qwen2.5-VL/pope/memvr/analysis/coco_POPE_random/747.pt
1487,1487,coco_POPE_random,coco_POPE_random,1,0,"Yes,",yes,1.71875,0.7578125,11.9375,4.910596770539558,28,2,/mnt/data/ssz/mr/results/Qwen2.5-VL/pope/memvr/analysis/coco_POPE_random/1487.pt
2992,2992,coco_POPE_random,coco_POPE_random,1,0,No!,no,1.71875,0.7581018518518519,11.9375,5.553950891485078,28,1,/mnt/data/ssz/mr/results/Qwen2.5-VL/pope/memvr/analysis/coco_POPE_random/2992.pt
2240,2240,coco_POPE_random,coco_POPE_random,0,1,"Yes,",no,1.71875,0.7282262731481481,11.9375,4.929335273097656,28,1,/mnt/data/ssz/mr/results/Qwen2.5-VL/pope/memvr/analysis/coco_POPE_random/2240.pt
748,748,coco_POPE_random,coco_POPE_random,1,0,No!,no,1.7421875,0.7385706018518519,11.9375,5.610209687565316,28,1,/mnt/data/ssz/mr/results/Qwen2.5-VL/pope/memvr/analysis/coco_POPE_random/748.pt
1488,1488,coco_POPE_random,coco_POPE_random,1,0,No!,no,1.71875,0.7633101851851852,11.9375,5.520975053885226,28,1,/mnt/data/ssz/mr/results/Qwen2.5-VL/pope/memvr/analysis/coco_POPE_random/1488.pt
2993,2993,coco_POPE_random,coco_POPE_random,0,0,No!,yes,1.71875,0.7581018518518519,11.9375,5.578351049998673,28,1,/mnt/data/ssz/mr/results/Qwen2.5-VL/pope/memvr/analysis/coco_POPE_random/2993.pt
2241,2241,coco_POPE_random,coco_POPE_random,1,0,"Yes,",yes,1.71875,0.7282262731481481,11.9375,4.838417255870778,28,1,/mnt/data/ssz/mr/results/Qwen2.5-VL/pope/memvr/analysis/coco_POPE_random/2241.pt
749,749,coco_POPE_random,coco_POPE_random,1,0,"Yes,",yes,1.75,0.7327835648148148,11.9375,4.872884089323893,28,1,/mnt/data/ssz/mr/results/Qwen2.5-VL/pope/memvr/analysis/coco_POPE_random/749.pt
1489,1489,coco_POPE_random,coco_POPE_random,1,0,"Yes,",yes,1.7109375,0.7550636574074074,11.9375,4.797453201018634,28,1,/mnt/data/ssz/mr/results/Qwen2.5-VL/pope/memvr/analysis/coco_POPE_random/1489.pt
2994,2994,coco_POPE_random,coco_POPE_random,1,0,No!,no,1.71875,0.7581018518518519,11.9375,5.5176153356684345,28,1,/mnt/data/ssz/mr/results/Qwen2.5-VL/pope/memvr/analysis/coco_POPE_random/2994.pt
2242,2242,coco_POPE_random,coco_POPE_random,1,0,No!,no,1.71875,0.7340133101851852,11.9375,5.6362333568650556,28,2,/mnt/data/ssz/mr/results/Qwen2.5-VL/pope/memvr/analysis/coco_POPE_random/2242.pt
1490,1490,coco_POPE_random,coco_POPE_random,1,0,No!,no,1.7109375,0.7621527777777778,11.9375,5.55260365340005,28,1,/mnt/data/ssz/mr/results/Qwen2.5-VL/pope/memvr/analysis/coco_POPE_random/1490.pt
750,750,coco_POPE_random,coco_POPE_random,1,0,No!,no,1.7421875,0.7385706018518519,11.9375,5.4288919680122865,28,1,/mnt/data/ssz/mr/results/Qwen2.5-VL/pope/memvr/analysis/coco_POPE_random/750.pt
2995,2995,coco_POPE_random,coco_POPE_random,1,0,"Yes,",yes,1.734375,0.7395109953703703,11.9375,4.820347470721479,28,1,/mnt/data/ssz/mr/results/Qwen2.5-VL/pope/memvr/analysis/coco_POPE_random/2995.pt
2243,2243,coco_POPE_random,coco_POPE_random,0,0,No!,yes,1.71875,0.7340856481481481,11.9375,5.549922337925919,28,1,/mnt/data/ssz/mr/results/Qwen2.5-VL/pope/memvr/analysis/coco_POPE_random/2243.pt
1491,1491,coco_POPE_random,coco_POPE_random,1,0,"Yes,",yes,1.7109375,0.7550636574074074,11.9375,4.8262560634643235,28,1,/mnt/data/ssz/mr/results/Qwen2.5-VL/pope/memvr/analysis/coco_POPE_random/1491.pt
2996,2996,coco_POPE_random,coco_POPE_random,1,0,No!,no,1.71875,0.7462384259259259,11.9375,5.554203306719454,28,1,/mnt/data/ssz/mr/results/Qwen2.5-VL/pope/memvr/analysis/coco_POPE_random/2996.pt
1492,1492,coco_POPE_random,coco_POPE_random,1,0,No!,no,1.703125,0.7612847222222222,11.9375,5.604257682943923,28,1,/mnt/data/ssz/mr/results/Qwen2.5-VL/pope/memvr/analysis/coco_POPE_random/1492.pt
2244,2244,coco_POPE_random,coco_POPE_random,1,0,No!,no,1.7109375,0.7339409722222222,11.9375,5.623001334224023,28,1,/mnt/data/ssz/mr/results/Qwen2.5-VL/pope/memvr/analysis/coco_POPE_random/2244.pt
1493,1493,coco_POPE_random,coco_POPE_random,1,0,"Yes,",yes,1.7109375,0.7550636574074074,11.9375,4.919679203092536,28,1,/mnt/data/ssz/mr/results/Qwen2.5-VL/pope/memvr/analysis/coco_POPE_random/1493.pt
2997,2997,coco_POPE_random,coco_POPE_random,0,0,No!,yes,1.71875,0.7455150462962963,11.9375,5.583030994901742,28,1,/mnt/data/ssz/mr/results/Qwen2.5-VL/pope/memvr/analysis/coco_POPE_random/2997.pt
2245,2245,coco_POPE_random,coco_POPE_random,0,0,No!,yes,1.7265625,0.7379918981481481,11.9375,5.4432085452496946,28,1,/mnt/data/ssz/mr/results/Qwen2.5-VL/pope/memvr/analysis/coco_POPE_random/2245.pt
1494,1494,coco_POPE_random,coco_POPE_random,1,0,No!,no,1.7109375,0.76171875,11.9375,5.49464425259144,28,1,/mnt/data/ssz/mr/results/Qwen2.5-VL/pope/memvr/analysis/coco_POPE_random/1494.pt
2246,2246,coco_POPE_random,coco_POPE_random,1,0,No!,no,1.7265625,0.7379918981481481,11.9375,5.584618344242856,28,1,/mnt/data/ssz/mr/results/Qwen2.5-VL/pope/memvr/analysis/coco_POPE_random/2246.pt
2998,2998,coco_POPE_random,coco_POPE_random,1,0,No!,no,1.71875,0.7455150462962963,11.9375,5.693941769933096,28,1,/mnt/data/ssz/mr/results/Qwen2.5-VL/pope/memvr/analysis/coco_POPE_random/2998.pt
1495,1495,coco_POPE_random,coco_POPE_random,1,0,"Yes,",yes,1.734375,0.7467447916666666,11.9375,4.7738035827682515,28,1,/mnt/data/ssz/mr/results/Qwen2.5-VL/pope/memvr/analysis/coco_POPE_random/1495.pt
2247,2247,coco_POPE_random,coco_POPE_random,0,0,No!,yes,1.7265625,0.7379918981481481,11.9375,5.601638166477955,28,1,/mnt/data/ssz/mr/results/Qwen2.5-VL/pope/memvr/analysis/coco_POPE_random/2247.pt
2999,2999,coco_POPE_random,coco_POPE_random,1,0,"Yes,",yes,1.734375,0.7395109953703703,11.9375,4.92763436485847,28,1,/mnt/data/ssz/mr/results/Qwen2.5-VL/pope/memvr/analysis/coco_POPE_random/2999.pt
2248,2248,coco_POPE_random,coco_POPE_random,1,0,No!,no,1.7265625,0.7379918981481481,11.9375,5.528326007869352,28,1,/mnt/data/ssz/mr/results/Qwen2.5-VL/pope/memvr/analysis/coco_POPE_random/2248.pt
1496,1496,coco_POPE_random,coco_POPE_random,1,0,No!,no,1.71875,0.7536168981481481,11.9375,5.493462695230376,28,1,/mnt/data/ssz/mr/results/Qwen2.5-VL/pope/memvr/analysis/coco_POPE_random/1496.pt
3000,3000,coco_POPE_random,coco_POPE_random,1,0,No!,no,1.71875,0.7455150462962963,11.9375,5.652279937433973,28,1,/mnt/data/ssz/mr/results/Qwen2.5-VL/pope/memvr/analysis/coco_POPE_random/3000.pt
2249,2249,coco_POPE_random,coco_POPE_random,0,0,No!,yes,1.7265625,0.7385706018518519,11.9375,5.560570969806326,28,1,/mnt/data/ssz/mr/results/Qwen2.5-VL/pope/memvr/analysis/coco_POPE_random/2249.pt
1497,1497,coco_POPE_random,coco_POPE_random,1,0,"Yes,",yes,1.734375,0.7467447916666666,11.9375,5.012916253373863,28,1,/mnt/data/ssz/mr/results/Qwen2.5-VL/pope/memvr/analysis/coco_POPE_random/1497.pt
2250,2250,coco_POPE_random,coco_POPE_random,1,0,No!,no,1.7265625,0.7379918981481481,11.9375,5.626423752369302,28,1,/mnt/data/ssz/mr/results/Qwen2.5-VL/pope/memvr/analysis/coco_POPE_random/2250.pt
1498,1498,coco_POPE_random,coco_POPE_random,1,0,No!,no,1.71875,0.7536168981481481,11.9375,5.557328841529758,28,1,/mnt/data/ssz/mr/results/Qwen2.5-VL/pope/memvr/analysis/coco_POPE_random/1498.pt
1499,1499,coco_POPE_random,coco_POPE_random,0,0,No!,yes,1.71875,0.7536168981481481,11.9375,5.490539431145815,28,1,/mnt/data/ssz/mr/results/Qwen2.5-VL/pope/memvr/analysis/coco_POPE_random/1499.pt
1500,1500,coco_POPE_random,coco_POPE_random,1,0,No!,no,1.71875,0.7536168981481481,11.9375,5.543982214100754,28,1,/mnt/data/ssz/mr/results/Qwen2.5-VL/pope/memvr/analysis/coco_POPE_random/1500.pt
