sample_id,question_id,dataset_name,split_name,correct_or_not,hallucinated_or_not,generated_answer,ground_truth_answer,max_r,mean_r,max_entropy,mean_entropy,trigger_layer,trigger_step,pt_path
751,751,coco_POPE_random,coco_POPE_random,1,0,"Yes,",yes,1.7265625,0.7413194444444444,11.9375,4.723018282993327,28,1,/mnt/data/ssz/mr/results/Qwen2.5-VL/pope/base/analysis/coco_POPE_random/751.pt
2251,2251,coco_POPE_random,coco_POPE_random,0,1,"No,",yes,1.71875,0.7246817129629629,11.9375,5.223710088864179,28,1,/mnt/data/ssz/mr/results/Qwen2.5-VL/pope/base/analysis/coco_POPE_random/2251.pt
752,752,coco_POPE_random,coco_POPE_random,1,0,"No,",no,1.7265625,0.7413194444444444,11.9375,5.29629729028439,28,1,/mnt/data/ssz/mr/results/Qwen2.5-VL/pope/base/analysis/coco_POPE_random/752.pt
2252,2252,coco_POPE_random,coco_POPE_random,1,0,"No,",no,1.71875,0.7246817129629629,11.9375,5.198058940273267,28,1,/mnt/data/ssz/mr/results/Qwen2.5-VL/pope/base/analysis/coco_POPE_random/2252.pt
753,753,coco_POPE_random,coco_POPE_random,1,0,"Yes,",yes,1.7265625,0.7413194444444444,11.9375,4.88330094303825,28,1,/mnt/data/ssz/mr/results/Qwen2.5-VL/pope/base/analysis/coco_POPE_random/753.pt
1501,1501,coco_POPE_random,coco_POPE_random,0,1,"No,",yes,1.734375,0.7252604166666666,11.9375,5.426543119807697,28,1,/mnt/data/ssz/mr/results/Qwen2.5-VL/pope/base/analysis/coco_POPE_random/1501.pt
2253,2253,coco_POPE_random,coco_POPE_random,0,1,"No,",yes,1.71875,0.7246817129629629,11.9375,5.269539574978525,28,1,/mnt/data/ssz/mr/results/Qwen2.5-VL/pope/base/analysis/coco_POPE_random/2253.pt
1,1,coco_POPE_random,coco_POPE_random,1,0,"Yes,",yes,1.6953125,0.7530381944444444,11.9375,4.740688393340586,28,1,/mnt/data/ssz/mr/results/Qwen2.5-VL/pope/base/analysis/coco_POPE_random/1.pt
754,754,coco_POPE_random,coco_POPE_random,1,0,"No,",no,1.7265625,0.7413194444444444,11.9375,5.403559362932795,28,1,/mnt/data/ssz/mr/results/Qwen2.5-VL/pope/base/analysis/coco_POPE_random/754.pt
1502,1502,coco_POPE_random,coco_POPE_random,1,0,"No,",no,1.734375,0.7252604166666666,11.9375,5.4876767988073345,28,1,/mnt/data/ssz/mr/results/Qwen2.5-VL/pope/base/analysis/coco_POPE_random/1502.pt
2254,2254,coco_POPE_random,coco_POPE_random,1,0,"No,",no,1.71875,0.7246817129629629,11.9375,5.314754766722563,28,1,/mnt/data/ssz/mr/results/Qwen2.5-VL/pope/base/analysis/coco_POPE_random/2254.pt
2,2,coco_POPE_random,coco_POPE_random,1,0,"No,",no,1.6953125,0.7530381944444444,11.9375,5.235110738182468,28,1,/mnt/data/ssz/mr/results/Qwen2.5-VL/pope/base/analysis/coco_POPE_random/2.pt
755,755,coco_POPE_random,coco_POPE_random,1,0,"Yes,",yes,1.7265625,0.7413194444444444,11.9375,4.903035692916342,28,1,/mnt/data/ssz/mr/results/Qwen2.5-VL/pope/base/analysis/coco_POPE_random/755.pt
1503,1503,coco_POPE_random,coco_POPE_random,1,0,"Yes,",yes,1.734375,0.7252604166666666,11.9375,4.935635342408207,28,1,/mnt/data/ssz/mr/results/Qwen2.5-VL/pope/base/analysis/coco_POPE_random/1503.pt
2255,2255,coco_POPE_random,coco_POPE_random,1,0,"Yes,",yes,1.71875,0.7246817129629629,11.9375,4.820809860910137,28,1,/mnt/data/ssz/mr/results/Qwen2.5-VL/pope/base/analysis/coco_POPE_random/2255.pt
3,3,coco_POPE_random,coco_POPE_random,1,0,"Yes,",yes,1.6953125,0.7530381944444444,11.9375,4.810479627772269,28,1,/mnt/data/ssz/mr/results/Qwen2.5-VL/pope/base/analysis/coco_POPE_random/3.pt
756,756,coco_POPE_random,coco_POPE_random,1,0,"No,",no,1.7265625,0.7413194444444444,11.9375,5.294226700718041,28,1,/mnt/data/ssz/mr/results/Qwen2.5-VL/pope/base/analysis/coco_POPE_random/756.pt
1504,1504,coco_POPE_random,coco_POPE_random,1,0,"No,",no,1.734375,0.7252604166666666,11.9375,5.429790813757359,28,1,/mnt/data/ssz/mr/results/Qwen2.5-VL/pope/base/analysis/coco_POPE_random/1504.pt
2256,2256,coco_POPE_random,coco_POPE_random,1,0,"No,",no,1.71875,0.7246817129629629,11.9375,5.262653449915982,28,1,/mnt/data/ssz/mr/results/Qwen2.5-VL/pope/base/analysis/coco_POPE_random/2256.pt
4,4,coco_POPE_random,coco_POPE_random,1,0,"No,",no,1.6953125,0.7530381944444444,11.9375,5.222460888675289,28,1,/mnt/data/ssz/mr/results/Qwen2.5-VL/pope/base/analysis/coco_POPE_random/4.pt
757,757,coco_POPE_random,coco_POPE_random,0,1,"No,",yes,1.671875,0.7434895833333334,11.9375,5.150128747661978,28,1,/mnt/data/ssz/mr/results/Qwen2.5-VL/pope/base/analysis/coco_POPE_random/757.pt
1505,1505,coco_POPE_random,coco_POPE_random,0,1,"No,",yes,1.734375,0.7252604166666666,11.9375,5.422879786201646,28,1,/mnt/data/ssz/mr/results/Qwen2.5-VL/pope/base/analysis/coco_POPE_random/1505.pt
2257,2257,coco_POPE_random,coco_POPE_random,0,1,"No,",yes,1.765625,0.7323495370370371,11.9375,5.26072128592882,28,1,/mnt/data/ssz/mr/results/Qwen2.5-VL/pope/base/analysis/coco_POPE_random/2257.pt
5,5,coco_POPE_random,coco_POPE_random,0,1,"No,",yes,1.6953125,0.7530381944444444,11.9375,5.2478098122210906,28,1,/mnt/data/ssz/mr/results/Qwen2.5-VL/pope/base/analysis/coco_POPE_random/5.pt
758,758,coco_POPE_random,coco_POPE_random,1,0,"No,",no,1.671875,0.7434895833333334,11.9375,5.254759758186005,28,1,/mnt/data/ssz/mr/results/Qwen2.5-VL/pope/base/analysis/coco_POPE_random/758.pt
1506,1506,coco_POPE_random,coco_POPE_random,1,0,"No,",no,1.734375,0.7252604166666666,11.9375,5.468766472441749,28,1,/mnt/data/ssz/mr/results/Qwen2.5-VL/pope/base/analysis/coco_POPE_random/1506.pt
2258,2258,coco_POPE_random,coco_POPE_random,1,0,"No,",no,1.765625,0.7323495370370371,11.9375,5.388499392391418,28,1,/mnt/data/ssz/mr/results/Qwen2.5-VL/pope/base/analysis/coco_POPE_random/2258.pt
759,759,coco_POPE_random,coco_POPE_random,0,1,"No,",yes,1.671875,0.7434895833333334,11.9375,5.315320692183699,28,1,/mnt/data/ssz/mr/results/Qwen2.5-VL/pope/base/analysis/coco_POPE_random/759.pt
6,6,coco_POPE_random,coco_POPE_random,1,0,"No,",no,1.6953125,0.7530381944444444,11.9375,5.247292339269734,28,1,/mnt/data/ssz/mr/results/Qwen2.5-VL/pope/base/analysis/coco_POPE_random/6.pt
1507,1507,coco_POPE_random,coco_POPE_random,1,0,"Yes,",yes,1.75,0.7181712962962963,11.9375,4.787029620472823,28,1,/mnt/data/ssz/mr/results/Qwen2.5-VL/pope/base/analysis/coco_POPE_random/1507.pt
2259,2259,coco_POPE_random,coco_POPE_random,1,0,"Yes,",yes,1.765625,0.7323495370370371,11.9375,4.970524800773765,28,1,/mnt/data/ssz/mr/results/Qwen2.5-VL/pope/base/analysis/coco_POPE_random/2259.pt
760,760,coco_POPE_random,coco_POPE_random,1,0,"No,",no,1.671875,0.7434895833333334,11.9375,5.305771530824727,28,1,/mnt/data/ssz/mr/results/Qwen2.5-VL/pope/base/analysis/coco_POPE_random/760.pt
7,7,coco_POPE_random,coco_POPE_random,1,0,"Yes,",yes,1.734375,0.7162905092592593,11.9375,4.814071770376188,28,1,/mnt/data/ssz/mr/results/Qwen2.5-VL/pope/base/analysis/coco_POPE_random/7.pt
1508,1508,coco_POPE_random,coco_POPE_random,1,0,"No,",no,1.75,0.7181712962962963,11.9375,5.302267205526613,28,1,/mnt/data/ssz/mr/results/Qwen2.5-VL/pope/base/analysis/coco_POPE_random/1508.pt
2260,2260,coco_POPE_random,coco_POPE_random,1,0,"No,",no,1.765625,0.7323495370370371,11.9375,5.273134107370807,28,1,/mnt/data/ssz/mr/results/Qwen2.5-VL/pope/base/analysis/coco_POPE_random/2260.pt
761,761,coco_POPE_random,coco_POPE_random,1,0,"Yes,",yes,1.671875,0.7434895833333334,11.9375,4.7947832407080595,28,1,/mnt/data/ssz/mr/results/Qwen2.5-VL/pope/base/analysis/coco_POPE_random/761.pt
8,8,coco_POPE_random,coco_POPE_random,1,0,"No,",no,1.734375,0.7162905092592593,11.9375,5.190946171623997,28,1,/mnt/data/ssz/mr/results/Qwen2.5-VL/pope/base/analysis/coco_POPE_random/8.pt
1509,1509,coco_POPE_random,coco_POPE_random,1,0,"Yes,",yes,1.75,0.7181712962962963,11.9375,4.8762214346635115,28,1,/mnt/data/ssz/mr/results/Qwen2.5-VL/pope/base/analysis/coco_POPE_random/1509.pt
2261,2261,coco_POPE_random,coco_POPE_random,1,0,"Yes,",yes,1.765625,0.7323495370370371,11.9375,4.861892988355684,28,1,/mnt/data/ssz/mr/results/Qwen2.5-VL/pope/base/analysis/coco_POPE_random/2261.pt
762,762,coco_POPE_random,coco_POPE_random,1,0,"No,",no,1.671875,0.7434895833333334,11.9375,5.2381717443097635,28,1,/mnt/data/ssz/mr/results/Qwen2.5-VL/pope/base/analysis/coco_POPE_random/762.pt
9,9,coco_POPE_random,coco_POPE_random,1,0,"Yes,",yes,1.734375,0.7162905092592593,11.9375,4.885417557502517,28,1,/mnt/data/ssz/mr/results/Qwen2.5-VL/pope/base/analysis/coco_POPE_random/9.pt
1510,1510,coco_POPE_random,coco_POPE_random,1,0,"No,",no,1.75,0.7181712962962963,11.9375,5.257910568359185,28,1,/mnt/data/ssz/mr/results/Qwen2.5-VL/pope/base/analysis/coco_POPE_random/1510.pt
2262,2262,coco_POPE_random,coco_POPE_random,1,0,"No,",no,1.765625,0.7323495370370371,11.9375,5.330159355601248,28,1,/mnt/data/ssz/mr/results/Qwen2.5-VL/pope/base/analysis/coco_POPE_random/2262.pt
10,10,coco_POPE_random,coco_POPE_random,1,0,"No,",no,1.734375,0.7162905092592593,11.9375,5.26253821766571,28,1,/mnt/data/ssz/mr/results/Qwen2.5-VL/pope/base/analysis/coco_POPE_random/10.pt
763,763,coco_POPE_random,coco_POPE_random,0,1,"No,",yes,1.6875,0.7301793981481481,11.9375,5.401499123697657,28,1,/mnt/data/ssz/mr/results/Qwen2.5-VL/pope/base/analysis/coco_POPE_random/763.pt
1511,1511,coco_POPE_random,coco_POPE_random,1,0,"Yes,",yes,1.75,0.7181712962962963,11.9375,4.85547035848303,28,1,/mnt/data/ssz/mr/results/Qwen2.5-VL/pope/base/analysis/coco_POPE_random/1511.pt
2263,2263,coco_POPE_random,coco_POPE_random,0,1,"No,",yes,1.703125,0.7152777777777778,11.9375,5.447073949706903,28,1,/mnt/data/ssz/mr/results/Qwen2.5-VL/pope/base/analysis/coco_POPE_random/2263.pt
11,11,coco_POPE_random,coco_POPE_random,1,0,"Yes,",yes,1.734375,0.7162905092592593,11.9375,4.666800930893959,28,1,/mnt/data/ssz/mr/results/Qwen2.5-VL/pope/base/analysis/coco_POPE_random/11.pt
764,764,coco_POPE_random,coco_POPE_random,1,0,"No,",no,1.6875,0.7301793981481481,11.9375,5.348597951477508,28,1,/mnt/data/ssz/mr/results/Qwen2.5-VL/pope/base/analysis/coco_POPE_random/764.pt
1512,1512,coco_POPE_random,coco_POPE_random,1,0,"No,",no,1.75,0.7181712962962963,11.9375,5.3151218787918975,28,1,/mnt/data/ssz/mr/results/Qwen2.5-VL/pope/base/analysis/coco_POPE_random/1512.pt
12,12,coco_POPE_random,coco_POPE_random,1,0,"No,",no,1.734375,0.7162905092592593,11.9375,5.190215475017011,28,1,/mnt/data/ssz/mr/results/Qwen2.5-VL/pope/base/analysis/coco_POPE_random/12.pt
2264,2264,coco_POPE_random,coco_POPE_random,1,0,"No,",no,1.703125,0.7152777777777778,11.9375,5.465436595298374,28,1,/mnt/data/ssz/mr/results/Qwen2.5-VL/pope/base/analysis/coco_POPE_random/2264.pt
765,765,coco_POPE_random,coco_POPE_random,0,1,"No,",yes,1.6875,0.7301793981481481,11.9375,5.468684318195019,28,1,/mnt/data/ssz/mr/results/Qwen2.5-VL/pope/base/analysis/coco_POPE_random/765.pt
1513,1513,coco_POPE_random,coco_POPE_random,1,0,"Yes,",yes,1.734375,0.7252604166666666,11.9375,5.086037311818945,28,1,/mnt/data/ssz/mr/results/Qwen2.5-VL/pope/base/analysis/coco_POPE_random/1513.pt
13,13,coco_POPE_random,coco_POPE_random,1,0,"Yes,",yes,1.703125,0.7340856481481481,11.9375,4.951484991727661,28,1,/mnt/data/ssz/mr/results/Qwen2.5-VL/pope/base/analysis/coco_POPE_random/13.pt
2265,2265,coco_POPE_random,coco_POPE_random,1,0,"Yes,",yes,1.703125,0.7152777777777778,11.9375,5.020220691725816,28,1,/mnt/data/ssz/mr/results/Qwen2.5-VL/pope/base/analysis/coco_POPE_random/2265.pt
766,766,coco_POPE_random,coco_POPE_random,1,0,"No,",no,1.6875,0.7301793981481481,11.9375,5.368967346210287,28,1,/mnt/data/ssz/mr/results/Qwen2.5-VL/pope/base/analysis/coco_POPE_random/766.pt
14,14,coco_POPE_random,coco_POPE_random,1,0,"No,",no,1.703125,0.7340856481481481,11.9375,5.349496713134644,28,1,/mnt/data/ssz/mr/results/Qwen2.5-VL/pope/base/analysis/coco_POPE_random/14.pt
1514,1514,coco_POPE_random,coco_POPE_random,1,0,"No,",no,1.734375,0.7252604166666666,11.9375,5.438060859091467,28,1,/mnt/data/ssz/mr/results/Qwen2.5-VL/pope/base/analysis/coco_POPE_random/1514.pt
2266,2266,coco_POPE_random,coco_POPE_random,1,0,"No,",no,1.703125,0.7152777777777778,11.9375,5.46864163150744,28,1,/mnt/data/ssz/mr/results/Qwen2.5-VL/pope/base/analysis/coco_POPE_random/2266.pt
767,767,coco_POPE_random,coco_POPE_random,0,1,"No,",yes,1.6875,0.7301793981481481,11.9375,5.373204686509343,28,1,/mnt/data/ssz/mr/results/Qwen2.5-VL/pope/base/analysis/coco_POPE_random/767.pt
15,15,coco_POPE_random,coco_POPE_random,1,0,"Yes,",yes,1.703125,0.7340856481481481,11.9375,4.877695470296062,28,1,/mnt/data/ssz/mr/results/Qwen2.5-VL/pope/base/analysis/coco_POPE_random/15.pt
768,768,coco_POPE_random,coco_POPE_random,1,0,"No,",no,1.6875,0.7301793981481481,11.9375,5.387458270801416,28,1,/mnt/data/ssz/mr/results/Qwen2.5-VL/pope/base/analysis/coco_POPE_random/768.pt
2267,2267,coco_POPE_random,coco_POPE_random,1,0,"Yes,",yes,1.703125,0.7152777777777778,11.9375,4.788941352454301,28,1,/mnt/data/ssz/mr/results/Qwen2.5-VL/pope/base/analysis/coco_POPE_random/2267.pt
1515,1515,coco_POPE_random,coco_POPE_random,1,0,"Yes,",yes,1.734375,0.7252604166666666,11.9375,4.885330654492965,28,1,/mnt/data/ssz/mr/results/Qwen2.5-VL/pope/base/analysis/coco_POPE_random/1515.pt
16,16,coco_POPE_random,coco_POPE_random,1,0,"No,",no,1.703125,0.7340856481481481,11.9375,5.327037219087351,28,1,/mnt/data/ssz/mr/results/Qwen2.5-VL/pope/base/analysis/coco_POPE_random/16.pt
769,769,coco_POPE_random,coco_POPE_random,1,0,"Yes,",yes,1.703125,0.7495659722222222,11.9375,4.862411782849629,28,1,/mnt/data/ssz/mr/results/Qwen2.5-VL/pope/base/analysis/coco_POPE_random/769.pt
2268,2268,coco_POPE_random,coco_POPE_random,1,0,"No,",no,1.703125,0.7152777777777778,11.9375,5.497510571761739,28,1,/mnt/data/ssz/mr/results/Qwen2.5-VL/pope/base/analysis/coco_POPE_random/2268.pt
1516,1516,coco_POPE_random,coco_POPE_random,1,0,"No,",no,1.734375,0.7252604166666666,11.9375,5.4580525942405265,28,1,/mnt/data/ssz/mr/results/Qwen2.5-VL/pope/base/analysis/coco_POPE_random/1516.pt
17,17,coco_POPE_random,coco_POPE_random,0,1,"No,",yes,1.703125,0.7340856481481481,11.9375,5.342314060842666,28,1,/mnt/data/ssz/mr/results/Qwen2.5-VL/pope/base/analysis/coco_POPE_random/17.pt
770,770,coco_POPE_random,coco_POPE_random,1,0,"No,",no,1.703125,0.7495659722222222,11.9375,5.359712323765116,28,1,/mnt/data/ssz/mr/results/Qwen2.5-VL/pope/base/analysis/coco_POPE_random/770.pt
2269,2269,coco_POPE_random,coco_POPE_random,0,1,"No,",yes,1.671875,0.74609375,11.9375,5.173372105360864,28,1,/mnt/data/ssz/mr/results/Qwen2.5-VL/pope/base/analysis/coco_POPE_random/2269.pt
1517,1517,coco_POPE_random,coco_POPE_random,1,0,"Yes,",yes,1.734375,0.7252604166666666,11.9375,4.934596207574441,28,1,/mnt/data/ssz/mr/results/Qwen2.5-VL/pope/base/analysis/coco_POPE_random/1517.pt
18,18,coco_POPE_random,coco_POPE_random,1,0,"No,",no,1.703125,0.7340856481481481,11.9375,5.353908081985569,28,1,/mnt/data/ssz/mr/results/Qwen2.5-VL/pope/base/analysis/coco_POPE_random/18.pt
771,771,coco_POPE_random,coco_POPE_random,1,0,"Yes,",yes,1.703125,0.7495659722222222,11.9375,4.853706280351492,28,1,/mnt/data/ssz/mr/results/Qwen2.5-VL/pope/base/analysis/coco_POPE_random/771.pt
2270,2270,coco_POPE_random,coco_POPE_random,1,0,"No,",no,1.671875,0.74609375,11.9375,5.226597764192398,28,1,/mnt/data/ssz/mr/results/Qwen2.5-VL/pope/base/analysis/coco_POPE_random/2270.pt
1518,1518,coco_POPE_random,coco_POPE_random,1,0,"No,",no,1.734375,0.7252604166666666,11.9375,5.353832886981332,28,1,/mnt/data/ssz/mr/results/Qwen2.5-VL/pope/base/analysis/coco_POPE_random/1518.pt
772,772,coco_POPE_random,coco_POPE_random,1,0,"No,",no,1.703125,0.7495659722222222,11.9375,5.274518957177423,28,1,/mnt/data/ssz/mr/results/Qwen2.5-VL/pope/base/analysis/coco_POPE_random/772.pt
19,19,coco_POPE_random,coco_POPE_random,1,0,"Yes,",yes,1.7421875,0.7421875,11.9375,5.06734893143034,28,1,/mnt/data/ssz/mr/results/Qwen2.5-VL/pope/base/analysis/coco_POPE_random/19.pt
2271,2271,coco_POPE_random,coco_POPE_random,1,0,"Yes,",yes,1.671875,0.74609375,11.9375,4.767434439039887,28,1,/mnt/data/ssz/mr/results/Qwen2.5-VL/pope/base/analysis/coco_POPE_random/2271.pt
1519,1519,coco_POPE_random,coco_POPE_random,0,1,"No,",yes,1.734375,0.7427662037037037,11.9375,5.344455066526407,28,1,/mnt/data/ssz/mr/results/Qwen2.5-VL/pope/base/analysis/coco_POPE_random/1519.pt
773,773,coco_POPE_random,coco_POPE_random,0,1,"No,",yes,1.703125,0.7495659722222222,11.9375,5.257158425551788,28,1,/mnt/data/ssz/mr/results/Qwen2.5-VL/pope/base/analysis/coco_POPE_random/773.pt
20,20,coco_POPE_random,coco_POPE_random,1,0,"No,",no,1.7421875,0.7421875,11.9375,5.317977669479849,28,1,/mnt/data/ssz/mr/results/Qwen2.5-VL/pope/base/analysis/coco_POPE_random/20.pt
2272,2272,coco_POPE_random,coco_POPE_random,1,0,"No,",no,1.671875,0.74609375,11.9375,5.201957783422813,28,1,/mnt/data/ssz/mr/results/Qwen2.5-VL/pope/base/analysis/coco_POPE_random/2272.pt
774,774,coco_POPE_random,coco_POPE_random,1,0,"No,",no,1.703125,0.7495659722222222,11.9375,5.328261680902179,28,1,/mnt/data/ssz/mr/results/Qwen2.5-VL/pope/base/analysis/coco_POPE_random/774.pt
1520,1520,coco_POPE_random,coco_POPE_random,1,0,"No,",no,1.734375,0.7427662037037037,11.9375,5.3633218708956,28,1,/mnt/data/ssz/mr/results/Qwen2.5-VL/pope/base/analysis/coco_POPE_random/1520.pt
21,21,coco_POPE_random,coco_POPE_random,0,1,"No,",yes,1.7421875,0.7421875,11.9375,5.385919159109172,28,1,/mnt/data/ssz/mr/results/Qwen2.5-VL/pope/base/analysis/coco_POPE_random/21.pt
2273,2273,coco_POPE_random,coco_POPE_random,0,1,"No,",yes,1.671875,0.74609375,11.9375,5.271281837640063,28,1,/mnt/data/ssz/mr/results/Qwen2.5-VL/pope/base/analysis/coco_POPE_random/2273.pt
775,775,coco_POPE_random,coco_POPE_random,1,0,"Yes,",yes,1.7109375,0.7484085648148148,11.9375,4.8303721101150865,28,1,/mnt/data/ssz/mr/results/Qwen2.5-VL/pope/base/analysis/coco_POPE_random/775.pt
1521,1521,coco_POPE_random,coco_POPE_random,1,0,"Yes,",yes,1.734375,0.7427662037037037,11.9375,4.866427500555634,28,1,/mnt/data/ssz/mr/results/Qwen2.5-VL/pope/base/analysis/coco_POPE_random/1521.pt
22,22,coco_POPE_random,coco_POPE_random,1,0,"No,",no,1.7421875,0.7421875,11.9375,5.406788962091579,28,1,/mnt/data/ssz/mr/results/Qwen2.5-VL/pope/base/analysis/coco_POPE_random/22.pt
2274,2274,coco_POPE_random,coco_POPE_random,1,0,"No,",no,1.671875,0.74609375,11.9375,5.182060049228861,28,1,/mnt/data/ssz/mr/results/Qwen2.5-VL/pope/base/analysis/coco_POPE_random/2274.pt
776,776,coco_POPE_random,coco_POPE_random,1,0,"No,",no,1.7109375,0.7484085648148148,11.9375,5.27832662008737,28,1,/mnt/data/ssz/mr/results/Qwen2.5-VL/pope/base/analysis/coco_POPE_random/776.pt
23,23,coco_POPE_random,coco_POPE_random,0,1,"No,",yes,1.7421875,0.7421875,11.9375,5.410323246756514,28,1,/mnt/data/ssz/mr/results/Qwen2.5-VL/pope/base/analysis/coco_POPE_random/23.pt
1522,1522,coco_POPE_random,coco_POPE_random,1,0,"No,",no,1.734375,0.7427662037037037,11.9375,5.365519310654895,28,1,/mnt/data/ssz/mr/results/Qwen2.5-VL/pope/base/analysis/coco_POPE_random/1522.pt
2275,2275,coco_POPE_random,coco_POPE_random,0,1,"No,",yes,1.71875,0.7462384259259259,11.9375,5.3365049195568774,28,1,/mnt/data/ssz/mr/results/Qwen2.5-VL/pope/base/analysis/coco_POPE_random/2275.pt
777,777,coco_POPE_random,coco_POPE_random,1,0,"Yes,",yes,1.7109375,0.7484085648148148,11.9375,4.780286464412407,28,1,/mnt/data/ssz/mr/results/Qwen2.5-VL/pope/base/analysis/coco_POPE_random/777.pt
24,24,coco_POPE_random,coco_POPE_random,1,0,"No,",no,1.7421875,0.7421875,11.9375,5.387302430023267,28,1,/mnt/data/ssz/mr/results/Qwen2.5-VL/pope/base/analysis/coco_POPE_random/24.pt
1523,1523,coco_POPE_random,coco_POPE_random,0,1,"No,",yes,1.734375,0.7427662037037037,11.9375,5.514312855008156,28,1,/mnt/data/ssz/mr/results/Qwen2.5-VL/pope/base/analysis/coco_POPE_random/1523.pt
2276,2276,coco_POPE_random,coco_POPE_random,1,0,"No,",no,1.71875,0.7462384259259259,11.9375,5.398196111796881,28,1,/mnt/data/ssz/mr/results/Qwen2.5-VL/pope/base/analysis/coco_POPE_random/2276.pt
25,25,coco_POPE_random,coco_POPE_random,1,0,"Yes,",yes,1.71875,0.7560763888888888,11.9375,4.737358224321636,28,1,/mnt/data/ssz/mr/results/Qwen2.5-VL/pope/base/analysis/coco_POPE_random/25.pt
778,778,coco_POPE_random,coco_POPE_random,1,0,"No,",no,1.7109375,0.7484085648148148,11.9375,5.232658448411618,28,1,/mnt/data/ssz/mr/results/Qwen2.5-VL/pope/base/analysis/coco_POPE_random/778.pt
1524,1524,coco_POPE_random,coco_POPE_random,1,0,"No,",no,1.734375,0.7427662037037037,11.9375,5.382721842502085,28,1,/mnt/data/ssz/mr/results/Qwen2.5-VL/pope/base/analysis/coco_POPE_random/1524.pt
26,26,coco_POPE_random,coco_POPE_random,1,0,"No,",no,1.71875,0.7560763888888888,11.9375,5.287159980347999,28,1,/mnt/data/ssz/mr/results/Qwen2.5-VL/pope/base/analysis/coco_POPE_random/26.pt
2277,2277,coco_POPE_random,coco_POPE_random,1,0,"Yes,",yes,1.71875,0.7462384259259259,11.9375,4.923622191923837,28,1,/mnt/data/ssz/mr/results/Qwen2.5-VL/pope/base/analysis/coco_POPE_random/2277.pt
779,779,coco_POPE_random,coco_POPE_random,0,1,"No,",yes,1.7109375,0.7484085648148148,11.9375,5.281134606086144,28,1,/mnt/data/ssz/mr/results/Qwen2.5-VL/pope/base/analysis/coco_POPE_random/779.pt
1525,1525,coco_POPE_random,coco_POPE_random,1,0,"Yes,",yes,1.7265625,0.7300347222222222,11.9375,4.855097762548885,28,1,/mnt/data/ssz/mr/results/Qwen2.5-VL/pope/base/analysis/coco_POPE_random/1525.pt
27,27,coco_POPE_random,coco_POPE_random,1,0,"Yes,",yes,1.71875,0.7560763888888888,11.9375,4.935879557549103,28,1,/mnt/data/ssz/mr/results/Qwen2.5-VL/pope/base/analysis/coco_POPE_random/27.pt
2278,2278,coco_POPE_random,coco_POPE_random,1,0,"No,",no,1.71875,0.7462384259259259,11.9375,5.342249075147015,28,1,/mnt/data/ssz/mr/results/Qwen2.5-VL/pope/base/analysis/coco_POPE_random/2278.pt
1526,1526,coco_POPE_random,coco_POPE_random,1,0,"No,",no,1.7265625,0.7300347222222222,11.9375,5.365497894468592,28,1,/mnt/data/ssz/mr/results/Qwen2.5-VL/pope/base/analysis/coco_POPE_random/1526.pt
780,780,coco_POPE_random,coco_POPE_random,1,0,"No,",no,1.7109375,0.7484085648148148,11.9375,5.2398003720826924,28,1,/mnt/data/ssz/mr/results/Qwen2.5-VL/pope/base/analysis/coco_POPE_random/780.pt
28,28,coco_POPE_random,coco_POPE_random,1,0,"No,",no,1.71875,0.7560763888888888,11.9375,5.237783368688072,28,1,/mnt/data/ssz/mr/results/Qwen2.5-VL/pope/base/analysis/coco_POPE_random/28.pt
2279,2279,coco_POPE_random,coco_POPE_random,1,0,"Yes,",yes,1.71875,0.7462384259259259,11.9375,5.058183830086929,28,1,/mnt/data/ssz/mr/results/Qwen2.5-VL/pope/base/analysis/coco_POPE_random/2279.pt
29,29,coco_POPE_random,coco_POPE_random,1,0,"Yes,",yes,1.71875,0.7560763888888888,11.9375,4.870138907361511,28,1,/mnt/data/ssz/mr/results/Qwen2.5-VL/pope/base/analysis/coco_POPE_random/29.pt
1527,1527,coco_POPE_random,coco_POPE_random,1,0,"Yes,",yes,1.7265625,0.7300347222222222,11.9375,4.958837009832898,28,1,/mnt/data/ssz/mr/results/Qwen2.5-VL/pope/base/analysis/coco_POPE_random/1527.pt
781,781,coco_POPE_random,coco_POPE_random,1,0,"Yes,",yes,1.71875,0.7298900462962963,11.9375,4.822418963383199,28,1,/mnt/data/ssz/mr/results/Qwen2.5-VL/pope/base/analysis/coco_POPE_random/781.pt
30,30,coco_POPE_random,coco_POPE_random,1,0,"No,",no,1.71875,0.7560763888888888,11.9375,5.226892053042886,28,1,/mnt/data/ssz/mr/results/Qwen2.5-VL/pope/base/analysis/coco_POPE_random/30.pt
2280,2280,coco_POPE_random,coco_POPE_random,1,0,"No,",no,1.71875,0.7462384259259259,11.9375,5.423643873258823,28,1,/mnt/data/ssz/mr/results/Qwen2.5-VL/pope/base/analysis/coco_POPE_random/2280.pt
782,782,coco_POPE_random,coco_POPE_random,1,0,"No,",no,1.71875,0.7298900462962963,11.9375,5.193161349777475,28,1,/mnt/data/ssz/mr/results/Qwen2.5-VL/pope/base/analysis/coco_POPE_random/782.pt
1528,1528,coco_POPE_random,coco_POPE_random,1,0,"No,",no,1.7265625,0.7300347222222222,11.9375,5.528382155544839,28,1,/mnt/data/ssz/mr/results/Qwen2.5-VL/pope/base/analysis/coco_POPE_random/1528.pt
31,31,coco_POPE_random,coco_POPE_random,1,0,"Yes,",yes,1.734375,0.7346643518518519,11.9375,4.947170241387195,28,1,/mnt/data/ssz/mr/results/Qwen2.5-VL/pope/base/analysis/coco_POPE_random/31.pt
783,783,coco_POPE_random,coco_POPE_random,1,0,"Yes,",yes,1.71875,0.7298900462962963,11.9375,4.862635891073736,28,1,/mnt/data/ssz/mr/results/Qwen2.5-VL/pope/base/analysis/coco_POPE_random/783.pt
2281,2281,coco_POPE_random,coco_POPE_random,1,0,"Yes,",yes,1.6875,0.7245370370370371,11.9375,4.951085036666664,28,1,/mnt/data/ssz/mr/results/Qwen2.5-VL/pope/base/analysis/coco_POPE_random/2281.pt
1529,1529,coco_POPE_random,coco_POPE_random,1,0,"Yes,",yes,1.7265625,0.7300347222222222,11.9375,4.8313034055562625,28,1,/mnt/data/ssz/mr/results/Qwen2.5-VL/pope/base/analysis/coco_POPE_random/1529.pt
784,784,coco_POPE_random,coco_POPE_random,1,0,"No,",no,1.71875,0.7298900462962963,11.9375,5.222330805683888,28,1,/mnt/data/ssz/mr/results/Qwen2.5-VL/pope/base/analysis/coco_POPE_random/784.pt
32,32,coco_POPE_random,coco_POPE_random,1,0,"No,",no,1.734375,0.7346643518518519,11.9375,5.409764569826652,28,1,/mnt/data/ssz/mr/results/Qwen2.5-VL/pope/base/analysis/coco_POPE_random/32.pt
1530,1530,coco_POPE_random,coco_POPE_random,1,0,"No,",no,1.7265625,0.7300347222222222,11.9375,5.367995442224003,28,1,/mnt/data/ssz/mr/results/Qwen2.5-VL/pope/base/analysis/coco_POPE_random/1530.pt
2282,2282,coco_POPE_random,coco_POPE_random,1,0,"No,",no,1.6875,0.7245370370370371,11.9375,5.34973327222354,28,1,/mnt/data/ssz/mr/results/Qwen2.5-VL/pope/base/analysis/coco_POPE_random/2282.pt
785,785,coco_POPE_random,coco_POPE_random,1,0,"Yes,",yes,1.71875,0.7298900462962963,11.9375,4.69574265164741,28,1,/mnt/data/ssz/mr/results/Qwen2.5-VL/pope/base/analysis/coco_POPE_random/785.pt
33,33,coco_POPE_random,coco_POPE_random,1,0,"Yes,",yes,1.734375,0.7346643518518519,11.9375,4.8910480855025344,28,1,/mnt/data/ssz/mr/results/Qwen2.5-VL/pope/base/analysis/coco_POPE_random/33.pt
1531,1531,coco_POPE_random,coco_POPE_random,1,0,"Yes,",yes,1.7109375,0.7356770833333334,11.9375,4.873909076491225,28,1,/mnt/data/ssz/mr/results/Qwen2.5-VL/pope/base/analysis/coco_POPE_random/1531.pt
2283,2283,coco_POPE_random,coco_POPE_random,0,1,"No,",yes,1.6875,0.7245370370370371,11.9375,5.433204470301179,28,1,/mnt/data/ssz/mr/results/Qwen2.5-VL/pope/base/analysis/coco_POPE_random/2283.pt
786,786,coco_POPE_random,coco_POPE_random,1,0,"No,",no,1.71875,0.7298900462962963,11.9375,5.182721543187216,28,1,/mnt/data/ssz/mr/results/Qwen2.5-VL/pope/base/analysis/coco_POPE_random/786.pt
34,34,coco_POPE_random,coco_POPE_random,1,0,"No,",no,1.734375,0.7346643518518519,11.9375,5.34587992128594,28,1,/mnt/data/ssz/mr/results/Qwen2.5-VL/pope/base/analysis/coco_POPE_random/34.pt
1532,1532,coco_POPE_random,coco_POPE_random,1,0,"No,",no,1.7109375,0.7356770833333334,11.9375,5.361376576891322,28,1,/mnt/data/ssz/mr/results/Qwen2.5-VL/pope/base/analysis/coco_POPE_random/1532.pt
2284,2284,coco_POPE_random,coco_POPE_random,1,0,"No,",no,1.6875,0.7245370370370371,11.9375,5.311510616480205,28,1,/mnt/data/ssz/mr/results/Qwen2.5-VL/pope/base/analysis/coco_POPE_random/2284.pt
787,787,coco_POPE_random,coco_POPE_random,0,1,"No,",yes,1.71875,0.7413194444444444,11.9375,5.322335736986691,28,1,/mnt/data/ssz/mr/results/Qwen2.5-VL/pope/base/analysis/coco_POPE_random/787.pt
35,35,coco_POPE_random,coco_POPE_random,0,1,"No,",yes,1.734375,0.7346643518518519,11.9375,5.46039158117995,28,1,/mnt/data/ssz/mr/results/Qwen2.5-VL/pope/base/analysis/coco_POPE_random/35.pt
1533,1533,coco_POPE_random,coco_POPE_random,1,0,"Yes,",yes,1.7109375,0.7356770833333334,11.9375,4.803074238821019,28,1,/mnt/data/ssz/mr/results/Qwen2.5-VL/pope/base/analysis/coco_POPE_random/1533.pt
2285,2285,coco_POPE_random,coco_POPE_random,1,0,"Yes,",yes,1.6875,0.7245370370370371,11.9375,4.787865694997654,28,1,/mnt/data/ssz/mr/results/Qwen2.5-VL/pope/base/analysis/coco_POPE_random/2285.pt
788,788,coco_POPE_random,coco_POPE_random,1,0,"No,",no,1.71875,0.7413194444444444,11.9375,5.379226318903139,28,1,/mnt/data/ssz/mr/results/Qwen2.5-VL/pope/base/analysis/coco_POPE_random/788.pt
36,36,coco_POPE_random,coco_POPE_random,1,0,"No,",no,1.734375,0.7346643518518519,11.9375,5.330488564290514,28,1,/mnt/data/ssz/mr/results/Qwen2.5-VL/pope/base/analysis/coco_POPE_random/36.pt
1534,1534,coco_POPE_random,coco_POPE_random,1,0,"No,",no,1.7109375,0.7356770833333334,11.9375,5.292094686376756,28,1,/mnt/data/ssz/mr/results/Qwen2.5-VL/pope/base/analysis/coco_POPE_random/1534.pt
2286,2286,coco_POPE_random,coco_POPE_random,1,0,"No,",no,1.6875,0.7245370370370371,11.9375,5.361628889523704,28,1,/mnt/data/ssz/mr/results/Qwen2.5-VL/pope/base/analysis/coco_POPE_random/2286.pt
789,789,coco_POPE_random,coco_POPE_random,1,0,"Yes,",yes,1.71875,0.7413194444444444,11.9375,4.9182690960406115,28,1,/mnt/data/ssz/mr/results/Qwen2.5-VL/pope/base/analysis/coco_POPE_random/789.pt
37,37,coco_POPE_random,coco_POPE_random,1,0,"Yes,",yes,1.7421875,0.7356770833333334,11.9375,5.027062506105251,28,1,/mnt/data/ssz/mr/results/Qwen2.5-VL/pope/base/analysis/coco_POPE_random/37.pt
1535,1535,coco_POPE_random,coco_POPE_random,0,1,"No,",yes,1.7109375,0.7356770833333334,11.9375,5.296546764436214,28,1,/mnt/data/ssz/mr/results/Qwen2.5-VL/pope/base/analysis/coco_POPE_random/1535.pt
2287,2287,coco_POPE_random,coco_POPE_random,1,0,"Yes,",yes,1.7578125,0.7186053240740741,11.9375,4.86693769264997,28,1,/mnt/data/ssz/mr/results/Qwen2.5-VL/pope/base/analysis/coco_POPE_random/2287.pt
790,790,coco_POPE_random,coco_POPE_random,1,0,"No,",no,1.71875,0.7413194444444444,11.9375,5.3409159836697855,28,1,/mnt/data/ssz/mr/results/Qwen2.5-VL/pope/base/analysis/coco_POPE_random/790.pt
38,38,coco_POPE_random,coco_POPE_random,1,0,"No,",no,1.7421875,0.7356770833333334,11.9375,5.387709543627047,28,1,/mnt/data/ssz/mr/results/Qwen2.5-VL/pope/base/analysis/coco_POPE_random/38.pt
1536,1536,coco_POPE_random,coco_POPE_random,1,0,"No,",no,1.7109375,0.7356770833333334,11.9375,5.27059043742564,28,1,/mnt/data/ssz/mr/results/Qwen2.5-VL/pope/base/analysis/coco_POPE_random/1536.pt
2288,2288,coco_POPE_random,coco_POPE_random,1,0,"No,",no,1.7578125,0.7186053240740741,11.9375,5.392345577785506,28,1,/mnt/data/ssz/mr/results/Qwen2.5-VL/pope/base/analysis/coco_POPE_random/2288.pt
791,791,coco_POPE_random,coco_POPE_random,0,1,"No,",yes,1.71875,0.7413194444444444,11.9375,5.409343232464954,28,1,/mnt/data/ssz/mr/results/Qwen2.5-VL/pope/base/analysis/coco_POPE_random/791.pt
39,39,coco_POPE_random,coco_POPE_random,0,1,"No,",yes,1.7421875,0.7356770833333334,11.9375,5.32791757392963,28,1,/mnt/data/ssz/mr/results/Qwen2.5-VL/pope/base/analysis/coco_POPE_random/39.pt
2289,2289,coco_POPE_random,coco_POPE_random,1,0,"Yes,",yes,1.7578125,0.7186053240740741,11.9375,4.926086511840777,28,1,/mnt/data/ssz/mr/results/Qwen2.5-VL/pope/base/analysis/coco_POPE_random/2289.pt
1537,1537,coco_POPE_random,coco_POPE_random,1,0,"Yes,",yes,1.734375,0.7265625,11.9375,4.862772146020603,28,1,/mnt/data/ssz/mr/results/Qwen2.5-VL/pope/base/analysis/coco_POPE_random/1537.pt
792,792,coco_POPE_random,coco_POPE_random,1,0,"No,",no,1.71875,0.7413194444444444,11.9375,5.408159681774875,28,1,/mnt/data/ssz/mr/results/Qwen2.5-VL/pope/base/analysis/coco_POPE_random/792.pt
40,40,coco_POPE_random,coco_POPE_random,1,0,"No,",no,1.7421875,0.7356770833333334,11.9375,5.406792418537251,28,1,/mnt/data/ssz/mr/results/Qwen2.5-VL/pope/base/analysis/coco_POPE_random/40.pt
2290,2290,coco_POPE_random,coco_POPE_random,1,0,"No,",no,1.7578125,0.7186053240740741,11.9375,5.349175518596771,28,1,/mnt/data/ssz/mr/results/Qwen2.5-VL/pope/base/analysis/coco_POPE_random/2290.pt
1538,1538,coco_POPE_random,coco_POPE_random,1,0,"No,",no,1.734375,0.7265625,11.9375,5.324529846124404,28,1,/mnt/data/ssz/mr/results/Qwen2.5-VL/pope/base/analysis/coco_POPE_random/1538.pt
793,793,coco_POPE_random,coco_POPE_random,0,1,"No,",yes,1.71875,0.7743055555555556,11.9375,5.296972451861402,28,1,/mnt/data/ssz/mr/results/Qwen2.5-VL/pope/base/analysis/coco_POPE_random/793.pt
41,41,coco_POPE_random,coco_POPE_random,1,0,"Yes,",yes,1.7421875,0.7356770833333334,11.9375,4.806337880793612,28,1,/mnt/data/ssz/mr/results/Qwen2.5-VL/pope/base/analysis/coco_POPE_random/41.pt
2291,2291,coco_POPE_random,coco_POPE_random,1,0,"Yes,",yes,1.7578125,0.7186053240740741,11.9375,4.951559317687638,28,1,/mnt/data/ssz/mr/results/Qwen2.5-VL/pope/base/analysis/coco_POPE_random/2291.pt
1539,1539,coco_POPE_random,coco_POPE_random,1,0,"Yes,",yes,1.734375,0.7265625,11.9375,4.7778289357506045,28,1,/mnt/data/ssz/mr/results/Qwen2.5-VL/pope/base/analysis/coco_POPE_random/1539.pt
794,794,coco_POPE_random,coco_POPE_random,1,0,"No,",no,1.71875,0.7743055555555556,11.9375,5.3459256895012635,28,1,/mnt/data/ssz/mr/results/Qwen2.5-VL/pope/base/analysis/coco_POPE_random/794.pt
42,42,coco_POPE_random,coco_POPE_random,1,0,"No,",no,1.7421875,0.7356770833333334,11.9375,5.456645891006638,28,1,/mnt/data/ssz/mr/results/Qwen2.5-VL/pope/base/analysis/coco_POPE_random/42.pt
2292,2292,coco_POPE_random,coco_POPE_random,1,0,"No,",no,1.7578125,0.7186053240740741,11.9375,5.430264517482761,28,1,/mnt/data/ssz/mr/results/Qwen2.5-VL/pope/base/analysis/coco_POPE_random/2292.pt
1540,1540,coco_POPE_random,coco_POPE_random,1,0,"No,",no,1.734375,0.7265625,11.9375,5.430787765578536,28,1,/mnt/data/ssz/mr/results/Qwen2.5-VL/pope/base/analysis/coco_POPE_random/1540.pt
795,795,coco_POPE_random,coco_POPE_random,1,0,"Yes,",yes,1.71875,0.7743055555555556,11.9375,4.867696822952362,28,1,/mnt/data/ssz/mr/results/Qwen2.5-VL/pope/base/analysis/coco_POPE_random/795.pt
43,43,coco_POPE_random,coco_POPE_random,0,1,"No,",yes,1.671875,0.7034143518518519,11.9375,5.279778002024678,28,1,/mnt/data/ssz/mr/results/Qwen2.5-VL/pope/base/analysis/coco_POPE_random/43.pt
2293,2293,coco_POPE_random,coco_POPE_random,1,0,"Yes,",yes,1.7265625,0.7249710648148148,11.9375,4.876040508380137,28,1,/mnt/data/ssz/mr/results/Qwen2.5-VL/pope/base/analysis/coco_POPE_random/2293.pt
796,796,coco_POPE_random,coco_POPE_random,1,0,"No,",no,1.71875,0.7743055555555556,11.9375,5.330314780798509,28,1,/mnt/data/ssz/mr/results/Qwen2.5-VL/pope/base/analysis/coco_POPE_random/796.pt
1541,1541,coco_POPE_random,coco_POPE_random,0,1,"No,",yes,1.734375,0.7265625,11.9375,5.397705067635592,28,1,/mnt/data/ssz/mr/results/Qwen2.5-VL/pope/base/analysis/coco_POPE_random/1541.pt
44,44,coco_POPE_random,coco_POPE_random,1,0,"No,",no,1.671875,0.7034143518518519,11.9375,5.255553287143592,28,1,/mnt/data/ssz/mr/results/Qwen2.5-VL/pope/base/analysis/coco_POPE_random/44.pt
797,797,coco_POPE_random,coco_POPE_random,1,0,"Yes,",yes,1.71875,0.7743055555555556,11.9375,4.857588915562357,28,1,/mnt/data/ssz/mr/results/Qwen2.5-VL/pope/base/analysis/coco_POPE_random/797.pt
2294,2294,coco_POPE_random,coco_POPE_random,1,0,"No,",no,1.7265625,0.7249710648148148,11.9375,5.478400591808043,28,1,/mnt/data/ssz/mr/results/Qwen2.5-VL/pope/base/analysis/coco_POPE_random/2294.pt
1542,1542,coco_POPE_random,coco_POPE_random,1,0,"No,",no,1.734375,0.7265625,11.9375,5.3524555109148295,28,1,/mnt/data/ssz/mr/results/Qwen2.5-VL/pope/base/analysis/coco_POPE_random/1542.pt
45,45,coco_POPE_random,coco_POPE_random,0,1,"No,",yes,1.671875,0.7034143518518519,11.9375,5.354901368959465,28,1,/mnt/data/ssz/mr/results/Qwen2.5-VL/pope/base/analysis/coco_POPE_random/45.pt
798,798,coco_POPE_random,coco_POPE_random,1,0,"No,",no,1.71875,0.7743055555555556,11.9375,5.385946752230666,28,1,/mnt/data/ssz/mr/results/Qwen2.5-VL/pope/base/analysis/coco_POPE_random/798.pt
2295,2295,coco_POPE_random,coco_POPE_random,1,0,"Yes,",yes,1.7265625,0.7249710648148148,11.9375,5.09357405079146,28,1,/mnt/data/ssz/mr/results/Qwen2.5-VL/pope/base/analysis/coco_POPE_random/2295.pt
1543,1543,coco_POPE_random,coco_POPE_random,0,1,"No,",yes,1.734375,0.7378472222222222,11.9375,5.2882709378920625,28,1,/mnt/data/ssz/mr/results/Qwen2.5-VL/pope/base/analysis/coco_POPE_random/1543.pt
46,46,coco_POPE_random,coco_POPE_random,1,0,"No,",no,1.671875,0.7034143518518519,11.9375,5.236601060473637,28,1,/mnt/data/ssz/mr/results/Qwen2.5-VL/pope/base/analysis/coco_POPE_random/46.pt
799,799,coco_POPE_random,coco_POPE_random,1,0,"Yes,",yes,1.6953125,0.7340856481481481,11.9375,4.693635440929938,28,1,/mnt/data/ssz/mr/results/Qwen2.5-VL/pope/base/analysis/coco_POPE_random/799.pt
2296,2296,coco_POPE_random,coco_POPE_random,1,0,"No,",no,1.7265625,0.7249710648148148,11.9375,5.349905488319126,28,1,/mnt/data/ssz/mr/results/Qwen2.5-VL/pope/base/analysis/coco_POPE_random/2296.pt
1544,1544,coco_POPE_random,coco_POPE_random,1,0,"No,",no,1.734375,0.7378472222222222,11.9375,5.348493338441619,28,1,/mnt/data/ssz/mr/results/Qwen2.5-VL/pope/base/analysis/coco_POPE_random/1544.pt
47,47,coco_POPE_random,coco_POPE_random,1,0,"Yes,",yes,1.671875,0.7034143518518519,11.9375,4.794007814334095,28,1,/mnt/data/ssz/mr/results/Qwen2.5-VL/pope/base/analysis/coco_POPE_random/47.pt
2297,2297,coco_POPE_random,coco_POPE_random,1,0,"Yes,",yes,1.7265625,0.7249710648148148,11.9375,4.934676408255889,28,1,/mnt/data/ssz/mr/results/Qwen2.5-VL/pope/base/analysis/coco_POPE_random/2297.pt
800,800,coco_POPE_random,coco_POPE_random,1,0,"No,",no,1.6953125,0.7340856481481481,11.9375,5.2264893736198,28,1,/mnt/data/ssz/mr/results/Qwen2.5-VL/pope/base/analysis/coco_POPE_random/800.pt
1545,1545,coco_POPE_random,coco_POPE_random,1,0,"Yes,",yes,1.734375,0.7378472222222222,11.9375,4.8039336480593775,28,1,/mnt/data/ssz/mr/results/Qwen2.5-VL/pope/base/analysis/coco_POPE_random/1545.pt
48,48,coco_POPE_random,coco_POPE_random,1,0,"No,",no,1.671875,0.7034143518518519,11.9375,5.258376951689758,28,1,/mnt/data/ssz/mr/results/Qwen2.5-VL/pope/base/analysis/coco_POPE_random/48.pt
2298,2298,coco_POPE_random,coco_POPE_random,1,0,"No,",no,1.7265625,0.7249710648148148,11.9375,5.528441253882953,28,1,/mnt/data/ssz/mr/results/Qwen2.5-VL/pope/base/analysis/coco_POPE_random/2298.pt
1546,1546,coco_POPE_random,coco_POPE_random,1,0,"No,",no,1.734375,0.7378472222222222,11.9375,5.227497144274578,28,1,/mnt/data/ssz/mr/results/Qwen2.5-VL/pope/base/analysis/coco_POPE_random/1546.pt
801,801,coco_POPE_random,coco_POPE_random,1,0,"Yes,",yes,1.6953125,0.7340856481481481,11.9375,4.7873293614178145,28,1,/mnt/data/ssz/mr/results/Qwen2.5-VL/pope/base/analysis/coco_POPE_random/801.pt
49,49,coco_POPE_random,coco_POPE_random,1,0,"Yes,",yes,1.7109375,0.7446469907407407,11.9375,4.732015252073591,28,1,/mnt/data/ssz/mr/results/Qwen2.5-VL/pope/base/analysis/coco_POPE_random/49.pt
2299,2299,coco_POPE_random,coco_POPE_random,1,0,"Yes,",yes,1.765625,0.7394386574074074,11.9375,5.008121459127231,28,1,/mnt/data/ssz/mr/results/Qwen2.5-VL/pope/base/analysis/coco_POPE_random/2299.pt
1547,1547,coco_POPE_random,coco_POPE_random,1,0,"Yes,",yes,1.734375,0.7378472222222222,11.9375,5.062091037460434,28,1,/mnt/data/ssz/mr/results/Qwen2.5-VL/pope/base/analysis/coco_POPE_random/1547.pt
802,802,coco_POPE_random,coco_POPE_random,1,0,"No,",no,1.6953125,0.7340856481481481,11.9375,5.22291703550243,28,1,/mnt/data/ssz/mr/results/Qwen2.5-VL/pope/base/analysis/coco_POPE_random/802.pt
50,50,coco_POPE_random,coco_POPE_random,1,0,"No,",no,1.7109375,0.7446469907407407,11.9375,5.182653333024322,28,1,/mnt/data/ssz/mr/results/Qwen2.5-VL/pope/base/analysis/coco_POPE_random/50.pt
2300,2300,coco_POPE_random,coco_POPE_random,1,0,"No,",no,1.765625,0.7394386574074074,11.9375,5.49156702314865,28,1,/mnt/data/ssz/mr/results/Qwen2.5-VL/pope/base/analysis/coco_POPE_random/2300.pt
1548,1548,coco_POPE_random,coco_POPE_random,1,0,"No,",no,1.734375,0.7378472222222222,11.9375,5.2456090158431214,28,1,/mnt/data/ssz/mr/results/Qwen2.5-VL/pope/base/analysis/coco_POPE_random/1548.pt
803,803,coco_POPE_random,coco_POPE_random,0,1,"No,",yes,1.6953125,0.7340856481481481,11.9375,5.2084962834116375,28,1,/mnt/data/ssz/mr/results/Qwen2.5-VL/pope/base/analysis/coco_POPE_random/803.pt
51,51,coco_POPE_random,coco_POPE_random,1,0,"Yes,",yes,1.7109375,0.7446469907407407,11.9375,4.915583427667287,28,1,/mnt/data/ssz/mr/results/Qwen2.5-VL/pope/base/analysis/coco_POPE_random/51.pt
2301,2301,coco_POPE_random,coco_POPE_random,1,0,"Yes,",yes,1.765625,0.7394386574074074,11.9375,4.865065499122561,28,1,/mnt/data/ssz/mr/results/Qwen2.5-VL/pope/base/analysis/coco_POPE_random/2301.pt
1549,1549,coco_POPE_random,coco_POPE_random,0,1,"No,",yes,1.71875,0.7424768518518519,11.9375,5.273093179333455,28,1,/mnt/data/ssz/mr/results/Qwen2.5-VL/pope/base/analysis/coco_POPE_random/1549.pt
52,52,coco_POPE_random,coco_POPE_random,1,0,"No,",no,1.7109375,0.7446469907407407,11.9375,5.281970577694352,28,1,/mnt/data/ssz/mr/results/Qwen2.5-VL/pope/base/analysis/coco_POPE_random/52.pt
804,804,coco_POPE_random,coco_POPE_random,1,0,"No,",no,1.6953125,0.7340856481481481,11.9375,5.255697157075701,28,1,/mnt/data/ssz/mr/results/Qwen2.5-VL/pope/base/analysis/coco_POPE_random/804.pt
2302,2302,coco_POPE_random,coco_POPE_random,1,0,"No,",no,1.765625,0.7394386574074074,11.9375,5.394224403718846,28,1,/mnt/data/ssz/mr/results/Qwen2.5-VL/pope/base/analysis/coco_POPE_random/2302.pt
1550,1550,coco_POPE_random,coco_POPE_random,1,0,"No,",no,1.71875,0.7424768518518519,11.9375,5.357150123099113,28,1,/mnt/data/ssz/mr/results/Qwen2.5-VL/pope/base/analysis/coco_POPE_random/1550.pt
805,805,coco_POPE_random,coco_POPE_random,1,0,"Yes,",yes,1.6796875,0.7475405092592593,11.9375,4.788615329772194,28,1,/mnt/data/ssz/mr/results/Qwen2.5-VL/pope/base/analysis/coco_POPE_random/805.pt
53,53,coco_POPE_random,coco_POPE_random,1,0,"Yes,",yes,1.7109375,0.7446469907407407,11.9375,4.777798855228929,28,1,/mnt/data/ssz/mr/results/Qwen2.5-VL/pope/base/analysis/coco_POPE_random/53.pt
2303,2303,coco_POPE_random,coco_POPE_random,1,0,"Yes,",yes,1.765625,0.7394386574074074,11.9375,4.816894826168147,28,1,/mnt/data/ssz/mr/results/Qwen2.5-VL/pope/base/analysis/coco_POPE_random/2303.pt
1551,1551,coco_POPE_random,coco_POPE_random,0,1,"No,",yes,1.71875,0.7424768518518519,11.9375,5.486852810226463,28,1,/mnt/data/ssz/mr/results/Qwen2.5-VL/pope/base/analysis/coco_POPE_random/1551.pt
806,806,coco_POPE_random,coco_POPE_random,1,0,"No,",no,1.6796875,0.7475405092592593,11.9375,5.306297501819025,28,1,/mnt/data/ssz/mr/results/Qwen2.5-VL/pope/base/analysis/coco_POPE_random/806.pt
54,54,coco_POPE_random,coco_POPE_random,1,0,"No,",no,1.7109375,0.7446469907407407,11.9375,5.285852875616221,28,1,/mnt/data/ssz/mr/results/Qwen2.5-VL/pope/base/analysis/coco_POPE_random/54.pt
2304,2304,coco_POPE_random,coco_POPE_random,1,0,"No,",no,1.765625,0.7394386574074074,11.9375,5.4354327532215905,28,1,/mnt/data/ssz/mr/results/Qwen2.5-VL/pope/base/analysis/coco_POPE_random/2304.pt
1552,1552,coco_POPE_random,coco_POPE_random,1,0,"No,",no,1.71875,0.7424768518518519,11.9375,5.356983248041523,28,1,/mnt/data/ssz/mr/results/Qwen2.5-VL/pope/base/analysis/coco_POPE_random/1552.pt
807,807,coco_POPE_random,coco_POPE_random,0,1,"No,",yes,1.6796875,0.7475405092592593,11.9375,5.440521457696949,28,1,/mnt/data/ssz/mr/results/Qwen2.5-VL/pope/base/analysis/coco_POPE_random/807.pt
55,55,coco_POPE_random,coco_POPE_random,1,0,"Yes,",yes,1.71875,0.7316261574074074,11.9375,4.832174094667216,28,1,/mnt/data/ssz/mr/results/Qwen2.5-VL/pope/base/analysis/coco_POPE_random/55.pt
2305,2305,coco_POPE_random,coco_POPE_random,1,0,"Yes,",yes,1.703125,0.7569444444444444,11.9375,4.943477352353135,28,1,/mnt/data/ssz/mr/results/Qwen2.5-VL/pope/base/analysis/coco_POPE_random/2305.pt
1553,1553,coco_POPE_random,coco_POPE_random,0,1,"No,",yes,1.71875,0.7424768518518519,11.9375,5.323245693870785,28,1,/mnt/data/ssz/mr/results/Qwen2.5-VL/pope/base/analysis/coco_POPE_random/1553.pt
808,808,coco_POPE_random,coco_POPE_random,1,0,"No,",no,1.6796875,0.7475405092592593,11.9375,5.359338742686493,28,1,/mnt/data/ssz/mr/results/Qwen2.5-VL/pope/base/analysis/coco_POPE_random/808.pt
56,56,coco_POPE_random,coco_POPE_random,1,0,"No,",no,1.71875,0.7316261574074074,11.9375,5.299342299179036,28,1,/mnt/data/ssz/mr/results/Qwen2.5-VL/pope/base/analysis/coco_POPE_random/56.pt
2306,2306,coco_POPE_random,coco_POPE_random,1,0,"No,",no,1.703125,0.7569444444444444,11.9375,5.218195808721225,28,1,/mnt/data/ssz/mr/results/Qwen2.5-VL/pope/base/analysis/coco_POPE_random/2306.pt
1554,1554,coco_POPE_random,coco_POPE_random,1,0,"No,",no,1.71875,0.7424768518518519,11.9375,5.354973996845416,28,1,/mnt/data/ssz/mr/results/Qwen2.5-VL/pope/base/analysis/coco_POPE_random/1554.pt
809,809,coco_POPE_random,coco_POPE_random,1,0,"Yes,",yes,1.6796875,0.7475405092592593,11.9375,4.786490275812836,28,1,/mnt/data/ssz/mr/results/Qwen2.5-VL/pope/base/analysis/coco_POPE_random/809.pt
57,57,coco_POPE_random,coco_POPE_random,1,0,"Yes,",yes,1.71875,0.7316261574074074,11.9375,4.866858520426972,28,1,/mnt/data/ssz/mr/results/Qwen2.5-VL/pope/base/analysis/coco_POPE_random/57.pt
2307,2307,coco_POPE_random,coco_POPE_random,1,0,"Yes,",yes,1.703125,0.7569444444444444,11.9375,4.85839090408991,28,1,/mnt/data/ssz/mr/results/Qwen2.5-VL/pope/base/analysis/coco_POPE_random/2307.pt
1555,1555,coco_POPE_random,coco_POPE_random,1,0,"Yes,",yes,1.71875,0.7282986111111112,11.9375,4.858427343988767,28,1,/mnt/data/ssz/mr/results/Qwen2.5-VL/pope/base/analysis/coco_POPE_random/1555.pt
810,810,coco_POPE_random,coco_POPE_random,1,0,"No,",no,1.6796875,0.7475405092592593,11.9375,5.352032626650382,28,1,/mnt/data/ssz/mr/results/Qwen2.5-VL/pope/base/analysis/coco_POPE_random/810.pt
58,58,coco_POPE_random,coco_POPE_random,1,0,"No,",no,1.71875,0.7316261574074074,11.9375,5.37873250685817,28,1,/mnt/data/ssz/mr/results/Qwen2.5-VL/pope/base/analysis/coco_POPE_random/58.pt
2308,2308,coco_POPE_random,coco_POPE_random,1,0,"No,",no,1.703125,0.7569444444444444,11.9375,5.308748585246312,28,1,/mnt/data/ssz/mr/results/Qwen2.5-VL/pope/base/analysis/coco_POPE_random/2308.pt
1556,1556,coco_POPE_random,coco_POPE_random,1,0,"No,",no,1.71875,0.7282986111111112,11.9375,5.342698363227492,28,1,/mnt/data/ssz/mr/results/Qwen2.5-VL/pope/base/analysis/coco_POPE_random/1556.pt
811,811,coco_POPE_random,coco_POPE_random,1,0,"Yes,",yes,1.734375,0.7180266203703703,11.9375,4.882552316415349,28,1,/mnt/data/ssz/mr/results/Qwen2.5-VL/pope/base/analysis/coco_POPE_random/811.pt
59,59,coco_POPE_random,coco_POPE_random,1,0,"Yes,",yes,1.71875,0.7316261574074074,11.9375,4.785204632083358,28,1,/mnt/data/ssz/mr/results/Qwen2.5-VL/pope/base/analysis/coco_POPE_random/59.pt
2309,2309,coco_POPE_random,coco_POPE_random,1,0,"Yes,",yes,1.703125,0.7569444444444444,11.9375,4.955607290104834,28,1,/mnt/data/ssz/mr/results/Qwen2.5-VL/pope/base/analysis/coco_POPE_random/2309.pt
1557,1557,coco_POPE_random,coco_POPE_random,1,0,"Yes,",yes,1.71875,0.7282986111111112,11.9375,4.968780531771777,28,1,/mnt/data/ssz/mr/results/Qwen2.5-VL/pope/base/analysis/coco_POPE_random/1557.pt
812,812,coco_POPE_random,coco_POPE_random,1,0,"No,",no,1.734375,0.7180266203703703,11.9375,5.442630851457643,28,1,/mnt/data/ssz/mr/results/Qwen2.5-VL/pope/base/analysis/coco_POPE_random/812.pt
60,60,coco_POPE_random,coco_POPE_random,1,0,"No,",no,1.71875,0.7316261574074074,11.9375,5.344769536077498,28,1,/mnt/data/ssz/mr/results/Qwen2.5-VL/pope/base/analysis/coco_POPE_random/60.pt
2310,2310,coco_POPE_random,coco_POPE_random,1,0,"No,",no,1.703125,0.7569444444444444,11.9375,5.244717472693069,28,1,/mnt/data/ssz/mr/results/Qwen2.5-VL/pope/base/analysis/coco_POPE_random/2310.pt
1558,1558,coco_POPE_random,coco_POPE_random,1,0,"No,",no,1.71875,0.7282986111111112,11.9375,5.370300558955682,28,1,/mnt/data/ssz/mr/results/Qwen2.5-VL/pope/base/analysis/coco_POPE_random/1558.pt
813,813,coco_POPE_random,coco_POPE_random,1,0,"Yes,",yes,1.734375,0.7180266203703703,11.9375,4.9961997739396855,28,1,/mnt/data/ssz/mr/results/Qwen2.5-VL/pope/base/analysis/coco_POPE_random/813.pt
61,61,coco_POPE_random,coco_POPE_random,1,0,"Yes,",yes,1.671875,0.7644675925925926,11.9375,5.119187822222269,28,1,/mnt/data/ssz/mr/results/Qwen2.5-VL/pope/base/analysis/coco_POPE_random/61.pt
2311,2311,coco_POPE_random,coco_POPE_random,1,0,"Yes,",yes,1.75,0.7459490740740741,11.9375,5.231980041928949,28,1,/mnt/data/ssz/mr/results/Qwen2.5-VL/pope/base/analysis/coco_POPE_random/2311.pt
1559,1559,coco_POPE_random,coco_POPE_random,1,0,"Yes,",yes,1.71875,0.7282986111111112,11.9375,4.936601627623768,28,1,/mnt/data/ssz/mr/results/Qwen2.5-VL/pope/base/analysis/coco_POPE_random/1559.pt
814,814,coco_POPE_random,coco_POPE_random,1,0,"No,",no,1.734375,0.7180266203703703,11.9375,5.394759384476167,28,1,/mnt/data/ssz/mr/results/Qwen2.5-VL/pope/base/analysis/coco_POPE_random/814.pt
62,62,coco_POPE_random,coco_POPE_random,1,0,"No,",no,1.671875,0.7644675925925926,11.9375,5.358517823306039,28,1,/mnt/data/ssz/mr/results/Qwen2.5-VL/pope/base/analysis/coco_POPE_random/62.pt
2312,2312,coco_POPE_random,coco_POPE_random,1,0,"No,",no,1.75,0.7459490740740741,11.9375,5.493944569006372,28,1,/mnt/data/ssz/mr/results/Qwen2.5-VL/pope/base/analysis/coco_POPE_random/2312.pt
1560,1560,coco_POPE_random,coco_POPE_random,1,0,"No,",no,1.71875,0.7282986111111112,11.9375,5.3797323512992765,28,1,/mnt/data/ssz/mr/results/Qwen2.5-VL/pope/base/analysis/coco_POPE_random/1560.pt
815,815,coco_POPE_random,coco_POPE_random,1,0,"Yes,",yes,1.734375,0.7180266203703703,11.9375,4.90160711319211,28,1,/mnt/data/ssz/mr/results/Qwen2.5-VL/pope/base/analysis/coco_POPE_random/815.pt
63,63,coco_POPE_random,coco_POPE_random,1,0,"Yes,",yes,1.671875,0.7644675925925926,11.9375,5.066479463494298,28,1,/mnt/data/ssz/mr/results/Qwen2.5-VL/pope/base/analysis/coco_POPE_random/63.pt
2313,2313,coco_POPE_random,coco_POPE_random,0,1,"No,",yes,1.75,0.7459490740740741,11.9375,5.356987498587215,28,1,/mnt/data/ssz/mr/results/Qwen2.5-VL/pope/base/analysis/coco_POPE_random/2313.pt
1561,1561,coco_POPE_random,coco_POPE_random,1,0,"Yes,",yes,1.734375,0.7322048611111112,11.9375,4.9260727072000705,28,1,/mnt/data/ssz/mr/results/Qwen2.5-VL/pope/base/analysis/coco_POPE_random/1561.pt
816,816,coco_POPE_random,coco_POPE_random,1,0,"No,",no,1.734375,0.7180266203703703,11.9375,5.4505389492037,28,1,/mnt/data/ssz/mr/results/Qwen2.5-VL/pope/base/analysis/coco_POPE_random/816.pt
64,64,coco_POPE_random,coco_POPE_random,1,0,"No,",no,1.671875,0.7644675925925926,11.9375,5.353585488078509,28,1,/mnt/data/ssz/mr/results/Qwen2.5-VL/pope/base/analysis/coco_POPE_random/64.pt
2314,2314,coco_POPE_random,coco_POPE_random,1,0,"No,",no,1.75,0.7459490740740741,11.9375,5.489142350419446,28,1,/mnt/data/ssz/mr/results/Qwen2.5-VL/pope/base/analysis/coco_POPE_random/2314.pt
1562,1562,coco_POPE_random,coco_POPE_random,1,0,"No,",no,1.734375,0.7322048611111112,11.9375,5.286689908381332,28,1,/mnt/data/ssz/mr/results/Qwen2.5-VL/pope/base/analysis/coco_POPE_random/1562.pt
817,817,coco_POPE_random,coco_POPE_random,1,0,"Yes,",yes,1.703125,0.7398726851851852,11.9375,5.050079064299578,28,1,/mnt/data/ssz/mr/results/Qwen2.5-VL/pope/base/analysis/coco_POPE_random/817.pt
65,65,coco_POPE_random,coco_POPE_random,1,0,"Yes,",yes,1.671875,0.7644675925925926,11.9375,4.932373854893728,28,1,/mnt/data/ssz/mr/results/Qwen2.5-VL/pope/base/analysis/coco_POPE_random/65.pt
2315,2315,coco_POPE_random,coco_POPE_random,1,0,"Yes,",yes,1.75,0.7459490740740741,11.9375,4.892516912679327,28,1,/mnt/data/ssz/mr/results/Qwen2.5-VL/pope/base/analysis/coco_POPE_random/2315.pt
1563,1563,coco_POPE_random,coco_POPE_random,1,0,"Yes,",yes,1.734375,0.7322048611111112,11.9375,4.7515076140694825,28,1,/mnt/data/ssz/mr/results/Qwen2.5-VL/pope/base/analysis/coco_POPE_random/1563.pt
818,818,coco_POPE_random,coco_POPE_random,1,0,"No,",no,1.703125,0.7398726851851852,11.9375,5.441044572122596,28,1,/mnt/data/ssz/mr/results/Qwen2.5-VL/pope/base/analysis/coco_POPE_random/818.pt
66,66,coco_POPE_random,coco_POPE_random,1,0,"No,",no,1.671875,0.7644675925925926,11.9375,5.4585675152988635,28,1,/mnt/data/ssz/mr/results/Qwen2.5-VL/pope/base/analysis/coco_POPE_random/66.pt
2316,2316,coco_POPE_random,coco_POPE_random,1,0,"No,",no,1.75,0.7459490740740741,11.9375,5.425189519035987,28,1,/mnt/data/ssz/mr/results/Qwen2.5-VL/pope/base/analysis/coco_POPE_random/2316.pt
1564,1564,coco_POPE_random,coco_POPE_random,1,0,"No,",no,1.734375,0.7322048611111112,11.9375,5.310785923877999,28,1,/mnt/data/ssz/mr/results/Qwen2.5-VL/pope/base/analysis/coco_POPE_random/1564.pt
819,819,coco_POPE_random,coco_POPE_random,0,1,"No,",yes,1.703125,0.7398726851851852,11.9375,5.393299728723362,28,1,/mnt/data/ssz/mr/results/Qwen2.5-VL/pope/base/analysis/coco_POPE_random/819.pt
67,67,coco_POPE_random,coco_POPE_random,1,0,"Yes,",yes,1.6875,0.7288773148148148,11.9375,4.719397216972627,28,1,/mnt/data/ssz/mr/results/Qwen2.5-VL/pope/base/analysis/coco_POPE_random/67.pt
2317,2317,coco_POPE_random,coco_POPE_random,1,0,"Yes,",yes,1.65625,0.7622974537037037,11.9375,4.680746053193084,28,1,/mnt/data/ssz/mr/results/Qwen2.5-VL/pope/base/analysis/coco_POPE_random/2317.pt
1565,1565,coco_POPE_random,coco_POPE_random,1,0,"Yes,",yes,1.734375,0.7322048611111112,11.9375,4.7741365342799424,28,1,/mnt/data/ssz/mr/results/Qwen2.5-VL/pope/base/analysis/coco_POPE_random/1565.pt
820,820,coco_POPE_random,coco_POPE_random,1,0,"No,",no,1.703125,0.7398726851851852,11.9375,5.278235005432964,28,1,/mnt/data/ssz/mr/results/Qwen2.5-VL/pope/base/analysis/coco_POPE_random/820.pt
2318,2318,coco_POPE_random,coco_POPE_random,1,0,"No,",no,1.65625,0.7622974537037037,11.9375,5.185355100900403,28,1,/mnt/data/ssz/mr/results/Qwen2.5-VL/pope/base/analysis/coco_POPE_random/2318.pt
68,68,coco_POPE_random,coco_POPE_random,1,0,"No,",no,1.6875,0.7288773148148148,11.9375,5.173351044022513,28,1,/mnt/data/ssz/mr/results/Qwen2.5-VL/pope/base/analysis/coco_POPE_random/68.pt
1566,1566,coco_POPE_random,coco_POPE_random,1,0,"No,",no,1.734375,0.7322048611111112,11.9375,5.387284031369903,28,1,/mnt/data/ssz/mr/results/Qwen2.5-VL/pope/base/analysis/coco_POPE_random/1566.pt
2319,2319,coco_POPE_random,coco_POPE_random,1,0,"Yes,",yes,1.65625,0.7622974537037037,11.9375,4.8678749966581805,28,1,/mnt/data/ssz/mr/results/Qwen2.5-VL/pope/base/analysis/coco_POPE_random/2319.pt
821,821,coco_POPE_random,coco_POPE_random,1,0,"Yes,",yes,1.703125,0.7398726851851852,11.9375,4.899161706022228,28,1,/mnt/data/ssz/mr/results/Qwen2.5-VL/pope/base/analysis/coco_POPE_random/821.pt
69,69,coco_POPE_random,coco_POPE_random,1,0,"Yes,",yes,1.6875,0.7288773148148148,11.9375,4.87820616076552,28,1,/mnt/data/ssz/mr/results/Qwen2.5-VL/pope/base/analysis/coco_POPE_random/69.pt
1567,1567,coco_POPE_random,coco_POPE_random,1,0,"Yes,",yes,1.75,0.7349537037037037,11.9375,4.978677891644858,28,1,/mnt/data/ssz/mr/results/Qwen2.5-VL/pope/base/analysis/coco_POPE_random/1567.pt
2320,2320,coco_POPE_random,coco_POPE_random,1,0,"No,",no,1.65625,0.7622974537037037,11.9375,5.255339712207608,28,1,/mnt/data/ssz/mr/results/Qwen2.5-VL/pope/base/analysis/coco_POPE_random/2320.pt
70,70,coco_POPE_random,coco_POPE_random,1,0,"No,",no,1.6875,0.7288773148148148,11.9375,5.19317339026782,28,1,/mnt/data/ssz/mr/results/Qwen2.5-VL/pope/base/analysis/coco_POPE_random/70.pt
822,822,coco_POPE_random,coco_POPE_random,1,0,"No,",no,1.703125,0.7398726851851852,11.9375,5.325189953338474,28,1,/mnt/data/ssz/mr/results/Qwen2.5-VL/pope/base/analysis/coco_POPE_random/822.pt
1568,1568,coco_POPE_random,coco_POPE_random,1,0,"No,",no,1.75,0.7349537037037037,11.9375,5.35135188114942,28,1,/mnt/data/ssz/mr/results/Qwen2.5-VL/pope/base/analysis/coco_POPE_random/1568.pt
2321,2321,coco_POPE_random,coco_POPE_random,1,0,"Yes,",yes,1.65625,0.7622974537037037,11.9375,4.701576954404199,28,1,/mnt/data/ssz/mr/results/Qwen2.5-VL/pope/base/analysis/coco_POPE_random/2321.pt
71,71,coco_POPE_random,coco_POPE_random,1,0,"Yes,",yes,1.6875,0.7288773148148148,11.9375,4.709081731937125,28,1,/mnt/data/ssz/mr/results/Qwen2.5-VL/pope/base/analysis/coco_POPE_random/71.pt
823,823,coco_POPE_random,coco_POPE_random,0,1,"No,",yes,1.71875,0.7708333333333334,11.9375,5.364946942231505,28,1,/mnt/data/ssz/mr/results/Qwen2.5-VL/pope/base/analysis/coco_POPE_random/823.pt
1569,1569,coco_POPE_random,coco_POPE_random,1,0,"Yes,",yes,1.75,0.7349537037037037,11.9375,4.942706474103091,28,1,/mnt/data/ssz/mr/results/Qwen2.5-VL/pope/base/analysis/coco_POPE_random/1569.pt
2322,2322,coco_POPE_random,coco_POPE_random,1,0,"No,",no,1.65625,0.7622974537037037,11.9375,5.227449851507494,28,1,/mnt/data/ssz/mr/results/Qwen2.5-VL/pope/base/analysis/coco_POPE_random/2322.pt
72,72,coco_POPE_random,coco_POPE_random,1,0,"No,",no,1.6875,0.7288773148148148,11.9375,5.286769857195145,28,1,/mnt/data/ssz/mr/results/Qwen2.5-VL/pope/base/analysis/coco_POPE_random/72.pt
824,824,coco_POPE_random,coco_POPE_random,1,0,"No,",no,1.71875,0.7708333333333334,11.9375,5.299344343468968,28,1,/mnt/data/ssz/mr/results/Qwen2.5-VL/pope/base/analysis/coco_POPE_random/824.pt
1570,1570,coco_POPE_random,coco_POPE_random,1,0,"No,",no,1.75,0.7349537037037037,11.9375,5.4062525982856116,28,1,/mnt/data/ssz/mr/results/Qwen2.5-VL/pope/base/analysis/coco_POPE_random/1570.pt
2323,2323,coco_POPE_random,coco_POPE_random,1,0,"Yes,",yes,1.703125,0.7298900462962963,11.9375,4.807804430369791,28,1,/mnt/data/ssz/mr/results/Qwen2.5-VL/pope/base/analysis/coco_POPE_random/2323.pt
73,73,coco_POPE_random,coco_POPE_random,1,0,"Yes,",yes,1.734375,0.7449363425925926,11.9375,4.9729221517210025,28,1,/mnt/data/ssz/mr/results/Qwen2.5-VL/pope/base/analysis/coco_POPE_random/73.pt
825,825,coco_POPE_random,coco_POPE_random,1,0,"Yes,",yes,1.71875,0.7708333333333334,11.9375,4.971310572726828,28,1,/mnt/data/ssz/mr/results/Qwen2.5-VL/pope/base/analysis/coco_POPE_random/825.pt
1571,1571,coco_POPE_random,coco_POPE_random,1,0,"Yes,",yes,1.75,0.7349537037037037,11.9375,4.851055719914799,28,1,/mnt/data/ssz/mr/results/Qwen2.5-VL/pope/base/analysis/coco_POPE_random/1571.pt
2324,2324,coco_POPE_random,coco_POPE_random,1,0,"No,",no,1.703125,0.7298900462962963,11.9375,5.2695567432453805,28,1,/mnt/data/ssz/mr/results/Qwen2.5-VL/pope/base/analysis/coco_POPE_random/2324.pt
826,826,coco_POPE_random,coco_POPE_random,1,0,"No,",no,1.71875,0.7708333333333334,11.9375,5.244370050234065,28,1,/mnt/data/ssz/mr/results/Qwen2.5-VL/pope/base/analysis/coco_POPE_random/826.pt
74,74,coco_POPE_random,coco_POPE_random,1,0,"No,",no,1.734375,0.7449363425925926,11.9375,5.407997346429033,28,1,/mnt/data/ssz/mr/results/Qwen2.5-VL/pope/base/analysis/coco_POPE_random/74.pt
1572,1572,coco_POPE_random,coco_POPE_random,1,0,"No,",no,1.75,0.7349537037037037,11.9375,5.299103000741838,28,1,/mnt/data/ssz/mr/results/Qwen2.5-VL/pope/base/analysis/coco_POPE_random/1572.pt
2325,2325,coco_POPE_random,coco_POPE_random,1,0,"Yes,",yes,1.703125,0.7298900462962963,11.9375,4.890708994306281,28,1,/mnt/data/ssz/mr/results/Qwen2.5-VL/pope/base/analysis/coco_POPE_random/2325.pt
827,827,coco_POPE_random,coco_POPE_random,1,0,"Yes,",yes,1.71875,0.7708333333333334,11.9375,4.817666017611015,28,1,/mnt/data/ssz/mr/results/Qwen2.5-VL/pope/base/analysis/coco_POPE_random/827.pt
75,75,coco_POPE_random,coco_POPE_random,1,0,"Yes,",yes,1.734375,0.7449363425925926,11.9375,4.877522994555797,28,1,/mnt/data/ssz/mr/results/Qwen2.5-VL/pope/base/analysis/coco_POPE_random/75.pt
1573,1573,coco_POPE_random,coco_POPE_random,1,0,"Yes,",yes,1.734375,0.7374131944444444,11.9375,4.949840664975245,28,1,/mnt/data/ssz/mr/results/Qwen2.5-VL/pope/base/analysis/coco_POPE_random/1573.pt
2326,2326,coco_POPE_random,coco_POPE_random,1,0,"No,",no,1.703125,0.7298900462962963,11.9375,5.338985792259853,28,1,/mnt/data/ssz/mr/results/Qwen2.5-VL/pope/base/analysis/coco_POPE_random/2326.pt
1574,1574,coco_POPE_random,coco_POPE_random,1,0,"No,",no,1.734375,0.7374131944444444,11.9375,5.361054207011657,28,1,/mnt/data/ssz/mr/results/Qwen2.5-VL/pope/base/analysis/coco_POPE_random/1574.pt
828,828,coco_POPE_random,coco_POPE_random,1,0,"No,",no,1.71875,0.7708333333333334,11.9375,5.258426609347634,28,1,/mnt/data/ssz/mr/results/Qwen2.5-VL/pope/base/analysis/coco_POPE_random/828.pt
76,76,coco_POPE_random,coco_POPE_random,1,0,"No,",no,1.734375,0.7449363425925926,11.9375,5.281987069151579,28,1,/mnt/data/ssz/mr/results/Qwen2.5-VL/pope/base/analysis/coco_POPE_random/76.pt
1575,1575,coco_POPE_random,coco_POPE_random,1,0,"Yes,",yes,1.734375,0.7374131944444444,11.9375,4.9016257145680795,28,1,/mnt/data/ssz/mr/results/Qwen2.5-VL/pope/base/analysis/coco_POPE_random/1575.pt
2327,2327,coco_POPE_random,coco_POPE_random,1,0,"Yes,",yes,1.703125,0.7298900462962963,11.9375,4.8392033259548,28,1,/mnt/data/ssz/mr/results/Qwen2.5-VL/pope/base/analysis/coco_POPE_random/2327.pt
829,829,coco_POPE_random,coco_POPE_random,0,1,"No,",yes,1.71875,0.7408854166666666,11.9375,5.36170659201814,28,1,/mnt/data/ssz/mr/results/Qwen2.5-VL/pope/base/analysis/coco_POPE_random/829.pt
77,77,coco_POPE_random,coco_POPE_random,1,0,"Yes,",yes,1.734375,0.7449363425925926,11.9375,4.937134828547344,28,1,/mnt/data/ssz/mr/results/Qwen2.5-VL/pope/base/analysis/coco_POPE_random/77.pt
1576,1576,coco_POPE_random,coco_POPE_random,1,0,"No,",no,1.734375,0.7374131944444444,11.9375,5.383004876557294,28,1,/mnt/data/ssz/mr/results/Qwen2.5-VL/pope/base/analysis/coco_POPE_random/1576.pt
2328,2328,coco_POPE_random,coco_POPE_random,1,0,"No,",no,1.703125,0.7298900462962963,11.9375,5.384456151832449,28,1,/mnt/data/ssz/mr/results/Qwen2.5-VL/pope/base/analysis/coco_POPE_random/2328.pt
830,830,coco_POPE_random,coco_POPE_random,1,0,"No,",no,1.71875,0.7408854166666666,11.9375,5.335907924472347,28,1,/mnt/data/ssz/mr/results/Qwen2.5-VL/pope/base/analysis/coco_POPE_random/830.pt
78,78,coco_POPE_random,coco_POPE_random,1,0,"No,",no,1.734375,0.7449363425925926,11.9375,5.316506560887414,28,1,/mnt/data/ssz/mr/results/Qwen2.5-VL/pope/base/analysis/coco_POPE_random/78.pt
1577,1577,coco_POPE_random,coco_POPE_random,1,0,"Yes,",yes,1.734375,0.7374131944444444,11.9375,4.851974241707122,28,1,/mnt/data/ssz/mr/results/Qwen2.5-VL/pope/base/analysis/coco_POPE_random/1577.pt
2329,2329,coco_POPE_random,coco_POPE_random,1,0,"Yes,",yes,1.703125,0.7375578703703703,11.9375,4.814740704933151,28,1,/mnt/data/ssz/mr/results/Qwen2.5-VL/pope/base/analysis/coco_POPE_random/2329.pt
831,831,coco_POPE_random,coco_POPE_random,1,0,"Yes,",yes,1.71875,0.7408854166666666,11.9375,4.954181350797231,28,1,/mnt/data/ssz/mr/results/Qwen2.5-VL/pope/base/analysis/coco_POPE_random/831.pt
79,79,coco_POPE_random,coco_POPE_random,1,0,"Yes,",yes,1.7265625,0.7418981481481481,11.9375,4.910094673065503,28,1,/mnt/data/ssz/mr/results/Qwen2.5-VL/pope/base/analysis/coco_POPE_random/79.pt
1578,1578,coco_POPE_random,coco_POPE_random,1,0,"No,",no,1.734375,0.7374131944444444,11.9375,5.280848603674555,28,1,/mnt/data/ssz/mr/results/Qwen2.5-VL/pope/base/analysis/coco_POPE_random/1578.pt
2330,2330,coco_POPE_random,coco_POPE_random,1,0,"No,",no,1.703125,0.7375578703703703,11.9375,5.413772530630076,28,1,/mnt/data/ssz/mr/results/Qwen2.5-VL/pope/base/analysis/coco_POPE_random/2330.pt
80,80,coco_POPE_random,coco_POPE_random,1,0,"No,",no,1.7265625,0.7418981481481481,11.9375,5.394137457015232,28,1,/mnt/data/ssz/mr/results/Qwen2.5-VL/pope/base/analysis/coco_POPE_random/80.pt
832,832,coco_POPE_random,coco_POPE_random,1,0,"No,",no,1.71875,0.7408854166666666,11.9375,5.284155242648859,28,1,/mnt/data/ssz/mr/results/Qwen2.5-VL/pope/base/analysis/coco_POPE_random/832.pt
1579,1579,coco_POPE_random,coco_POPE_random,1,0,"Yes,",yes,1.71875,0.7518807870370371,11.9375,4.902999107500554,28,1,/mnt/data/ssz/mr/results/Qwen2.5-VL/pope/base/analysis/coco_POPE_random/1579.pt
81,81,coco_POPE_random,coco_POPE_random,0,1,"No,",yes,1.7265625,0.7418981481481481,11.9375,5.325162000975233,28,1,/mnt/data/ssz/mr/results/Qwen2.5-VL/pope/base/analysis/coco_POPE_random/81.pt
2331,2331,coco_POPE_random,coco_POPE_random,1,0,"Yes,",yes,1.703125,0.7375578703703703,11.9375,4.9965981526627505,28,1,/mnt/data/ssz/mr/results/Qwen2.5-VL/pope/base/analysis/coco_POPE_random/2331.pt
833,833,coco_POPE_random,coco_POPE_random,1,0,"Yes,",yes,1.71875,0.7408854166666666,11.9375,4.786229075886087,28,1,/mnt/data/ssz/mr/results/Qwen2.5-VL/pope/base/analysis/coco_POPE_random/833.pt
1580,1580,coco_POPE_random,coco_POPE_random,1,0,"No,",no,1.71875,0.7518807870370371,11.9375,5.304305559388389,28,1,/mnt/data/ssz/mr/results/Qwen2.5-VL/pope/base/analysis/coco_POPE_random/1580.pt
82,82,coco_POPE_random,coco_POPE_random,1,0,"No,",no,1.7265625,0.7418981481481481,11.9375,5.1932094095643375,28,1,/mnt/data/ssz/mr/results/Qwen2.5-VL/pope/base/analysis/coco_POPE_random/82.pt
2332,2332,coco_POPE_random,coco_POPE_random,1,0,"No,",no,1.703125,0.7375578703703703,11.9375,5.404258556420121,28,1,/mnt/data/ssz/mr/results/Qwen2.5-VL/pope/base/analysis/coco_POPE_random/2332.pt
834,834,coco_POPE_random,coco_POPE_random,1,0,"No,",no,1.71875,0.7408854166666666,11.9375,5.398924441157101,28,1,/mnt/data/ssz/mr/results/Qwen2.5-VL/pope/base/analysis/coco_POPE_random/834.pt
1581,1581,coco_POPE_random,coco_POPE_random,1,0,"Yes,",yes,1.71875,0.7518807870370371,11.9375,4.806062752737308,28,1,/mnt/data/ssz/mr/results/Qwen2.5-VL/pope/base/analysis/coco_POPE_random/1581.pt
83,83,coco_POPE_random,coco_POPE_random,0,1,"No,",yes,1.7265625,0.7418981481481481,11.9375,5.290949984933337,28,1,/mnt/data/ssz/mr/results/Qwen2.5-VL/pope/base/analysis/coco_POPE_random/83.pt
2333,2333,coco_POPE_random,coco_POPE_random,1,0,"Yes,",yes,1.703125,0.7375578703703703,11.9375,4.810988222952915,28,1,/mnt/data/ssz/mr/results/Qwen2.5-VL/pope/base/analysis/coco_POPE_random/2333.pt
1582,1582,coco_POPE_random,coco_POPE_random,1,0,"No,",no,1.71875,0.7518807870370371,11.9375,5.39775749617146,28,1,/mnt/data/ssz/mr/results/Qwen2.5-VL/pope/base/analysis/coco_POPE_random/1582.pt
835,835,coco_POPE_random,coco_POPE_random,1,0,"Yes,",yes,1.7734375,0.7339409722222222,11.9375,5.112147157274678,28,1,/mnt/data/ssz/mr/results/Qwen2.5-VL/pope/base/analysis/coco_POPE_random/835.pt
84,84,coco_POPE_random,coco_POPE_random,1,0,"No,",no,1.7265625,0.7418981481481481,11.9375,5.265001753555885,28,1,/mnt/data/ssz/mr/results/Qwen2.5-VL/pope/base/analysis/coco_POPE_random/84.pt
2334,2334,coco_POPE_random,coco_POPE_random,1,0,"No,",no,1.703125,0.7375578703703703,11.9375,5.327596515061833,28,1,/mnt/data/ssz/mr/results/Qwen2.5-VL/pope/base/analysis/coco_POPE_random/2334.pt
1583,1583,coco_POPE_random,coco_POPE_random,1,0,"Yes,",yes,1.71875,0.7518807870370371,11.9375,4.725999586357931,28,1,/mnt/data/ssz/mr/results/Qwen2.5-VL/pope/base/analysis/coco_POPE_random/1583.pt
85,85,coco_POPE_random,coco_POPE_random,1,0,"Yes,",yes,1.71875,0.75390625,11.9375,4.838052325070505,28,1,/mnt/data/ssz/mr/results/Qwen2.5-VL/pope/base/analysis/coco_POPE_random/85.pt
836,836,coco_POPE_random,coco_POPE_random,1,0,"No,",no,1.7734375,0.7339409722222222,11.9375,5.478625929502084,28,1,/mnt/data/ssz/mr/results/Qwen2.5-VL/pope/base/analysis/coco_POPE_random/836.pt
2335,2335,coco_POPE_random,coco_POPE_random,1,0,"Yes,",yes,1.75,0.7336516203703703,11.9375,4.950036047974145,28,1,/mnt/data/ssz/mr/results/Qwen2.5-VL/pope/base/analysis/coco_POPE_random/2335.pt
86,86,coco_POPE_random,coco_POPE_random,1,0,"No,",no,1.71875,0.75390625,11.9375,5.333796426876782,28,1,/mnt/data/ssz/mr/results/Qwen2.5-VL/pope/base/analysis/coco_POPE_random/86.pt
1584,1584,coco_POPE_random,coco_POPE_random,1,0,"No,",no,1.71875,0.7518807870370371,11.9375,5.2805099824631885,28,1,/mnt/data/ssz/mr/results/Qwen2.5-VL/pope/base/analysis/coco_POPE_random/1584.pt
837,837,coco_POPE_random,coco_POPE_random,0,1,"No,",yes,1.7734375,0.7339409722222222,11.9375,5.5156560772746435,28,1,/mnt/data/ssz/mr/results/Qwen2.5-VL/pope/base/analysis/coco_POPE_random/837.pt
87,87,coco_POPE_random,coco_POPE_random,1,0,"Yes,",yes,1.71875,0.75390625,11.9375,4.817811829724758,28,1,/mnt/data/ssz/mr/results/Qwen2.5-VL/pope/base/analysis/coco_POPE_random/87.pt
2336,2336,coco_POPE_random,coco_POPE_random,1,0,"No,",no,1.75,0.7336516203703703,11.9375,5.368175009851634,28,1,/mnt/data/ssz/mr/results/Qwen2.5-VL/pope/base/analysis/coco_POPE_random/2336.pt
1585,1585,coco_POPE_random,coco_POPE_random,0,1,"No,",yes,1.71875,0.7401620370370371,11.9375,5.3216267201116425,28,1,/mnt/data/ssz/mr/results/Qwen2.5-VL/pope/base/analysis/coco_POPE_random/1585.pt
88,88,coco_POPE_random,coco_POPE_random,1,0,"No,",no,1.71875,0.75390625,11.9375,5.2362852068055945,28,1,/mnt/data/ssz/mr/results/Qwen2.5-VL/pope/base/analysis/coco_POPE_random/88.pt
838,838,coco_POPE_random,coco_POPE_random,1,0,"No,",no,1.7734375,0.7339409722222222,11.9375,5.539906869807532,28,1,/mnt/data/ssz/mr/results/Qwen2.5-VL/pope/base/analysis/coco_POPE_random/838.pt
2337,2337,coco_POPE_random,coco_POPE_random,0,1,"No,",yes,1.75,0.7336516203703703,11.9375,5.35141864347102,28,1,/mnt/data/ssz/mr/results/Qwen2.5-VL/pope/base/analysis/coco_POPE_random/2337.pt
1586,1586,coco_POPE_random,coco_POPE_random,1,0,"No,",no,1.71875,0.7401620370370371,11.9375,5.432996165814232,28,1,/mnt/data/ssz/mr/results/Qwen2.5-VL/pope/base/analysis/coco_POPE_random/1586.pt
89,89,coco_POPE_random,coco_POPE_random,1,0,"Yes,",yes,1.71875,0.75390625,11.9375,4.655744024963881,28,1,/mnt/data/ssz/mr/results/Qwen2.5-VL/pope/base/analysis/coco_POPE_random/89.pt
2338,2338,coco_POPE_random,coco_POPE_random,1,0,"No,",no,1.75,0.7336516203703703,11.9375,5.453431844319595,28,1,/mnt/data/ssz/mr/results/Qwen2.5-VL/pope/base/analysis/coco_POPE_random/2338.pt
839,839,coco_POPE_random,coco_POPE_random,0,1,"No,",yes,1.7734375,0.7339409722222222,11.9375,5.382302228208197,28,1,/mnt/data/ssz/mr/results/Qwen2.5-VL/pope/base/analysis/coco_POPE_random/839.pt
1587,1587,coco_POPE_random,coco_POPE_random,1,0,"Yes,",yes,1.71875,0.7401620370370371,11.9375,4.8966531202575,28,1,/mnt/data/ssz/mr/results/Qwen2.5-VL/pope/base/analysis/coco_POPE_random/1587.pt
90,90,coco_POPE_random,coco_POPE_random,1,0,"No,",no,1.71875,0.75390625,11.9375,5.29350599817453,28,1,/mnt/data/ssz/mr/results/Qwen2.5-VL/pope/base/analysis/coco_POPE_random/90.pt
2339,2339,coco_POPE_random,coco_POPE_random,1,0,"Yes,",yes,1.75,0.7336516203703703,11.9375,4.86668407073163,28,1,/mnt/data/ssz/mr/results/Qwen2.5-VL/pope/base/analysis/coco_POPE_random/2339.pt
840,840,coco_POPE_random,coco_POPE_random,1,0,"No,",no,1.7734375,0.7339409722222222,11.9375,5.443963307496422,28,1,/mnt/data/ssz/mr/results/Qwen2.5-VL/pope/base/analysis/coco_POPE_random/840.pt
1588,1588,coco_POPE_random,coco_POPE_random,1,0,"No,",no,1.71875,0.7401620370370371,11.9375,5.318012819073972,28,1,/mnt/data/ssz/mr/results/Qwen2.5-VL/pope/base/analysis/coco_POPE_random/1588.pt
91,91,coco_POPE_random,coco_POPE_random,1,0,"Yes,",yes,1.703125,0.7300347222222222,11.9375,4.742270830299629,28,1,/mnt/data/ssz/mr/results/Qwen2.5-VL/pope/base/analysis/coco_POPE_random/91.pt
2340,2340,coco_POPE_random,coco_POPE_random,1,0,"No,",no,1.75,0.7336516203703703,11.9375,5.352852084298602,28,1,/mnt/data/ssz/mr/results/Qwen2.5-VL/pope/base/analysis/coco_POPE_random/2340.pt
841,841,coco_POPE_random,coco_POPE_random,1,0,"Yes,",yes,1.6796875,0.7246817129629629,11.9375,4.813936476031694,28,1,/mnt/data/ssz/mr/results/Qwen2.5-VL/pope/base/analysis/coco_POPE_random/841.pt
1589,1589,coco_POPE_random,coco_POPE_random,0,1,"No,",yes,1.71875,0.7401620370370371,11.9375,5.324768071703839,28,1,/mnt/data/ssz/mr/results/Qwen2.5-VL/pope/base/analysis/coco_POPE_random/1589.pt
92,92,coco_POPE_random,coco_POPE_random,1,0,"No,",no,1.703125,0.7300347222222222,11.9375,5.364334194937768,28,1,/mnt/data/ssz/mr/results/Qwen2.5-VL/pope/base/analysis/coco_POPE_random/92.pt
2341,2341,coco_POPE_random,coco_POPE_random,0,1,"No,",yes,1.71875,0.7251157407407407,11.9375,5.210030529365058,28,1,/mnt/data/ssz/mr/results/Qwen2.5-VL/pope/base/analysis/coco_POPE_random/2341.pt
842,842,coco_POPE_random,coco_POPE_random,1,0,"No,",no,1.6796875,0.7246817129629629,11.9375,5.3541130859064605,28,1,/mnt/data/ssz/mr/results/Qwen2.5-VL/pope/base/analysis/coco_POPE_random/842.pt
1590,1590,coco_POPE_random,coco_POPE_random,1,0,"No,",no,1.71875,0.7401620370370371,11.9375,5.3642552212150525,28,1,/mnt/data/ssz/mr/results/Qwen2.5-VL/pope/base/analysis/coco_POPE_random/1590.pt
93,93,coco_POPE_random,coco_POPE_random,1,0,"Yes,",yes,1.703125,0.7300347222222222,11.9375,5.0337387497500785,28,1,/mnt/data/ssz/mr/results/Qwen2.5-VL/pope/base/analysis/coco_POPE_random/93.pt
2342,2342,coco_POPE_random,coco_POPE_random,1,0,"No,",no,1.71875,0.7251157407407407,11.9375,5.246693592334709,28,1,/mnt/data/ssz/mr/results/Qwen2.5-VL/pope/base/analysis/coco_POPE_random/2342.pt
843,843,coco_POPE_random,coco_POPE_random,0,1,"No,",yes,1.6796875,0.7246817129629629,11.9375,5.355138114570754,28,1,/mnt/data/ssz/mr/results/Qwen2.5-VL/pope/base/analysis/coco_POPE_random/843.pt
1591,1591,coco_POPE_random,coco_POPE_random,0,1,"No,",yes,1.71875,0.7349537037037037,11.9375,5.393995750544191,28,1,/mnt/data/ssz/mr/results/Qwen2.5-VL/pope/base/analysis/coco_POPE_random/1591.pt
94,94,coco_POPE_random,coco_POPE_random,1,0,"No,",no,1.703125,0.7300347222222222,11.9375,5.3474920531042365,28,1,/mnt/data/ssz/mr/results/Qwen2.5-VL/pope/base/analysis/coco_POPE_random/94.pt
2343,2343,coco_POPE_random,coco_POPE_random,0,1,"No,",yes,1.71875,0.7251157407407407,11.9375,5.27078775751504,28,1,/mnt/data/ssz/mr/results/Qwen2.5-VL/pope/base/analysis/coco_POPE_random/2343.pt
844,844,coco_POPE_random,coco_POPE_random,1,0,"No,",no,1.6796875,0.7246817129629629,11.9375,5.326130268326562,28,1,/mnt/data/ssz/mr/results/Qwen2.5-VL/pope/base/analysis/coco_POPE_random/844.pt
1592,1592,coco_POPE_random,coco_POPE_random,1,0,"No,",no,1.71875,0.7349537037037037,11.9375,5.32427110735569,28,1,/mnt/data/ssz/mr/results/Qwen2.5-VL/pope/base/analysis/coco_POPE_random/1592.pt
95,95,coco_POPE_random,coco_POPE_random,1,0,"Yes,",yes,1.703125,0.7300347222222222,11.9375,4.816148878319555,28,1,/mnt/data/ssz/mr/results/Qwen2.5-VL/pope/base/analysis/coco_POPE_random/95.pt
2344,2344,coco_POPE_random,coco_POPE_random,1,0,"No,",no,1.71875,0.7251157407407407,11.9375,5.266495085039487,28,1,/mnt/data/ssz/mr/results/Qwen2.5-VL/pope/base/analysis/coco_POPE_random/2344.pt
845,845,coco_POPE_random,coco_POPE_random,1,0,"Yes,",yes,1.6796875,0.7246817129629629,11.9375,4.881156225138301,28,1,/mnt/data/ssz/mr/results/Qwen2.5-VL/pope/base/analysis/coco_POPE_random/845.pt
1593,1593,coco_POPE_random,coco_POPE_random,0,1,"No,",yes,1.71875,0.7349537037037037,11.9375,5.351051046270157,28,1,/mnt/data/ssz/mr/results/Qwen2.5-VL/pope/base/analysis/coco_POPE_random/1593.pt
96,96,coco_POPE_random,coco_POPE_random,0,1,"Yes,",no,1.703125,0.7300347222222222,11.9375,4.795376023795502,28,1,/mnt/data/ssz/mr/results/Qwen2.5-VL/pope/base/analysis/coco_POPE_random/96.pt
2345,2345,coco_POPE_random,coco_POPE_random,1,0,"Yes,",yes,1.71875,0.7251157407407407,11.9375,4.744607121868318,28,1,/mnt/data/ssz/mr/results/Qwen2.5-VL/pope/base/analysis/coco_POPE_random/2345.pt
846,846,coco_POPE_random,coco_POPE_random,1,0,"No,",no,1.6796875,0.7246817129629629,11.9375,5.442419688863287,28,1,/mnt/data/ssz/mr/results/Qwen2.5-VL/pope/base/analysis/coco_POPE_random/846.pt
97,97,coco_POPE_random,coco_POPE_random,1,0,"Yes,",yes,1.734375,0.7259837962962963,11.9375,4.953519502275037,28,1,/mnt/data/ssz/mr/results/Qwen2.5-VL/pope/base/analysis/coco_POPE_random/97.pt
1594,1594,coco_POPE_random,coco_POPE_random,1,0,"No,",no,1.71875,0.7349537037037037,11.9375,5.270288858884544,28,1,/mnt/data/ssz/mr/results/Qwen2.5-VL/pope/base/analysis/coco_POPE_random/1594.pt
2346,2346,coco_POPE_random,coco_POPE_random,1,0,"No,",no,1.71875,0.7251157407407407,11.9375,5.331391667753106,28,1,/mnt/data/ssz/mr/results/Qwen2.5-VL/pope/base/analysis/coco_POPE_random/2346.pt
847,847,coco_POPE_random,coco_POPE_random,0,1,"No,",yes,1.71875,0.7206307870370371,11.9375,5.317015736537449,28,1,/mnt/data/ssz/mr/results/Qwen2.5-VL/pope/base/analysis/coco_POPE_random/847.pt
98,98,coco_POPE_random,coco_POPE_random,1,0,"No,",no,1.734375,0.7259837962962963,11.9375,5.2964818427309845,28,1,/mnt/data/ssz/mr/results/Qwen2.5-VL/pope/base/analysis/coco_POPE_random/98.pt
1595,1595,coco_POPE_random,coco_POPE_random,1,0,"Yes,",yes,1.71875,0.7349537037037037,11.9375,5.0078602872180955,28,1,/mnt/data/ssz/mr/results/Qwen2.5-VL/pope/base/analysis/coco_POPE_random/1595.pt
2347,2347,coco_POPE_random,coco_POPE_random,1,0,"Yes,",yes,1.71875,0.7284432870370371,11.9375,4.880819135400591,28,1,/mnt/data/ssz/mr/results/Qwen2.5-VL/pope/base/analysis/coco_POPE_random/2347.pt
2348,2348,coco_POPE_random,coco_POPE_random,1,0,"No,",no,1.71875,0.7284432870370371,11.9375,5.333190074917153,28,1,/mnt/data/ssz/mr/results/Qwen2.5-VL/pope/base/analysis/coco_POPE_random/2348.pt
848,848,coco_POPE_random,coco_POPE_random,1,0,"No,",no,1.71875,0.7206307870370371,11.9375,5.376963289279706,28,1,/mnt/data/ssz/mr/results/Qwen2.5-VL/pope/base/analysis/coco_POPE_random/848.pt
1596,1596,coco_POPE_random,coco_POPE_random,1,0,"No,",no,1.71875,0.7349537037037037,11.9375,5.300192499327562,28,1,/mnt/data/ssz/mr/results/Qwen2.5-VL/pope/base/analysis/coco_POPE_random/1596.pt
99,99,coco_POPE_random,coco_POPE_random,0,1,"No,",yes,1.734375,0.7259837962962963,11.9375,5.351496634613483,28,1,/mnt/data/ssz/mr/results/Qwen2.5-VL/pope/base/analysis/coco_POPE_random/99.pt
1597,1597,coco_POPE_random,coco_POPE_random,1,0,"Yes,",yes,1.71875,0.7222222222222222,11.9375,4.810067816757998,28,1,/mnt/data/ssz/mr/results/Qwen2.5-VL/pope/base/analysis/coco_POPE_random/1597.pt
2349,2349,coco_POPE_random,coco_POPE_random,1,0,"Yes,",yes,1.71875,0.7284432870370371,11.9375,4.872539141978162,28,1,/mnt/data/ssz/mr/results/Qwen2.5-VL/pope/base/analysis/coco_POPE_random/2349.pt
100,100,coco_POPE_random,coco_POPE_random,1,0,"No,",no,1.734375,0.7259837962962963,11.9375,5.335214521096124,28,1,/mnt/data/ssz/mr/results/Qwen2.5-VL/pope/base/analysis/coco_POPE_random/100.pt
849,849,coco_POPE_random,coco_POPE_random,1,0,"Yes,",yes,1.71875,0.7206307870370371,11.9375,4.965579073694384,28,1,/mnt/data/ssz/mr/results/Qwen2.5-VL/pope/base/analysis/coco_POPE_random/849.pt
2350,2350,coco_POPE_random,coco_POPE_random,1,0,"No,",no,1.71875,0.7284432870370371,11.9375,5.209797736480706,28,1,/mnt/data/ssz/mr/results/Qwen2.5-VL/pope/base/analysis/coco_POPE_random/2350.pt
1598,1598,coco_POPE_random,coco_POPE_random,1,0,"No,",no,1.71875,0.7222222222222222,11.9375,5.374843110086533,28,1,/mnt/data/ssz/mr/results/Qwen2.5-VL/pope/base/analysis/coco_POPE_random/1598.pt
101,101,coco_POPE_random,coco_POPE_random,1,0,"Yes,",yes,1.734375,0.7259837962962963,11.9375,4.878528834196788,28,1,/mnt/data/ssz/mr/results/Qwen2.5-VL/pope/base/analysis/coco_POPE_random/101.pt
850,850,coco_POPE_random,coco_POPE_random,1,0,"No,",no,1.71875,0.7206307870370371,11.9375,5.284274895005873,28,1,/mnt/data/ssz/mr/results/Qwen2.5-VL/pope/base/analysis/coco_POPE_random/850.pt
2351,2351,coco_POPE_random,coco_POPE_random,1,0,"Yes,",yes,1.71875,0.7284432870370371,11.9375,4.751471336223216,28,1,/mnt/data/ssz/mr/results/Qwen2.5-VL/pope/base/analysis/coco_POPE_random/2351.pt
102,102,coco_POPE_random,coco_POPE_random,1,0,"No,",no,1.734375,0.7259837962962963,11.9375,5.376014636594532,28,1,/mnt/data/ssz/mr/results/Qwen2.5-VL/pope/base/analysis/coco_POPE_random/102.pt
851,851,coco_POPE_random,coco_POPE_random,1,0,"Yes,",yes,1.71875,0.7206307870370371,11.9375,4.713625241581058,28,1,/mnt/data/ssz/mr/results/Qwen2.5-VL/pope/base/analysis/coco_POPE_random/851.pt
2352,2352,coco_POPE_random,coco_POPE_random,1,0,"No,",no,1.71875,0.7284432870370371,11.9375,5.277517016884742,28,1,/mnt/data/ssz/mr/results/Qwen2.5-VL/pope/base/analysis/coco_POPE_random/2352.pt
1599,1599,coco_POPE_random,coco_POPE_random,1,0,"Yes,",yes,1.71875,0.7222222222222222,11.9375,4.964803274377696,28,1,/mnt/data/ssz/mr/results/Qwen2.5-VL/pope/base/analysis/coco_POPE_random/1599.pt
103,103,coco_POPE_random,coco_POPE_random,1,0,"Yes,",yes,1.7265625,0.7666377314814815,11.9375,4.849816585503574,28,1,/mnt/data/ssz/mr/results/Qwen2.5-VL/pope/base/analysis/coco_POPE_random/103.pt
2353,2353,coco_POPE_random,coco_POPE_random,1,0,"Yes,",yes,1.71875,0.73828125,11.9375,4.986709348189165,28,1,/mnt/data/ssz/mr/results/Qwen2.5-VL/pope/base/analysis/coco_POPE_random/2353.pt
852,852,coco_POPE_random,coco_POPE_random,1,0,"No,",no,1.71875,0.7206307870370371,11.9375,5.340704830588196,28,1,/mnt/data/ssz/mr/results/Qwen2.5-VL/pope/base/analysis/coco_POPE_random/852.pt
1600,1600,coco_POPE_random,coco_POPE_random,1,0,"No,",no,1.71875,0.7222222222222222,11.9375,5.268739295607302,28,1,/mnt/data/ssz/mr/results/Qwen2.5-VL/pope/base/analysis/coco_POPE_random/1600.pt
104,104,coco_POPE_random,coco_POPE_random,1,0,"No,",no,1.7265625,0.7666377314814815,11.9375,5.478585442907483,28,1,/mnt/data/ssz/mr/results/Qwen2.5-VL/pope/base/analysis/coco_POPE_random/104.pt
2354,2354,coco_POPE_random,coco_POPE_random,1,0,"No,",no,1.71875,0.73828125,11.9375,5.3916002630002025,28,1,/mnt/data/ssz/mr/results/Qwen2.5-VL/pope/base/analysis/coco_POPE_random/2354.pt
853,853,coco_POPE_random,coco_POPE_random,1,0,"Yes,",yes,1.7578125,0.7317708333333334,11.9375,4.9291139041699426,28,1,/mnt/data/ssz/mr/results/Qwen2.5-VL/pope/base/analysis/coco_POPE_random/853.pt
1601,1601,coco_POPE_random,coco_POPE_random,1,0,"Yes,",yes,1.71875,0.7222222222222222,11.9375,4.853938425230502,28,1,/mnt/data/ssz/mr/results/Qwen2.5-VL/pope/base/analysis/coco_POPE_random/1601.pt
105,105,coco_POPE_random,coco_POPE_random,1,0,"Yes,",yes,1.7265625,0.7666377314814815,11.9375,5.04313711283718,28,1,/mnt/data/ssz/mr/results/Qwen2.5-VL/pope/base/analysis/coco_POPE_random/105.pt
2355,2355,coco_POPE_random,coco_POPE_random,0,1,It is,yes,1.71875,0.73828125,11.9375,5.9498668264212276,28,1,/mnt/data/ssz/mr/results/Qwen2.5-VL/pope/base/analysis/coco_POPE_random/2355.pt
854,854,coco_POPE_random,coco_POPE_random,1,0,"No,",no,1.7578125,0.7317708333333334,11.9375,5.381930543977622,28,1,/mnt/data/ssz/mr/results/Qwen2.5-VL/pope/base/analysis/coco_POPE_random/854.pt
1602,1602,coco_POPE_random,coco_POPE_random,1,0,"No,",no,1.71875,0.7222222222222222,11.9375,5.328359882982616,28,1,/mnt/data/ssz/mr/results/Qwen2.5-VL/pope/base/analysis/coco_POPE_random/1602.pt
106,106,coco_POPE_random,coco_POPE_random,1,0,"No,",no,1.7265625,0.7666377314814815,11.9375,5.386670744854201,28,1,/mnt/data/ssz/mr/results/Qwen2.5-VL/pope/base/analysis/coco_POPE_random/106.pt
2356,2356,coco_POPE_random,coco_POPE_random,1,0,"No,",no,1.71875,0.73828125,11.9375,5.394191006128276,28,1,/mnt/data/ssz/mr/results/Qwen2.5-VL/pope/base/analysis/coco_POPE_random/2356.pt
855,855,coco_POPE_random,coco_POPE_random,1,0,"Yes,",yes,1.7578125,0.7317708333333334,11.9375,4.835666458059723,28,1,/mnt/data/ssz/mr/results/Qwen2.5-VL/pope/base/analysis/coco_POPE_random/855.pt
1603,1603,coco_POPE_random,coco_POPE_random,1,0,"Yes,",yes,1.734375,0.7377025462962963,11.9375,4.888640779665115,28,1,/mnt/data/ssz/mr/results/Qwen2.5-VL/pope/base/analysis/coco_POPE_random/1603.pt
107,107,coco_POPE_random,coco_POPE_random,1,0,"Yes,",yes,1.7265625,0.7666377314814815,11.9375,4.815194387906779,28,1,/mnt/data/ssz/mr/results/Qwen2.5-VL/pope/base/analysis/coco_POPE_random/107.pt
2357,2357,coco_POPE_random,coco_POPE_random,1,0,"Yes,",yes,1.71875,0.73828125,11.9375,4.984218678790873,28,1,/mnt/data/ssz/mr/results/Qwen2.5-VL/pope/base/analysis/coco_POPE_random/2357.pt
856,856,coco_POPE_random,coco_POPE_random,1,0,"No,",no,1.7578125,0.7317708333333334,11.9375,5.342088742517795,28,1,/mnt/data/ssz/mr/results/Qwen2.5-VL/pope/base/analysis/coco_POPE_random/856.pt
108,108,coco_POPE_random,coco_POPE_random,1,0,"No,",no,1.7265625,0.7666377314814815,11.9375,5.378643386292777,28,1,/mnt/data/ssz/mr/results/Qwen2.5-VL/pope/base/analysis/coco_POPE_random/108.pt
1604,1604,coco_POPE_random,coco_POPE_random,1,0,"No,",no,1.734375,0.7377025462962963,11.9375,5.3582311508979465,28,1,/mnt/data/ssz/mr/results/Qwen2.5-VL/pope/base/analysis/coco_POPE_random/1604.pt
2358,2358,coco_POPE_random,coco_POPE_random,1,0,"No,",no,1.71875,0.73828125,11.9375,5.343640106920216,28,1,/mnt/data/ssz/mr/results/Qwen2.5-VL/pope/base/analysis/coco_POPE_random/2358.pt
857,857,coco_POPE_random,coco_POPE_random,1,0,"Yes,",yes,1.7578125,0.7317708333333334,11.9375,4.883028535194485,28,1,/mnt/data/ssz/mr/results/Qwen2.5-VL/pope/base/analysis/coco_POPE_random/857.pt
109,109,coco_POPE_random,coco_POPE_random,1,0,"Yes,",yes,1.703125,0.7361111111111112,11.9375,4.953325232152698,28,1,/mnt/data/ssz/mr/results/Qwen2.5-VL/pope/base/analysis/coco_POPE_random/109.pt
2359,2359,coco_POPE_random,coco_POPE_random,1,0,"Yes,",yes,1.71875,0.7459490740740741,11.9375,4.871193927289605,28,1,/mnt/data/ssz/mr/results/Qwen2.5-VL/pope/base/analysis/coco_POPE_random/2359.pt
1605,1605,coco_POPE_random,coco_POPE_random,1,0,"Yes,",yes,1.734375,0.7377025462962963,11.9375,5.051505305372872,28,1,/mnt/data/ssz/mr/results/Qwen2.5-VL/pope/base/analysis/coco_POPE_random/1605.pt
858,858,coco_POPE_random,coco_POPE_random,1,0,"No,",no,1.7578125,0.7317708333333334,11.9375,5.325060015531813,28,1,/mnt/data/ssz/mr/results/Qwen2.5-VL/pope/base/analysis/coco_POPE_random/858.pt
2360,2360,coco_POPE_random,coco_POPE_random,1,0,"No,",no,1.71875,0.7459490740740741,11.9375,5.374144177908514,28,1,/mnt/data/ssz/mr/results/Qwen2.5-VL/pope/base/analysis/coco_POPE_random/2360.pt
110,110,coco_POPE_random,coco_POPE_random,1,0,"No,",no,1.703125,0.7361111111111112,11.9375,5.3241504958846395,28,1,/mnt/data/ssz/mr/results/Qwen2.5-VL/pope/base/analysis/coco_POPE_random/110.pt
859,859,coco_POPE_random,coco_POPE_random,1,0,"Yes,",yes,1.65625,0.7510127314814815,11.9375,4.780637926988722,28,1,/mnt/data/ssz/mr/results/Qwen2.5-VL/pope/base/analysis/coco_POPE_random/859.pt
1606,1606,coco_POPE_random,coco_POPE_random,0,1,"Yes,",no,1.734375,0.7377025462962963,11.9375,4.854535684473925,28,1,/mnt/data/ssz/mr/results/Qwen2.5-VL/pope/base/analysis/coco_POPE_random/1606.pt
2361,2361,coco_POPE_random,coco_POPE_random,1,0,"Yes,",yes,1.71875,0.7459490740740741,11.9375,4.942378582519308,28,1,/mnt/data/ssz/mr/results/Qwen2.5-VL/pope/base/analysis/coco_POPE_random/2361.pt
111,111,coco_POPE_random,coco_POPE_random,1,0,"Yes,",yes,1.703125,0.7361111111111112,11.9375,5.0065033709317825,28,1,/mnt/data/ssz/mr/results/Qwen2.5-VL/pope/base/analysis/coco_POPE_random/111.pt
860,860,coco_POPE_random,coco_POPE_random,1,0,"No,",no,1.65625,0.7510127314814815,11.9375,5.356751724481816,28,1,/mnt/data/ssz/mr/results/Qwen2.5-VL/pope/base/analysis/coco_POPE_random/860.pt
2362,2362,coco_POPE_random,coco_POPE_random,1,0,"No,",no,1.71875,0.7459490740740741,11.9375,5.340640114640964,28,1,/mnt/data/ssz/mr/results/Qwen2.5-VL/pope/base/analysis/coco_POPE_random/2362.pt
1607,1607,coco_POPE_random,coco_POPE_random,1,0,"Yes,",yes,1.734375,0.7377025462962963,11.9375,4.892557453332417,28,1,/mnt/data/ssz/mr/results/Qwen2.5-VL/pope/base/analysis/coco_POPE_random/1607.pt
112,112,coco_POPE_random,coco_POPE_random,1,0,"No,",no,1.703125,0.7361111111111112,11.9375,5.437709631312389,28,1,/mnt/data/ssz/mr/results/Qwen2.5-VL/pope/base/analysis/coco_POPE_random/112.pt
861,861,coco_POPE_random,coco_POPE_random,1,0,"Yes,",yes,1.65625,0.7510127314814815,11.9375,4.895699562028438,28,1,/mnt/data/ssz/mr/results/Qwen2.5-VL/pope/base/analysis/coco_POPE_random/861.pt
2363,2363,coco_POPE_random,coco_POPE_random,1,0,"Yes,",yes,1.71875,0.7459490740740741,11.9375,4.917274045357034,28,1,/mnt/data/ssz/mr/results/Qwen2.5-VL/pope/base/analysis/coco_POPE_random/2363.pt
1608,1608,coco_POPE_random,coco_POPE_random,1,0,"No,",no,1.734375,0.7377025462962963,11.9375,5.319019350321602,28,1,/mnt/data/ssz/mr/results/Qwen2.5-VL/pope/base/analysis/coco_POPE_random/1608.pt
113,113,coco_POPE_random,coco_POPE_random,1,0,"Yes,",yes,1.703125,0.7361111111111112,11.9375,4.969014266080341,28,1,/mnt/data/ssz/mr/results/Qwen2.5-VL/pope/base/analysis/coco_POPE_random/113.pt
2364,2364,coco_POPE_random,coco_POPE_random,1,0,"No,",no,1.71875,0.7459490740740741,11.9375,5.414502159981191,28,1,/mnt/data/ssz/mr/results/Qwen2.5-VL/pope/base/analysis/coco_POPE_random/2364.pt
862,862,coco_POPE_random,coco_POPE_random,1,0,"No,",no,1.65625,0.7510127314814815,11.9375,5.338434904994662,28,1,/mnt/data/ssz/mr/results/Qwen2.5-VL/pope/base/analysis/coco_POPE_random/862.pt
1609,1609,coco_POPE_random,coco_POPE_random,1,0,"Yes,",yes,1.71875,0.7611400462962963,11.9375,4.966096148570778,28,1,/mnt/data/ssz/mr/results/Qwen2.5-VL/pope/base/analysis/coco_POPE_random/1609.pt
114,114,coco_POPE_random,coco_POPE_random,1,0,"No,",no,1.703125,0.7361111111111112,11.9375,5.364159037352787,28,1,/mnt/data/ssz/mr/results/Qwen2.5-VL/pope/base/analysis/coco_POPE_random/114.pt
2365,2365,coco_POPE_random,coco_POPE_random,1,0,"Yes,",yes,1.7109375,0.7378472222222222,11.9375,4.89187434215656,28,1,/mnt/data/ssz/mr/results/Qwen2.5-VL/pope/base/analysis/coco_POPE_random/2365.pt
863,863,coco_POPE_random,coco_POPE_random,0,1,"No,",yes,1.65625,0.7510127314814815,11.9375,5.265156982311839,28,1,/mnt/data/ssz/mr/results/Qwen2.5-VL/pope/base/analysis/coco_POPE_random/863.pt
1610,1610,coco_POPE_random,coco_POPE_random,1,0,"No,",no,1.71875,0.7611400462962963,11.9375,5.309324305301838,28,1,/mnt/data/ssz/mr/results/Qwen2.5-VL/pope/base/analysis/coco_POPE_random/1610.pt
115,115,coco_POPE_random,coco_POPE_random,1,0,"Yes,",yes,1.71875,0.7265625,11.9375,4.949966298687099,28,1,/mnt/data/ssz/mr/results/Qwen2.5-VL/pope/base/analysis/coco_POPE_random/115.pt
2366,2366,coco_POPE_random,coco_POPE_random,1,0,"No,",no,1.7109375,0.7378472222222222,11.9375,5.412833080363271,28,1,/mnt/data/ssz/mr/results/Qwen2.5-VL/pope/base/analysis/coco_POPE_random/2366.pt
864,864,coco_POPE_random,coco_POPE_random,1,0,"No,",no,1.65625,0.7510127314814815,11.9375,5.216533488522742,28,1,/mnt/data/ssz/mr/results/Qwen2.5-VL/pope/base/analysis/coco_POPE_random/864.pt
1611,1611,coco_POPE_random,coco_POPE_random,1,0,"Yes,",yes,1.71875,0.7611400462962963,11.9375,4.7435564045967435,28,1,/mnt/data/ssz/mr/results/Qwen2.5-VL/pope/base/analysis/coco_POPE_random/1611.pt
116,116,coco_POPE_random,coco_POPE_random,1,0,"No,",no,1.71875,0.7265625,11.9375,5.349354980018563,28,1,/mnt/data/ssz/mr/results/Qwen2.5-VL/pope/base/analysis/coco_POPE_random/116.pt
2367,2367,coco_POPE_random,coco_POPE_random,0,1,"No,",yes,1.7109375,0.7378472222222222,11.9375,5.403968515931857,28,1,/mnt/data/ssz/mr/results/Qwen2.5-VL/pope/base/analysis/coco_POPE_random/2367.pt
865,865,coco_POPE_random,coco_POPE_random,1,0,"Yes,",yes,1.7265625,0.7107928240740741,11.9375,5.1347748968057285,28,1,/mnt/data/ssz/mr/results/Qwen2.5-VL/pope/base/analysis/coco_POPE_random/865.pt
117,117,coco_POPE_random,coco_POPE_random,1,0,"Yes,",yes,1.71875,0.7265625,11.9375,4.846027850557975,28,1,/mnt/data/ssz/mr/results/Qwen2.5-VL/pope/base/analysis/coco_POPE_random/117.pt
1612,1612,coco_POPE_random,coco_POPE_random,1,0,"No,",no,1.71875,0.7611400462962963,11.9375,5.285810298012904,28,1,/mnt/data/ssz/mr/results/Qwen2.5-VL/pope/base/analysis/coco_POPE_random/1612.pt
2368,2368,coco_POPE_random,coco_POPE_random,1,0,"No,",no,1.7109375,0.7378472222222222,11.9375,5.394577069706305,28,1,/mnt/data/ssz/mr/results/Qwen2.5-VL/pope/base/analysis/coco_POPE_random/2368.pt
118,118,coco_POPE_random,coco_POPE_random,1,0,"No,",no,1.71875,0.7265625,11.9375,5.285219034826728,28,1,/mnt/data/ssz/mr/results/Qwen2.5-VL/pope/base/analysis/coco_POPE_random/118.pt
866,866,coco_POPE_random,coco_POPE_random,1,0,"No,",no,1.7265625,0.7107928240740741,11.9375,5.564438289674182,28,1,/mnt/data/ssz/mr/results/Qwen2.5-VL/pope/base/analysis/coco_POPE_random/866.pt
1613,1613,coco_POPE_random,coco_POPE_random,1,0,"Yes,",yes,1.71875,0.7611400462962963,11.9375,4.79785637628565,28,1,/mnt/data/ssz/mr/results/Qwen2.5-VL/pope/base/analysis/coco_POPE_random/1613.pt
119,119,coco_POPE_random,coco_POPE_random,0,1,"No,",yes,1.71875,0.7265625,11.9375,5.342788215433444,28,1,/mnt/data/ssz/mr/results/Qwen2.5-VL/pope/base/analysis/coco_POPE_random/119.pt
2369,2369,coco_POPE_random,coco_POPE_random,1,0,"Yes,",yes,1.7109375,0.7378472222222222,11.9375,4.893853581504214,28,1,/mnt/data/ssz/mr/results/Qwen2.5-VL/pope/base/analysis/coco_POPE_random/2369.pt
867,867,coco_POPE_random,coco_POPE_random,1,0,"Yes,",yes,1.7265625,0.7107928240740741,11.9375,5.003572413537658,28,1,/mnt/data/ssz/mr/results/Qwen2.5-VL/pope/base/analysis/coco_POPE_random/867.pt
1614,1614,coco_POPE_random,coco_POPE_random,1,0,"No,",no,1.71875,0.7611400462962963,11.9375,5.299318844902613,28,1,/mnt/data/ssz/mr/results/Qwen2.5-VL/pope/base/analysis/coco_POPE_random/1614.pt
120,120,coco_POPE_random,coco_POPE_random,1,0,"No,",no,1.71875,0.7265625,11.9375,5.330873125076575,28,1,/mnt/data/ssz/mr/results/Qwen2.5-VL/pope/base/analysis/coco_POPE_random/120.pt
2370,2370,coco_POPE_random,coco_POPE_random,1,0,"No,",no,1.7109375,0.7378472222222222,11.9375,5.387938647645131,28,1,/mnt/data/ssz/mr/results/Qwen2.5-VL/pope/base/analysis/coco_POPE_random/2370.pt
868,868,coco_POPE_random,coco_POPE_random,1,0,"No,",no,1.7265625,0.7107928240740741,11.9375,5.534841182023981,28,1,/mnt/data/ssz/mr/results/Qwen2.5-VL/pope/base/analysis/coco_POPE_random/868.pt
1615,1615,coco_POPE_random,coco_POPE_random,0,1,"No,",yes,1.6953125,0.7284432870370371,11.9375,5.201077419511804,28,1,/mnt/data/ssz/mr/results/Qwen2.5-VL/pope/base/analysis/coco_POPE_random/1615.pt
121,121,coco_POPE_random,coco_POPE_random,0,1,"No,",yes,1.7109375,0.7362557870370371,11.9375,5.229731592546974,28,1,/mnt/data/ssz/mr/results/Qwen2.5-VL/pope/base/analysis/coco_POPE_random/121.pt
2371,2371,coco_POPE_random,coco_POPE_random,1,0,"Yes,",yes,1.703125,0.7482638888888888,11.9375,4.816009909228075,28,1,/mnt/data/ssz/mr/results/Qwen2.5-VL/pope/base/analysis/coco_POPE_random/2371.pt
869,869,coco_POPE_random,coco_POPE_random,1,0,"Yes,",yes,1.7265625,0.7107928240740741,11.9375,4.904681942837646,28,1,/mnt/data/ssz/mr/results/Qwen2.5-VL/pope/base/analysis/coco_POPE_random/869.pt
1616,1616,coco_POPE_random,coco_POPE_random,1,0,"No,",no,1.6953125,0.7284432870370371,11.9375,5.314560039432324,28,1,/mnt/data/ssz/mr/results/Qwen2.5-VL/pope/base/analysis/coco_POPE_random/1616.pt
122,122,coco_POPE_random,coco_POPE_random,1,0,"No,",no,1.7109375,0.7362557870370371,11.9375,5.4107859459620915,28,1,/mnt/data/ssz/mr/results/Qwen2.5-VL/pope/base/analysis/coco_POPE_random/122.pt
2372,2372,coco_POPE_random,coco_POPE_random,1,0,"No,",no,1.703125,0.7482638888888888,11.9375,5.357396934101794,28,1,/mnt/data/ssz/mr/results/Qwen2.5-VL/pope/base/analysis/coco_POPE_random/2372.pt
870,870,coco_POPE_random,coco_POPE_random,1,0,"No,",no,1.7265625,0.7107928240740741,11.9375,5.511157588376166,28,1,/mnt/data/ssz/mr/results/Qwen2.5-VL/pope/base/analysis/coco_POPE_random/870.pt
1617,1617,coco_POPE_random,coco_POPE_random,1,0,"Yes,",yes,1.6953125,0.7284432870370371,11.9375,4.826658558990765,28,1,/mnt/data/ssz/mr/results/Qwen2.5-VL/pope/base/analysis/coco_POPE_random/1617.pt
123,123,coco_POPE_random,coco_POPE_random,0,1,"No,",yes,1.7109375,0.7362557870370371,11.9375,5.286916417270449,28,1,/mnt/data/ssz/mr/results/Qwen2.5-VL/pope/base/analysis/coco_POPE_random/123.pt
2373,2373,coco_POPE_random,coco_POPE_random,1,0,"Yes,",yes,1.703125,0.7482638888888888,11.9375,4.913866824697648,28,1,/mnt/data/ssz/mr/results/Qwen2.5-VL/pope/base/analysis/coco_POPE_random/2373.pt
871,871,coco_POPE_random,coco_POPE_random,1,0,"Yes,",yes,1.703125,0.7459490740740741,11.9375,4.8717045228566365,28,1,/mnt/data/ssz/mr/results/Qwen2.5-VL/pope/base/analysis/coco_POPE_random/871.pt
1618,1618,coco_POPE_random,coco_POPE_random,1,0,"No,",no,1.6953125,0.7284432870370371,11.9375,5.268078906355971,28,1,/mnt/data/ssz/mr/results/Qwen2.5-VL/pope/base/analysis/coco_POPE_random/1618.pt
2374,2374,coco_POPE_random,coco_POPE_random,1,0,"No,",no,1.703125,0.7482638888888888,11.9375,5.250844100667345,28,1,/mnt/data/ssz/mr/results/Qwen2.5-VL/pope/base/analysis/coco_POPE_random/2374.pt
124,124,coco_POPE_random,coco_POPE_random,1,0,"No,",no,1.7109375,0.7362557870370371,11.9375,5.407583624988045,28,1,/mnt/data/ssz/mr/results/Qwen2.5-VL/pope/base/analysis/coco_POPE_random/124.pt
872,872,coco_POPE_random,coco_POPE_random,1,0,"No,",no,1.703125,0.7459490740740741,11.9375,5.361424502728463,28,1,/mnt/data/ssz/mr/results/Qwen2.5-VL/pope/base/analysis/coco_POPE_random/872.pt
1619,1619,coco_POPE_random,coco_POPE_random,1,0,"Yes,",yes,1.6953125,0.7284432870370371,11.9375,4.803162723884394,28,1,/mnt/data/ssz/mr/results/Qwen2.5-VL/pope/base/analysis/coco_POPE_random/1619.pt
2375,2375,coco_POPE_random,coco_POPE_random,0,1,"No,",yes,1.703125,0.7482638888888888,11.9375,5.3129745161779045,28,1,/mnt/data/ssz/mr/results/Qwen2.5-VL/pope/base/analysis/coco_POPE_random/2375.pt
873,873,coco_POPE_random,coco_POPE_random,0,1,"No,",yes,1.703125,0.7459490740740741,11.9375,5.22765462692844,28,1,/mnt/data/ssz/mr/results/Qwen2.5-VL/pope/base/analysis/coco_POPE_random/873.pt
125,125,coco_POPE_random,coco_POPE_random,1,0,"Yes,",yes,1.7109375,0.7362557870370371,11.9375,4.858878363688591,28,1,/mnt/data/ssz/mr/results/Qwen2.5-VL/pope/base/analysis/coco_POPE_random/125.pt
1620,1620,coco_POPE_random,coco_POPE_random,1,0,"No,",no,1.6953125,0.7284432870370371,11.9375,5.27199394132524,28,1,/mnt/data/ssz/mr/results/Qwen2.5-VL/pope/base/analysis/coco_POPE_random/1620.pt
2376,2376,coco_POPE_random,coco_POPE_random,1,0,"No,",no,1.703125,0.7482638888888888,11.9375,5.3169096475497195,28,1,/mnt/data/ssz/mr/results/Qwen2.5-VL/pope/base/analysis/coco_POPE_random/2376.pt
874,874,coco_POPE_random,coco_POPE_random,1,0,"No,",no,1.703125,0.7459490740740741,11.9375,5.238042144748385,28,1,/mnt/data/ssz/mr/results/Qwen2.5-VL/pope/base/analysis/coco_POPE_random/874.pt
126,126,coco_POPE_random,coco_POPE_random,1,0,"No,",no,1.7109375,0.7362557870370371,11.9375,5.430777006879312,28,1,/mnt/data/ssz/mr/results/Qwen2.5-VL/pope/base/analysis/coco_POPE_random/126.pt
1621,1621,coco_POPE_random,coco_POPE_random,1,0,"Yes,",yes,1.71875,0.7491319444444444,11.9375,4.9619556326294045,28,1,/mnt/data/ssz/mr/results/Qwen2.5-VL/pope/base/analysis/coco_POPE_random/1621.pt
875,875,coco_POPE_random,coco_POPE_random,1,0,"Yes,",yes,1.703125,0.7459490740740741,11.9375,4.688388009280707,28,1,/mnt/data/ssz/mr/results/Qwen2.5-VL/pope/base/analysis/coco_POPE_random/875.pt
2377,2377,coco_POPE_random,coco_POPE_random,0,1,"No,",yes,1.7421875,0.7291666666666666,11.9375,5.323498130548183,28,1,/mnt/data/ssz/mr/results/Qwen2.5-VL/pope/base/analysis/coco_POPE_random/2377.pt
1622,1622,coco_POPE_random,coco_POPE_random,1,0,"No,",no,1.71875,0.7491319444444444,11.9375,5.47928689376969,28,1,/mnt/data/ssz/mr/results/Qwen2.5-VL/pope/base/analysis/coco_POPE_random/1622.pt
127,127,coco_POPE_random,coco_POPE_random,1,0,"Yes,",yes,1.6875,0.7394386574074074,11.9375,4.930693908943803,28,1,/mnt/data/ssz/mr/results/Qwen2.5-VL/pope/base/analysis/coco_POPE_random/127.pt
876,876,coco_POPE_random,coco_POPE_random,1,0,"No,",no,1.703125,0.7459490740740741,11.9375,5.241899855050774,28,1,/mnt/data/ssz/mr/results/Qwen2.5-VL/pope/base/analysis/coco_POPE_random/876.pt
2378,2378,coco_POPE_random,coco_POPE_random,1,0,"No,",no,1.7421875,0.7291666666666666,11.9375,5.395181033466511,28,1,/mnt/data/ssz/mr/results/Qwen2.5-VL/pope/base/analysis/coco_POPE_random/2378.pt
1623,1623,coco_POPE_random,coco_POPE_random,1,0,"Yes,",yes,1.71875,0.7491319444444444,11.9375,5.143288423760957,28,1,/mnt/data/ssz/mr/results/Qwen2.5-VL/pope/base/analysis/coco_POPE_random/1623.pt
128,128,coco_POPE_random,coco_POPE_random,1,0,"No,",no,1.6875,0.7394386574074074,11.9375,5.431769404628571,28,1,/mnt/data/ssz/mr/results/Qwen2.5-VL/pope/base/analysis/coco_POPE_random/128.pt
877,877,coco_POPE_random,coco_POPE_random,1,0,"Yes,",yes,1.703125,0.7567997685185185,11.9375,4.7462419454722955,28,1,/mnt/data/ssz/mr/results/Qwen2.5-VL/pope/base/analysis/coco_POPE_random/877.pt
2379,2379,coco_POPE_random,coco_POPE_random,1,0,"Yes,",yes,1.7421875,0.7291666666666666,11.9375,5.066366675534744,28,1,/mnt/data/ssz/mr/results/Qwen2.5-VL/pope/base/analysis/coco_POPE_random/2379.pt
1624,1624,coco_POPE_random,coco_POPE_random,1,0,"No,",no,1.71875,0.7491319444444444,11.9375,5.48470770115844,28,1,/mnt/data/ssz/mr/results/Qwen2.5-VL/pope/base/analysis/coco_POPE_random/1624.pt
129,129,coco_POPE_random,coco_POPE_random,1,0,"Yes,",yes,1.6875,0.7394386574074074,11.9375,4.964554784941983,28,1,/mnt/data/ssz/mr/results/Qwen2.5-VL/pope/base/analysis/coco_POPE_random/129.pt
878,878,coco_POPE_random,coco_POPE_random,1,0,"No,",no,1.703125,0.7567997685185185,11.9375,5.321898700399696,28,1,/mnt/data/ssz/mr/results/Qwen2.5-VL/pope/base/analysis/coco_POPE_random/878.pt
2380,2380,coco_POPE_random,coco_POPE_random,1,0,"No,",no,1.7421875,0.7291666666666666,11.9375,5.302884078464943,28,1,/mnt/data/ssz/mr/results/Qwen2.5-VL/pope/base/analysis/coco_POPE_random/2380.pt
1625,1625,coco_POPE_random,coco_POPE_random,1,0,"Yes,",yes,1.71875,0.7491319444444444,11.9375,4.940583319485776,28,1,/mnt/data/ssz/mr/results/Qwen2.5-VL/pope/base/analysis/coco_POPE_random/1625.pt
2381,2381,coco_POPE_random,coco_POPE_random,0,1,"No,",yes,1.7421875,0.7291666666666666,11.9375,5.266067624071028,28,1,/mnt/data/ssz/mr/results/Qwen2.5-VL/pope/base/analysis/coco_POPE_random/2381.pt
879,879,coco_POPE_random,coco_POPE_random,1,0,"Yes,",yes,1.703125,0.7567997685185185,11.9375,5.044677039420202,28,1,/mnt/data/ssz/mr/results/Qwen2.5-VL/pope/base/analysis/coco_POPE_random/879.pt
130,130,coco_POPE_random,coco_POPE_random,1,0,"No,",no,1.6875,0.7394386574074074,11.9375,5.355065287176199,28,1,/mnt/data/ssz/mr/results/Qwen2.5-VL/pope/base/analysis/coco_POPE_random/130.pt
1626,1626,coco_POPE_random,coco_POPE_random,1,0,"No,",no,1.71875,0.7491319444444444,11.9375,5.473326124537921,28,1,/mnt/data/ssz/mr/results/Qwen2.5-VL/pope/base/analysis/coco_POPE_random/1626.pt
2382,2382,coco_POPE_random,coco_POPE_random,1,0,"No,",no,1.7421875,0.7291666666666666,11.9375,5.330125105422518,28,1,/mnt/data/ssz/mr/results/Qwen2.5-VL/pope/base/analysis/coco_POPE_random/2382.pt
880,880,coco_POPE_random,coco_POPE_random,1,0,"No,",no,1.703125,0.7567997685185185,11.9375,5.406831132729268,28,1,/mnt/data/ssz/mr/results/Qwen2.5-VL/pope/base/analysis/coco_POPE_random/880.pt
1627,1627,coco_POPE_random,coco_POPE_random,0,1,"No,",yes,1.75,0.7041377314814815,11.9375,5.346261725100138,28,1,/mnt/data/ssz/mr/results/Qwen2.5-VL/pope/base/analysis/coco_POPE_random/1627.pt
131,131,coco_POPE_random,coco_POPE_random,1,0,"Yes,",yes,1.6875,0.7394386574074074,11.9375,4.8719866144922985,28,1,/mnt/data/ssz/mr/results/Qwen2.5-VL/pope/base/analysis/coco_POPE_random/131.pt
2383,2383,coco_POPE_random,coco_POPE_random,1,0,"Yes,",yes,1.7265625,0.7567997685185185,11.9375,5.033362503906265,28,1,/mnt/data/ssz/mr/results/Qwen2.5-VL/pope/base/analysis/coco_POPE_random/2383.pt
881,881,coco_POPE_random,coco_POPE_random,1,0,"Yes,",yes,1.703125,0.7567997685185185,11.9375,4.902324108969011,28,1,/mnt/data/ssz/mr/results/Qwen2.5-VL/pope/base/analysis/coco_POPE_random/881.pt
1628,1628,coco_POPE_random,coco_POPE_random,1,0,"No,",no,1.75,0.7041377314814815,11.9375,5.401736522654291,28,1,/mnt/data/ssz/mr/results/Qwen2.5-VL/pope/base/analysis/coco_POPE_random/1628.pt
132,132,coco_POPE_random,coco_POPE_random,1,0,"No,",no,1.6875,0.7394386574074074,11.9375,5.424485575421606,28,1,/mnt/data/ssz/mr/results/Qwen2.5-VL/pope/base/analysis/coco_POPE_random/132.pt
882,882,coco_POPE_random,coco_POPE_random,1,0,"No,",no,1.703125,0.7567997685185185,11.9375,5.449798029813196,28,1,/mnt/data/ssz/mr/results/Qwen2.5-VL/pope/base/analysis/coco_POPE_random/882.pt
2384,2384,coco_POPE_random,coco_POPE_random,1,0,"No,",no,1.7265625,0.7567997685185185,11.9375,5.3346244709971185,28,1,/mnt/data/ssz/mr/results/Qwen2.5-VL/pope/base/analysis/coco_POPE_random/2384.pt
1629,1629,coco_POPE_random,coco_POPE_random,0,1,"No,",yes,1.75,0.7041377314814815,11.9375,5.396838167396279,28,1,/mnt/data/ssz/mr/results/Qwen2.5-VL/pope/base/analysis/coco_POPE_random/1629.pt
133,133,coco_POPE_random,coco_POPE_random,0,1,"No,",yes,1.703125,0.7575231481481481,11.9375,5.26085820516992,28,1,/mnt/data/ssz/mr/results/Qwen2.5-VL/pope/base/analysis/coco_POPE_random/133.pt
883,883,coco_POPE_random,coco_POPE_random,1,0,"Yes,",yes,1.703125,0.7181712962962963,11.9375,4.836417645786134,28,1,/mnt/data/ssz/mr/results/Qwen2.5-VL/pope/base/analysis/coco_POPE_random/883.pt
2385,2385,coco_POPE_random,coco_POPE_random,0,1,"No,",yes,1.7265625,0.7567997685185185,11.9375,5.340409739186858,28,1,/mnt/data/ssz/mr/results/Qwen2.5-VL/pope/base/analysis/coco_POPE_random/2385.pt
1630,1630,coco_POPE_random,coco_POPE_random,1,0,"No,",no,1.75,0.7041377314814815,11.9375,5.447526476483447,28,1,/mnt/data/ssz/mr/results/Qwen2.5-VL/pope/base/analysis/coco_POPE_random/1630.pt
134,134,coco_POPE_random,coco_POPE_random,1,0,"No,",no,1.703125,0.7575231481481481,11.9375,5.339586273788382,28,1,/mnt/data/ssz/mr/results/Qwen2.5-VL/pope/base/analysis/coco_POPE_random/134.pt
884,884,coco_POPE_random,coco_POPE_random,1,0,"No,",no,1.703125,0.7181712962962963,11.9375,5.213369731324905,28,1,/mnt/data/ssz/mr/results/Qwen2.5-VL/pope/base/analysis/coco_POPE_random/884.pt
2386,2386,coco_POPE_random,coco_POPE_random,1,0,"No,",no,1.7265625,0.7567997685185185,11.9375,5.275596621415703,28,1,/mnt/data/ssz/mr/results/Qwen2.5-VL/pope/base/analysis/coco_POPE_random/2386.pt
1631,1631,coco_POPE_random,coco_POPE_random,0,1,"No,",yes,1.75,0.7041377314814815,11.9375,5.427672012419047,28,1,/mnt/data/ssz/mr/results/Qwen2.5-VL/pope/base/analysis/coco_POPE_random/1631.pt
135,135,coco_POPE_random,coco_POPE_random,1,0,"Yes,",yes,1.703125,0.7575231481481481,11.9375,4.849771404815017,28,1,/mnt/data/ssz/mr/results/Qwen2.5-VL/pope/base/analysis/coco_POPE_random/135.pt
885,885,coco_POPE_random,coco_POPE_random,0,1,"No,",yes,1.703125,0.7181712962962963,11.9375,5.364413192173945,28,1,/mnt/data/ssz/mr/results/Qwen2.5-VL/pope/base/analysis/coco_POPE_random/885.pt
2387,2387,coco_POPE_random,coco_POPE_random,0,1,"No,",yes,1.7265625,0.7567997685185185,11.9375,5.407521251290496,28,1,/mnt/data/ssz/mr/results/Qwen2.5-VL/pope/base/analysis/coco_POPE_random/2387.pt
1632,1632,coco_POPE_random,coco_POPE_random,1,0,"No,",no,1.75,0.7041377314814815,11.9375,5.519877923275937,28,1,/mnt/data/ssz/mr/results/Qwen2.5-VL/pope/base/analysis/coco_POPE_random/1632.pt
136,136,coco_POPE_random,coco_POPE_random,1,0,"No,",no,1.703125,0.7575231481481481,11.9375,5.387410224967081,28,1,/mnt/data/ssz/mr/results/Qwen2.5-VL/pope/base/analysis/coco_POPE_random/136.pt
886,886,coco_POPE_random,coco_POPE_random,1,0,"No,",no,1.703125,0.7181712962962963,11.9375,5.195724569410232,28,1,/mnt/data/ssz/mr/results/Qwen2.5-VL/pope/base/analysis/coco_POPE_random/886.pt
2388,2388,coco_POPE_random,coco_POPE_random,1,0,"No,",no,1.7265625,0.7567997685185185,11.9375,5.326027746628103,28,1,/mnt/data/ssz/mr/results/Qwen2.5-VL/pope/base/analysis/coco_POPE_random/2388.pt
1633,1633,coco_POPE_random,coco_POPE_random,1,0,"Yes,",yes,1.734375,0.7553530092592593,11.9375,4.867704349753037,28,1,/mnt/data/ssz/mr/results/Qwen2.5-VL/pope/base/analysis/coco_POPE_random/1633.pt
137,137,coco_POPE_random,coco_POPE_random,1,0,"Yes,",yes,1.703125,0.7575231481481481,11.9375,4.829537248715121,28,1,/mnt/data/ssz/mr/results/Qwen2.5-VL/pope/base/analysis/coco_POPE_random/137.pt
887,887,coco_POPE_random,coco_POPE_random,0,1,"No,",yes,1.703125,0.7181712962962963,11.9375,5.317374371813115,28,1,/mnt/data/ssz/mr/results/Qwen2.5-VL/pope/base/analysis/coco_POPE_random/887.pt
2389,2389,coco_POPE_random,coco_POPE_random,0,1,"No,",yes,1.640625,0.7133969907407407,11.9375,5.202436836785637,28,1,/mnt/data/ssz/mr/results/Qwen2.5-VL/pope/base/analysis/coco_POPE_random/2389.pt
1634,1634,coco_POPE_random,coco_POPE_random,1,0,"No,",no,1.734375,0.7553530092592593,11.9375,5.231187166728888,28,1,/mnt/data/ssz/mr/results/Qwen2.5-VL/pope/base/analysis/coco_POPE_random/1634.pt
138,138,coco_POPE_random,coco_POPE_random,1,0,"No,",no,1.703125,0.7575231481481481,11.9375,5.29972498329228,28,1,/mnt/data/ssz/mr/results/Qwen2.5-VL/pope/base/analysis/coco_POPE_random/138.pt
888,888,coco_POPE_random,coco_POPE_random,1,0,"No,",no,1.703125,0.7181712962962963,11.9375,5.140258465677923,28,1,/mnt/data/ssz/mr/results/Qwen2.5-VL/pope/base/analysis/coco_POPE_random/888.pt
1635,1635,coco_POPE_random,coco_POPE_random,1,0,"Yes,",yes,1.734375,0.7553530092592593,11.9375,4.756889419355817,28,1,/mnt/data/ssz/mr/results/Qwen2.5-VL/pope/base/analysis/coco_POPE_random/1635.pt
2390,2390,coco_POPE_random,coco_POPE_random,1,0,"No,",no,1.640625,0.7133969907407407,11.9375,5.196317800323195,28,1,/mnt/data/ssz/mr/results/Qwen2.5-VL/pope/base/analysis/coco_POPE_random/2390.pt
139,139,coco_POPE_random,coco_POPE_random,1,0,"Yes,",yes,1.6875,0.7471064814814815,11.9375,4.8376746549713205,28,1,/mnt/data/ssz/mr/results/Qwen2.5-VL/pope/base/analysis/coco_POPE_random/139.pt
889,889,coco_POPE_random,coco_POPE_random,1,0,"Yes,",yes,1.6953125,0.7560763888888888,11.9375,4.835761838200322,28,1,/mnt/data/ssz/mr/results/Qwen2.5-VL/pope/base/analysis/coco_POPE_random/889.pt
1636,1636,coco_POPE_random,coco_POPE_random,1,0,"No,",no,1.734375,0.7553530092592593,11.9375,5.202880664020932,28,1,/mnt/data/ssz/mr/results/Qwen2.5-VL/pope/base/analysis/coco_POPE_random/1636.pt
2391,2391,coco_POPE_random,coco_POPE_random,0,1,"No,",yes,1.640625,0.7133969907407407,11.9375,5.2515470584355795,28,1,/mnt/data/ssz/mr/results/Qwen2.5-VL/pope/base/analysis/coco_POPE_random/2391.pt
140,140,coco_POPE_random,coco_POPE_random,1,0,"No,",no,1.6875,0.7471064814814815,11.9375,5.351435418235678,28,1,/mnt/data/ssz/mr/results/Qwen2.5-VL/pope/base/analysis/coco_POPE_random/140.pt
890,890,coco_POPE_random,coco_POPE_random,1,0,"No,",no,1.6953125,0.7560763888888888,11.9375,5.290321859382575,28,1,/mnt/data/ssz/mr/results/Qwen2.5-VL/pope/base/analysis/coco_POPE_random/890.pt
1637,1637,coco_POPE_random,coco_POPE_random,1,0,"Yes,",yes,1.734375,0.7553530092592593,11.9375,4.738882969510909,28,1,/mnt/data/ssz/mr/results/Qwen2.5-VL/pope/base/analysis/coco_POPE_random/1637.pt
2392,2392,coco_POPE_random,coco_POPE_random,1,0,"No,",no,1.640625,0.7133969907407407,11.9375,5.221002561235428,28,1,/mnt/data/ssz/mr/results/Qwen2.5-VL/pope/base/analysis/coco_POPE_random/2392.pt
141,141,coco_POPE_random,coco_POPE_random,0,1,"No,",yes,1.6875,0.7471064814814815,11.9375,5.2958501254553125,28,1,/mnt/data/ssz/mr/results/Qwen2.5-VL/pope/base/analysis/coco_POPE_random/141.pt
891,891,coco_POPE_random,coco_POPE_random,1,0,"Yes,",yes,1.6953125,0.7560763888888888,11.9375,4.794560620285132,28,1,/mnt/data/ssz/mr/results/Qwen2.5-VL/pope/base/analysis/coco_POPE_random/891.pt
1638,1638,coco_POPE_random,coco_POPE_random,1,0,"No,",no,1.734375,0.7553530092592593,11.9375,5.246477739808675,28,1,/mnt/data/ssz/mr/results/Qwen2.5-VL/pope/base/analysis/coco_POPE_random/1638.pt
2393,2393,coco_POPE_random,coco_POPE_random,0,1,"No,",yes,1.640625,0.7133969907407407,11.9375,5.3011990798158575,28,1,/mnt/data/ssz/mr/results/Qwen2.5-VL/pope/base/analysis/coco_POPE_random/2393.pt
142,142,coco_POPE_random,coco_POPE_random,1,0,"No,",no,1.6875,0.7471064814814815,11.9375,5.380561704226302,28,1,/mnt/data/ssz/mr/results/Qwen2.5-VL/pope/base/analysis/coco_POPE_random/142.pt
892,892,coco_POPE_random,coco_POPE_random,1,0,"No,",no,1.6953125,0.7560763888888888,11.9375,5.297548896208402,28,1,/mnt/data/ssz/mr/results/Qwen2.5-VL/pope/base/analysis/coco_POPE_random/892.pt
1639,1639,coco_POPE_random,coco_POPE_random,1,0,"Yes,",yes,1.703125,0.7552083333333334,11.9375,4.76198166718005,28,1,/mnt/data/ssz/mr/results/Qwen2.5-VL/pope/base/analysis/coco_POPE_random/1639.pt
143,143,coco_POPE_random,coco_POPE_random,1,0,"Yes,",yes,1.6875,0.7471064814814815,11.9375,4.813932308227693,28,1,/mnt/data/ssz/mr/results/Qwen2.5-VL/pope/base/analysis/coco_POPE_random/143.pt
2394,2394,coco_POPE_random,coco_POPE_random,1,0,"No,",no,1.640625,0.7133969907407407,11.9375,5.252137446156886,28,1,/mnt/data/ssz/mr/results/Qwen2.5-VL/pope/base/analysis/coco_POPE_random/2394.pt
893,893,coco_POPE_random,coco_POPE_random,1,0,"Yes,",yes,1.6953125,0.7560763888888888,11.9375,4.843759044768628,28,1,/mnt/data/ssz/mr/results/Qwen2.5-VL/pope/base/analysis/coco_POPE_random/893.pt
1640,1640,coco_POPE_random,coco_POPE_random,1,0,"No,",no,1.703125,0.7552083333333334,11.9375,5.268255514587259,28,1,/mnt/data/ssz/mr/results/Qwen2.5-VL/pope/base/analysis/coco_POPE_random/1640.pt
144,144,coco_POPE_random,coco_POPE_random,1,0,"No,",no,1.6875,0.7471064814814815,11.9375,5.251325208659025,28,1,/mnt/data/ssz/mr/results/Qwen2.5-VL/pope/base/analysis/coco_POPE_random/144.pt
2395,2395,coco_POPE_random,coco_POPE_random,1,0,"Yes,",yes,1.7109375,0.7272858796296297,11.9375,4.818753735287108,28,1,/mnt/data/ssz/mr/results/Qwen2.5-VL/pope/base/analysis/coco_POPE_random/2395.pt
894,894,coco_POPE_random,coco_POPE_random,1,0,"No,",no,1.6953125,0.7560763888888888,11.9375,5.319648972211546,28,1,/mnt/data/ssz/mr/results/Qwen2.5-VL/pope/base/analysis/coco_POPE_random/894.pt
1641,1641,coco_POPE_random,coco_POPE_random,1,0,"Yes,",yes,1.703125,0.7552083333333334,11.9375,4.9761202487179865,28,1,/mnt/data/ssz/mr/results/Qwen2.5-VL/pope/base/analysis/coco_POPE_random/1641.pt
145,145,coco_POPE_random,coco_POPE_random,0,1,"No,",yes,1.671875,0.7313368055555556,11.9375,5.259245708777976,28,1,/mnt/data/ssz/mr/results/Qwen2.5-VL/pope/base/analysis/coco_POPE_random/145.pt
2396,2396,coco_POPE_random,coco_POPE_random,1,0,"No,",no,1.7109375,0.7272858796296297,11.9375,5.2587228412497815,28,1,/mnt/data/ssz/mr/results/Qwen2.5-VL/pope/base/analysis/coco_POPE_random/2396.pt
895,895,coco_POPE_random,coco_POPE_random,1,0,"Yes,",yes,1.6875,0.7296006944444444,11.9375,4.780459126348184,28,1,/mnt/data/ssz/mr/results/Qwen2.5-VL/pope/base/analysis/coco_POPE_random/895.pt
1642,1642,coco_POPE_random,coco_POPE_random,1,0,"No,",no,1.703125,0.7552083333333334,11.9375,5.269508748188447,28,1,/mnt/data/ssz/mr/results/Qwen2.5-VL/pope/base/analysis/coco_POPE_random/1642.pt
146,146,coco_POPE_random,coco_POPE_random,1,0,"No,",no,1.671875,0.7313368055555556,11.9375,5.322759654146309,28,1,/mnt/data/ssz/mr/results/Qwen2.5-VL/pope/base/analysis/coco_POPE_random/146.pt
2397,2397,coco_POPE_random,coco_POPE_random,1,0,"Yes,",yes,1.7109375,0.7272858796296297,11.9375,4.8078097373986415,28,1,/mnt/data/ssz/mr/results/Qwen2.5-VL/pope/base/analysis/coco_POPE_random/2397.pt
896,896,coco_POPE_random,coco_POPE_random,1,0,"No,",no,1.6875,0.7296006944444444,11.9375,5.296551503313445,28,1,/mnt/data/ssz/mr/results/Qwen2.5-VL/pope/base/analysis/coco_POPE_random/896.pt
1643,1643,coco_POPE_random,coco_POPE_random,0,1,"No,",yes,1.703125,0.7552083333333334,11.9375,5.299255422149404,28,1,/mnt/data/ssz/mr/results/Qwen2.5-VL/pope/base/analysis/coco_POPE_random/1643.pt
147,147,coco_POPE_random,coco_POPE_random,1,0,"Yes,",yes,1.671875,0.7313368055555556,11.9375,4.834599104769072,28,1,/mnt/data/ssz/mr/results/Qwen2.5-VL/pope/base/analysis/coco_POPE_random/147.pt
2398,2398,coco_POPE_random,coco_POPE_random,1,0,"No,",no,1.7109375,0.7272858796296297,11.9375,5.337516249874055,28,1,/mnt/data/ssz/mr/results/Qwen2.5-VL/pope/base/analysis/coco_POPE_random/2398.pt
897,897,coco_POPE_random,coco_POPE_random,1,0,"Yes,",yes,1.6875,0.7296006944444444,11.9375,4.806854990646038,28,1,/mnt/data/ssz/mr/results/Qwen2.5-VL/pope/base/analysis/coco_POPE_random/897.pt
1644,1644,coco_POPE_random,coco_POPE_random,1,0,"No,",no,1.703125,0.7552083333333334,11.9375,5.304188033640897,28,1,/mnt/data/ssz/mr/results/Qwen2.5-VL/pope/base/analysis/coco_POPE_random/1644.pt
148,148,coco_POPE_random,coco_POPE_random,1,0,"No,",no,1.671875,0.7313368055555556,11.9375,5.245364220806206,28,1,/mnt/data/ssz/mr/results/Qwen2.5-VL/pope/base/analysis/coco_POPE_random/148.pt
2399,2399,coco_POPE_random,coco_POPE_random,1,0,"Yes,",yes,1.7109375,0.7272858796296297,11.9375,4.650075015286543,28,1,/mnt/data/ssz/mr/results/Qwen2.5-VL/pope/base/analysis/coco_POPE_random/2399.pt
898,898,coco_POPE_random,coco_POPE_random,1,0,"No,",no,1.6875,0.7296006944444444,11.9375,5.24793672513919,28,1,/mnt/data/ssz/mr/results/Qwen2.5-VL/pope/base/analysis/coco_POPE_random/898.pt
1645,1645,coco_POPE_random,coco_POPE_random,1,0,"Yes,",yes,1.640625,0.7614293981481481,11.9375,4.8768298939163985,28,1,/mnt/data/ssz/mr/results/Qwen2.5-VL/pope/base/analysis/coco_POPE_random/1645.pt
149,149,coco_POPE_random,coco_POPE_random,0,1,"No,",yes,1.671875,0.7313368055555556,11.9375,5.309810743418047,28,1,/mnt/data/ssz/mr/results/Qwen2.5-VL/pope/base/analysis/coco_POPE_random/149.pt
2400,2400,coco_POPE_random,coco_POPE_random,1,0,"No,",no,1.7109375,0.7272858796296297,11.9375,5.159485728106716,28,1,/mnt/data/ssz/mr/results/Qwen2.5-VL/pope/base/analysis/coco_POPE_random/2400.pt
899,899,coco_POPE_random,coco_POPE_random,1,0,"Yes,",yes,1.6875,0.7296006944444444,11.9375,4.820532304085271,28,1,/mnt/data/ssz/mr/results/Qwen2.5-VL/pope/base/analysis/coco_POPE_random/899.pt
1646,1646,coco_POPE_random,coco_POPE_random,1,0,"No,",no,1.640625,0.7614293981481481,11.9375,5.276482508882603,28,1,/mnt/data/ssz/mr/results/Qwen2.5-VL/pope/base/analysis/coco_POPE_random/1646.pt
150,150,coco_POPE_random,coco_POPE_random,1,0,"No,",no,1.671875,0.7313368055555556,11.9375,5.330774494237694,28,1,/mnt/data/ssz/mr/results/Qwen2.5-VL/pope/base/analysis/coco_POPE_random/150.pt
2401,2401,coco_POPE_random,coco_POPE_random,1,0,"Yes,",yes,1.734375,0.7139756944444444,11.9375,4.890702470588848,28,1,/mnt/data/ssz/mr/results/Qwen2.5-VL/pope/base/analysis/coco_POPE_random/2401.pt
900,900,coco_POPE_random,coco_POPE_random,1,0,"No,",no,1.6875,0.7296006944444444,11.9375,5.294927617536501,28,1,/mnt/data/ssz/mr/results/Qwen2.5-VL/pope/base/analysis/coco_POPE_random/900.pt
151,151,coco_POPE_random,coco_POPE_random,1,0,"Yes,",yes,1.734375,0.7473958333333334,11.9375,4.777534596698564,28,1,/mnt/data/ssz/mr/results/Qwen2.5-VL/pope/base/analysis/coco_POPE_random/151.pt
1647,1647,coco_POPE_random,coco_POPE_random,0,1,"No,",yes,1.640625,0.7614293981481481,11.9375,5.360352843902405,28,1,/mnt/data/ssz/mr/results/Qwen2.5-VL/pope/base/analysis/coco_POPE_random/1647.pt
2402,2402,coco_POPE_random,coco_POPE_random,1,0,"No,",no,1.734375,0.7139756944444444,11.9375,5.388504852331044,28,1,/mnt/data/ssz/mr/results/Qwen2.5-VL/pope/base/analysis/coco_POPE_random/2402.pt
152,152,coco_POPE_random,coco_POPE_random,1,0,"No,",no,1.734375,0.7473958333333334,11.9375,5.264024881266936,28,1,/mnt/data/ssz/mr/results/Qwen2.5-VL/pope/base/analysis/coco_POPE_random/152.pt
901,901,coco_POPE_random,coco_POPE_random,1,0,"Yes,",yes,1.703125,0.7157118055555556,11.9375,4.79181899517877,28,1,/mnt/data/ssz/mr/results/Qwen2.5-VL/pope/base/analysis/coco_POPE_random/901.pt
1648,1648,coco_POPE_random,coco_POPE_random,1,0,"No,",no,1.640625,0.7614293981481481,11.9375,5.241763333695793,28,1,/mnt/data/ssz/mr/results/Qwen2.5-VL/pope/base/analysis/coco_POPE_random/1648.pt
2403,2403,coco_POPE_random,coco_POPE_random,1,0,"Yes,",yes,1.734375,0.7139756944444444,11.9375,4.886792802400531,28,1,/mnt/data/ssz/mr/results/Qwen2.5-VL/pope/base/analysis/coco_POPE_random/2403.pt
153,153,coco_POPE_random,coco_POPE_random,1,0,"Yes,",yes,1.734375,0.7473958333333334,11.9375,4.857305821230356,28,1,/mnt/data/ssz/mr/results/Qwen2.5-VL/pope/base/analysis/coco_POPE_random/153.pt
902,902,coco_POPE_random,coco_POPE_random,1,0,"No,",no,1.703125,0.7157118055555556,11.9375,5.362289591077319,28,1,/mnt/data/ssz/mr/results/Qwen2.5-VL/pope/base/analysis/coco_POPE_random/902.pt
1649,1649,coco_POPE_random,coco_POPE_random,1,0,"Yes,",yes,1.640625,0.7614293981481481,11.9375,4.879951800709852,28,1,/mnt/data/ssz/mr/results/Qwen2.5-VL/pope/base/analysis/coco_POPE_random/1649.pt
2404,2404,coco_POPE_random,coco_POPE_random,1,0,"No,",no,1.734375,0.7139756944444444,11.9375,5.310528748739992,28,1,/mnt/data/ssz/mr/results/Qwen2.5-VL/pope/base/analysis/coco_POPE_random/2404.pt
154,154,coco_POPE_random,coco_POPE_random,1,0,"No,",no,1.734375,0.7473958333333334,11.9375,5.217570161616911,28,1,/mnt/data/ssz/mr/results/Qwen2.5-VL/pope/base/analysis/coco_POPE_random/154.pt
903,903,coco_POPE_random,coco_POPE_random,0,1,"No,",yes,1.703125,0.7157118055555556,11.9375,5.351399655108003,28,1,/mnt/data/ssz/mr/results/Qwen2.5-VL/pope/base/analysis/coco_POPE_random/903.pt
1650,1650,coco_POPE_random,coco_POPE_random,1,0,"No,",no,1.640625,0.7614293981481481,11.9375,5.19420158509268,28,1,/mnt/data/ssz/mr/results/Qwen2.5-VL/pope/base/analysis/coco_POPE_random/1650.pt
2405,2405,coco_POPE_random,coco_POPE_random,1,0,"Yes,",yes,1.734375,0.7139756944444444,11.9375,4.878623808208259,28,1,/mnt/data/ssz/mr/results/Qwen2.5-VL/pope/base/analysis/coco_POPE_random/2405.pt
155,155,coco_POPE_random,coco_POPE_random,1,0,"Yes,",yes,1.734375,0.7473958333333334,11.9375,4.823678499435732,28,1,/mnt/data/ssz/mr/results/Qwen2.5-VL/pope/base/analysis/coco_POPE_random/155.pt
904,904,coco_POPE_random,coco_POPE_random,1,0,"No,",no,1.703125,0.7157118055555556,11.9375,5.35456077451316,28,1,/mnt/data/ssz/mr/results/Qwen2.5-VL/pope/base/analysis/coco_POPE_random/904.pt
1651,1651,coco_POPE_random,coco_POPE_random,1,0,"Yes,",yes,1.7265625,0.7730034722222222,11.9375,4.743649950680523,28,1,/mnt/data/ssz/mr/results/Qwen2.5-VL/pope/base/analysis/coco_POPE_random/1651.pt
2406,2406,coco_POPE_random,coco_POPE_random,1,0,"No,",no,1.734375,0.7139756944444444,11.9375,5.35824843945086,28,1,/mnt/data/ssz/mr/results/Qwen2.5-VL/pope/base/analysis/coco_POPE_random/2406.pt
156,156,coco_POPE_random,coco_POPE_random,1,0,"No,",no,1.734375,0.7473958333333334,11.9375,5.2507077105198965,28,1,/mnt/data/ssz/mr/results/Qwen2.5-VL/pope/base/analysis/coco_POPE_random/156.pt
1652,1652,coco_POPE_random,coco_POPE_random,1,0,"No,",no,1.7265625,0.7730034722222222,11.9375,5.229151624381334,28,1,/mnt/data/ssz/mr/results/Qwen2.5-VL/pope/base/analysis/coco_POPE_random/1652.pt
905,905,coco_POPE_random,coco_POPE_random,1,0,"Yes,",yes,1.703125,0.7157118055555556,11.9375,4.86674449855215,28,1,/mnt/data/ssz/mr/results/Qwen2.5-VL/pope/base/analysis/coco_POPE_random/905.pt
2407,2407,coco_POPE_random,coco_POPE_random,1,0,"Yes,",yes,1.671875,0.7307581018518519,11.9375,4.845260588153168,28,1,/mnt/data/ssz/mr/results/Qwen2.5-VL/pope/base/analysis/coco_POPE_random/2407.pt
157,157,coco_POPE_random,coco_POPE_random,1,0,"Yes,",yes,1.734375,0.7481192129629629,11.9375,4.800093935337929,28,1,/mnt/data/ssz/mr/results/Qwen2.5-VL/pope/base/analysis/coco_POPE_random/157.pt
1653,1653,coco_POPE_random,coco_POPE_random,1,0,"Yes,",yes,1.7265625,0.7730034722222222,11.9375,4.913579227428913,28,1,/mnt/data/ssz/mr/results/Qwen2.5-VL/pope/base/analysis/coco_POPE_random/1653.pt
906,906,coco_POPE_random,coco_POPE_random,1,0,"No,",no,1.703125,0.7157118055555556,11.9375,5.290112440504658,28,1,/mnt/data/ssz/mr/results/Qwen2.5-VL/pope/base/analysis/coco_POPE_random/906.pt
2408,2408,coco_POPE_random,coco_POPE_random,1,0,"No,",no,1.671875,0.7307581018518519,11.9375,5.359638549045486,28,1,/mnt/data/ssz/mr/results/Qwen2.5-VL/pope/base/analysis/coco_POPE_random/2408.pt
158,158,coco_POPE_random,coco_POPE_random,1,0,"No,",no,1.734375,0.7481192129629629,11.9375,5.344935505619207,28,1,/mnt/data/ssz/mr/results/Qwen2.5-VL/pope/base/analysis/coco_POPE_random/158.pt
1654,1654,coco_POPE_random,coco_POPE_random,1,0,"No,",no,1.7265625,0.7730034722222222,11.9375,5.219303949888227,28,1,/mnt/data/ssz/mr/results/Qwen2.5-VL/pope/base/analysis/coco_POPE_random/1654.pt
907,907,coco_POPE_random,coco_POPE_random,1,0,"Yes,",yes,1.6875,0.7433449074074074,11.9375,4.850561308999175,28,1,/mnt/data/ssz/mr/results/Qwen2.5-VL/pope/base/analysis/coco_POPE_random/907.pt
159,159,coco_POPE_random,coco_POPE_random,1,0,"Yes,",yes,1.734375,0.7481192129629629,11.9375,4.999413513274065,28,1,/mnt/data/ssz/mr/results/Qwen2.5-VL/pope/base/analysis/coco_POPE_random/159.pt
2409,2409,coco_POPE_random,coco_POPE_random,0,1,"No,",yes,1.671875,0.7307581018518519,11.9375,5.427771462578676,28,1,/mnt/data/ssz/mr/results/Qwen2.5-VL/pope/base/analysis/coco_POPE_random/2409.pt
1655,1655,coco_POPE_random,coco_POPE_random,0,1,"No,",yes,1.7265625,0.7730034722222222,11.9375,5.229649658271361,28,1,/mnt/data/ssz/mr/results/Qwen2.5-VL/pope/base/analysis/coco_POPE_random/1655.pt
908,908,coco_POPE_random,coco_POPE_random,1,0,"No,",no,1.6875,0.7433449074074074,11.9375,5.33615464487054,28,1,/mnt/data/ssz/mr/results/Qwen2.5-VL/pope/base/analysis/coco_POPE_random/908.pt
160,160,coco_POPE_random,coco_POPE_random,1,0,"No,",no,1.734375,0.7481192129629629,11.9375,5.365397964843553,28,1,/mnt/data/ssz/mr/results/Qwen2.5-VL/pope/base/analysis/coco_POPE_random/160.pt
1656,1656,coco_POPE_random,coco_POPE_random,1,0,"No,",no,1.7265625,0.7730034722222222,11.9375,5.224949516256668,28,1,/mnt/data/ssz/mr/results/Qwen2.5-VL/pope/base/analysis/coco_POPE_random/1656.pt
2410,2410,coco_POPE_random,coco_POPE_random,1,0,"No,",no,1.671875,0.7307581018518519,11.9375,5.33559677847044,28,1,/mnt/data/ssz/mr/results/Qwen2.5-VL/pope/base/analysis/coco_POPE_random/2410.pt
909,909,coco_POPE_random,coco_POPE_random,1,0,"Yes,",yes,1.6875,0.7433449074074074,11.9375,4.94751051832032,28,1,/mnt/data/ssz/mr/results/Qwen2.5-VL/pope/base/analysis/coco_POPE_random/909.pt
161,161,coco_POPE_random,coco_POPE_random,1,0,"Yes,",yes,1.734375,0.7481192129629629,11.9375,4.894325362872194,28,1,/mnt/data/ssz/mr/results/Qwen2.5-VL/pope/base/analysis/coco_POPE_random/161.pt
1657,1657,coco_POPE_random,coco_POPE_random,0,1,"No,",yes,1.671875,0.7364004629629629,11.9375,5.321343633488769,28,1,/mnt/data/ssz/mr/results/Qwen2.5-VL/pope/base/analysis/coco_POPE_random/1657.pt
910,910,coco_POPE_random,coco_POPE_random,1,0,"No,",no,1.6875,0.7433449074074074,11.9375,5.256759553126829,28,1,/mnt/data/ssz/mr/results/Qwen2.5-VL/pope/base/analysis/coco_POPE_random/910.pt
2411,2411,coco_POPE_random,coco_POPE_random,0,1,"No,",yes,1.671875,0.7307581018518519,11.9375,5.2295115029239625,28,1,/mnt/data/ssz/mr/results/Qwen2.5-VL/pope/base/analysis/coco_POPE_random/2411.pt
162,162,coco_POPE_random,coco_POPE_random,1,0,"No,",no,1.734375,0.7481192129629629,11.9375,5.431191518275543,28,1,/mnt/data/ssz/mr/results/Qwen2.5-VL/pope/base/analysis/coco_POPE_random/162.pt
911,911,coco_POPE_random,coco_POPE_random,1,0,"Yes,",yes,1.6875,0.7433449074074074,11.9375,4.860004482672704,28,1,/mnt/data/ssz/mr/results/Qwen2.5-VL/pope/base/analysis/coco_POPE_random/911.pt
1658,1658,coco_POPE_random,coco_POPE_random,1,0,"No,",no,1.671875,0.7364004629629629,11.9375,5.395546159980236,28,1,/mnt/data/ssz/mr/results/Qwen2.5-VL/pope/base/analysis/coco_POPE_random/1658.pt
2412,2412,coco_POPE_random,coco_POPE_random,1,0,"No,",no,1.671875,0.7307581018518519,11.9375,5.280330670769189,28,1,/mnt/data/ssz/mr/results/Qwen2.5-VL/pope/base/analysis/coco_POPE_random/2412.pt
163,163,coco_POPE_random,coco_POPE_random,0,1,"No,",yes,1.703125,0.7152777777777778,11.9375,5.294918810256261,28,1,/mnt/data/ssz/mr/results/Qwen2.5-VL/pope/base/analysis/coco_POPE_random/163.pt
912,912,coco_POPE_random,coco_POPE_random,1,0,"No,",no,1.6875,0.7433449074074074,11.9375,5.254253515981968,28,1,/mnt/data/ssz/mr/results/Qwen2.5-VL/pope/base/analysis/coco_POPE_random/912.pt
1659,1659,coco_POPE_random,coco_POPE_random,1,0,"Yes,",yes,1.671875,0.7364004629629629,11.9375,4.929980271480206,28,1,/mnt/data/ssz/mr/results/Qwen2.5-VL/pope/base/analysis/coco_POPE_random/1659.pt
2413,2413,coco_POPE_random,coco_POPE_random,1,0,"Yes,",yes,1.7265625,0.7310474537037037,11.9375,4.8004205387112275,28,1,/mnt/data/ssz/mr/results/Qwen2.5-VL/pope/base/analysis/coco_POPE_random/2413.pt
164,164,coco_POPE_random,coco_POPE_random,1,0,"No,",no,1.703125,0.7152777777777778,11.9375,5.366340409729642,28,1,/mnt/data/ssz/mr/results/Qwen2.5-VL/pope/base/analysis/coco_POPE_random/164.pt
913,913,coco_POPE_random,coco_POPE_random,1,0,"Yes,",yes,1.671875,0.7507233796296297,11.9375,4.810307761877061,28,1,/mnt/data/ssz/mr/results/Qwen2.5-VL/pope/base/analysis/coco_POPE_random/913.pt
1660,1660,coco_POPE_random,coco_POPE_random,1,0,"No,",no,1.671875,0.7364004629629629,11.9375,5.387513701877746,28,1,/mnt/data/ssz/mr/results/Qwen2.5-VL/pope/base/analysis/coco_POPE_random/1660.pt
2414,2414,coco_POPE_random,coco_POPE_random,1,0,"No,",no,1.7265625,0.7310474537037037,11.9375,5.406638915990509,28,1,/mnt/data/ssz/mr/results/Qwen2.5-VL/pope/base/analysis/coco_POPE_random/2414.pt
165,165,coco_POPE_random,coco_POPE_random,1,0,"Yes,",yes,1.703125,0.7152777777777778,11.9375,4.9242576019124895,28,1,/mnt/data/ssz/mr/results/Qwen2.5-VL/pope/base/analysis/coco_POPE_random/165.pt
914,914,coco_POPE_random,coco_POPE_random,1,0,"No,",no,1.671875,0.7507233796296297,11.9375,5.258267328851083,28,1,/mnt/data/ssz/mr/results/Qwen2.5-VL/pope/base/analysis/coco_POPE_random/914.pt
1661,1661,coco_POPE_random,coco_POPE_random,0,1,"No,",yes,1.671875,0.7364004629629629,11.9375,5.406778897436293,28,1,/mnt/data/ssz/mr/results/Qwen2.5-VL/pope/base/analysis/coco_POPE_random/1661.pt
2415,2415,coco_POPE_random,coco_POPE_random,1,0,"Yes,",yes,1.7265625,0.7310474537037037,11.9375,4.902872306861769,28,1,/mnt/data/ssz/mr/results/Qwen2.5-VL/pope/base/analysis/coco_POPE_random/2415.pt
166,166,coco_POPE_random,coco_POPE_random,1,0,"No,",no,1.703125,0.7152777777777778,11.9375,5.2953853302249945,28,1,/mnt/data/ssz/mr/results/Qwen2.5-VL/pope/base/analysis/coco_POPE_random/166.pt
915,915,coco_POPE_random,coco_POPE_random,1,0,"Yes,",yes,1.671875,0.7507233796296297,11.9375,4.869638734405053,28,1,/mnt/data/ssz/mr/results/Qwen2.5-VL/pope/base/analysis/coco_POPE_random/915.pt
1662,1662,coco_POPE_random,coco_POPE_random,1,0,"No,",no,1.671875,0.7364004629629629,11.9375,5.4212642558058795,28,1,/mnt/data/ssz/mr/results/Qwen2.5-VL/pope/base/analysis/coco_POPE_random/1662.pt
2416,2416,coco_POPE_random,coco_POPE_random,1,0,"No,",no,1.7265625,0.7310474537037037,11.9375,5.346668624890299,28,1,/mnt/data/ssz/mr/results/Qwen2.5-VL/pope/base/analysis/coco_POPE_random/2416.pt
916,916,coco_POPE_random,coco_POPE_random,1,0,"No,",no,1.671875,0.7507233796296297,11.9375,5.250173388895276,28,1,/mnt/data/ssz/mr/results/Qwen2.5-VL/pope/base/analysis/coco_POPE_random/916.pt
167,167,coco_POPE_random,coco_POPE_random,0,1,"No,",yes,1.703125,0.7152777777777778,11.9375,5.358482692066539,28,1,/mnt/data/ssz/mr/results/Qwen2.5-VL/pope/base/analysis/coco_POPE_random/167.pt
1663,1663,coco_POPE_random,coco_POPE_random,1,0,"Yes,",yes,1.734375,0.7348090277777778,11.9375,4.977883971066182,28,1,/mnt/data/ssz/mr/results/Qwen2.5-VL/pope/base/analysis/coco_POPE_random/1663.pt
2417,2417,coco_POPE_random,coco_POPE_random,0,1,"No,",yes,1.7265625,0.7310474537037037,11.9375,5.366398473535191,28,1,/mnt/data/ssz/mr/results/Qwen2.5-VL/pope/base/analysis/coco_POPE_random/2417.pt
917,917,coco_POPE_random,coco_POPE_random,0,1,"No,",yes,1.671875,0.7507233796296297,11.9375,5.242830328693125,28,1,/mnt/data/ssz/mr/results/Qwen2.5-VL/pope/base/analysis/coco_POPE_random/917.pt
168,168,coco_POPE_random,coco_POPE_random,1,0,"No,",no,1.703125,0.7152777777777778,11.9375,5.344931097993987,28,1,/mnt/data/ssz/mr/results/Qwen2.5-VL/pope/base/analysis/coco_POPE_random/168.pt
1664,1664,coco_POPE_random,coco_POPE_random,1,0,"No,",no,1.734375,0.7348090277777778,11.9375,5.421281397893021,28,1,/mnt/data/ssz/mr/results/Qwen2.5-VL/pope/base/analysis/coco_POPE_random/1664.pt
2418,2418,coco_POPE_random,coco_POPE_random,1,0,"No,",no,1.7265625,0.7310474537037037,11.9375,5.412618547727012,28,1,/mnt/data/ssz/mr/results/Qwen2.5-VL/pope/base/analysis/coco_POPE_random/2418.pt
918,918,coco_POPE_random,coco_POPE_random,1,0,"No,",no,1.671875,0.7507233796296297,11.9375,5.318242403984249,28,1,/mnt/data/ssz/mr/results/Qwen2.5-VL/pope/base/analysis/coco_POPE_random/918.pt
169,169,coco_POPE_random,coco_POPE_random,1,0,"Yes,",yes,1.703125,0.7426215277777778,11.9375,4.810173046482168,28,1,/mnt/data/ssz/mr/results/Qwen2.5-VL/pope/base/analysis/coco_POPE_random/169.pt
1665,1665,coco_POPE_random,coco_POPE_random,1,0,"Yes,",yes,1.734375,0.7348090277777778,11.9375,4.851552019465027,28,1,/mnt/data/ssz/mr/results/Qwen2.5-VL/pope/base/analysis/coco_POPE_random/1665.pt
2419,2419,coco_POPE_random,coco_POPE_random,1,0,"Yes,",yes,1.7421875,0.7553530092592593,11.9375,4.862833209934063,28,1,/mnt/data/ssz/mr/results/Qwen2.5-VL/pope/base/analysis/coco_POPE_random/2419.pt
919,919,coco_POPE_random,coco_POPE_random,1,0,"Yes,",yes,1.703125,0.7450810185185185,11.9375,5.001754268905273,28,1,/mnt/data/ssz/mr/results/Qwen2.5-VL/pope/base/analysis/coco_POPE_random/919.pt
170,170,coco_POPE_random,coco_POPE_random,1,0,"No,",no,1.703125,0.7426215277777778,11.9375,5.269472761184732,28,1,/mnt/data/ssz/mr/results/Qwen2.5-VL/pope/base/analysis/coco_POPE_random/170.pt
1666,1666,coco_POPE_random,coco_POPE_random,1,0,"No,",no,1.734375,0.7348090277777778,11.9375,5.3558648070065065,28,1,/mnt/data/ssz/mr/results/Qwen2.5-VL/pope/base/analysis/coco_POPE_random/1666.pt
2420,2420,coco_POPE_random,coco_POPE_random,1,0,"No,",no,1.7421875,0.7553530092592593,11.9375,5.3708789712977305,28,1,/mnt/data/ssz/mr/results/Qwen2.5-VL/pope/base/analysis/coco_POPE_random/2420.pt
171,171,coco_POPE_random,coco_POPE_random,0,1,"No,",yes,1.703125,0.7426215277777778,11.9375,5.211755445981344,28,1,/mnt/data/ssz/mr/results/Qwen2.5-VL/pope/base/analysis/coco_POPE_random/171.pt
920,920,coco_POPE_random,coco_POPE_random,1,0,"No,",no,1.703125,0.7450810185185185,11.9375,5.4579322289685255,28,1,/mnt/data/ssz/mr/results/Qwen2.5-VL/pope/base/analysis/coco_POPE_random/920.pt
1667,1667,coco_POPE_random,coco_POPE_random,1,0,"Yes,",yes,1.734375,0.7348090277777778,11.9375,4.7870802619737445,28,1,/mnt/data/ssz/mr/results/Qwen2.5-VL/pope/base/analysis/coco_POPE_random/1667.pt
2421,2421,coco_POPE_random,coco_POPE_random,1,0,"Yes,",yes,1.7421875,0.7553530092592593,11.9375,5.016437614899012,28,1,/mnt/data/ssz/mr/results/Qwen2.5-VL/pope/base/analysis/coco_POPE_random/2421.pt
172,172,coco_POPE_random,coco_POPE_random,1,0,"No,",no,1.703125,0.7426215277777778,11.9375,5.2159101346764665,28,1,/mnt/data/ssz/mr/results/Qwen2.5-VL/pope/base/analysis/coco_POPE_random/172.pt
921,921,coco_POPE_random,coco_POPE_random,1,0,"Yes,",yes,1.703125,0.7450810185185185,11.9375,5.015514222233033,28,1,/mnt/data/ssz/mr/results/Qwen2.5-VL/pope/base/analysis/coco_POPE_random/921.pt
1668,1668,coco_POPE_random,coco_POPE_random,1,0,"No,",no,1.734375,0.7348090277777778,11.9375,5.2515130373014545,28,1,/mnt/data/ssz/mr/results/Qwen2.5-VL/pope/base/analysis/coco_POPE_random/1668.pt
2422,2422,coco_POPE_random,coco_POPE_random,1,0,"No,",no,1.7421875,0.7553530092592593,11.9375,5.458850705491606,28,1,/mnt/data/ssz/mr/results/Qwen2.5-VL/pope/base/analysis/coco_POPE_random/2422.pt
173,173,coco_POPE_random,coco_POPE_random,1,0,"Yes,",yes,1.703125,0.7426215277777778,11.9375,4.819572287910781,28,1,/mnt/data/ssz/mr/results/Qwen2.5-VL/pope/base/analysis/coco_POPE_random/173.pt
922,922,coco_POPE_random,coco_POPE_random,1,0,"No,",no,1.703125,0.7450810185185185,11.9375,5.4526115812483935,28,1,/mnt/data/ssz/mr/results/Qwen2.5-VL/pope/base/analysis/coco_POPE_random/922.pt
1669,1669,coco_POPE_random,coco_POPE_random,1,0,"Yes,",yes,1.71875,0.7473958333333334,11.9375,4.825405582520725,28,1,/mnt/data/ssz/mr/results/Qwen2.5-VL/pope/base/analysis/coco_POPE_random/1669.pt
2423,2423,coco_POPE_random,coco_POPE_random,1,0,"Yes,",yes,1.7421875,0.7553530092592593,11.9375,4.87637134718891,28,1,/mnt/data/ssz/mr/results/Qwen2.5-VL/pope/base/analysis/coco_POPE_random/2423.pt
174,174,coco_POPE_random,coco_POPE_random,1,0,"No,",no,1.703125,0.7426215277777778,11.9375,5.188335126215078,28,1,/mnt/data/ssz/mr/results/Qwen2.5-VL/pope/base/analysis/coco_POPE_random/174.pt
923,923,coco_POPE_random,coco_POPE_random,0,1,"No,",yes,1.703125,0.7450810185185185,11.9375,5.514414486590575,28,1,/mnt/data/ssz/mr/results/Qwen2.5-VL/pope/base/analysis/coco_POPE_random/923.pt
1670,1670,coco_POPE_random,coco_POPE_random,1,0,"No,",no,1.71875,0.7473958333333334,11.9375,5.340573091217487,28,1,/mnt/data/ssz/mr/results/Qwen2.5-VL/pope/base/analysis/coco_POPE_random/1670.pt
2424,2424,coco_POPE_random,coco_POPE_random,1,0,"No,",no,1.7421875,0.7553530092592593,11.9375,5.255437048234634,28,1,/mnt/data/ssz/mr/results/Qwen2.5-VL/pope/base/analysis/coco_POPE_random/2424.pt
175,175,coco_POPE_random,coco_POPE_random,1,0,"Yes,",yes,1.703125,0.7390046296296297,11.9375,4.876129556789747,28,1,/mnt/data/ssz/mr/results/Qwen2.5-VL/pope/base/analysis/coco_POPE_random/175.pt
924,924,coco_POPE_random,coco_POPE_random,1,0,"No,",no,1.703125,0.7450810185185185,11.9375,5.477629521582677,28,1,/mnt/data/ssz/mr/results/Qwen2.5-VL/pope/base/analysis/coco_POPE_random/924.pt
1671,1671,coco_POPE_random,coco_POPE_random,1,0,"Yes,",yes,1.71875,0.7473958333333334,11.9375,4.898592442818293,28,1,/mnt/data/ssz/mr/results/Qwen2.5-VL/pope/base/analysis/coco_POPE_random/1671.pt
2425,2425,coco_POPE_random,coco_POPE_random,1,0,"Yes,",yes,1.71875,0.7232349537037037,11.9375,4.862078619855062,28,1,/mnt/data/ssz/mr/results/Qwen2.5-VL/pope/base/analysis/coco_POPE_random/2425.pt
176,176,coco_POPE_random,coco_POPE_random,1,0,"No,",no,1.703125,0.7390046296296297,11.9375,5.331014299082826,28,1,/mnt/data/ssz/mr/results/Qwen2.5-VL/pope/base/analysis/coco_POPE_random/176.pt
925,925,coco_POPE_random,coco_POPE_random,1,0,"Yes,",yes,1.7109375,0.7541956018518519,11.9375,4.7967142630693065,28,1,/mnt/data/ssz/mr/results/Qwen2.5-VL/pope/base/analysis/coco_POPE_random/925.pt
1672,1672,coco_POPE_random,coco_POPE_random,1,0,"No,",no,1.71875,0.7473958333333334,11.9375,5.2720580711903215,28,1,/mnt/data/ssz/mr/results/Qwen2.5-VL/pope/base/analysis/coco_POPE_random/1672.pt
2426,2426,coco_POPE_random,coco_POPE_random,1,0,"No,",no,1.71875,0.7232349537037037,11.9375,5.311801745254343,28,1,/mnt/data/ssz/mr/results/Qwen2.5-VL/pope/base/analysis/coco_POPE_random/2426.pt
177,177,coco_POPE_random,coco_POPE_random,0,1,"No,",yes,1.703125,0.7390046296296297,11.9375,5.331992234970477,28,1,/mnt/data/ssz/mr/results/Qwen2.5-VL/pope/base/analysis/coco_POPE_random/177.pt
926,926,coco_POPE_random,coco_POPE_random,1,0,"No,",no,1.7109375,0.7541956018518519,11.9375,5.352729567907051,28,1,/mnt/data/ssz/mr/results/Qwen2.5-VL/pope/base/analysis/coco_POPE_random/926.pt
1673,1673,coco_POPE_random,coco_POPE_random,0,1,"No,",yes,1.71875,0.7473958333333334,11.9375,5.3565178894970265,28,1,/mnt/data/ssz/mr/results/Qwen2.5-VL/pope/base/analysis/coco_POPE_random/1673.pt
2427,2427,coco_POPE_random,coco_POPE_random,1,0,"Yes,",yes,1.71875,0.7232349537037037,11.9375,4.811365916927979,28,1,/mnt/data/ssz/mr/results/Qwen2.5-VL/pope/base/analysis/coco_POPE_random/2427.pt
178,178,coco_POPE_random,coco_POPE_random,1,0,"No,",no,1.703125,0.7390046296296297,11.9375,5.271561566035137,28,1,/mnt/data/ssz/mr/results/Qwen2.5-VL/pope/base/analysis/coco_POPE_random/178.pt
927,927,coco_POPE_random,coco_POPE_random,0,1,"No,",yes,1.7109375,0.7541956018518519,11.9375,5.361474861812777,28,1,/mnt/data/ssz/mr/results/Qwen2.5-VL/pope/base/analysis/coco_POPE_random/927.pt
1674,1674,coco_POPE_random,coco_POPE_random,1,0,"No,",no,1.71875,0.7473958333333334,11.9375,5.334467883784752,28,1,/mnt/data/ssz/mr/results/Qwen2.5-VL/pope/base/analysis/coco_POPE_random/1674.pt
2428,2428,coco_POPE_random,coco_POPE_random,1,0,"No,",no,1.71875,0.7232349537037037,11.9375,5.220549958739553,28,1,/mnt/data/ssz/mr/results/Qwen2.5-VL/pope/base/analysis/coco_POPE_random/2428.pt
179,179,coco_POPE_random,coco_POPE_random,0,1,"No,",yes,1.703125,0.7390046296296297,11.9375,5.270801295312313,28,1,/mnt/data/ssz/mr/results/Qwen2.5-VL/pope/base/analysis/coco_POPE_random/179.pt
928,928,coco_POPE_random,coco_POPE_random,1,0,"No,",no,1.7109375,0.7541956018518519,11.9375,5.336355881180397,28,1,/mnt/data/ssz/mr/results/Qwen2.5-VL/pope/base/analysis/coco_POPE_random/928.pt
1675,1675,coco_POPE_random,coco_POPE_random,1,0,"Yes,",yes,1.71875,0.7546296296296297,11.9375,4.724791608227001,28,1,/mnt/data/ssz/mr/results/Qwen2.5-VL/pope/base/analysis/coco_POPE_random/1675.pt
180,180,coco_POPE_random,coco_POPE_random,1,0,"No,",no,1.703125,0.7390046296296297,11.9375,5.284239251613552,28,1,/mnt/data/ssz/mr/results/Qwen2.5-VL/pope/base/analysis/coco_POPE_random/180.pt
929,929,coco_POPE_random,coco_POPE_random,1,0,"Yes,",yes,1.7109375,0.7541956018518519,11.9375,4.916437794904438,28,1,/mnt/data/ssz/mr/results/Qwen2.5-VL/pope/base/analysis/coco_POPE_random/929.pt
2429,2429,coco_POPE_random,coco_POPE_random,0,1,"No,",yes,1.71875,0.7232349537037037,11.9375,5.2211641141641,28,1,/mnt/data/ssz/mr/results/Qwen2.5-VL/pope/base/analysis/coco_POPE_random/2429.pt
1676,1676,coco_POPE_random,coco_POPE_random,1,0,"No,",no,1.71875,0.7546296296296297,11.9375,5.363395963031258,28,1,/mnt/data/ssz/mr/results/Qwen2.5-VL/pope/base/analysis/coco_POPE_random/1676.pt
181,181,coco_POPE_random,coco_POPE_random,1,0,"Yes,",yes,1.71875,0.7388599537037037,11.9375,4.941478997378641,28,1,/mnt/data/ssz/mr/results/Qwen2.5-VL/pope/base/analysis/coco_POPE_random/181.pt
1677,1677,coco_POPE_random,coco_POPE_random,0,1,"No,",yes,1.71875,0.7546296296296297,11.9375,5.268497439656332,28,1,/mnt/data/ssz/mr/results/Qwen2.5-VL/pope/base/analysis/coco_POPE_random/1677.pt
930,930,coco_POPE_random,coco_POPE_random,1,0,"No,",no,1.7109375,0.7541956018518519,11.9375,5.309839635064613,28,1,/mnt/data/ssz/mr/results/Qwen2.5-VL/pope/base/analysis/coco_POPE_random/930.pt
2430,2430,coco_POPE_random,coco_POPE_random,1,0,"No,",no,1.71875,0.7232349537037037,11.9375,5.281740468698633,28,1,/mnt/data/ssz/mr/results/Qwen2.5-VL/pope/base/analysis/coco_POPE_random/2430.pt
182,182,coco_POPE_random,coco_POPE_random,1,0,"No,",no,1.71875,0.7388599537037037,11.9375,5.306247821732292,28,1,/mnt/data/ssz/mr/results/Qwen2.5-VL/pope/base/analysis/coco_POPE_random/182.pt
1678,1678,coco_POPE_random,coco_POPE_random,1,0,"No,",no,1.71875,0.7546296296296297,11.9375,5.40243848136542,28,1,/mnt/data/ssz/mr/results/Qwen2.5-VL/pope/base/analysis/coco_POPE_random/1678.pt
931,931,coco_POPE_random,coco_POPE_random,1,0,"Yes,",yes,1.71875,0.7423321759259259,11.9375,4.690309031832057,28,1,/mnt/data/ssz/mr/results/Qwen2.5-VL/pope/base/analysis/coco_POPE_random/931.pt
2431,2431,coco_POPE_random,coco_POPE_random,1,0,"Yes,",yes,1.734375,0.734375,11.9375,5.0284483558674085,28,1,/mnt/data/ssz/mr/results/Qwen2.5-VL/pope/base/analysis/coco_POPE_random/2431.pt
183,183,coco_POPE_random,coco_POPE_random,1,0,"Yes,",yes,1.71875,0.7388599537037037,11.9375,4.836600337605432,28,1,/mnt/data/ssz/mr/results/Qwen2.5-VL/pope/base/analysis/coco_POPE_random/183.pt
1679,1679,coco_POPE_random,coco_POPE_random,0,1,"No,",yes,1.71875,0.7546296296296297,11.9375,5.3780004638031444,28,1,/mnt/data/ssz/mr/results/Qwen2.5-VL/pope/base/analysis/coco_POPE_random/1679.pt
2432,2432,coco_POPE_random,coco_POPE_random,1,0,"No,",no,1.734375,0.734375,11.9375,5.449524752006891,28,1,/mnt/data/ssz/mr/results/Qwen2.5-VL/pope/base/analysis/coco_POPE_random/2432.pt
932,932,coco_POPE_random,coco_POPE_random,1,0,"No,",no,1.71875,0.7423321759259259,11.9375,5.257191665651809,28,1,/mnt/data/ssz/mr/results/Qwen2.5-VL/pope/base/analysis/coco_POPE_random/932.pt
184,184,coco_POPE_random,coco_POPE_random,1,0,"No,",no,1.71875,0.7388599537037037,11.9375,5.307935452187629,28,1,/mnt/data/ssz/mr/results/Qwen2.5-VL/pope/base/analysis/coco_POPE_random/184.pt
1680,1680,coco_POPE_random,coco_POPE_random,1,0,"No,",no,1.71875,0.7546296296296297,11.9375,5.34021153752391,28,1,/mnt/data/ssz/mr/results/Qwen2.5-VL/pope/base/analysis/coco_POPE_random/1680.pt
2433,2433,coco_POPE_random,coco_POPE_random,1,0,"Yes,",yes,1.734375,0.734375,11.9375,4.8366363308440645,28,1,/mnt/data/ssz/mr/results/Qwen2.5-VL/pope/base/analysis/coco_POPE_random/2433.pt
933,933,coco_POPE_random,coco_POPE_random,1,0,"Yes,",yes,1.71875,0.7423321759259259,11.9375,4.827572426319782,28,1,/mnt/data/ssz/mr/results/Qwen2.5-VL/pope/base/analysis/coco_POPE_random/933.pt
185,185,coco_POPE_random,coco_POPE_random,1,0,"Yes,",yes,1.71875,0.7388599537037037,11.9375,4.687611359118131,28,1,/mnt/data/ssz/mr/results/Qwen2.5-VL/pope/base/analysis/coco_POPE_random/185.pt
1681,1681,coco_POPE_random,coco_POPE_random,1,0,"Yes,",yes,1.7265625,0.7398726851851852,11.9375,4.728121892624916,28,1,/mnt/data/ssz/mr/results/Qwen2.5-VL/pope/base/analysis/coco_POPE_random/1681.pt
2434,2434,coco_POPE_random,coco_POPE_random,1,0,"No,",no,1.734375,0.734375,11.9375,5.328321691856751,28,1,/mnt/data/ssz/mr/results/Qwen2.5-VL/pope/base/analysis/coco_POPE_random/2434.pt
934,934,coco_POPE_random,coco_POPE_random,1,0,"No,",no,1.71875,0.7423321759259259,11.9375,5.28772137916427,28,1,/mnt/data/ssz/mr/results/Qwen2.5-VL/pope/base/analysis/coco_POPE_random/934.pt
1682,1682,coco_POPE_random,coco_POPE_random,1,0,"No,",no,1.7265625,0.7398726851851852,11.9375,5.319410757591084,28,1,/mnt/data/ssz/mr/results/Qwen2.5-VL/pope/base/analysis/coco_POPE_random/1682.pt
186,186,coco_POPE_random,coco_POPE_random,1,0,"No,",no,1.71875,0.7388599537037037,11.9375,5.316224939340396,28,1,/mnt/data/ssz/mr/results/Qwen2.5-VL/pope/base/analysis/coco_POPE_random/186.pt
2435,2435,coco_POPE_random,coco_POPE_random,1,0,"Yes,",yes,1.734375,0.734375,11.9375,4.893595433346416,28,1,/mnt/data/ssz/mr/results/Qwen2.5-VL/pope/base/analysis/coco_POPE_random/2435.pt
935,935,coco_POPE_random,coco_POPE_random,0,1,"No,",yes,1.71875,0.7423321759259259,11.9375,5.237591654015354,28,1,/mnt/data/ssz/mr/results/Qwen2.5-VL/pope/base/analysis/coco_POPE_random/935.pt
1683,1683,coco_POPE_random,coco_POPE_random,1,0,"Yes,",yes,1.7265625,0.7398726851851852,11.9375,4.7787877074403236,28,1,/mnt/data/ssz/mr/results/Qwen2.5-VL/pope/base/analysis/coco_POPE_random/1683.pt
187,187,coco_POPE_random,coco_POPE_random,1,0,"Yes,",yes,1.71875,0.7682291666666666,11.9375,4.939017175263258,28,1,/mnt/data/ssz/mr/results/Qwen2.5-VL/pope/base/analysis/coco_POPE_random/187.pt
2436,2436,coco_POPE_random,coco_POPE_random,1,0,"No,",no,1.734375,0.734375,11.9375,5.400981981525516,28,1,/mnt/data/ssz/mr/results/Qwen2.5-VL/pope/base/analysis/coco_POPE_random/2436.pt
936,936,coco_POPE_random,coco_POPE_random,1,0,"No,",no,1.71875,0.7423321759259259,11.9375,5.182553229097791,28,1,/mnt/data/ssz/mr/results/Qwen2.5-VL/pope/base/analysis/coco_POPE_random/936.pt
188,188,coco_POPE_random,coco_POPE_random,1,0,"No,",no,1.71875,0.7682291666666666,11.9375,5.202739339615275,28,1,/mnt/data/ssz/mr/results/Qwen2.5-VL/pope/base/analysis/coco_POPE_random/188.pt
1684,1684,coco_POPE_random,coco_POPE_random,1,0,"No,",no,1.7265625,0.7398726851851852,11.9375,5.24651095411549,28,1,/mnt/data/ssz/mr/results/Qwen2.5-VL/pope/base/analysis/coco_POPE_random/1684.pt
2437,2437,coco_POPE_random,coco_POPE_random,1,0,"Yes,",yes,1.7421875,0.7479745370370371,11.9375,4.798496006305941,28,1,/mnt/data/ssz/mr/results/Qwen2.5-VL/pope/base/analysis/coco_POPE_random/2437.pt
937,937,coco_POPE_random,coco_POPE_random,1,0,"Yes,",yes,1.734375,0.7387152777777778,11.9375,4.844836392732885,28,1,/mnt/data/ssz/mr/results/Qwen2.5-VL/pope/base/analysis/coco_POPE_random/937.pt
189,189,coco_POPE_random,coco_POPE_random,1,0,"Yes,",yes,1.71875,0.7682291666666666,11.9375,4.852045642214338,28,1,/mnt/data/ssz/mr/results/Qwen2.5-VL/pope/base/analysis/coco_POPE_random/189.pt
1685,1685,coco_POPE_random,coco_POPE_random,1,0,"Yes,",yes,1.7265625,0.7398726851851852,11.9375,4.861626092776721,28,1,/mnt/data/ssz/mr/results/Qwen2.5-VL/pope/base/analysis/coco_POPE_random/1685.pt
2438,2438,coco_POPE_random,coco_POPE_random,1,0,"No,",no,1.7421875,0.7479745370370371,11.9375,5.317298639357972,28,1,/mnt/data/ssz/mr/results/Qwen2.5-VL/pope/base/analysis/coco_POPE_random/2438.pt
938,938,coco_POPE_random,coco_POPE_random,1,0,"No,",no,1.734375,0.7387152777777778,11.9375,5.321475290442714,28,1,/mnt/data/ssz/mr/results/Qwen2.5-VL/pope/base/analysis/coco_POPE_random/938.pt
190,190,coco_POPE_random,coco_POPE_random,1,0,"No,",no,1.71875,0.7682291666666666,11.9375,5.272015646945686,28,1,/mnt/data/ssz/mr/results/Qwen2.5-VL/pope/base/analysis/coco_POPE_random/190.pt
1686,1686,coco_POPE_random,coco_POPE_random,1,0,"No,",no,1.7265625,0.7398726851851852,11.9375,5.170734100259049,28,1,/mnt/data/ssz/mr/results/Qwen2.5-VL/pope/base/analysis/coco_POPE_random/1686.pt
191,191,coco_POPE_random,coco_POPE_random,1,0,"Yes,",yes,1.71875,0.7682291666666666,11.9375,4.718429881388901,28,1,/mnt/data/ssz/mr/results/Qwen2.5-VL/pope/base/analysis/coco_POPE_random/191.pt
2439,2439,coco_POPE_random,coco_POPE_random,1,0,"Yes,",yes,1.7421875,0.7479745370370371,11.9375,4.897614408583507,28,1,/mnt/data/ssz/mr/results/Qwen2.5-VL/pope/base/analysis/coco_POPE_random/2439.pt
939,939,coco_POPE_random,coco_POPE_random,0,1,"No,",yes,1.734375,0.7387152777777778,11.9375,5.4763960353106915,28,1,/mnt/data/ssz/mr/results/Qwen2.5-VL/pope/base/analysis/coco_POPE_random/939.pt
1687,1687,coco_POPE_random,coco_POPE_random,0,1,"No,",yes,1.7421875,0.7359664351851852,11.9375,5.289775242094163,28,1,/mnt/data/ssz/mr/results/Qwen2.5-VL/pope/base/analysis/coco_POPE_random/1687.pt
192,192,coco_POPE_random,coco_POPE_random,1,0,"No,",no,1.71875,0.7682291666666666,11.9375,5.369781683426826,28,1,/mnt/data/ssz/mr/results/Qwen2.5-VL/pope/base/analysis/coco_POPE_random/192.pt
2440,2440,coco_POPE_random,coco_POPE_random,1,0,"No,",no,1.7421875,0.7479745370370371,11.9375,5.342080504320872,28,1,/mnt/data/ssz/mr/results/Qwen2.5-VL/pope/base/analysis/coco_POPE_random/2440.pt
940,940,coco_POPE_random,coco_POPE_random,1,0,"No,",no,1.734375,0.7387152777777778,11.9375,5.349940174420132,28,1,/mnt/data/ssz/mr/results/Qwen2.5-VL/pope/base/analysis/coco_POPE_random/940.pt
1688,1688,coco_POPE_random,coco_POPE_random,1,0,"No,",no,1.7421875,0.7359664351851852,11.9375,5.308698203750133,28,1,/mnt/data/ssz/mr/results/Qwen2.5-VL/pope/base/analysis/coco_POPE_random/1688.pt
193,193,coco_POPE_random,coco_POPE_random,1,0,"Yes,",yes,1.640625,0.7569444444444444,11.9375,4.791546699025339,28,1,/mnt/data/ssz/mr/results/Qwen2.5-VL/pope/base/analysis/coco_POPE_random/193.pt
2441,2441,coco_POPE_random,coco_POPE_random,1,0,"Yes,",yes,1.7421875,0.7479745370370371,11.9375,4.84773529690908,28,1,/mnt/data/ssz/mr/results/Qwen2.5-VL/pope/base/analysis/coco_POPE_random/2441.pt
941,941,coco_POPE_random,coco_POPE_random,1,0,"Yes,",yes,1.734375,0.7387152777777778,11.9375,4.87650203090247,28,1,/mnt/data/ssz/mr/results/Qwen2.5-VL/pope/base/analysis/coco_POPE_random/941.pt
194,194,coco_POPE_random,coco_POPE_random,1,0,"No,",no,1.640625,0.7569444444444444,11.9375,5.270581328260333,28,1,/mnt/data/ssz/mr/results/Qwen2.5-VL/pope/base/analysis/coco_POPE_random/194.pt
1689,1689,coco_POPE_random,coco_POPE_random,1,0,"Yes,",yes,1.7421875,0.7359664351851852,11.9375,4.927586547723296,28,1,/mnt/data/ssz/mr/results/Qwen2.5-VL/pope/base/analysis/coco_POPE_random/1689.pt
2442,2442,coco_POPE_random,coco_POPE_random,1,0,"No,",no,1.7421875,0.7479745370370371,11.9375,5.291219040312516,28,1,/mnt/data/ssz/mr/results/Qwen2.5-VL/pope/base/analysis/coco_POPE_random/2442.pt
942,942,coco_POPE_random,coco_POPE_random,1,0,"No,",no,1.734375,0.7387152777777778,11.9375,5.258001118596878,28,1,/mnt/data/ssz/mr/results/Qwen2.5-VL/pope/base/analysis/coco_POPE_random/942.pt
195,195,coco_POPE_random,coco_POPE_random,0,1,"No,",yes,1.640625,0.7569444444444444,11.9375,5.272866210615984,28,1,/mnt/data/ssz/mr/results/Qwen2.5-VL/pope/base/analysis/coco_POPE_random/195.pt
1690,1690,coco_POPE_random,coco_POPE_random,1,0,"No,",no,1.7421875,0.7359664351851852,11.9375,5.296174965789446,28,1,/mnt/data/ssz/mr/results/Qwen2.5-VL/pope/base/analysis/coco_POPE_random/1690.pt
196,196,coco_POPE_random,coco_POPE_random,1,0,"No,",no,1.640625,0.7569444444444444,11.9375,5.2124509862195705,28,1,/mnt/data/ssz/mr/results/Qwen2.5-VL/pope/base/analysis/coco_POPE_random/196.pt
2443,2443,coco_POPE_random,coco_POPE_random,0,1,"No,",yes,1.7109375,0.7326388888888888,11.9375,5.429732464147594,28,1,/mnt/data/ssz/mr/results/Qwen2.5-VL/pope/base/analysis/coco_POPE_random/2443.pt
943,943,coco_POPE_random,coco_POPE_random,0,1,"No,",yes,1.703125,0.7335069444444444,11.9375,5.515619170022046,28,1,/mnt/data/ssz/mr/results/Qwen2.5-VL/pope/base/analysis/coco_POPE_random/943.pt
1691,1691,coco_POPE_random,coco_POPE_random,1,0,"Yes,",yes,1.7421875,0.7359664351851852,11.9375,4.865540358603274,28,1,/mnt/data/ssz/mr/results/Qwen2.5-VL/pope/base/analysis/coco_POPE_random/1691.pt
197,197,coco_POPE_random,coco_POPE_random,0,1,"No,",yes,1.640625,0.7569444444444444,11.9375,5.294754752380461,28,1,/mnt/data/ssz/mr/results/Qwen2.5-VL/pope/base/analysis/coco_POPE_random/197.pt
2444,2444,coco_POPE_random,coco_POPE_random,1,0,"No,",no,1.7109375,0.7326388888888888,11.9375,5.297094485022487,28,1,/mnt/data/ssz/mr/results/Qwen2.5-VL/pope/base/analysis/coco_POPE_random/2444.pt
944,944,coco_POPE_random,coco_POPE_random,1,0,"No,",no,1.703125,0.7335069444444444,11.9375,5.379759221167801,28,1,/mnt/data/ssz/mr/results/Qwen2.5-VL/pope/base/analysis/coco_POPE_random/944.pt
1692,1692,coco_POPE_random,coco_POPE_random,1,0,"No,",no,1.7421875,0.7359664351851852,11.9375,5.298110381829059,28,1,/mnt/data/ssz/mr/results/Qwen2.5-VL/pope/base/analysis/coco_POPE_random/1692.pt
198,198,coco_POPE_random,coco_POPE_random,1,0,"No,",no,1.640625,0.7569444444444444,11.9375,5.1972349031040155,28,1,/mnt/data/ssz/mr/results/Qwen2.5-VL/pope/base/analysis/coco_POPE_random/198.pt
2445,2445,coco_POPE_random,coco_POPE_random,1,0,"Yes,",yes,1.7109375,0.7326388888888888,11.9375,4.715053198107806,28,1,/mnt/data/ssz/mr/results/Qwen2.5-VL/pope/base/analysis/coco_POPE_random/2445.pt
945,945,coco_POPE_random,coco_POPE_random,0,1,"No,",yes,1.703125,0.7335069444444444,11.9375,5.417105434787588,28,1,/mnt/data/ssz/mr/results/Qwen2.5-VL/pope/base/analysis/coco_POPE_random/945.pt
1693,1693,coco_POPE_random,coco_POPE_random,1,0,"Yes,",yes,1.734375,0.7423321759259259,11.9375,4.823453034081644,28,1,/mnt/data/ssz/mr/results/Qwen2.5-VL/pope/base/analysis/coco_POPE_random/1693.pt
199,199,coco_POPE_random,coco_POPE_random,0,1,"No,",yes,1.6953125,0.7379918981481481,11.9375,5.262508858629536,28,1,/mnt/data/ssz/mr/results/Qwen2.5-VL/pope/base/analysis/coco_POPE_random/199.pt
2446,2446,coco_POPE_random,coco_POPE_random,1,0,"No,",no,1.7109375,0.7326388888888888,11.9375,5.2899324014856735,28,1,/mnt/data/ssz/mr/results/Qwen2.5-VL/pope/base/analysis/coco_POPE_random/2446.pt
1694,1694,coco_POPE_random,coco_POPE_random,1,0,"No,",no,1.734375,0.7423321759259259,11.9375,5.2895993940915655,28,1,/mnt/data/ssz/mr/results/Qwen2.5-VL/pope/base/analysis/coco_POPE_random/1694.pt
946,946,coco_POPE_random,coco_POPE_random,1,0,"No,",no,1.703125,0.7335069444444444,11.9375,5.513240744819433,28,1,/mnt/data/ssz/mr/results/Qwen2.5-VL/pope/base/analysis/coco_POPE_random/946.pt
200,200,coco_POPE_random,coco_POPE_random,1,0,"No,",no,1.6953125,0.7379918981481481,11.9375,5.338773355756186,28,1,/mnt/data/ssz/mr/results/Qwen2.5-VL/pope/base/analysis/coco_POPE_random/200.pt
2447,2447,coco_POPE_random,coco_POPE_random,1,0,"Yes,",yes,1.7109375,0.7326388888888888,11.9375,4.78195770637932,28,1,/mnt/data/ssz/mr/results/Qwen2.5-VL/pope/base/analysis/coco_POPE_random/2447.pt
1695,1695,coco_POPE_random,coco_POPE_random,1,0,"Yes,",yes,1.734375,0.7423321759259259,11.9375,4.965487468795031,28,1,/mnt/data/ssz/mr/results/Qwen2.5-VL/pope/base/analysis/coco_POPE_random/1695.pt
947,947,coco_POPE_random,coco_POPE_random,1,0,"Yes,",yes,1.703125,0.7335069444444444,11.9375,4.880266632650908,28,1,/mnt/data/ssz/mr/results/Qwen2.5-VL/pope/base/analysis/coco_POPE_random/947.pt
201,201,coco_POPE_random,coco_POPE_random,1,0,"Yes,",yes,1.6953125,0.7379918981481481,11.9375,4.893807797781658,28,1,/mnt/data/ssz/mr/results/Qwen2.5-VL/pope/base/analysis/coco_POPE_random/201.pt
2448,2448,coco_POPE_random,coco_POPE_random,1,0,"No,",no,1.7109375,0.7326388888888888,11.9375,5.201394069088376,28,1,/mnt/data/ssz/mr/results/Qwen2.5-VL/pope/base/analysis/coco_POPE_random/2448.pt
1696,1696,coco_POPE_random,coco_POPE_random,1,0,"No,",no,1.734375,0.7423321759259259,11.9375,5.314217720281987,28,1,/mnt/data/ssz/mr/results/Qwen2.5-VL/pope/base/analysis/coco_POPE_random/1696.pt
948,948,coco_POPE_random,coco_POPE_random,1,0,"No,",no,1.703125,0.7335069444444444,11.9375,5.416991358420624,28,1,/mnt/data/ssz/mr/results/Qwen2.5-VL/pope/base/analysis/coco_POPE_random/948.pt
202,202,coco_POPE_random,coco_POPE_random,1,0,"No,",no,1.6953125,0.7379918981481481,11.9375,5.347237283699761,28,1,/mnt/data/ssz/mr/results/Qwen2.5-VL/pope/base/analysis/coco_POPE_random/202.pt
2449,2449,coco_POPE_random,coco_POPE_random,0,1,"No,",yes,1.71875,0.7090567129629629,11.9375,5.278828830760053,28,1,/mnt/data/ssz/mr/results/Qwen2.5-VL/pope/base/analysis/coco_POPE_random/2449.pt
1697,1697,coco_POPE_random,coco_POPE_random,0,1,"No,",yes,1.734375,0.7423321759259259,11.9375,5.3240738216239105,28,1,/mnt/data/ssz/mr/results/Qwen2.5-VL/pope/base/analysis/coco_POPE_random/1697.pt
949,949,coco_POPE_random,coco_POPE_random,1,0,"Yes,",yes,1.703125,0.7514467592592593,11.9375,4.999032369410372,28,1,/mnt/data/ssz/mr/results/Qwen2.5-VL/pope/base/analysis/coco_POPE_random/949.pt
203,203,coco_POPE_random,coco_POPE_random,0,1,"No,",yes,1.6953125,0.7379918981481481,11.9375,5.283513883521713,28,1,/mnt/data/ssz/mr/results/Qwen2.5-VL/pope/base/analysis/coco_POPE_random/203.pt
1698,1698,coco_POPE_random,coco_POPE_random,1,0,"No,",no,1.734375,0.7423321759259259,11.9375,5.259460723257422,28,1,/mnt/data/ssz/mr/results/Qwen2.5-VL/pope/base/analysis/coco_POPE_random/1698.pt
2450,2450,coco_POPE_random,coco_POPE_random,1,0,"No,",no,1.71875,0.7090567129629629,11.9375,5.277786711786107,28,1,/mnt/data/ssz/mr/results/Qwen2.5-VL/pope/base/analysis/coco_POPE_random/2450.pt
950,950,coco_POPE_random,coco_POPE_random,1,0,"No,",no,1.703125,0.7514467592592593,11.9375,5.440866853814003,28,1,/mnt/data/ssz/mr/results/Qwen2.5-VL/pope/base/analysis/coco_POPE_random/950.pt
204,204,coco_POPE_random,coco_POPE_random,1,0,"No,",no,1.6953125,0.7379918981481481,11.9375,5.2684060134156585,28,1,/mnt/data/ssz/mr/results/Qwen2.5-VL/pope/base/analysis/coco_POPE_random/204.pt
1699,1699,coco_POPE_random,coco_POPE_random,1,0,"Yes,",yes,1.734375,0.7264178240740741,11.9375,4.820679796744224,28,1,/mnt/data/ssz/mr/results/Qwen2.5-VL/pope/base/analysis/coco_POPE_random/1699.pt
205,205,coco_POPE_random,coco_POPE_random,1,0,"Yes,",yes,1.75,0.7358217592592593,11.9375,4.847080345938364,28,1,/mnt/data/ssz/mr/results/Qwen2.5-VL/pope/base/analysis/coco_POPE_random/205.pt
2451,2451,coco_POPE_random,coco_POPE_random,1,0,"Yes,",yes,1.71875,0.7090567129629629,11.9375,4.745422599068568,28,1,/mnt/data/ssz/mr/results/Qwen2.5-VL/pope/base/analysis/coco_POPE_random/2451.pt
951,951,coco_POPE_random,coco_POPE_random,0,1,"No,",yes,1.703125,0.7514467592592593,11.9375,5.40680744497966,28,1,/mnt/data/ssz/mr/results/Qwen2.5-VL/pope/base/analysis/coco_POPE_random/951.pt
206,206,coco_POPE_random,coco_POPE_random,1,0,"No,",no,1.75,0.7358217592592593,11.9375,5.218979087891684,28,1,/mnt/data/ssz/mr/results/Qwen2.5-VL/pope/base/analysis/coco_POPE_random/206.pt
1700,1700,coco_POPE_random,coco_POPE_random,1,0,"No,",no,1.734375,0.7264178240740741,11.9375,5.356177343171395,28,1,/mnt/data/ssz/mr/results/Qwen2.5-VL/pope/base/analysis/coco_POPE_random/1700.pt
952,952,coco_POPE_random,coco_POPE_random,1,0,"No,",no,1.703125,0.7514467592592593,11.9375,5.445279145165716,28,1,/mnt/data/ssz/mr/results/Qwen2.5-VL/pope/base/analysis/coco_POPE_random/952.pt
2452,2452,coco_POPE_random,coco_POPE_random,1,0,"No,",no,1.71875,0.7090567129629629,11.9375,5.336231884803997,28,1,/mnt/data/ssz/mr/results/Qwen2.5-VL/pope/base/analysis/coco_POPE_random/2452.pt
207,207,coco_POPE_random,coco_POPE_random,1,0,"Yes,",yes,1.75,0.7358217592592593,11.9375,4.90175971073517,28,1,/mnt/data/ssz/mr/results/Qwen2.5-VL/pope/base/analysis/coco_POPE_random/207.pt
1701,1701,coco_POPE_random,coco_POPE_random,1,0,"Yes,",yes,1.734375,0.7264178240740741,11.9375,4.773631975062275,28,1,/mnt/data/ssz/mr/results/Qwen2.5-VL/pope/base/analysis/coco_POPE_random/1701.pt
953,953,coco_POPE_random,coco_POPE_random,1,0,"Yes,",yes,1.703125,0.7514467592592593,11.9375,4.882535038736715,28,1,/mnt/data/ssz/mr/results/Qwen2.5-VL/pope/base/analysis/coco_POPE_random/953.pt
2453,2453,coco_POPE_random,coco_POPE_random,1,0,"Yes,",yes,1.71875,0.7090567129629629,11.9375,4.775948198304457,28,1,/mnt/data/ssz/mr/results/Qwen2.5-VL/pope/base/analysis/coco_POPE_random/2453.pt
208,208,coco_POPE_random,coco_POPE_random,1,0,"No,",no,1.75,0.7358217592592593,11.9375,5.200402514159265,28,1,/mnt/data/ssz/mr/results/Qwen2.5-VL/pope/base/analysis/coco_POPE_random/208.pt
1702,1702,coco_POPE_random,coco_POPE_random,1,0,"No,",no,1.734375,0.7264178240740741,11.9375,5.386532114977512,28,1,/mnt/data/ssz/mr/results/Qwen2.5-VL/pope/base/analysis/coco_POPE_random/1702.pt
954,954,coco_POPE_random,coco_POPE_random,1,0,"No,",no,1.703125,0.7514467592592593,11.9375,5.447517988242156,28,1,/mnt/data/ssz/mr/results/Qwen2.5-VL/pope/base/analysis/coco_POPE_random/954.pt
2454,2454,coco_POPE_random,coco_POPE_random,1,0,"No,",no,1.71875,0.7090567129629629,11.9375,5.296526372815449,28,1,/mnt/data/ssz/mr/results/Qwen2.5-VL/pope/base/analysis/coco_POPE_random/2454.pt
209,209,coco_POPE_random,coco_POPE_random,1,0,"Yes,",yes,1.75,0.7358217592592593,11.9375,4.797472665972056,28,1,/mnt/data/ssz/mr/results/Qwen2.5-VL/pope/base/analysis/coco_POPE_random/209.pt
1703,1703,coco_POPE_random,coco_POPE_random,1,0,"Yes,",yes,1.734375,0.7264178240740741,11.9375,4.877323401401412,28,1,/mnt/data/ssz/mr/results/Qwen2.5-VL/pope/base/analysis/coco_POPE_random/1703.pt
210,210,coco_POPE_random,coco_POPE_random,1,0,"No,",no,1.75,0.7364004629629629,11.9375,5.243138010834472,28,1,/mnt/data/ssz/mr/results/Qwen2.5-VL/pope/base/analysis/coco_POPE_random/210.pt
955,955,coco_POPE_random,coco_POPE_random,1,0,"Yes,",yes,1.703125,0.7310474537037037,11.9375,4.88997467784969,28,1,/mnt/data/ssz/mr/results/Qwen2.5-VL/pope/base/analysis/coco_POPE_random/955.pt
2455,2455,coco_POPE_random,coco_POPE_random,1,0,"Yes,",yes,1.71875,0.7311921296296297,11.9375,4.912215070819569,28,1,/mnt/data/ssz/mr/results/Qwen2.5-VL/pope/base/analysis/coco_POPE_random/2455.pt
211,211,coco_POPE_random,coco_POPE_random,1,0,"Yes,",yes,1.734375,0.7197627314814815,11.9375,4.861488211124863,28,1,/mnt/data/ssz/mr/results/Qwen2.5-VL/pope/base/analysis/coco_POPE_random/211.pt
1704,1704,coco_POPE_random,coco_POPE_random,1,0,"No,",no,1.734375,0.7264178240740741,11.9375,5.345583124088448,28,1,/mnt/data/ssz/mr/results/Qwen2.5-VL/pope/base/analysis/coco_POPE_random/1704.pt
2456,2456,coco_POPE_random,coco_POPE_random,1,0,"No,",no,1.71875,0.7311921296296297,11.9375,5.2348453148728815,28,1,/mnt/data/ssz/mr/results/Qwen2.5-VL/pope/base/analysis/coco_POPE_random/2456.pt
956,956,coco_POPE_random,coco_POPE_random,1,0,"No,",no,1.703125,0.7310474537037037,11.9375,5.232392958238431,28,1,/mnt/data/ssz/mr/results/Qwen2.5-VL/pope/base/analysis/coco_POPE_random/956.pt
212,212,coco_POPE_random,coco_POPE_random,1,0,"No,",no,1.734375,0.7197627314814815,11.9375,5.30643095638075,28,1,/mnt/data/ssz/mr/results/Qwen2.5-VL/pope/base/analysis/coco_POPE_random/212.pt
2457,2457,coco_POPE_random,coco_POPE_random,1,0,"Yes,",yes,1.71875,0.7311921296296297,11.9375,4.793901757373909,28,1,/mnt/data/ssz/mr/results/Qwen2.5-VL/pope/base/analysis/coco_POPE_random/2457.pt
1705,1705,coco_POPE_random,coco_POPE_random,1,0,"Yes,",yes,1.703125,0.7511574074074074,11.9375,4.791082368697101,28,1,/mnt/data/ssz/mr/results/Qwen2.5-VL/pope/base/analysis/coco_POPE_random/1705.pt
957,957,coco_POPE_random,coco_POPE_random,0,1,"No,",yes,1.703125,0.7310474537037037,11.9375,5.430772371027729,28,1,/mnt/data/ssz/mr/results/Qwen2.5-VL/pope/base/analysis/coco_POPE_random/957.pt
213,213,coco_POPE_random,coco_POPE_random,1,0,"Yes,",yes,1.734375,0.7197627314814815,11.9375,4.853748265249917,28,1,/mnt/data/ssz/mr/results/Qwen2.5-VL/pope/base/analysis/coco_POPE_random/213.pt
2458,2458,coco_POPE_random,coco_POPE_random,1,0,"No,",no,1.71875,0.7311921296296297,11.9375,5.25104014983948,28,1,/mnt/data/ssz/mr/results/Qwen2.5-VL/pope/base/analysis/coco_POPE_random/2458.pt
1706,1706,coco_POPE_random,coco_POPE_random,1,0,"No,",no,1.703125,0.7511574074074074,11.9375,5.328098418997891,28,1,/mnt/data/ssz/mr/results/Qwen2.5-VL/pope/base/analysis/coco_POPE_random/1706.pt
214,214,coco_POPE_random,coco_POPE_random,1,0,"No,",no,1.734375,0.7197627314814815,11.9375,5.240085876347591,28,1,/mnt/data/ssz/mr/results/Qwen2.5-VL/pope/base/analysis/coco_POPE_random/214.pt
958,958,coco_POPE_random,coco_POPE_random,1,0,"No,",no,1.703125,0.7310474537037037,11.9375,5.308022518931027,28,1,/mnt/data/ssz/mr/results/Qwen2.5-VL/pope/base/analysis/coco_POPE_random/958.pt
2459,2459,coco_POPE_random,coco_POPE_random,0,1,"No,",yes,1.71875,0.7311921296296297,11.9375,5.25889598233234,28,1,/mnt/data/ssz/mr/results/Qwen2.5-VL/pope/base/analysis/coco_POPE_random/2459.pt
215,215,coco_POPE_random,coco_POPE_random,0,1,"No,",yes,1.734375,0.7197627314814815,11.9375,5.242595385020933,28,1,/mnt/data/ssz/mr/results/Qwen2.5-VL/pope/base/analysis/coco_POPE_random/215.pt
1707,1707,coco_POPE_random,coco_POPE_random,0,1,"No,",yes,1.703125,0.7511574074074074,11.9375,5.391914380669401,28,1,/mnt/data/ssz/mr/results/Qwen2.5-VL/pope/base/analysis/coco_POPE_random/1707.pt
959,959,coco_POPE_random,coco_POPE_random,1,0,"Yes,",yes,1.703125,0.7310474537037037,11.9375,4.829944003806492,28,1,/mnt/data/ssz/mr/results/Qwen2.5-VL/pope/base/analysis/coco_POPE_random/959.pt
216,216,coco_POPE_random,coco_POPE_random,1,0,"No,",no,1.734375,0.7197627314814815,11.9375,5.260152344144194,28,1,/mnt/data/ssz/mr/results/Qwen2.5-VL/pope/base/analysis/coco_POPE_random/216.pt
2460,2460,coco_POPE_random,coco_POPE_random,1,0,"No,",no,1.71875,0.7311921296296297,11.9375,5.289911319494799,28,1,/mnt/data/ssz/mr/results/Qwen2.5-VL/pope/base/analysis/coco_POPE_random/2460.pt
1708,1708,coco_POPE_random,coco_POPE_random,1,0,"No,",no,1.703125,0.7511574074074074,11.9375,5.320537641496764,28,1,/mnt/data/ssz/mr/results/Qwen2.5-VL/pope/base/analysis/coco_POPE_random/1708.pt
960,960,coco_POPE_random,coco_POPE_random,1,0,"No,",no,1.703125,0.7310474537037037,11.9375,5.388448904861058,28,1,/mnt/data/ssz/mr/results/Qwen2.5-VL/pope/base/analysis/coco_POPE_random/960.pt
217,217,coco_POPE_random,coco_POPE_random,1,0,"Yes,",yes,1.71875,0.7191840277777778,11.9375,4.897796152900271,28,1,/mnt/data/ssz/mr/results/Qwen2.5-VL/pope/base/analysis/coco_POPE_random/217.pt
2461,2461,coco_POPE_random,coco_POPE_random,1,0,"Yes,",yes,1.734375,0.7303240740740741,11.9375,5.013762446483554,28,1,/mnt/data/ssz/mr/results/Qwen2.5-VL/pope/base/analysis/coco_POPE_random/2461.pt
1709,1709,coco_POPE_random,coco_POPE_random,0,1,"No,",yes,1.703125,0.7511574074074074,11.9375,5.432059532574356,28,1,/mnt/data/ssz/mr/results/Qwen2.5-VL/pope/base/analysis/coco_POPE_random/1709.pt
961,961,coco_POPE_random,coco_POPE_random,1,0,"Yes,",yes,1.7265625,0.7447916666666666,11.9375,4.884504277649254,28,1,/mnt/data/ssz/mr/results/Qwen2.5-VL/pope/base/analysis/coco_POPE_random/961.pt
218,218,coco_POPE_random,coco_POPE_random,1,0,"No,",no,1.71875,0.7191840277777778,11.9375,5.273964946069917,28,1,/mnt/data/ssz/mr/results/Qwen2.5-VL/pope/base/analysis/coco_POPE_random/218.pt
2462,2462,coco_POPE_random,coco_POPE_random,1,0,"No,",no,1.734375,0.7303240740740741,11.9375,5.512596347220347,28,1,/mnt/data/ssz/mr/results/Qwen2.5-VL/pope/base/analysis/coco_POPE_random/2462.pt
1710,1710,coco_POPE_random,coco_POPE_random,1,0,"No,",no,1.703125,0.7511574074074074,11.9375,5.230508649922081,28,1,/mnt/data/ssz/mr/results/Qwen2.5-VL/pope/base/analysis/coco_POPE_random/1710.pt
962,962,coco_POPE_random,coco_POPE_random,1,0,"No,",no,1.7265625,0.7447916666666666,11.9375,5.224029939981345,28,1,/mnt/data/ssz/mr/results/Qwen2.5-VL/pope/base/analysis/coco_POPE_random/962.pt
219,219,coco_POPE_random,coco_POPE_random,1,0,"Yes,",yes,1.71875,0.7191840277777778,11.9375,4.771722186920802,28,1,/mnt/data/ssz/mr/results/Qwen2.5-VL/pope/base/analysis/coco_POPE_random/219.pt
2463,2463,coco_POPE_random,coco_POPE_random,0,1,"No,",yes,1.734375,0.7303240740740741,11.9375,5.364977667826554,28,1,/mnt/data/ssz/mr/results/Qwen2.5-VL/pope/base/analysis/coco_POPE_random/2463.pt
1711,1711,coco_POPE_random,coco_POPE_random,1,0,"Yes,",yes,1.7109375,0.75,11.9375,4.754690507295397,28,1,/mnt/data/ssz/mr/results/Qwen2.5-VL/pope/base/analysis/coco_POPE_random/1711.pt
963,963,coco_POPE_random,coco_POPE_random,1,0,"Yes,",yes,1.7265625,0.7447916666666666,11.9375,4.737420016800634,28,1,/mnt/data/ssz/mr/results/Qwen2.5-VL/pope/base/analysis/coco_POPE_random/963.pt
220,220,coco_POPE_random,coco_POPE_random,1,0,"No,",no,1.71875,0.7191840277777778,11.9375,5.230563016308915,28,1,/mnt/data/ssz/mr/results/Qwen2.5-VL/pope/base/analysis/coco_POPE_random/220.pt
2464,2464,coco_POPE_random,coco_POPE_random,1,0,"No,",no,1.734375,0.7303240740740741,11.9375,5.409841408778824,28,1,/mnt/data/ssz/mr/results/Qwen2.5-VL/pope/base/analysis/coco_POPE_random/2464.pt
1712,1712,coco_POPE_random,coco_POPE_random,1,0,"No,",no,1.7109375,0.75,11.9375,5.229820476902957,28,1,/mnt/data/ssz/mr/results/Qwen2.5-VL/pope/base/analysis/coco_POPE_random/1712.pt
964,964,coco_POPE_random,coco_POPE_random,1,0,"No,",no,1.7265625,0.7447916666666666,11.9375,5.159011887398924,28,1,/mnt/data/ssz/mr/results/Qwen2.5-VL/pope/base/analysis/coco_POPE_random/964.pt
1713,1713,coco_POPE_random,coco_POPE_random,1,0,"Yes,",yes,1.7109375,0.75,11.9375,4.866019036132865,28,1,/mnt/data/ssz/mr/results/Qwen2.5-VL/pope/base/analysis/coco_POPE_random/1713.pt
221,221,coco_POPE_random,coco_POPE_random,1,0,"Yes,",yes,1.71875,0.7191840277777778,11.9375,4.844145980987137,28,1,/mnt/data/ssz/mr/results/Qwen2.5-VL/pope/base/analysis/coco_POPE_random/221.pt
2465,2465,coco_POPE_random,coco_POPE_random,0,1,"No,",yes,1.734375,0.7303240740740741,11.9375,5.3356346998289474,28,1,/mnt/data/ssz/mr/results/Qwen2.5-VL/pope/base/analysis/coco_POPE_random/2465.pt
965,965,coco_POPE_random,coco_POPE_random,1,0,"Yes,",yes,1.7265625,0.7447916666666666,11.9375,4.6359212864133115,28,1,/mnt/data/ssz/mr/results/Qwen2.5-VL/pope/base/analysis/coco_POPE_random/965.pt
1714,1714,coco_POPE_random,coco_POPE_random,1,0,"No,",no,1.7109375,0.75,11.9375,5.227128894515333,28,1,/mnt/data/ssz/mr/results/Qwen2.5-VL/pope/base/analysis/coco_POPE_random/1714.pt
2466,2466,coco_POPE_random,coco_POPE_random,1,0,"No,",no,1.734375,0.7303240740740741,11.9375,5.515549797220016,28,1,/mnt/data/ssz/mr/results/Qwen2.5-VL/pope/base/analysis/coco_POPE_random/2466.pt
222,222,coco_POPE_random,coco_POPE_random,1,0,"No,",no,1.71875,0.7191840277777778,11.9375,5.254636458718245,28,1,/mnt/data/ssz/mr/results/Qwen2.5-VL/pope/base/analysis/coco_POPE_random/222.pt
966,966,coco_POPE_random,coco_POPE_random,1,0,"No,",no,1.7265625,0.7447916666666666,11.9375,5.211408506756423,28,1,/mnt/data/ssz/mr/results/Qwen2.5-VL/pope/base/analysis/coco_POPE_random/966.pt
1715,1715,coco_POPE_random,coco_POPE_random,1,0,"Yes,",yes,1.7109375,0.75,11.9375,4.758765857686177,28,1,/mnt/data/ssz/mr/results/Qwen2.5-VL/pope/base/analysis/coco_POPE_random/1715.pt
2467,2467,coco_POPE_random,coco_POPE_random,1,0,"Yes,",yes,1.71875,0.7533275462962963,11.9375,4.905845194011334,28,1,/mnt/data/ssz/mr/results/Qwen2.5-VL/pope/base/analysis/coco_POPE_random/2467.pt
223,223,coco_POPE_random,coco_POPE_random,1,0,"Yes,",yes,1.734375,0.7228009259259259,11.9375,4.961906663886565,28,1,/mnt/data/ssz/mr/results/Qwen2.5-VL/pope/base/analysis/coco_POPE_random/223.pt
967,967,coco_POPE_random,coco_POPE_random,1,0,"Yes,",yes,1.671875,0.7517361111111112,11.9375,4.826883364332383,28,1,/mnt/data/ssz/mr/results/Qwen2.5-VL/pope/base/analysis/coco_POPE_random/967.pt
1716,1716,coco_POPE_random,coco_POPE_random,1,0,"No,",no,1.7109375,0.75,11.9375,5.257169582178762,28,1,/mnt/data/ssz/mr/results/Qwen2.5-VL/pope/base/analysis/coco_POPE_random/1716.pt
2468,2468,coco_POPE_random,coco_POPE_random,1,0,"No,",no,1.71875,0.7533275462962963,11.9375,5.401189955666959,28,1,/mnt/data/ssz/mr/results/Qwen2.5-VL/pope/base/analysis/coco_POPE_random/2468.pt
224,224,coco_POPE_random,coco_POPE_random,1,0,"No,",no,1.734375,0.7228009259259259,11.9375,5.488088190372169,28,1,/mnt/data/ssz/mr/results/Qwen2.5-VL/pope/base/analysis/coco_POPE_random/224.pt
968,968,coco_POPE_random,coco_POPE_random,1,0,"No,",no,1.671875,0.7517361111111112,11.9375,5.340005300183418,28,1,/mnt/data/ssz/mr/results/Qwen2.5-VL/pope/base/analysis/coco_POPE_random/968.pt
1717,1717,coco_POPE_random,coco_POPE_random,1,0,"Yes,",yes,1.7265625,0.7459490740740741,11.9375,4.968413678270612,28,1,/mnt/data/ssz/mr/results/Qwen2.5-VL/pope/base/analysis/coco_POPE_random/1717.pt
2469,2469,coco_POPE_random,coco_POPE_random,1,0,"Yes,",yes,1.71875,0.7533275462962963,11.9375,4.7182717311906,28,1,/mnt/data/ssz/mr/results/Qwen2.5-VL/pope/base/analysis/coco_POPE_random/2469.pt
969,969,coco_POPE_random,coco_POPE_random,0,1,"No,",yes,1.671875,0.7517361111111112,11.9375,5.387732563069361,28,1,/mnt/data/ssz/mr/results/Qwen2.5-VL/pope/base/analysis/coco_POPE_random/969.pt
225,225,coco_POPE_random,coco_POPE_random,0,1,"No,",yes,1.734375,0.7228009259259259,11.9375,5.360862755335332,28,1,/mnt/data/ssz/mr/results/Qwen2.5-VL/pope/base/analysis/coco_POPE_random/225.pt
1718,1718,coco_POPE_random,coco_POPE_random,1,0,"No,",no,1.7265625,0.7459490740740741,11.9375,5.4335091525106956,28,1,/mnt/data/ssz/mr/results/Qwen2.5-VL/pope/base/analysis/coco_POPE_random/1718.pt
970,970,coco_POPE_random,coco_POPE_random,1,0,"No,",no,1.671875,0.7517361111111112,11.9375,5.3134450280715475,28,1,/mnt/data/ssz/mr/results/Qwen2.5-VL/pope/base/analysis/coco_POPE_random/970.pt
2470,2470,coco_POPE_random,coco_POPE_random,1,0,"No,",no,1.71875,0.7533275462962963,11.9375,5.232191604182256,28,1,/mnt/data/ssz/mr/results/Qwen2.5-VL/pope/base/analysis/coco_POPE_random/2470.pt
226,226,coco_POPE_random,coco_POPE_random,1,0,"No,",no,1.734375,0.7228009259259259,11.9375,5.483735503400285,28,1,/mnt/data/ssz/mr/results/Qwen2.5-VL/pope/base/analysis/coco_POPE_random/226.pt
1719,1719,coco_POPE_random,coco_POPE_random,0,1,"No,",yes,1.7265625,0.7459490740740741,11.9375,5.292568365770304,28,1,/mnt/data/ssz/mr/results/Qwen2.5-VL/pope/base/analysis/coco_POPE_random/1719.pt
971,971,coco_POPE_random,coco_POPE_random,1,0,"Yes,",yes,1.671875,0.7517361111111112,11.9375,4.787266928860915,28,1,/mnt/data/ssz/mr/results/Qwen2.5-VL/pope/base/analysis/coco_POPE_random/971.pt
2471,2471,coco_POPE_random,coco_POPE_random,1,0,"Yes,",yes,1.71875,0.7533275462962963,11.9375,4.949280391332936,28,1,/mnt/data/ssz/mr/results/Qwen2.5-VL/pope/base/analysis/coco_POPE_random/2471.pt
227,227,coco_POPE_random,coco_POPE_random,1,0,"Yes,",yes,1.734375,0.7228009259259259,11.9375,4.761370256862306,28,1,/mnt/data/ssz/mr/results/Qwen2.5-VL/pope/base/analysis/coco_POPE_random/227.pt
972,972,coco_POPE_random,coco_POPE_random,1,0,"No,",no,1.671875,0.7517361111111112,11.9375,5.273310864699005,28,1,/mnt/data/ssz/mr/results/Qwen2.5-VL/pope/base/analysis/coco_POPE_random/972.pt
1720,1720,coco_POPE_random,coco_POPE_random,1,0,"No,",no,1.7265625,0.7459490740740741,11.9375,5.3310244717722215,28,1,/mnt/data/ssz/mr/results/Qwen2.5-VL/pope/base/analysis/coco_POPE_random/1720.pt
2472,2472,coco_POPE_random,coco_POPE_random,1,0,"No,",no,1.71875,0.7533275462962963,11.9375,5.362257865596772,28,1,/mnt/data/ssz/mr/results/Qwen2.5-VL/pope/base/analysis/coco_POPE_random/2472.pt
973,973,coco_POPE_random,coco_POPE_random,1,0,"Yes,",yes,1.71875,0.7576678240740741,11.9375,4.78068032568065,28,1,/mnt/data/ssz/mr/results/Qwen2.5-VL/pope/base/analysis/coco_POPE_random/973.pt
228,228,coco_POPE_random,coco_POPE_random,1,0,"No,",no,1.734375,0.7228009259259259,11.9375,5.394383824861696,28,1,/mnt/data/ssz/mr/results/Qwen2.5-VL/pope/base/analysis/coco_POPE_random/228.pt
1721,1721,coco_POPE_random,coco_POPE_random,1,0,"Yes,",yes,1.7265625,0.7459490740740741,11.9375,4.879165079290128,28,1,/mnt/data/ssz/mr/results/Qwen2.5-VL/pope/base/analysis/coco_POPE_random/1721.pt
2473,2473,coco_POPE_random,coco_POPE_random,0,1,"No,",yes,1.75,0.7314814814814815,11.9375,5.4779557170264095,28,1,/mnt/data/ssz/mr/results/Qwen2.5-VL/pope/base/analysis/coco_POPE_random/2473.pt
974,974,coco_POPE_random,coco_POPE_random,1,0,"No,",no,1.71875,0.7576678240740741,11.9375,5.2371820431517335,28,1,/mnt/data/ssz/mr/results/Qwen2.5-VL/pope/base/analysis/coco_POPE_random/974.pt
229,229,coco_POPE_random,coco_POPE_random,0,1,"No,",yes,1.7109375,0.7463831018518519,11.9375,5.13550256317379,28,1,/mnt/data/ssz/mr/results/Qwen2.5-VL/pope/base/analysis/coco_POPE_random/229.pt
1722,1722,coco_POPE_random,coco_POPE_random,1,0,"No,",no,1.7265625,0.7459490740740741,11.9375,5.44540698154253,28,1,/mnt/data/ssz/mr/results/Qwen2.5-VL/pope/base/analysis/coco_POPE_random/1722.pt
2474,2474,coco_POPE_random,coco_POPE_random,1,0,"No,",no,1.75,0.7314814814814815,11.9375,5.411837072500303,28,1,/mnt/data/ssz/mr/results/Qwen2.5-VL/pope/base/analysis/coco_POPE_random/2474.pt
975,975,coco_POPE_random,coco_POPE_random,1,0,"Yes,",yes,1.71875,0.7576678240740741,11.9375,4.867100994018616,28,1,/mnt/data/ssz/mr/results/Qwen2.5-VL/pope/base/analysis/coco_POPE_random/975.pt
230,230,coco_POPE_random,coco_POPE_random,1,0,"No,",no,1.7109375,0.7463831018518519,11.9375,5.250227195659405,28,1,/mnt/data/ssz/mr/results/Qwen2.5-VL/pope/base/analysis/coco_POPE_random/230.pt
1723,1723,coco_POPE_random,coco_POPE_random,1,0,"Yes,",yes,1.75,0.7377025462962963,11.9375,5.035497612014897,28,1,/mnt/data/ssz/mr/results/Qwen2.5-VL/pope/base/analysis/coco_POPE_random/1723.pt
2475,2475,coco_POPE_random,coco_POPE_random,1,0,"Yes,",yes,1.75,0.7314814814814815,11.9375,5.0318469597511,28,1,/mnt/data/ssz/mr/results/Qwen2.5-VL/pope/base/analysis/coco_POPE_random/2475.pt
976,976,coco_POPE_random,coco_POPE_random,1,0,"No,",no,1.71875,0.7576678240740741,11.9375,5.206870715018371,28,1,/mnt/data/ssz/mr/results/Qwen2.5-VL/pope/base/analysis/coco_POPE_random/976.pt
231,231,coco_POPE_random,coco_POPE_random,1,0,"Yes,",yes,1.7109375,0.7463831018518519,11.9375,4.848125858730259,28,1,/mnt/data/ssz/mr/results/Qwen2.5-VL/pope/base/analysis/coco_POPE_random/231.pt
1724,1724,coco_POPE_random,coco_POPE_random,1,0,"No,",no,1.75,0.7377025462962963,11.9375,5.370256909501818,28,1,/mnt/data/ssz/mr/results/Qwen2.5-VL/pope/base/analysis/coco_POPE_random/1724.pt
2476,2476,coco_POPE_random,coco_POPE_random,1,0,"No,",no,1.75,0.7314814814814815,11.9375,5.3306646701495914,28,1,/mnt/data/ssz/mr/results/Qwen2.5-VL/pope/base/analysis/coco_POPE_random/2476.pt
977,977,coco_POPE_random,coco_POPE_random,0,1,"No,",yes,1.71875,0.7576678240740741,11.9375,5.2238676537676065,28,1,/mnt/data/ssz/mr/results/Qwen2.5-VL/pope/base/analysis/coco_POPE_random/977.pt
232,232,coco_POPE_random,coco_POPE_random,1,0,"No,",no,1.7109375,0.7463831018518519,11.9375,5.357037263604227,28,1,/mnt/data/ssz/mr/results/Qwen2.5-VL/pope/base/analysis/coco_POPE_random/232.pt
1725,1725,coco_POPE_random,coco_POPE_random,1,0,"Yes,",yes,1.75,0.7377025462962963,11.9375,4.934732875339846,28,1,/mnt/data/ssz/mr/results/Qwen2.5-VL/pope/base/analysis/coco_POPE_random/1725.pt
2477,2477,coco_POPE_random,coco_POPE_random,1,0,"Yes,",yes,1.75,0.7314814814814815,11.9375,4.851794160799138,28,1,/mnt/data/ssz/mr/results/Qwen2.5-VL/pope/base/analysis/coco_POPE_random/2477.pt
978,978,coco_POPE_random,coco_POPE_random,1,0,"No,",no,1.71875,0.7576678240740741,11.9375,5.249607797468406,28,1,/mnt/data/ssz/mr/results/Qwen2.5-VL/pope/base/analysis/coco_POPE_random/978.pt
233,233,coco_POPE_random,coco_POPE_random,1,0,"Yes,",yes,1.7109375,0.7463831018518519,11.9375,4.7990051512614285,28,1,/mnt/data/ssz/mr/results/Qwen2.5-VL/pope/base/analysis/coco_POPE_random/233.pt
2478,2478,coco_POPE_random,coco_POPE_random,1,0,"No,",no,1.75,0.7314814814814815,11.9375,5.395760035892048,28,1,/mnt/data/ssz/mr/results/Qwen2.5-VL/pope/base/analysis/coco_POPE_random/2478.pt
1726,1726,coco_POPE_random,coco_POPE_random,1,0,"No,",no,1.75,0.7377025462962963,11.9375,5.307584439559914,28,1,/mnt/data/ssz/mr/results/Qwen2.5-VL/pope/base/analysis/coco_POPE_random/1726.pt
979,979,coco_POPE_random,coco_POPE_random,1,0,"Yes,",yes,1.703125,0.7274305555555556,11.9375,4.881112780416892,28,1,/mnt/data/ssz/mr/results/Qwen2.5-VL/pope/base/analysis/coco_POPE_random/979.pt
234,234,coco_POPE_random,coco_POPE_random,1,0,"No,",no,1.7109375,0.7463831018518519,11.9375,5.21868440673135,28,1,/mnt/data/ssz/mr/results/Qwen2.5-VL/pope/base/analysis/coco_POPE_random/234.pt
2479,2479,coco_POPE_random,coco_POPE_random,1,0,"Yes,",yes,1.7265625,0.7112268518518519,11.9375,4.878313860053572,28,1,/mnt/data/ssz/mr/results/Qwen2.5-VL/pope/base/analysis/coco_POPE_random/2479.pt
1727,1727,coco_POPE_random,coco_POPE_random,1,0,"Yes,",yes,1.75,0.7377025462962963,11.9375,4.98507487026936,28,1,/mnt/data/ssz/mr/results/Qwen2.5-VL/pope/base/analysis/coco_POPE_random/1727.pt
980,980,coco_POPE_random,coco_POPE_random,1,0,"No,",no,1.703125,0.7274305555555556,11.9375,5.272760395914043,28,1,/mnt/data/ssz/mr/results/Qwen2.5-VL/pope/base/analysis/coco_POPE_random/980.pt
235,235,coco_POPE_random,coco_POPE_random,1,0,"Yes,",yes,1.6328125,0.7560763888888888,11.9375,4.719683616023029,28,1,/mnt/data/ssz/mr/results/Qwen2.5-VL/pope/base/analysis/coco_POPE_random/235.pt
2480,2480,coco_POPE_random,coco_POPE_random,1,0,"No,",no,1.7265625,0.7112268518518519,11.9375,5.326519027572744,28,1,/mnt/data/ssz/mr/results/Qwen2.5-VL/pope/base/analysis/coco_POPE_random/2480.pt
981,981,coco_POPE_random,coco_POPE_random,0,1,"No,",yes,1.703125,0.7274305555555556,11.9375,5.230637574455998,28,1,/mnt/data/ssz/mr/results/Qwen2.5-VL/pope/base/analysis/coco_POPE_random/981.pt
1728,1728,coco_POPE_random,coco_POPE_random,1,0,"No,",no,1.75,0.7377025462962963,11.9375,5.454673266889337,28,1,/mnt/data/ssz/mr/results/Qwen2.5-VL/pope/base/analysis/coco_POPE_random/1728.pt
236,236,coco_POPE_random,coco_POPE_random,1,0,"No,",no,1.6328125,0.7560763888888888,11.9375,5.245836505825952,28,1,/mnt/data/ssz/mr/results/Qwen2.5-VL/pope/base/analysis/coco_POPE_random/236.pt
982,982,coco_POPE_random,coco_POPE_random,1,0,"No,",no,1.703125,0.7274305555555556,11.9375,5.271944910558229,28,1,/mnt/data/ssz/mr/results/Qwen2.5-VL/pope/base/analysis/coco_POPE_random/982.pt
2481,2481,coco_POPE_random,coco_POPE_random,0,1,"No,",yes,1.7265625,0.7112268518518519,11.9375,5.2584866903246725,28,1,/mnt/data/ssz/mr/results/Qwen2.5-VL/pope/base/analysis/coco_POPE_random/2481.pt
1729,1729,coco_POPE_random,coco_POPE_random,0,1,"No,",yes,1.71875,0.7384259259259259,11.9375,5.249659369107546,28,1,/mnt/data/ssz/mr/results/Qwen2.5-VL/pope/base/analysis/coco_POPE_random/1729.pt
237,237,coco_POPE_random,coco_POPE_random,0,1,"No,",yes,1.6328125,0.7560763888888888,11.9375,5.226008640393487,28,1,/mnt/data/ssz/mr/results/Qwen2.5-VL/pope/base/analysis/coco_POPE_random/237.pt
983,983,coco_POPE_random,coco_POPE_random,1,0,"Yes,",yes,1.703125,0.7274305555555556,11.9375,4.701596561667211,28,1,/mnt/data/ssz/mr/results/Qwen2.5-VL/pope/base/analysis/coco_POPE_random/983.pt
2482,2482,coco_POPE_random,coco_POPE_random,1,0,"No,",no,1.7265625,0.7112268518518519,11.9375,5.3385202891260075,28,1,/mnt/data/ssz/mr/results/Qwen2.5-VL/pope/base/analysis/coco_POPE_random/2482.pt
1730,1730,coco_POPE_random,coco_POPE_random,1,0,"No,",no,1.71875,0.7384259259259259,11.9375,5.293254470778108,28,1,/mnt/data/ssz/mr/results/Qwen2.5-VL/pope/base/analysis/coco_POPE_random/1730.pt
238,238,coco_POPE_random,coco_POPE_random,1,0,"No,",no,1.6328125,0.7560763888888888,11.9375,5.279085743636926,28,1,/mnt/data/ssz/mr/results/Qwen2.5-VL/pope/base/analysis/coco_POPE_random/238.pt
984,984,coco_POPE_random,coco_POPE_random,1,0,"No,",no,1.703125,0.7274305555555556,11.9375,5.189481357060497,28,1,/mnt/data/ssz/mr/results/Qwen2.5-VL/pope/base/analysis/coco_POPE_random/984.pt
2483,2483,coco_POPE_random,coco_POPE_random,0,1,"No,",yes,1.7265625,0.7112268518518519,11.9375,5.316789118513364,28,1,/mnt/data/ssz/mr/results/Qwen2.5-VL/pope/base/analysis/coco_POPE_random/2483.pt
1731,1731,coco_POPE_random,coco_POPE_random,1,0,"Yes,",yes,1.71875,0.7384259259259259,11.9375,4.840639500810759,28,1,/mnt/data/ssz/mr/results/Qwen2.5-VL/pope/base/analysis/coco_POPE_random/1731.pt
239,239,coco_POPE_random,coco_POPE_random,1,0,"Yes,",yes,1.6328125,0.7560763888888888,11.9375,4.927473329066895,28,1,/mnt/data/ssz/mr/results/Qwen2.5-VL/pope/base/analysis/coco_POPE_random/239.pt
985,985,coco_POPE_random,coco_POPE_random,1,0,"Yes,",yes,1.65625,0.7844328703703703,11.9375,4.861008789692906,28,1,/mnt/data/ssz/mr/results/Qwen2.5-VL/pope/base/analysis/coco_POPE_random/985.pt
2484,2484,coco_POPE_random,coco_POPE_random,1,0,"No,",no,1.7265625,0.7112268518518519,11.9375,5.234250106876845,28,1,/mnt/data/ssz/mr/results/Qwen2.5-VL/pope/base/analysis/coco_POPE_random/2484.pt
240,240,coco_POPE_random,coco_POPE_random,1,0,"No,",no,1.6328125,0.7560763888888888,11.9375,5.323836088940303,28,1,/mnt/data/ssz/mr/results/Qwen2.5-VL/pope/base/analysis/coco_POPE_random/240.pt
1732,1732,coco_POPE_random,coco_POPE_random,1,0,"No,",no,1.71875,0.7384259259259259,11.9375,5.285507848360919,28,1,/mnt/data/ssz/mr/results/Qwen2.5-VL/pope/base/analysis/coco_POPE_random/1732.pt
2485,2485,coco_POPE_random,coco_POPE_random,1,0,"Yes,",yes,1.765625,0.7356770833333334,11.9375,4.920181809266545,28,1,/mnt/data/ssz/mr/results/Qwen2.5-VL/pope/base/analysis/coco_POPE_random/2485.pt
986,986,coco_POPE_random,coco_POPE_random,1,0,"No,",no,1.65625,0.7844328703703703,11.9375,5.20379706753782,28,1,/mnt/data/ssz/mr/results/Qwen2.5-VL/pope/base/analysis/coco_POPE_random/986.pt
241,241,coco_POPE_random,coco_POPE_random,0,1,"No,",yes,1.671875,0.7404513888888888,11.9375,5.354858536538195,28,1,/mnt/data/ssz/mr/results/Qwen2.5-VL/pope/base/analysis/coco_POPE_random/241.pt
1733,1733,coco_POPE_random,coco_POPE_random,0,1,"No,",yes,1.71875,0.7384259259259259,11.9375,5.484936887218472,28,1,/mnt/data/ssz/mr/results/Qwen2.5-VL/pope/base/analysis/coco_POPE_random/1733.pt
2486,2486,coco_POPE_random,coco_POPE_random,1,0,"No,",no,1.765625,0.7356770833333334,11.9375,5.435379669174368,28,1,/mnt/data/ssz/mr/results/Qwen2.5-VL/pope/base/analysis/coco_POPE_random/2486.pt
242,242,coco_POPE_random,coco_POPE_random,1,0,"No,",no,1.671875,0.7404513888888888,11.9375,5.39995824024664,28,1,/mnt/data/ssz/mr/results/Qwen2.5-VL/pope/base/analysis/coco_POPE_random/242.pt
1734,1734,coco_POPE_random,coco_POPE_random,1,0,"No,",no,1.71875,0.7384259259259259,11.9375,5.3199116423568515,28,1,/mnt/data/ssz/mr/results/Qwen2.5-VL/pope/base/analysis/coco_POPE_random/1734.pt
987,987,coco_POPE_random,coco_POPE_random,0,1,"No,",yes,1.65625,0.7844328703703703,11.9375,5.158738813263292,28,1,/mnt/data/ssz/mr/results/Qwen2.5-VL/pope/base/analysis/coco_POPE_random/987.pt
2487,2487,coco_POPE_random,coco_POPE_random,1,0,"Yes,",yes,1.765625,0.7356770833333334,11.9375,5.002454812673601,28,1,/mnt/data/ssz/mr/results/Qwen2.5-VL/pope/base/analysis/coco_POPE_random/2487.pt
243,243,coco_POPE_random,coco_POPE_random,0,1,"No,",yes,1.671875,0.7404513888888888,11.9375,5.4589917873884,28,1,/mnt/data/ssz/mr/results/Qwen2.5-VL/pope/base/analysis/coco_POPE_random/243.pt
1735,1735,coco_POPE_random,coco_POPE_random,1,0,"Yes,",yes,1.6875,0.7041377314814815,11.9375,4.913877555298021,28,1,/mnt/data/ssz/mr/results/Qwen2.5-VL/pope/base/analysis/coco_POPE_random/1735.pt
988,988,coco_POPE_random,coco_POPE_random,1,0,"No,",no,1.65625,0.7844328703703703,11.9375,5.1719105831907655,28,1,/mnt/data/ssz/mr/results/Qwen2.5-VL/pope/base/analysis/coco_POPE_random/988.pt
2488,2488,coco_POPE_random,coco_POPE_random,1,0,"No,",no,1.765625,0.7356770833333334,11.9375,5.434989792936465,28,1,/mnt/data/ssz/mr/results/Qwen2.5-VL/pope/base/analysis/coco_POPE_random/2488.pt
1736,1736,coco_POPE_random,coco_POPE_random,1,0,"No,",no,1.6875,0.7041377314814815,11.9375,5.374579148722942,28,1,/mnt/data/ssz/mr/results/Qwen2.5-VL/pope/base/analysis/coco_POPE_random/1736.pt
244,244,coco_POPE_random,coco_POPE_random,1,0,"No,",no,1.671875,0.7404513888888888,11.9375,5.250815211018508,28,1,/mnt/data/ssz/mr/results/Qwen2.5-VL/pope/base/analysis/coco_POPE_random/244.pt
989,989,coco_POPE_random,coco_POPE_random,0,1,"No,",yes,1.65625,0.7844328703703703,11.9375,5.295960574545399,28,1,/mnt/data/ssz/mr/results/Qwen2.5-VL/pope/base/analysis/coco_POPE_random/989.pt
2489,2489,coco_POPE_random,coco_POPE_random,0,1,"No,",yes,1.765625,0.7356770833333334,11.9375,5.316169089513009,28,1,/mnt/data/ssz/mr/results/Qwen2.5-VL/pope/base/analysis/coco_POPE_random/2489.pt
1737,1737,coco_POPE_random,coco_POPE_random,1,0,"Yes,",yes,1.6875,0.7041377314814815,11.9375,4.948748897431445,28,1,/mnt/data/ssz/mr/results/Qwen2.5-VL/pope/base/analysis/coco_POPE_random/1737.pt
245,245,coco_POPE_random,coco_POPE_random,1,0,"Yes,",yes,1.671875,0.7404513888888888,11.9375,4.821447219142391,28,1,/mnt/data/ssz/mr/results/Qwen2.5-VL/pope/base/analysis/coco_POPE_random/245.pt
990,990,coco_POPE_random,coco_POPE_random,1,0,"No,",no,1.65625,0.7844328703703703,11.9375,5.212691827521416,28,1,/mnt/data/ssz/mr/results/Qwen2.5-VL/pope/base/analysis/coco_POPE_random/990.pt
2490,2490,coco_POPE_random,coco_POPE_random,1,0,"No,",no,1.765625,0.7356770833333334,11.9375,5.375355479231215,28,1,/mnt/data/ssz/mr/results/Qwen2.5-VL/pope/base/analysis/coco_POPE_random/2490.pt
1738,1738,coco_POPE_random,coco_POPE_random,1,0,"No,",no,1.6875,0.7041377314814815,11.9375,5.279139257882418,28,1,/mnt/data/ssz/mr/results/Qwen2.5-VL/pope/base/analysis/coco_POPE_random/1738.pt
246,246,coco_POPE_random,coco_POPE_random,1,0,"No,",no,1.671875,0.7404513888888888,11.9375,5.337804478929881,28,1,/mnt/data/ssz/mr/results/Qwen2.5-VL/pope/base/analysis/coco_POPE_random/246.pt
991,991,coco_POPE_random,coco_POPE_random,0,1,"No,",yes,1.71875,0.7191840277777778,11.9375,5.326465811668749,28,1,/mnt/data/ssz/mr/results/Qwen2.5-VL/pope/base/analysis/coco_POPE_random/991.pt
2491,2491,coco_POPE_random,coco_POPE_random,1,0,"Yes,",yes,1.7265625,0.7291666666666666,11.9375,4.93291150235658,28,1,/mnt/data/ssz/mr/results/Qwen2.5-VL/pope/base/analysis/coco_POPE_random/2491.pt
1739,1739,coco_POPE_random,coco_POPE_random,1,0,"Yes,",yes,1.6875,0.7041377314814815,11.9375,4.830703780458618,28,1,/mnt/data/ssz/mr/results/Qwen2.5-VL/pope/base/analysis/coco_POPE_random/1739.pt
247,247,coco_POPE_random,coco_POPE_random,0,1,"No,",yes,1.7265625,0.7518807870370371,11.9375,5.2825512616762165,28,1,/mnt/data/ssz/mr/results/Qwen2.5-VL/pope/base/analysis/coco_POPE_random/247.pt
992,992,coco_POPE_random,coco_POPE_random,1,0,"No,",no,1.71875,0.7191840277777778,11.9375,5.376882033500871,28,1,/mnt/data/ssz/mr/results/Qwen2.5-VL/pope/base/analysis/coco_POPE_random/992.pt
2492,2492,coco_POPE_random,coco_POPE_random,1,0,"No,",no,1.7265625,0.7291666666666666,11.9375,5.338130106771007,28,1,/mnt/data/ssz/mr/results/Qwen2.5-VL/pope/base/analysis/coco_POPE_random/2492.pt
1740,1740,coco_POPE_random,coco_POPE_random,1,0,"No,",no,1.6875,0.7041377314814815,11.9375,5.325263453651511,28,1,/mnt/data/ssz/mr/results/Qwen2.5-VL/pope/base/analysis/coco_POPE_random/1740.pt
248,248,coco_POPE_random,coco_POPE_random,1,0,"No,",no,1.7265625,0.7518807870370371,11.9375,5.34287624199928,28,1,/mnt/data/ssz/mr/results/Qwen2.5-VL/pope/base/analysis/coco_POPE_random/248.pt
993,993,coco_POPE_random,coco_POPE_random,1,0,"Yes,",yes,1.71875,0.7191840277777778,11.9375,5.027155373613855,28,1,/mnt/data/ssz/mr/results/Qwen2.5-VL/pope/base/analysis/coco_POPE_random/993.pt
2493,2493,coco_POPE_random,coco_POPE_random,0,1,"No,",yes,1.7265625,0.7291666666666666,11.9375,5.28368215668588,28,1,/mnt/data/ssz/mr/results/Qwen2.5-VL/pope/base/analysis/coco_POPE_random/2493.pt
1741,1741,coco_POPE_random,coco_POPE_random,0,1,"No,",yes,1.734375,0.7300347222222222,11.9375,5.326654717795846,28,1,/mnt/data/ssz/mr/results/Qwen2.5-VL/pope/base/analysis/coco_POPE_random/1741.pt
249,249,coco_POPE_random,coco_POPE_random,0,1,"No,",yes,1.7265625,0.7518807870370371,11.9375,5.350733123472813,28,1,/mnt/data/ssz/mr/results/Qwen2.5-VL/pope/base/analysis/coco_POPE_random/249.pt
994,994,coco_POPE_random,coco_POPE_random,1,0,"No,",no,1.71875,0.7191840277777778,11.9375,5.399075427441357,28,1,/mnt/data/ssz/mr/results/Qwen2.5-VL/pope/base/analysis/coco_POPE_random/994.pt
2494,2494,coco_POPE_random,coco_POPE_random,1,0,"No,",no,1.7265625,0.7291666666666666,11.9375,5.36218839196471,28,1,/mnt/data/ssz/mr/results/Qwen2.5-VL/pope/base/analysis/coco_POPE_random/2494.pt
1742,1742,coco_POPE_random,coco_POPE_random,1,0,"No,",no,1.734375,0.7300347222222222,11.9375,5.2957720627723575,28,1,/mnt/data/ssz/mr/results/Qwen2.5-VL/pope/base/analysis/coco_POPE_random/1742.pt
250,250,coco_POPE_random,coco_POPE_random,1,0,"No,",no,1.7265625,0.7518807870370371,11.9375,5.419338728585868,28,1,/mnt/data/ssz/mr/results/Qwen2.5-VL/pope/base/analysis/coco_POPE_random/250.pt
995,995,coco_POPE_random,coco_POPE_random,1,0,"Yes,",yes,1.71875,0.7191840277777778,11.9375,4.933185017475416,28,1,/mnt/data/ssz/mr/results/Qwen2.5-VL/pope/base/analysis/coco_POPE_random/995.pt
1743,1743,coco_POPE_random,coco_POPE_random,1,0,"Yes,",yes,1.734375,0.7300347222222222,11.9375,4.9135367908083,28,1,/mnt/data/ssz/mr/results/Qwen2.5-VL/pope/base/analysis/coco_POPE_random/1743.pt
2495,2495,coco_POPE_random,coco_POPE_random,0,1,"No,",yes,1.7265625,0.7291666666666666,11.9375,5.318685497057936,28,1,/mnt/data/ssz/mr/results/Qwen2.5-VL/pope/base/analysis/coco_POPE_random/2495.pt
251,251,coco_POPE_random,coco_POPE_random,1,0,"Yes,",yes,1.7265625,0.7518807870370371,11.9375,4.777272225079357,28,1,/mnt/data/ssz/mr/results/Qwen2.5-VL/pope/base/analysis/coco_POPE_random/251.pt
996,996,coco_POPE_random,coco_POPE_random,1,0,"No,",no,1.71875,0.7191840277777778,11.9375,5.30586800262596,28,1,/mnt/data/ssz/mr/results/Qwen2.5-VL/pope/base/analysis/coco_POPE_random/996.pt
1744,1744,coco_POPE_random,coco_POPE_random,1,0,"No,",no,1.734375,0.7300347222222222,11.9375,5.310755439576716,28,1,/mnt/data/ssz/mr/results/Qwen2.5-VL/pope/base/analysis/coco_POPE_random/1744.pt
2496,2496,coco_POPE_random,coco_POPE_random,1,0,"No,",no,1.7265625,0.7291666666666666,11.9375,5.314262035527463,28,1,/mnt/data/ssz/mr/results/Qwen2.5-VL/pope/base/analysis/coco_POPE_random/2496.pt
252,252,coco_POPE_random,coco_POPE_random,1,0,"No,",no,1.7265625,0.7518807870370371,11.9375,5.319349567149654,28,1,/mnt/data/ssz/mr/results/Qwen2.5-VL/pope/base/analysis/coco_POPE_random/252.pt
1745,1745,coco_POPE_random,coco_POPE_random,1,0,"Yes,",yes,1.734375,0.7300347222222222,11.9375,4.925509889047481,28,1,/mnt/data/ssz/mr/results/Qwen2.5-VL/pope/base/analysis/coco_POPE_random/1745.pt
997,997,coco_POPE_random,coco_POPE_random,0,1,"No,",yes,1.703125,0.7230902777777778,11.9375,5.277899526846435,28,1,/mnt/data/ssz/mr/results/Qwen2.5-VL/pope/base/analysis/coco_POPE_random/997.pt
2497,2497,coco_POPE_random,coco_POPE_random,0,1,"No,",yes,1.7109375,0.7133969907407407,11.9375,5.3057596723595255,28,1,/mnt/data/ssz/mr/results/Qwen2.5-VL/pope/base/analysis/coco_POPE_random/2497.pt
253,253,coco_POPE_random,coco_POPE_random,1,0,"Yes,",yes,1.7265625,0.7472511574074074,11.9375,4.974734355904135,28,1,/mnt/data/ssz/mr/results/Qwen2.5-VL/pope/base/analysis/coco_POPE_random/253.pt
1746,1746,coco_POPE_random,coco_POPE_random,1,0,"No,",no,1.734375,0.7300347222222222,11.9375,5.242011058359164,28,1,/mnt/data/ssz/mr/results/Qwen2.5-VL/pope/base/analysis/coco_POPE_random/1746.pt
998,998,coco_POPE_random,coco_POPE_random,1,0,"No,",no,1.703125,0.7230902777777778,11.9375,5.3903109865911185,28,1,/mnt/data/ssz/mr/results/Qwen2.5-VL/pope/base/analysis/coco_POPE_random/998.pt
2498,2498,coco_POPE_random,coco_POPE_random,1,0,"No,",no,1.7109375,0.7133969907407407,11.9375,5.34223278464598,28,1,/mnt/data/ssz/mr/results/Qwen2.5-VL/pope/base/analysis/coco_POPE_random/2498.pt
254,254,coco_POPE_random,coco_POPE_random,1,0,"No,",no,1.7265625,0.7472511574074074,11.9375,5.307963890993365,28,1,/mnt/data/ssz/mr/results/Qwen2.5-VL/pope/base/analysis/coco_POPE_random/254.pt
1747,1747,coco_POPE_random,coco_POPE_random,1,0,"Yes,",yes,1.7265625,0.7858796296296297,11.9375,5.015220837385594,28,1,/mnt/data/ssz/mr/results/Qwen2.5-VL/pope/base/analysis/coco_POPE_random/1747.pt
999,999,coco_POPE_random,coco_POPE_random,0,1,"No,",yes,1.703125,0.7230902777777778,11.9375,5.49175116197513,28,1,/mnt/data/ssz/mr/results/Qwen2.5-VL/pope/base/analysis/coco_POPE_random/999.pt
2499,2499,coco_POPE_random,coco_POPE_random,1,0,"Yes,",yes,1.7109375,0.7133969907407407,11.9375,4.878420755263137,28,1,/mnt/data/ssz/mr/results/Qwen2.5-VL/pope/base/analysis/coco_POPE_random/2499.pt
255,255,coco_POPE_random,coco_POPE_random,1,0,"Yes,",yes,1.7265625,0.7472511574074074,11.9375,4.797193169189377,28,1,/mnt/data/ssz/mr/results/Qwen2.5-VL/pope/base/analysis/coco_POPE_random/255.pt
1748,1748,coco_POPE_random,coco_POPE_random,1,0,"No,",no,1.7265625,0.7858796296296297,11.9375,5.422088112349418,28,1,/mnt/data/ssz/mr/results/Qwen2.5-VL/pope/base/analysis/coco_POPE_random/1748.pt
1000,1000,coco_POPE_random,coco_POPE_random,1,0,"No,",no,1.703125,0.7230902777777778,11.9375,5.377890875724109,28,1,/mnt/data/ssz/mr/results/Qwen2.5-VL/pope/base/analysis/coco_POPE_random/1000.pt
2500,2500,coco_POPE_random,coco_POPE_random,1,0,"No,",no,1.7109375,0.7133969907407407,11.9375,5.357443297203174,28,1,/mnt/data/ssz/mr/results/Qwen2.5-VL/pope/base/analysis/coco_POPE_random/2500.pt
256,256,coco_POPE_random,coco_POPE_random,1,0,"No,",no,1.7265625,0.7472511574074074,11.9375,5.20103161067521,28,1,/mnt/data/ssz/mr/results/Qwen2.5-VL/pope/base/analysis/coco_POPE_random/256.pt
1749,1749,coco_POPE_random,coco_POPE_random,1,0,"Yes,",yes,1.7265625,0.7858796296296297,11.9375,4.93100221987436,28,1,/mnt/data/ssz/mr/results/Qwen2.5-VL/pope/base/analysis/coco_POPE_random/1749.pt
1001,1001,coco_POPE_random,coco_POPE_random,1,0,"Yes,",yes,1.703125,0.7230902777777778,11.9375,4.834399495544805,28,1,/mnt/data/ssz/mr/results/Qwen2.5-VL/pope/base/analysis/coco_POPE_random/1001.pt
2501,2501,coco_POPE_random,coco_POPE_random,1,0,"Yes,",yes,1.7109375,0.7133969907407407,11.9375,4.769843304599293,28,1,/mnt/data/ssz/mr/results/Qwen2.5-VL/pope/base/analysis/coco_POPE_random/2501.pt
257,257,coco_POPE_random,coco_POPE_random,1,0,"Yes,",yes,1.7265625,0.7472511574074074,11.9375,4.85848494626934,28,1,/mnt/data/ssz/mr/results/Qwen2.5-VL/pope/base/analysis/coco_POPE_random/257.pt
1750,1750,coco_POPE_random,coco_POPE_random,1,0,"No,",no,1.7265625,0.7858796296296297,11.9375,5.4217672583281775,28,1,/mnt/data/ssz/mr/results/Qwen2.5-VL/pope/base/analysis/coco_POPE_random/1750.pt
258,258,coco_POPE_random,coco_POPE_random,1,0,"No,",no,1.7265625,0.7472511574074074,11.9375,5.328046521960868,28,1,/mnt/data/ssz/mr/results/Qwen2.5-VL/pope/base/analysis/coco_POPE_random/258.pt
1002,1002,coco_POPE_random,coco_POPE_random,1,0,"No,",no,1.703125,0.7230902777777778,11.9375,5.443691314420119,28,1,/mnt/data/ssz/mr/results/Qwen2.5-VL/pope/base/analysis/coco_POPE_random/1002.pt
2502,2502,coco_POPE_random,coco_POPE_random,1,0,"No,",no,1.7109375,0.7133969907407407,11.9375,5.289697185871335,28,1,/mnt/data/ssz/mr/results/Qwen2.5-VL/pope/base/analysis/coco_POPE_random/2502.pt
1751,1751,coco_POPE_random,coco_POPE_random,0,1,"No,",yes,1.7265625,0.7858796296296297,11.9375,5.376470226276696,28,1,/mnt/data/ssz/mr/results/Qwen2.5-VL/pope/base/analysis/coco_POPE_random/1751.pt
259,259,coco_POPE_random,coco_POPE_random,0,1,"No,",yes,1.7421875,0.7498553240740741,11.9375,5.352567012241145,28,1,/mnt/data/ssz/mr/results/Qwen2.5-VL/pope/base/analysis/coco_POPE_random/259.pt
2503,2503,coco_POPE_random,coco_POPE_random,1,0,"Yes,",yes,1.75,0.7269965277777778,11.9375,5.069787860325152,28,1,/mnt/data/ssz/mr/results/Qwen2.5-VL/pope/base/analysis/coco_POPE_random/2503.pt
1003,1003,coco_POPE_random,coco_POPE_random,1,0,"Yes,",yes,1.734375,0.7447916666666666,11.9375,4.917335794084842,28,1,/mnt/data/ssz/mr/results/Qwen2.5-VL/pope/base/analysis/coco_POPE_random/1003.pt
1752,1752,coco_POPE_random,coco_POPE_random,1,0,"No,",no,1.7265625,0.7858796296296297,11.9375,5.4472628496873305,28,1,/mnt/data/ssz/mr/results/Qwen2.5-VL/pope/base/analysis/coco_POPE_random/1752.pt
260,260,coco_POPE_random,coco_POPE_random,1,0,"No,",no,1.7421875,0.7498553240740741,11.9375,5.369547387958877,28,1,/mnt/data/ssz/mr/results/Qwen2.5-VL/pope/base/analysis/coco_POPE_random/260.pt
2504,2504,coco_POPE_random,coco_POPE_random,1,0,"No,",no,1.75,0.7269965277777778,11.9375,5.431089879679474,28,1,/mnt/data/ssz/mr/results/Qwen2.5-VL/pope/base/analysis/coco_POPE_random/2504.pt
1004,1004,coco_POPE_random,coco_POPE_random,1,0,"No,",no,1.734375,0.7447916666666666,11.9375,5.400161675245257,28,1,/mnt/data/ssz/mr/results/Qwen2.5-VL/pope/base/analysis/coco_POPE_random/1004.pt
1753,1753,coco_POPE_random,coco_POPE_random,1,0,"Yes,",yes,1.7109375,0.7337962962962963,11.9375,4.876836740215125,28,1,/mnt/data/ssz/mr/results/Qwen2.5-VL/pope/base/analysis/coco_POPE_random/1753.pt
261,261,coco_POPE_random,coco_POPE_random,1,0,"Yes,",yes,1.7421875,0.7498553240740741,11.9375,5.026470224393171,28,1,/mnt/data/ssz/mr/results/Qwen2.5-VL/pope/base/analysis/coco_POPE_random/261.pt
2505,2505,coco_POPE_random,coco_POPE_random,0,1,"No,",yes,1.75,0.7269965277777778,11.9375,5.351218930547029,28,1,/mnt/data/ssz/mr/results/Qwen2.5-VL/pope/base/analysis/coco_POPE_random/2505.pt
1754,1754,coco_POPE_random,coco_POPE_random,1,0,"No,",no,1.7109375,0.7337962962962963,11.9375,5.253929960363041,28,1,/mnt/data/ssz/mr/results/Qwen2.5-VL/pope/base/analysis/coco_POPE_random/1754.pt
1005,1005,coco_POPE_random,coco_POPE_random,1,0,"Yes,",yes,1.734375,0.7447916666666666,11.9375,4.982576940603513,28,1,/mnt/data/ssz/mr/results/Qwen2.5-VL/pope/base/analysis/coco_POPE_random/1005.pt
262,262,coco_POPE_random,coco_POPE_random,1,0,"No,",no,1.7421875,0.7498553240740741,11.9375,5.383057172333919,28,1,/mnt/data/ssz/mr/results/Qwen2.5-VL/pope/base/analysis/coco_POPE_random/262.pt
2506,2506,coco_POPE_random,coco_POPE_random,1,0,"No,",no,1.75,0.7269965277777778,11.9375,5.452894336634314,28,1,/mnt/data/ssz/mr/results/Qwen2.5-VL/pope/base/analysis/coco_POPE_random/2506.pt
1755,1755,coco_POPE_random,coco_POPE_random,1,0,"Yes,",yes,1.7109375,0.7337962962962963,11.9375,4.8731003492239715,28,1,/mnt/data/ssz/mr/results/Qwen2.5-VL/pope/base/analysis/coco_POPE_random/1755.pt
1006,1006,coco_POPE_random,coco_POPE_random,1,0,"No,",no,1.734375,0.7447916666666666,11.9375,5.313928683850651,28,1,/mnt/data/ssz/mr/results/Qwen2.5-VL/pope/base/analysis/coco_POPE_random/1006.pt
263,263,coco_POPE_random,coco_POPE_random,1,0,"Yes,",yes,1.7421875,0.7498553240740741,11.9375,4.805899994908221,28,1,/mnt/data/ssz/mr/results/Qwen2.5-VL/pope/base/analysis/coco_POPE_random/263.pt
2507,2507,coco_POPE_random,coco_POPE_random,0,1,"No,",yes,1.75,0.7269965277777778,11.9375,5.422282834264862,28,1,/mnt/data/ssz/mr/results/Qwen2.5-VL/pope/base/analysis/coco_POPE_random/2507.pt
1756,1756,coco_POPE_random,coco_POPE_random,1,0,"No,",no,1.7109375,0.7337962962962963,11.9375,5.297625664300634,28,1,/mnt/data/ssz/mr/results/Qwen2.5-VL/pope/base/analysis/coco_POPE_random/1756.pt
1007,1007,coco_POPE_random,coco_POPE_random,0,1,"No,",yes,1.734375,0.7447916666666666,11.9375,5.3194385768403105,28,1,/mnt/data/ssz/mr/results/Qwen2.5-VL/pope/base/analysis/coco_POPE_random/1007.pt
264,264,coco_POPE_random,coco_POPE_random,1,0,"No,",no,1.7421875,0.7498553240740741,11.9375,5.39097208633155,28,1,/mnt/data/ssz/mr/results/Qwen2.5-VL/pope/base/analysis/coco_POPE_random/264.pt
2508,2508,coco_POPE_random,coco_POPE_random,1,0,"No,",no,1.75,0.7269965277777778,11.9375,5.387909213865175,28,1,/mnt/data/ssz/mr/results/Qwen2.5-VL/pope/base/analysis/coco_POPE_random/2508.pt
1757,1757,coco_POPE_random,coco_POPE_random,1,0,"Yes,",yes,1.7109375,0.7337962962962963,11.9375,4.796802199783874,28,1,/mnt/data/ssz/mr/results/Qwen2.5-VL/pope/base/analysis/coco_POPE_random/1757.pt
1008,1008,coco_POPE_random,coco_POPE_random,1,0,"No,",no,1.734375,0.7447916666666666,11.9375,5.356597982884241,28,1,/mnt/data/ssz/mr/results/Qwen2.5-VL/pope/base/analysis/coco_POPE_random/1008.pt
265,265,coco_POPE_random,coco_POPE_random,0,1,"No,",yes,1.703125,0.7434895833333334,11.9375,5.218022985338081,28,1,/mnt/data/ssz/mr/results/Qwen2.5-VL/pope/base/analysis/coco_POPE_random/265.pt
2509,2509,coco_POPE_random,coco_POPE_random,0,1,"No,",yes,1.65625,0.7443576388888888,11.9375,5.4003183420743595,28,1,/mnt/data/ssz/mr/results/Qwen2.5-VL/pope/base/analysis/coco_POPE_random/2509.pt
1758,1758,coco_POPE_random,coco_POPE_random,1,0,"No,",no,1.7109375,0.7337962962962963,11.9375,5.3136975981404495,28,1,/mnt/data/ssz/mr/results/Qwen2.5-VL/pope/base/analysis/coco_POPE_random/1758.pt
1009,1009,coco_POPE_random,coco_POPE_random,1,0,"Yes,",yes,1.671875,0.7368344907407407,11.9375,4.993984432411823,28,1,/mnt/data/ssz/mr/results/Qwen2.5-VL/pope/base/analysis/coco_POPE_random/1009.pt
266,266,coco_POPE_random,coco_POPE_random,1,0,"No,",no,1.703125,0.7434895833333334,11.9375,5.235298870962213,28,1,/mnt/data/ssz/mr/results/Qwen2.5-VL/pope/base/analysis/coco_POPE_random/266.pt
1759,1759,coco_POPE_random,coco_POPE_random,1,0,"Yes,",yes,1.703125,0.7643229166666666,11.9375,4.869733084978965,28,1,/mnt/data/ssz/mr/results/Qwen2.5-VL/pope/base/analysis/coco_POPE_random/1759.pt
2510,2510,coco_POPE_random,coco_POPE_random,1,0,"No,",no,1.65625,0.7443576388888888,11.9375,5.345728975403572,28,1,/mnt/data/ssz/mr/results/Qwen2.5-VL/pope/base/analysis/coco_POPE_random/2510.pt
267,267,coco_POPE_random,coco_POPE_random,1,0,"Yes,",yes,1.703125,0.7434895833333334,11.9375,4.872570079652468,28,1,/mnt/data/ssz/mr/results/Qwen2.5-VL/pope/base/analysis/coco_POPE_random/267.pt
1760,1760,coco_POPE_random,coco_POPE_random,1,0,"No,",no,1.703125,0.7643229166666666,11.9375,5.250395949067815,28,1,/mnt/data/ssz/mr/results/Qwen2.5-VL/pope/base/analysis/coco_POPE_random/1760.pt
1010,1010,coco_POPE_random,coco_POPE_random,1,0,"No,",no,1.671875,0.7368344907407407,11.9375,5.401496618013914,28,1,/mnt/data/ssz/mr/results/Qwen2.5-VL/pope/base/analysis/coco_POPE_random/1010.pt
2511,2511,coco_POPE_random,coco_POPE_random,0,1,"No,",yes,1.65625,0.7443576388888888,11.9375,5.425974057544762,28,1,/mnt/data/ssz/mr/results/Qwen2.5-VL/pope/base/analysis/coco_POPE_random/2511.pt
268,268,coco_POPE_random,coco_POPE_random,1,0,"No,",no,1.703125,0.7434895833333334,11.9375,5.241937662208172,28,1,/mnt/data/ssz/mr/results/Qwen2.5-VL/pope/base/analysis/coco_POPE_random/268.pt
1761,1761,coco_POPE_random,coco_POPE_random,0,1,"No,",yes,1.703125,0.7643229166666666,11.9375,5.216291602429669,28,1,/mnt/data/ssz/mr/results/Qwen2.5-VL/pope/base/analysis/coco_POPE_random/1761.pt
1011,1011,coco_POPE_random,coco_POPE_random,0,1,"No,",yes,1.671875,0.7368344907407407,11.9375,5.4118808654413035,28,1,/mnt/data/ssz/mr/results/Qwen2.5-VL/pope/base/analysis/coco_POPE_random/1011.pt
2512,2512,coco_POPE_random,coco_POPE_random,1,0,"No,",no,1.65625,0.7443576388888888,11.9375,5.365952709879414,28,1,/mnt/data/ssz/mr/results/Qwen2.5-VL/pope/base/analysis/coco_POPE_random/2512.pt
1762,1762,coco_POPE_random,coco_POPE_random,1,0,"No,",no,1.703125,0.7643229166666666,11.9375,5.250103516717681,28,1,/mnt/data/ssz/mr/results/Qwen2.5-VL/pope/base/analysis/coco_POPE_random/1762.pt
269,269,coco_POPE_random,coco_POPE_random,1,0,"Yes,",yes,1.703125,0.7434895833333334,11.9375,4.788639395062235,28,1,/mnt/data/ssz/mr/results/Qwen2.5-VL/pope/base/analysis/coco_POPE_random/269.pt
2513,2513,coco_POPE_random,coco_POPE_random,1,0,"Yes,",yes,1.65625,0.7443576388888888,11.9375,4.877994487569063,28,1,/mnt/data/ssz/mr/results/Qwen2.5-VL/pope/base/analysis/coco_POPE_random/2513.pt
1763,1763,coco_POPE_random,coco_POPE_random,0,1,"No,",yes,1.703125,0.7643229166666666,11.9375,5.34176283008887,28,1,/mnt/data/ssz/mr/results/Qwen2.5-VL/pope/base/analysis/coco_POPE_random/1763.pt
1012,1012,coco_POPE_random,coco_POPE_random,1,0,"No,",no,1.671875,0.7368344907407407,11.9375,5.3785977882577996,28,1,/mnt/data/ssz/mr/results/Qwen2.5-VL/pope/base/analysis/coco_POPE_random/1012.pt
270,270,coco_POPE_random,coco_POPE_random,1,0,"No,",no,1.703125,0.7434895833333334,11.9375,5.244043611047127,28,1,/mnt/data/ssz/mr/results/Qwen2.5-VL/pope/base/analysis/coco_POPE_random/270.pt
1764,1764,coco_POPE_random,coco_POPE_random,1,0,"No,",no,1.703125,0.7643229166666666,11.9375,5.2920098310134,28,1,/mnt/data/ssz/mr/results/Qwen2.5-VL/pope/base/analysis/coco_POPE_random/1764.pt
2514,2514,coco_POPE_random,coco_POPE_random,1,0,"No,",no,1.65625,0.7443576388888888,11.9375,5.441443757280844,28,1,/mnt/data/ssz/mr/results/Qwen2.5-VL/pope/base/analysis/coco_POPE_random/2514.pt
271,271,coco_POPE_random,coco_POPE_random,1,0,"Yes,",yes,1.71875,0.7390046296296297,11.9375,4.914921723253491,28,1,/mnt/data/ssz/mr/results/Qwen2.5-VL/pope/base/analysis/coco_POPE_random/271.pt
1013,1013,coco_POPE_random,coco_POPE_random,1,0,"Yes,",yes,1.671875,0.7368344907407407,11.9375,4.915934478088411,28,1,/mnt/data/ssz/mr/results/Qwen2.5-VL/pope/base/analysis/coco_POPE_random/1013.pt
1765,1765,coco_POPE_random,coco_POPE_random,1,0,"Yes,",yes,1.7265625,0.7268518518518519,11.9375,4.992361988450161,28,1,/mnt/data/ssz/mr/results/Qwen2.5-VL/pope/base/analysis/coco_POPE_random/1765.pt
2515,2515,coco_POPE_random,coco_POPE_random,0,1,"No,",yes,1.7265625,0.7475405092592593,11.9375,5.3279458645909115,28,1,/mnt/data/ssz/mr/results/Qwen2.5-VL/pope/base/analysis/coco_POPE_random/2515.pt
272,272,coco_POPE_random,coco_POPE_random,1,0,"No,",no,1.71875,0.7390046296296297,11.9375,5.490763306077811,28,1,/mnt/data/ssz/mr/results/Qwen2.5-VL/pope/base/analysis/coco_POPE_random/272.pt
1014,1014,coco_POPE_random,coco_POPE_random,1,0,"No,",no,1.671875,0.7368344907407407,11.9375,5.386882439322296,28,1,/mnt/data/ssz/mr/results/Qwen2.5-VL/pope/base/analysis/coco_POPE_random/1014.pt
1766,1766,coco_POPE_random,coco_POPE_random,1,0,"No,",no,1.7265625,0.7268518518518519,11.9375,5.324481367503127,28,1,/mnt/data/ssz/mr/results/Qwen2.5-VL/pope/base/analysis/coco_POPE_random/1766.pt
2516,2516,coco_POPE_random,coco_POPE_random,1,0,"No,",no,1.7265625,0.7475405092592593,11.9375,5.362681623453117,28,1,/mnt/data/ssz/mr/results/Qwen2.5-VL/pope/base/analysis/coco_POPE_random/2516.pt
273,273,coco_POPE_random,coco_POPE_random,1,0,"Yes,",yes,1.71875,0.7390046296296297,11.9375,5.139462017217419,28,1,/mnt/data/ssz/mr/results/Qwen2.5-VL/pope/base/analysis/coco_POPE_random/273.pt
1015,1015,coco_POPE_random,coco_POPE_random,1,0,"Yes,",yes,1.71875,0.72265625,11.9375,4.993969496344836,28,1,/mnt/data/ssz/mr/results/Qwen2.5-VL/pope/base/analysis/coco_POPE_random/1015.pt
1767,1767,coco_POPE_random,coco_POPE_random,1,0,"Yes,",yes,1.7265625,0.7268518518518519,11.9375,4.86897474730635,28,1,/mnt/data/ssz/mr/results/Qwen2.5-VL/pope/base/analysis/coco_POPE_random/1767.pt
2517,2517,coco_POPE_random,coco_POPE_random,1,0,"Yes,",yes,1.7265625,0.7475405092592593,11.9375,5.055691601909347,28,1,/mnt/data/ssz/mr/results/Qwen2.5-VL/pope/base/analysis/coco_POPE_random/2517.pt
274,274,coco_POPE_random,coco_POPE_random,1,0,"No,",no,1.71875,0.7390046296296297,11.9375,5.39562791317967,28,1,/mnt/data/ssz/mr/results/Qwen2.5-VL/pope/base/analysis/coco_POPE_random/274.pt
1016,1016,coco_POPE_random,coco_POPE_random,1,0,"No,",no,1.71875,0.72265625,11.9375,5.4093322015190815,28,1,/mnt/data/ssz/mr/results/Qwen2.5-VL/pope/base/analysis/coco_POPE_random/1016.pt
1768,1768,coco_POPE_random,coco_POPE_random,1,0,"No,",no,1.7265625,0.7268518518518519,11.9375,5.385512207031783,28,1,/mnt/data/ssz/mr/results/Qwen2.5-VL/pope/base/analysis/coco_POPE_random/1768.pt
2518,2518,coco_POPE_random,coco_POPE_random,1,0,"No,",no,1.7265625,0.7475405092592593,11.9375,5.345382253724454,28,1,/mnt/data/ssz/mr/results/Qwen2.5-VL/pope/base/analysis/coco_POPE_random/2518.pt
275,275,coco_POPE_random,coco_POPE_random,1,0,"Yes,",yes,1.71875,0.7390046296296297,11.9375,5.005935981853201,28,1,/mnt/data/ssz/mr/results/Qwen2.5-VL/pope/base/analysis/coco_POPE_random/275.pt
1017,1017,coco_POPE_random,coco_POPE_random,1,0,"Yes,",yes,1.71875,0.72265625,11.9375,4.922659360888983,28,1,/mnt/data/ssz/mr/results/Qwen2.5-VL/pope/base/analysis/coco_POPE_random/1017.pt
1769,1769,coco_POPE_random,coco_POPE_random,1,0,"Yes,",yes,1.7265625,0.7268518518518519,11.9375,4.827675131227124,28,1,/mnt/data/ssz/mr/results/Qwen2.5-VL/pope/base/analysis/coco_POPE_random/1769.pt
2519,2519,coco_POPE_random,coco_POPE_random,0,1,"No,",yes,1.7265625,0.7475405092592593,11.9375,5.386542099868732,28,1,/mnt/data/ssz/mr/results/Qwen2.5-VL/pope/base/analysis/coco_POPE_random/2519.pt
276,276,coco_POPE_random,coco_POPE_random,1,0,"No,",no,1.71875,0.7390046296296297,11.9375,5.397199001388054,28,1,/mnt/data/ssz/mr/results/Qwen2.5-VL/pope/base/analysis/coco_POPE_random/276.pt
1018,1018,coco_POPE_random,coco_POPE_random,1,0,"No,",no,1.71875,0.72265625,11.9375,5.308778166676605,28,1,/mnt/data/ssz/mr/results/Qwen2.5-VL/pope/base/analysis/coco_POPE_random/1018.pt
1770,1770,coco_POPE_random,coco_POPE_random,1,0,"No,",no,1.7265625,0.7268518518518519,11.9375,5.330642611503273,28,1,/mnt/data/ssz/mr/results/Qwen2.5-VL/pope/base/analysis/coco_POPE_random/1770.pt
2520,2520,coco_POPE_random,coco_POPE_random,1,0,"No,",no,1.7265625,0.7475405092592593,11.9375,5.409171516184681,28,1,/mnt/data/ssz/mr/results/Qwen2.5-VL/pope/base/analysis/coco_POPE_random/2520.pt
277,277,coco_POPE_random,coco_POPE_random,1,0,"Yes,",yes,1.734375,0.7188946759259259,11.9375,4.866964941911208,28,1,/mnt/data/ssz/mr/results/Qwen2.5-VL/pope/base/analysis/coco_POPE_random/277.pt
1019,1019,coco_POPE_random,coco_POPE_random,0,1,"No,",yes,1.71875,0.72265625,11.9375,5.378037582292854,28,1,/mnt/data/ssz/mr/results/Qwen2.5-VL/pope/base/analysis/coco_POPE_random/1019.pt
1771,1771,coco_POPE_random,coco_POPE_random,1,0,"Yes,",yes,1.75,0.7324942129629629,11.9375,5.084688378341413,28,1,/mnt/data/ssz/mr/results/Qwen2.5-VL/pope/base/analysis/coco_POPE_random/1771.pt
2521,2521,coco_POPE_random,coco_POPE_random,1,0,"Yes,",yes,1.7578125,0.7267071759259259,11.9375,4.876072480238283,28,1,/mnt/data/ssz/mr/results/Qwen2.5-VL/pope/base/analysis/coco_POPE_random/2521.pt
278,278,coco_POPE_random,coco_POPE_random,1,0,"No,",no,1.734375,0.7188946759259259,11.9375,5.336085444048814,28,1,/mnt/data/ssz/mr/results/Qwen2.5-VL/pope/base/analysis/coco_POPE_random/278.pt
1020,1020,coco_POPE_random,coco_POPE_random,1,0,"No,",no,1.71875,0.72265625,11.9375,5.362946843536238,28,1,/mnt/data/ssz/mr/results/Qwen2.5-VL/pope/base/analysis/coco_POPE_random/1020.pt
1772,1772,coco_POPE_random,coco_POPE_random,1,0,"No,",no,1.75,0.7324942129629629,11.9375,5.34085428588991,28,1,/mnt/data/ssz/mr/results/Qwen2.5-VL/pope/base/analysis/coco_POPE_random/1772.pt
2522,2522,coco_POPE_random,coco_POPE_random,1,0,"No,",no,1.7578125,0.7267071759259259,11.9375,5.327889701982117,28,1,/mnt/data/ssz/mr/results/Qwen2.5-VL/pope/base/analysis/coco_POPE_random/2522.pt
279,279,coco_POPE_random,coco_POPE_random,0,1,"No,",yes,1.734375,0.7188946759259259,11.9375,5.377954145678786,28,1,/mnt/data/ssz/mr/results/Qwen2.5-VL/pope/base/analysis/coco_POPE_random/279.pt
1021,1021,coco_POPE_random,coco_POPE_random,1,0,"Yes,",yes,1.7265625,0.7388599537037037,11.9375,4.903059441373898,28,1,/mnt/data/ssz/mr/results/Qwen2.5-VL/pope/base/analysis/coco_POPE_random/1021.pt
1773,1773,coco_POPE_random,coco_POPE_random,1,0,"Yes,",yes,1.75,0.7324942129629629,11.9375,4.893597375382757,28,1,/mnt/data/ssz/mr/results/Qwen2.5-VL/pope/base/analysis/coco_POPE_random/1773.pt
2523,2523,coco_POPE_random,coco_POPE_random,1,0,"Yes,",yes,1.7578125,0.7267071759259259,11.9375,4.761883058764555,28,1,/mnt/data/ssz/mr/results/Qwen2.5-VL/pope/base/analysis/coco_POPE_random/2523.pt
1022,1022,coco_POPE_random,coco_POPE_random,1,0,"No,",no,1.7265625,0.7388599537037037,11.9375,5.389159933246227,28,1,/mnt/data/ssz/mr/results/Qwen2.5-VL/pope/base/analysis/coco_POPE_random/1022.pt
280,280,coco_POPE_random,coco_POPE_random,1,0,"No,",no,1.734375,0.7188946759259259,11.9375,5.248519315793295,28,1,/mnt/data/ssz/mr/results/Qwen2.5-VL/pope/base/analysis/coco_POPE_random/280.pt
1774,1774,coco_POPE_random,coco_POPE_random,1,0,"No,",no,1.75,0.7324942129629629,11.9375,5.3695225933898385,28,1,/mnt/data/ssz/mr/results/Qwen2.5-VL/pope/base/analysis/coco_POPE_random/1774.pt
1023,1023,coco_POPE_random,coco_POPE_random,1,0,"Yes,",yes,1.7265625,0.7388599537037037,11.9375,5.118311903423517,28,1,/mnt/data/ssz/mr/results/Qwen2.5-VL/pope/base/analysis/coco_POPE_random/1023.pt
1775,1775,coco_POPE_random,coco_POPE_random,1,0,"Yes,",yes,1.75,0.7324942129629629,11.9375,4.929836304638198,28,1,/mnt/data/ssz/mr/results/Qwen2.5-VL/pope/base/analysis/coco_POPE_random/1775.pt
2524,2524,coco_POPE_random,coco_POPE_random,1,0,"No,",no,1.7578125,0.7267071759259259,11.9375,5.241756306057706,28,1,/mnt/data/ssz/mr/results/Qwen2.5-VL/pope/base/analysis/coco_POPE_random/2524.pt
281,281,coco_POPE_random,coco_POPE_random,1,0,"Yes,",yes,1.734375,0.7188946759259259,11.9375,4.793220836665249,28,1,/mnt/data/ssz/mr/results/Qwen2.5-VL/pope/base/analysis/coco_POPE_random/281.pt
1024,1024,coco_POPE_random,coco_POPE_random,1,0,"No,",no,1.7265625,0.7388599537037037,11.9375,5.395171723501648,28,1,/mnt/data/ssz/mr/results/Qwen2.5-VL/pope/base/analysis/coco_POPE_random/1024.pt
1776,1776,coco_POPE_random,coco_POPE_random,1,0,"No,",no,1.75,0.7324942129629629,11.9375,5.4859312397059306,28,1,/mnt/data/ssz/mr/results/Qwen2.5-VL/pope/base/analysis/coco_POPE_random/1776.pt
282,282,coco_POPE_random,coco_POPE_random,1,0,"No,",no,1.734375,0.7188946759259259,11.9375,5.262305041871459,28,1,/mnt/data/ssz/mr/results/Qwen2.5-VL/pope/base/analysis/coco_POPE_random/282.pt
2525,2525,coco_POPE_random,coco_POPE_random,1,0,"Yes,",yes,1.7578125,0.7267071759259259,11.9375,4.771507059371352,28,1,/mnt/data/ssz/mr/results/Qwen2.5-VL/pope/base/analysis/coco_POPE_random/2525.pt
1025,1025,coco_POPE_random,coco_POPE_random,1,0,"Yes,",yes,1.7265625,0.7388599537037037,11.9375,4.926141273954899,28,1,/mnt/data/ssz/mr/results/Qwen2.5-VL/pope/base/analysis/coco_POPE_random/1025.pt
283,283,coco_POPE_random,coco_POPE_random,1,0,"Yes,",yes,1.6875,0.7229456018518519,11.9375,4.910313522708121,28,1,/mnt/data/ssz/mr/results/Qwen2.5-VL/pope/base/analysis/coco_POPE_random/283.pt
1777,1777,coco_POPE_random,coco_POPE_random,1,0,"Yes,",yes,1.7109375,0.7342303240740741,11.9375,4.841197783978533,28,1,/mnt/data/ssz/mr/results/Qwen2.5-VL/pope/base/analysis/coco_POPE_random/1777.pt
2526,2526,coco_POPE_random,coco_POPE_random,1,0,"No,",no,1.7578125,0.7267071759259259,11.9375,5.347337835073914,28,1,/mnt/data/ssz/mr/results/Qwen2.5-VL/pope/base/analysis/coco_POPE_random/2526.pt
1026,1026,coco_POPE_random,coco_POPE_random,1,0,"No,",no,1.7265625,0.7388599537037037,11.9375,5.3165608774579605,28,1,/mnt/data/ssz/mr/results/Qwen2.5-VL/pope/base/analysis/coco_POPE_random/1026.pt
284,284,coco_POPE_random,coco_POPE_random,1,0,"No,",no,1.6875,0.7229456018518519,11.9375,5.267076651918238,28,1,/mnt/data/ssz/mr/results/Qwen2.5-VL/pope/base/analysis/coco_POPE_random/284.pt
1778,1778,coco_POPE_random,coco_POPE_random,1,0,"No,",no,1.7109375,0.7342303240740741,11.9375,5.365789291229205,28,1,/mnt/data/ssz/mr/results/Qwen2.5-VL/pope/base/analysis/coco_POPE_random/1778.pt
2527,2527,coco_POPE_random,coco_POPE_random,1,0,"Yes,",yes,1.7421875,0.7403067129629629,11.9375,4.995193019167016,28,1,/mnt/data/ssz/mr/results/Qwen2.5-VL/pope/base/analysis/coco_POPE_random/2527.pt
1027,1027,coco_POPE_random,coco_POPE_random,0,1,"No,",yes,1.734375,0.7232349537037037,11.9375,5.394997551134017,28,1,/mnt/data/ssz/mr/results/Qwen2.5-VL/pope/base/analysis/coco_POPE_random/1027.pt
285,285,coco_POPE_random,coco_POPE_random,0,1,"No,",yes,1.6875,0.7229456018518519,11.9375,5.322510001844992,28,1,/mnt/data/ssz/mr/results/Qwen2.5-VL/pope/base/analysis/coco_POPE_random/285.pt
1779,1779,coco_POPE_random,coco_POPE_random,1,0,"Yes,",yes,1.7109375,0.7342303240740741,11.9375,4.995486495076043,28,1,/mnt/data/ssz/mr/results/Qwen2.5-VL/pope/base/analysis/coco_POPE_random/1779.pt
2528,2528,coco_POPE_random,coco_POPE_random,1,0,"No,",no,1.7421875,0.7403067129629629,11.9375,5.448488953824412,28,1,/mnt/data/ssz/mr/results/Qwen2.5-VL/pope/base/analysis/coco_POPE_random/2528.pt
286,286,coco_POPE_random,coco_POPE_random,1,0,"No,",no,1.6875,0.7229456018518519,11.9375,5.272974875128309,28,1,/mnt/data/ssz/mr/results/Qwen2.5-VL/pope/base/analysis/coco_POPE_random/286.pt
1028,1028,coco_POPE_random,coco_POPE_random,1,0,"No,",no,1.734375,0.7232349537037037,11.9375,5.433409899201722,28,1,/mnt/data/ssz/mr/results/Qwen2.5-VL/pope/base/analysis/coco_POPE_random/1028.pt
1780,1780,coco_POPE_random,coco_POPE_random,1,0,"No,",no,1.7109375,0.7342303240740741,11.9375,5.295202132603475,28,1,/mnt/data/ssz/mr/results/Qwen2.5-VL/pope/base/analysis/coco_POPE_random/1780.pt
2529,2529,coco_POPE_random,coco_POPE_random,1,0,"Yes,",yes,1.7421875,0.7403067129629629,11.9375,4.809632366693783,28,1,/mnt/data/ssz/mr/results/Qwen2.5-VL/pope/base/analysis/coco_POPE_random/2529.pt
287,287,coco_POPE_random,coco_POPE_random,0,1,"No,",yes,1.6875,0.7229456018518519,11.9375,5.23002188891857,28,1,/mnt/data/ssz/mr/results/Qwen2.5-VL/pope/base/analysis/coco_POPE_random/287.pt
1029,1029,coco_POPE_random,coco_POPE_random,0,1,"No,",yes,1.734375,0.7232349537037037,11.9375,5.286444581959962,28,1,/mnt/data/ssz/mr/results/Qwen2.5-VL/pope/base/analysis/coco_POPE_random/1029.pt
1781,1781,coco_POPE_random,coco_POPE_random,1,0,"Yes,",yes,1.7109375,0.7342303240740741,11.9375,4.8273943258195535,28,1,/mnt/data/ssz/mr/results/Qwen2.5-VL/pope/base/analysis/coco_POPE_random/1781.pt
2530,2530,coco_POPE_random,coco_POPE_random,1,0,"No,",no,1.7421875,0.7403067129629629,11.9375,5.476170837249945,28,1,/mnt/data/ssz/mr/results/Qwen2.5-VL/pope/base/analysis/coco_POPE_random/2530.pt
288,288,coco_POPE_random,coco_POPE_random,1,0,"No,",no,1.6875,0.7229456018518519,11.9375,5.255410446965941,28,1,/mnt/data/ssz/mr/results/Qwen2.5-VL/pope/base/analysis/coco_POPE_random/288.pt
1030,1030,coco_POPE_random,coco_POPE_random,1,0,"No,",no,1.734375,0.7232349537037037,11.9375,5.379950237410945,28,1,/mnt/data/ssz/mr/results/Qwen2.5-VL/pope/base/analysis/coco_POPE_random/1030.pt
1782,1782,coco_POPE_random,coco_POPE_random,1,0,"No,",no,1.7109375,0.7342303240740741,11.9375,5.413492963685462,28,1,/mnt/data/ssz/mr/results/Qwen2.5-VL/pope/base/analysis/coco_POPE_random/1782.pt
2531,2531,coco_POPE_random,coco_POPE_random,1,0,"Yes,",yes,1.7421875,0.7403067129629629,11.9375,4.885090993869962,28,1,/mnt/data/ssz/mr/results/Qwen2.5-VL/pope/base/analysis/coco_POPE_random/2531.pt
289,289,coco_POPE_random,coco_POPE_random,0,1,"No,",yes,1.71875,0.7579571759259259,11.9375,5.536120554625972,28,1,/mnt/data/ssz/mr/results/Qwen2.5-VL/pope/base/analysis/coco_POPE_random/289.pt
1031,1031,coco_POPE_random,coco_POPE_random,1,0,"Yes,",yes,1.734375,0.7232349537037037,11.9375,4.998781634058484,28,1,/mnt/data/ssz/mr/results/Qwen2.5-VL/pope/base/analysis/coco_POPE_random/1031.pt
1783,1783,coco_POPE_random,coco_POPE_random,1,0,"Yes,",yes,1.75,0.7293113425925926,11.9375,4.923235231164951,28,1,/mnt/data/ssz/mr/results/Qwen2.5-VL/pope/base/analysis/coco_POPE_random/1783.pt
2532,2532,coco_POPE_random,coco_POPE_random,1,0,"No,",no,1.7421875,0.7403067129629629,11.9375,5.4696161067205,28,1,/mnt/data/ssz/mr/results/Qwen2.5-VL/pope/base/analysis/coco_POPE_random/2532.pt
290,290,coco_POPE_random,coco_POPE_random,1,0,"No,",no,1.71875,0.7579571759259259,11.9375,5.375503993502332,28,1,/mnt/data/ssz/mr/results/Qwen2.5-VL/pope/base/analysis/coco_POPE_random/290.pt
1032,1032,coco_POPE_random,coco_POPE_random,1,0,"No,",no,1.734375,0.7232349537037037,11.9375,5.381316139713002,28,1,/mnt/data/ssz/mr/results/Qwen2.5-VL/pope/base/analysis/coco_POPE_random/1032.pt
2533,2533,coco_POPE_random,coco_POPE_random,1,0,"Yes,",yes,1.6875,0.7618634259259259,11.9375,4.800677097345319,28,1,/mnt/data/ssz/mr/results/Qwen2.5-VL/pope/base/analysis/coco_POPE_random/2533.pt
1784,1784,coco_POPE_random,coco_POPE_random,1,0,"No,",no,1.75,0.7293113425925926,11.9375,5.316050594532185,28,1,/mnt/data/ssz/mr/results/Qwen2.5-VL/pope/base/analysis/coco_POPE_random/1784.pt
291,291,coco_POPE_random,coco_POPE_random,1,0,"Yes,",yes,1.71875,0.7579571759259259,11.9375,5.065210442335745,28,1,/mnt/data/ssz/mr/results/Qwen2.5-VL/pope/base/analysis/coco_POPE_random/291.pt
1033,1033,coco_POPE_random,coco_POPE_random,1,0,"Yes,",yes,1.671875,0.7575231481481481,11.9375,4.932063154669824,28,1,/mnt/data/ssz/mr/results/Qwen2.5-VL/pope/base/analysis/coco_POPE_random/1033.pt
2534,2534,coco_POPE_random,coco_POPE_random,1,0,"No,",no,1.6875,0.7618634259259259,11.9375,5.230616949110018,28,1,/mnt/data/ssz/mr/results/Qwen2.5-VL/pope/base/analysis/coco_POPE_random/2534.pt
292,292,coco_POPE_random,coco_POPE_random,1,0,"No,",no,1.71875,0.7579571759259259,11.9375,5.413993953399775,28,1,/mnt/data/ssz/mr/results/Qwen2.5-VL/pope/base/analysis/coco_POPE_random/292.pt
1034,1034,coco_POPE_random,coco_POPE_random,1,0,"No,",no,1.671875,0.7575231481481481,11.9375,5.259949341879512,28,1,/mnt/data/ssz/mr/results/Qwen2.5-VL/pope/base/analysis/coco_POPE_random/1034.pt
1785,1785,coco_POPE_random,coco_POPE_random,1,0,"Yes,",yes,1.75,0.7293113425925926,11.9375,4.832664277214746,28,1,/mnt/data/ssz/mr/results/Qwen2.5-VL/pope/base/analysis/coco_POPE_random/1785.pt
2535,2535,coco_POPE_random,coco_POPE_random,1,0,"Yes,",yes,1.6875,0.7618634259259259,11.9375,4.904616238420951,28,1,/mnt/data/ssz/mr/results/Qwen2.5-VL/pope/base/analysis/coco_POPE_random/2535.pt
293,293,coco_POPE_random,coco_POPE_random,1,0,"Yes,",yes,1.71875,0.7579571759259259,11.9375,4.9023679735210335,28,1,/mnt/data/ssz/mr/results/Qwen2.5-VL/pope/base/analysis/coco_POPE_random/293.pt
1035,1035,coco_POPE_random,coco_POPE_random,0,1,"No,",yes,1.671875,0.7575231481481481,11.9375,5.452801528846413,28,1,/mnt/data/ssz/mr/results/Qwen2.5-VL/pope/base/analysis/coco_POPE_random/1035.pt
1786,1786,coco_POPE_random,coco_POPE_random,1,0,"No,",no,1.75,0.7293113425925926,11.9375,5.339171582086268,28,1,/mnt/data/ssz/mr/results/Qwen2.5-VL/pope/base/analysis/coco_POPE_random/1786.pt
2536,2536,coco_POPE_random,coco_POPE_random,1,0,"No,",no,1.6875,0.7618634259259259,11.9375,5.236266455363194,28,1,/mnt/data/ssz/mr/results/Qwen2.5-VL/pope/base/analysis/coco_POPE_random/2536.pt
1036,1036,coco_POPE_random,coco_POPE_random,1,0,"No,",no,1.671875,0.7575231481481481,11.9375,5.33358888553442,28,1,/mnt/data/ssz/mr/results/Qwen2.5-VL/pope/base/analysis/coco_POPE_random/1036.pt
294,294,coco_POPE_random,coco_POPE_random,1,0,"No,",no,1.71875,0.7579571759259259,11.9375,5.341050104512078,28,1,/mnt/data/ssz/mr/results/Qwen2.5-VL/pope/base/analysis/coco_POPE_random/294.pt
2537,2537,coco_POPE_random,coco_POPE_random,1,0,"Yes,",yes,1.6875,0.7618634259259259,11.9375,4.861847590129221,28,1,/mnt/data/ssz/mr/results/Qwen2.5-VL/pope/base/analysis/coco_POPE_random/2537.pt
1787,1787,coco_POPE_random,coco_POPE_random,0,1,"No,",yes,1.75,0.7293113425925926,11.9375,5.4185751254383305,28,1,/mnt/data/ssz/mr/results/Qwen2.5-VL/pope/base/analysis/coco_POPE_random/1787.pt
1037,1037,coco_POPE_random,coco_POPE_random,1,0,"Yes,",yes,1.671875,0.7575231481481481,11.9375,4.763185325339648,28,1,/mnt/data/ssz/mr/results/Qwen2.5-VL/pope/base/analysis/coco_POPE_random/1037.pt
295,295,coco_POPE_random,coco_POPE_random,1,0,"Yes,",yes,1.734375,0.7426215277777778,11.9375,4.988407545181598,28,1,/mnt/data/ssz/mr/results/Qwen2.5-VL/pope/base/analysis/coco_POPE_random/295.pt
2538,2538,coco_POPE_random,coco_POPE_random,1,0,"No,",no,1.6875,0.7618634259259259,11.9375,5.1761093921828945,28,1,/mnt/data/ssz/mr/results/Qwen2.5-VL/pope/base/analysis/coco_POPE_random/2538.pt
1788,1788,coco_POPE_random,coco_POPE_random,1,0,"No,",no,1.75,0.7293113425925926,11.9375,5.249428941393804,28,1,/mnt/data/ssz/mr/results/Qwen2.5-VL/pope/base/analysis/coco_POPE_random/1788.pt
1038,1038,coco_POPE_random,coco_POPE_random,1,0,"No,",no,1.671875,0.7575231481481481,11.9375,5.430899168026003,28,1,/mnt/data/ssz/mr/results/Qwen2.5-VL/pope/base/analysis/coco_POPE_random/1038.pt
296,296,coco_POPE_random,coco_POPE_random,1,0,"No,",no,1.734375,0.7426215277777778,11.9375,5.457503125312637,28,1,/mnt/data/ssz/mr/results/Qwen2.5-VL/pope/base/analysis/coco_POPE_random/296.pt
2539,2539,coco_POPE_random,coco_POPE_random,1,0,"Yes,",yes,1.65625,0.7384259259259259,11.9375,4.776602166377919,28,1,/mnt/data/ssz/mr/results/Qwen2.5-VL/pope/base/analysis/coco_POPE_random/2539.pt
1039,1039,coco_POPE_random,coco_POPE_random,0,1,"No,",yes,1.703125,0.7497106481481481,11.9375,5.181110686489022,28,1,/mnt/data/ssz/mr/results/Qwen2.5-VL/pope/base/analysis/coco_POPE_random/1039.pt
1789,1789,coco_POPE_random,coco_POPE_random,0,1,"No,",yes,1.703125,0.7199074074074074,11.9375,5.20674537587058,28,1,/mnt/data/ssz/mr/results/Qwen2.5-VL/pope/base/analysis/coco_POPE_random/1789.pt
1040,1040,coco_POPE_random,coco_POPE_random,1,0,"No,",no,1.703125,0.7497106481481481,11.9375,5.212340797055104,28,1,/mnt/data/ssz/mr/results/Qwen2.5-VL/pope/base/analysis/coco_POPE_random/1040.pt
2540,2540,coco_POPE_random,coco_POPE_random,1,0,"No,",no,1.65625,0.7384259259259259,11.9375,5.300253614505296,28,1,/mnt/data/ssz/mr/results/Qwen2.5-VL/pope/base/analysis/coco_POPE_random/2540.pt
297,297,coco_POPE_random,coco_POPE_random,0,1,"No,",yes,1.734375,0.7426215277777778,11.9375,5.416000325855717,28,1,/mnt/data/ssz/mr/results/Qwen2.5-VL/pope/base/analysis/coco_POPE_random/297.pt
1790,1790,coco_POPE_random,coco_POPE_random,1,0,"No,",no,1.703125,0.7199074074074074,11.9375,5.125113522463303,28,1,/mnt/data/ssz/mr/results/Qwen2.5-VL/pope/base/analysis/coco_POPE_random/1790.pt
1041,1041,coco_POPE_random,coco_POPE_random,1,0,"Yes,",yes,1.703125,0.7497106481481481,11.9375,4.840780013106967,28,1,/mnt/data/ssz/mr/results/Qwen2.5-VL/pope/base/analysis/coco_POPE_random/1041.pt
2541,2541,coco_POPE_random,coco_POPE_random,1,0,"Yes,",yes,1.65625,0.7384259259259259,11.9375,4.896713523316729,28,1,/mnt/data/ssz/mr/results/Qwen2.5-VL/pope/base/analysis/coco_POPE_random/2541.pt
1791,1791,coco_POPE_random,coco_POPE_random,1,0,"Yes,",yes,1.703125,0.7199074074074074,11.9375,4.75533561467361,28,1,/mnt/data/ssz/mr/results/Qwen2.5-VL/pope/base/analysis/coco_POPE_random/1791.pt
298,298,coco_POPE_random,coco_POPE_random,1,0,"No,",no,1.734375,0.7426215277777778,11.9375,5.497188210657231,28,1,/mnt/data/ssz/mr/results/Qwen2.5-VL/pope/base/analysis/coco_POPE_random/298.pt
1042,1042,coco_POPE_random,coco_POPE_random,1,0,"No,",no,1.703125,0.7497106481481481,11.9375,5.207399179797119,28,1,/mnt/data/ssz/mr/results/Qwen2.5-VL/pope/base/analysis/coco_POPE_random/1042.pt
2542,2542,coco_POPE_random,coco_POPE_random,1,0,"No,",no,1.65625,0.7384259259259259,11.9375,5.326930549397417,28,1,/mnt/data/ssz/mr/results/Qwen2.5-VL/pope/base/analysis/coco_POPE_random/2542.pt
1792,1792,coco_POPE_random,coco_POPE_random,1,0,"No,",no,1.703125,0.7199074074074074,11.9375,5.177852444274793,28,1,/mnt/data/ssz/mr/results/Qwen2.5-VL/pope/base/analysis/coco_POPE_random/1792.pt
1043,1043,coco_POPE_random,coco_POPE_random,0,1,"No,",yes,1.703125,0.7497106481481481,11.9375,5.113479526223493,28,1,/mnt/data/ssz/mr/results/Qwen2.5-VL/pope/base/analysis/coco_POPE_random/1043.pt
299,299,coco_POPE_random,coco_POPE_random,1,0,"Yes,",yes,1.734375,0.7426215277777778,11.9375,4.91365332707812,28,1,/mnt/data/ssz/mr/results/Qwen2.5-VL/pope/base/analysis/coco_POPE_random/299.pt
2543,2543,coco_POPE_random,coco_POPE_random,0,1,"No,",yes,1.65625,0.7384259259259259,11.9375,5.322789669761256,28,1,/mnt/data/ssz/mr/results/Qwen2.5-VL/pope/base/analysis/coco_POPE_random/2543.pt
1793,1793,coco_POPE_random,coco_POPE_random,0,1,"No,",yes,1.703125,0.7199074074074074,11.9375,5.252228746872852,28,1,/mnt/data/ssz/mr/results/Qwen2.5-VL/pope/base/analysis/coco_POPE_random/1793.pt
1044,1044,coco_POPE_random,coco_POPE_random,1,0,"No,",no,1.703125,0.7497106481481481,11.9375,5.304154282357935,28,1,/mnt/data/ssz/mr/results/Qwen2.5-VL/pope/base/analysis/coco_POPE_random/1044.pt
300,300,coco_POPE_random,coco_POPE_random,1,0,"No,",no,1.734375,0.7426215277777778,11.9375,5.47687652846121,28,1,/mnt/data/ssz/mr/results/Qwen2.5-VL/pope/base/analysis/coco_POPE_random/300.pt
2544,2544,coco_POPE_random,coco_POPE_random,1,0,"No,",no,1.65625,0.7384259259259259,11.9375,5.299684323723215,28,1,/mnt/data/ssz/mr/results/Qwen2.5-VL/pope/base/analysis/coco_POPE_random/2544.pt
1794,1794,coco_POPE_random,coco_POPE_random,1,0,"No,",no,1.703125,0.7199074074074074,11.9375,5.167207170606256,28,1,/mnt/data/ssz/mr/results/Qwen2.5-VL/pope/base/analysis/coco_POPE_random/1794.pt
1045,1045,coco_POPE_random,coco_POPE_random,1,0,"Yes,",yes,1.71875,0.7361111111111112,11.9375,4.8638828137372165,28,1,/mnt/data/ssz/mr/results/Qwen2.5-VL/pope/base/analysis/coco_POPE_random/1045.pt
301,301,coco_POPE_random,coco_POPE_random,0,1,"No,",yes,1.671875,0.7466724537037037,11.9375,5.365939054424142,28,1,/mnt/data/ssz/mr/results/Qwen2.5-VL/pope/base/analysis/coco_POPE_random/301.pt
2545,2545,coco_POPE_random,coco_POPE_random,1,0,"Yes,",yes,1.75,0.7284432870370371,11.9375,4.85467410079357,28,1,/mnt/data/ssz/mr/results/Qwen2.5-VL/pope/base/analysis/coco_POPE_random/2545.pt
1046,1046,coco_POPE_random,coco_POPE_random,1,0,"No,",no,1.71875,0.7361111111111112,11.9375,5.346477787221093,28,1,/mnt/data/ssz/mr/results/Qwen2.5-VL/pope/base/analysis/coco_POPE_random/1046.pt
1795,1795,coco_POPE_random,coco_POPE_random,1,0,"Yes,",yes,1.71875,0.7358217592592593,11.9375,5.146305299506595,28,1,/mnt/data/ssz/mr/results/Qwen2.5-VL/pope/base/analysis/coco_POPE_random/1795.pt
302,302,coco_POPE_random,coco_POPE_random,1,0,"No,",no,1.671875,0.7466724537037037,11.9375,5.360626524547742,28,1,/mnt/data/ssz/mr/results/Qwen2.5-VL/pope/base/analysis/coco_POPE_random/302.pt
2546,2546,coco_POPE_random,coco_POPE_random,1,0,"No,",no,1.75,0.7284432870370371,11.9375,5.408710586583767,28,1,/mnt/data/ssz/mr/results/Qwen2.5-VL/pope/base/analysis/coco_POPE_random/2546.pt
1047,1047,coco_POPE_random,coco_POPE_random,0,1,"No,",yes,1.71875,0.7361111111111112,11.9375,5.4695104442251825,28,1,/mnt/data/ssz/mr/results/Qwen2.5-VL/pope/base/analysis/coco_POPE_random/1047.pt
1796,1796,coco_POPE_random,coco_POPE_random,1,0,"No,",no,1.71875,0.7358217592592593,11.9375,5.4755001189824934,28,1,/mnt/data/ssz/mr/results/Qwen2.5-VL/pope/base/analysis/coco_POPE_random/1796.pt
303,303,coco_POPE_random,coco_POPE_random,1,0,"Yes,",yes,1.671875,0.7466724537037037,11.9375,4.879409912794302,28,1,/mnt/data/ssz/mr/results/Qwen2.5-VL/pope/base/analysis/coco_POPE_random/303.pt
1048,1048,coco_POPE_random,coco_POPE_random,1,0,"No,",no,1.71875,0.7361111111111112,11.9375,5.344306851995185,28,1,/mnt/data/ssz/mr/results/Qwen2.5-VL/pope/base/analysis/coco_POPE_random/1048.pt
2547,2547,coco_POPE_random,coco_POPE_random,1,0,"Yes,",yes,1.75,0.7284432870370371,11.9375,4.873304551340693,28,1,/mnt/data/ssz/mr/results/Qwen2.5-VL/pope/base/analysis/coco_POPE_random/2547.pt
1797,1797,coco_POPE_random,coco_POPE_random,0,1,"No,",yes,1.71875,0.7358217592592593,11.9375,5.403790706046056,28,1,/mnt/data/ssz/mr/results/Qwen2.5-VL/pope/base/analysis/coco_POPE_random/1797.pt
304,304,coco_POPE_random,coco_POPE_random,1,0,"No,",no,1.671875,0.7466724537037037,11.9375,5.412451720410022,28,1,/mnt/data/ssz/mr/results/Qwen2.5-VL/pope/base/analysis/coco_POPE_random/304.pt
1049,1049,coco_POPE_random,coco_POPE_random,0,1,"No,",yes,1.71875,0.7361111111111112,11.9375,5.420294648467401,28,1,/mnt/data/ssz/mr/results/Qwen2.5-VL/pope/base/analysis/coco_POPE_random/1049.pt
2548,2548,coco_POPE_random,coco_POPE_random,1,0,"No,",no,1.75,0.7284432870370371,11.9375,5.270133806356423,28,1,/mnt/data/ssz/mr/results/Qwen2.5-VL/pope/base/analysis/coco_POPE_random/2548.pt
1798,1798,coco_POPE_random,coco_POPE_random,1,0,"No,",no,1.71875,0.7358217592592593,11.9375,5.509277450539733,28,1,/mnt/data/ssz/mr/results/Qwen2.5-VL/pope/base/analysis/coco_POPE_random/1798.pt
305,305,coco_POPE_random,coco_POPE_random,1,0,"Yes,",yes,1.671875,0.7466724537037037,11.9375,4.90050465393895,28,1,/mnt/data/ssz/mr/results/Qwen2.5-VL/pope/base/analysis/coco_POPE_random/305.pt
1050,1050,coco_POPE_random,coco_POPE_random,1,0,"No,",no,1.71875,0.7361111111111112,11.9375,5.45890664748932,28,1,/mnt/data/ssz/mr/results/Qwen2.5-VL/pope/base/analysis/coco_POPE_random/1050.pt
2549,2549,coco_POPE_random,coco_POPE_random,1,0,"Yes,",yes,1.75,0.7284432870370371,11.9375,4.845024829537712,28,1,/mnt/data/ssz/mr/results/Qwen2.5-VL/pope/base/analysis/coco_POPE_random/2549.pt
306,306,coco_POPE_random,coco_POPE_random,1,0,"No,",no,1.671875,0.7466724537037037,11.9375,5.399649793346192,28,1,/mnt/data/ssz/mr/results/Qwen2.5-VL/pope/base/analysis/coco_POPE_random/306.pt
1799,1799,coco_POPE_random,coco_POPE_random,1,0,"Yes,",yes,1.71875,0.7358217592592593,11.9375,4.85119081773139,28,1,/mnt/data/ssz/mr/results/Qwen2.5-VL/pope/base/analysis/coco_POPE_random/1799.pt
1051,1051,coco_POPE_random,coco_POPE_random,0,1,"No,",yes,1.75,0.7326388888888888,11.9375,5.334258853309842,28,1,/mnt/data/ssz/mr/results/Qwen2.5-VL/pope/base/analysis/coco_POPE_random/1051.pt
2550,2550,coco_POPE_random,coco_POPE_random,1,0,"No,",no,1.75,0.7284432870370371,11.9375,5.360317036702264,28,1,/mnt/data/ssz/mr/results/Qwen2.5-VL/pope/base/analysis/coco_POPE_random/2550.pt
307,307,coco_POPE_random,coco_POPE_random,1,0,"Yes,",yes,1.71875,0.7352430555555556,11.9375,4.761990431866836,28,1,/mnt/data/ssz/mr/results/Qwen2.5-VL/pope/base/analysis/coco_POPE_random/307.pt
1800,1800,coco_POPE_random,coco_POPE_random,1,0,"No,",no,1.71875,0.7358217592592593,11.9375,5.4707291036144765,28,1,/mnt/data/ssz/mr/results/Qwen2.5-VL/pope/base/analysis/coco_POPE_random/1800.pt
1052,1052,coco_POPE_random,coco_POPE_random,1,0,"No,",no,1.75,0.7326388888888888,11.9375,5.371949901898539,28,1,/mnt/data/ssz/mr/results/Qwen2.5-VL/pope/base/analysis/coco_POPE_random/1052.pt
2551,2551,coco_POPE_random,coco_POPE_random,1,0,"Yes,",yes,1.71875,0.7588252314814815,11.9375,4.873154755142517,28,1,/mnt/data/ssz/mr/results/Qwen2.5-VL/pope/base/analysis/coco_POPE_random/2551.pt
1801,1801,coco_POPE_random,coco_POPE_random,1,0,"Yes,",yes,1.71875,0.7362557870370371,11.9375,4.798293218323777,28,1,/mnt/data/ssz/mr/results/Qwen2.5-VL/pope/base/analysis/coco_POPE_random/1801.pt
308,308,coco_POPE_random,coco_POPE_random,1,0,"No,",no,1.71875,0.7352430555555556,11.9375,5.245645275668032,28,1,/mnt/data/ssz/mr/results/Qwen2.5-VL/pope/base/analysis/coco_POPE_random/308.pt
1053,1053,coco_POPE_random,coco_POPE_random,1,0,"Yes,",yes,1.75,0.7326388888888888,11.9375,5.028530403278457,28,1,/mnt/data/ssz/mr/results/Qwen2.5-VL/pope/base/analysis/coco_POPE_random/1053.pt
2552,2552,coco_POPE_random,coco_POPE_random,1,0,"No,",no,1.71875,0.7588252314814815,11.9375,5.340132435420698,28,1,/mnt/data/ssz/mr/results/Qwen2.5-VL/pope/base/analysis/coco_POPE_random/2552.pt
1802,1802,coco_POPE_random,coco_POPE_random,1,0,"No,",no,1.71875,0.7362557870370371,11.9375,5.516723054757239,28,1,/mnt/data/ssz/mr/results/Qwen2.5-VL/pope/base/analysis/coco_POPE_random/1802.pt
309,309,coco_POPE_random,coco_POPE_random,1,0,"Yes,",yes,1.71875,0.7352430555555556,11.9375,4.955246275121507,28,1,/mnt/data/ssz/mr/results/Qwen2.5-VL/pope/base/analysis/coco_POPE_random/309.pt
1054,1054,coco_POPE_random,coco_POPE_random,1,0,"No,",no,1.75,0.7326388888888888,11.9375,5.41095663082499,28,1,/mnt/data/ssz/mr/results/Qwen2.5-VL/pope/base/analysis/coco_POPE_random/1054.pt
1803,1803,coco_POPE_random,coco_POPE_random,1,0,"Yes,",yes,1.71875,0.7362557870370371,11.9375,5.035356494023137,28,1,/mnt/data/ssz/mr/results/Qwen2.5-VL/pope/base/analysis/coco_POPE_random/1803.pt
2553,2553,coco_POPE_random,coco_POPE_random,1,0,"Yes,",yes,1.71875,0.7588252314814815,11.9375,4.8612852414492025,28,1,/mnt/data/ssz/mr/results/Qwen2.5-VL/pope/base/analysis/coco_POPE_random/2553.pt
310,310,coco_POPE_random,coco_POPE_random,1,0,"No,",no,1.71875,0.7352430555555556,11.9375,5.353326217949024,28,1,/mnt/data/ssz/mr/results/Qwen2.5-VL/pope/base/analysis/coco_POPE_random/310.pt
1055,1055,coco_POPE_random,coco_POPE_random,0,1,"No,",yes,1.75,0.7326388888888888,11.9375,5.468947935657752,28,1,/mnt/data/ssz/mr/results/Qwen2.5-VL/pope/base/analysis/coco_POPE_random/1055.pt
1804,1804,coco_POPE_random,coco_POPE_random,1,0,"No,",no,1.71875,0.7362557870370371,11.9375,5.373061254847369,28,1,/mnt/data/ssz/mr/results/Qwen2.5-VL/pope/base/analysis/coco_POPE_random/1804.pt
2554,2554,coco_POPE_random,coco_POPE_random,1,0,"No,",no,1.71875,0.7588252314814815,11.9375,5.290873443827501,28,1,/mnt/data/ssz/mr/results/Qwen2.5-VL/pope/base/analysis/coco_POPE_random/2554.pt
311,311,coco_POPE_random,coco_POPE_random,0,1,"No,",yes,1.71875,0.7352430555555556,11.9375,5.323795305998596,28,1,/mnt/data/ssz/mr/results/Qwen2.5-VL/pope/base/analysis/coco_POPE_random/311.pt
1056,1056,coco_POPE_random,coco_POPE_random,1,0,"No,",no,1.75,0.7326388888888888,11.9375,5.461057797191877,28,1,/mnt/data/ssz/mr/results/Qwen2.5-VL/pope/base/analysis/coco_POPE_random/1056.pt
1805,1805,coco_POPE_random,coco_POPE_random,1,0,"Yes,",yes,1.71875,0.7362557870370371,11.9375,4.86135860412846,28,1,/mnt/data/ssz/mr/results/Qwen2.5-VL/pope/base/analysis/coco_POPE_random/1805.pt
2555,2555,coco_POPE_random,coco_POPE_random,1,0,"Yes,",yes,1.71875,0.7588252314814815,11.9375,4.893486002023321,28,1,/mnt/data/ssz/mr/results/Qwen2.5-VL/pope/base/analysis/coco_POPE_random/2555.pt
312,312,coco_POPE_random,coco_POPE_random,1,0,"No,",no,1.71875,0.7352430555555556,11.9375,5.319220943268913,28,1,/mnt/data/ssz/mr/results/Qwen2.5-VL/pope/base/analysis/coco_POPE_random/312.pt
1057,1057,coco_POPE_random,coco_POPE_random,0,1,"No,",yes,1.71875,0.7450810185185185,11.9375,5.242817642688077,28,1,/mnt/data/ssz/mr/results/Qwen2.5-VL/pope/base/analysis/coco_POPE_random/1057.pt
1806,1806,coco_POPE_random,coco_POPE_random,1,0,"No,",no,1.71875,0.7362557870370371,11.9375,5.423527417953476,28,1,/mnt/data/ssz/mr/results/Qwen2.5-VL/pope/base/analysis/coco_POPE_random/1806.pt
2556,2556,coco_POPE_random,coco_POPE_random,1,0,"No,",no,1.71875,0.7588252314814815,11.9375,5.332523405011365,28,1,/mnt/data/ssz/mr/results/Qwen2.5-VL/pope/base/analysis/coco_POPE_random/2556.pt
313,313,coco_POPE_random,coco_POPE_random,1,0,"Yes,",yes,1.71875,0.7429108796296297,11.9375,5.025227027471882,28,1,/mnt/data/ssz/mr/results/Qwen2.5-VL/pope/base/analysis/coco_POPE_random/313.pt
1058,1058,coco_POPE_random,coco_POPE_random,1,0,"No,",no,1.71875,0.7450810185185185,11.9375,5.325713878596679,28,1,/mnt/data/ssz/mr/results/Qwen2.5-VL/pope/base/analysis/coco_POPE_random/1058.pt
1807,1807,coco_POPE_random,coco_POPE_random,1,0,"Yes,",yes,1.734375,0.7335069444444444,11.9375,4.981430652119688,28,1,/mnt/data/ssz/mr/results/Qwen2.5-VL/pope/base/analysis/coco_POPE_random/1807.pt
2557,2557,coco_POPE_random,coco_POPE_random,1,0,"Yes,",yes,1.6953125,0.7463831018518519,11.9375,4.757442453510891,28,1,/mnt/data/ssz/mr/results/Qwen2.5-VL/pope/base/analysis/coco_POPE_random/2557.pt
314,314,coco_POPE_random,coco_POPE_random,1,0,"No,",no,1.71875,0.7429108796296297,11.9375,5.375194047578111,28,1,/mnt/data/ssz/mr/results/Qwen2.5-VL/pope/base/analysis/coco_POPE_random/314.pt
1059,1059,coco_POPE_random,coco_POPE_random,1,0,"Yes,",yes,1.71875,0.7450810185185185,11.9375,4.871793263838709,28,1,/mnt/data/ssz/mr/results/Qwen2.5-VL/pope/base/analysis/coco_POPE_random/1059.pt
1808,1808,coco_POPE_random,coco_POPE_random,1,0,"No,",no,1.734375,0.7335069444444444,11.9375,5.471235162385836,28,1,/mnt/data/ssz/mr/results/Qwen2.5-VL/pope/base/analysis/coco_POPE_random/1808.pt
2558,2558,coco_POPE_random,coco_POPE_random,1,0,"No,",no,1.6953125,0.7463831018518519,11.9375,5.271682627034454,28,1,/mnt/data/ssz/mr/results/Qwen2.5-VL/pope/base/analysis/coco_POPE_random/2558.pt
315,315,coco_POPE_random,coco_POPE_random,1,0,"Yes,",yes,1.71875,0.7429108796296297,11.9375,4.973284878859023,28,1,/mnt/data/ssz/mr/results/Qwen2.5-VL/pope/base/analysis/coco_POPE_random/315.pt
1060,1060,coco_POPE_random,coco_POPE_random,1,0,"No,",no,1.71875,0.7450810185185185,11.9375,5.281901189555608,28,1,/mnt/data/ssz/mr/results/Qwen2.5-VL/pope/base/analysis/coco_POPE_random/1060.pt
1809,1809,coco_POPE_random,coco_POPE_random,0,1,"No,",yes,1.734375,0.7335069444444444,11.9375,5.353261457732132,28,1,/mnt/data/ssz/mr/results/Qwen2.5-VL/pope/base/analysis/coco_POPE_random/1809.pt
2559,2559,coco_POPE_random,coco_POPE_random,0,1,"No,",yes,1.6953125,0.7463831018518519,11.9375,5.367097551276171,28,1,/mnt/data/ssz/mr/results/Qwen2.5-VL/pope/base/analysis/coco_POPE_random/2559.pt
316,316,coco_POPE_random,coco_POPE_random,1,0,"No,",no,1.71875,0.7429108796296297,11.9375,5.38006985644235,28,1,/mnt/data/ssz/mr/results/Qwen2.5-VL/pope/base/analysis/coco_POPE_random/316.pt
1061,1061,coco_POPE_random,coco_POPE_random,1,0,"Yes,",yes,1.71875,0.7450810185185185,11.9375,4.867934867894237,28,1,/mnt/data/ssz/mr/results/Qwen2.5-VL/pope/base/analysis/coco_POPE_random/1061.pt
1810,1810,coco_POPE_random,coco_POPE_random,1,0,"No,",no,1.734375,0.7335069444444444,11.9375,5.425235828835051,28,1,/mnt/data/ssz/mr/results/Qwen2.5-VL/pope/base/analysis/coco_POPE_random/1810.pt
2560,2560,coco_POPE_random,coco_POPE_random,1,0,"No,",no,1.6953125,0.7463831018518519,11.9375,5.320182204991179,28,1,/mnt/data/ssz/mr/results/Qwen2.5-VL/pope/base/analysis/coco_POPE_random/2560.pt
317,317,coco_POPE_random,coco_POPE_random,1,0,"Yes,",yes,1.71875,0.7429108796296297,11.9375,4.9253908621746,28,1,/mnt/data/ssz/mr/results/Qwen2.5-VL/pope/base/analysis/coco_POPE_random/317.pt
1062,1062,coco_POPE_random,coco_POPE_random,1,0,"No,",no,1.71875,0.7450810185185185,11.9375,5.251351984031097,28,1,/mnt/data/ssz/mr/results/Qwen2.5-VL/pope/base/analysis/coco_POPE_random/1062.pt
1811,1811,coco_POPE_random,coco_POPE_random,0,1,"No,",yes,1.734375,0.7335069444444444,11.9375,5.421346246721016,28,1,/mnt/data/ssz/mr/results/Qwen2.5-VL/pope/base/analysis/coco_POPE_random/1811.pt
2561,2561,coco_POPE_random,coco_POPE_random,1,0,"Yes,",yes,1.6953125,0.7463831018518519,11.9375,4.8750147894574525,28,1,/mnt/data/ssz/mr/results/Qwen2.5-VL/pope/base/analysis/coco_POPE_random/2561.pt
318,318,coco_POPE_random,coco_POPE_random,1,0,"No,",no,1.71875,0.7429108796296297,11.9375,5.364231567289936,28,1,/mnt/data/ssz/mr/results/Qwen2.5-VL/pope/base/analysis/coco_POPE_random/318.pt
1063,1063,coco_POPE_random,coco_POPE_random,1,0,"Yes,",yes,1.71875,0.7381365740740741,11.9375,4.8669436769728724,28,1,/mnt/data/ssz/mr/results/Qwen2.5-VL/pope/base/analysis/coco_POPE_random/1063.pt
1812,1812,coco_POPE_random,coco_POPE_random,1,0,"No,",no,1.734375,0.7335069444444444,11.9375,5.332320999491866,28,1,/mnt/data/ssz/mr/results/Qwen2.5-VL/pope/base/analysis/coco_POPE_random/1812.pt
2562,2562,coco_POPE_random,coco_POPE_random,1,0,"No,",no,1.6953125,0.7463831018518519,11.9375,5.375736918344981,28,1,/mnt/data/ssz/mr/results/Qwen2.5-VL/pope/base/analysis/coco_POPE_random/2562.pt
319,319,coco_POPE_random,coco_POPE_random,0,1,"No,",yes,1.6953125,0.7627314814814815,11.9375,5.461280067942559,28,1,/mnt/data/ssz/mr/results/Qwen2.5-VL/pope/base/analysis/coco_POPE_random/319.pt
1064,1064,coco_POPE_random,coco_POPE_random,1,0,"No,",no,1.71875,0.7381365740740741,11.9375,5.322216939423079,28,1,/mnt/data/ssz/mr/results/Qwen2.5-VL/pope/base/analysis/coco_POPE_random/1064.pt
1813,1813,coco_POPE_random,coco_POPE_random,1,0,"Yes,",yes,1.7109375,0.7228009259259259,11.9375,4.848065220205311,28,1,/mnt/data/ssz/mr/results/Qwen2.5-VL/pope/base/analysis/coco_POPE_random/1813.pt
2563,2563,coco_POPE_random,coco_POPE_random,1,0,"Yes,",yes,1.6875,0.7371238425925926,11.9375,4.8721535300388386,28,1,/mnt/data/ssz/mr/results/Qwen2.5-VL/pope/base/analysis/coco_POPE_random/2563.pt
320,320,coco_POPE_random,coco_POPE_random,1,0,"No,",no,1.6953125,0.7627314814814815,11.9375,5.318633912687613,28,1,/mnt/data/ssz/mr/results/Qwen2.5-VL/pope/base/analysis/coco_POPE_random/320.pt
1065,1065,coco_POPE_random,coco_POPE_random,0,1,"No,",yes,1.71875,0.7381365740740741,11.9375,5.257937989844229,28,1,/mnt/data/ssz/mr/results/Qwen2.5-VL/pope/base/analysis/coco_POPE_random/1065.pt
2564,2564,coco_POPE_random,coco_POPE_random,1,0,"No,",no,1.6875,0.7371238425925926,11.9375,5.263694494586004,28,1,/mnt/data/ssz/mr/results/Qwen2.5-VL/pope/base/analysis/coco_POPE_random/2564.pt
1814,1814,coco_POPE_random,coco_POPE_random,1,0,"No,",no,1.7109375,0.7228009259259259,11.9375,5.2395809962813695,28,1,/mnt/data/ssz/mr/results/Qwen2.5-VL/pope/base/analysis/coco_POPE_random/1814.pt
321,321,coco_POPE_random,coco_POPE_random,0,1,"No,",yes,1.6953125,0.7627314814814815,11.9375,5.345713285153243,28,1,/mnt/data/ssz/mr/results/Qwen2.5-VL/pope/base/analysis/coco_POPE_random/321.pt
2565,2565,coco_POPE_random,coco_POPE_random,1,0,"Yes,",yes,1.6875,0.7371238425925926,11.9375,4.743120873232016,28,1,/mnt/data/ssz/mr/results/Qwen2.5-VL/pope/base/analysis/coco_POPE_random/2565.pt
1066,1066,coco_POPE_random,coco_POPE_random,1,0,"No,",no,1.71875,0.7381365740740741,11.9375,5.329933000475887,28,1,/mnt/data/ssz/mr/results/Qwen2.5-VL/pope/base/analysis/coco_POPE_random/1066.pt
1815,1815,coco_POPE_random,coco_POPE_random,1,0,"Yes,",yes,1.7109375,0.7228009259259259,11.9375,5.0156795263736145,28,1,/mnt/data/ssz/mr/results/Qwen2.5-VL/pope/base/analysis/coco_POPE_random/1815.pt
322,322,coco_POPE_random,coco_POPE_random,1,0,"No,",no,1.6953125,0.7627314814814815,11.9375,5.278622628885357,28,1,/mnt/data/ssz/mr/results/Qwen2.5-VL/pope/base/analysis/coco_POPE_random/322.pt
2566,2566,coco_POPE_random,coco_POPE_random,1,0,"No,",no,1.6875,0.7371238425925926,11.9375,5.305934434576753,28,1,/mnt/data/ssz/mr/results/Qwen2.5-VL/pope/base/analysis/coco_POPE_random/2566.pt
1067,1067,coco_POPE_random,coco_POPE_random,0,1,"No,",yes,1.71875,0.7381365740740741,11.9375,5.282872147448182,28,1,/mnt/data/ssz/mr/results/Qwen2.5-VL/pope/base/analysis/coco_POPE_random/1067.pt
1816,1816,coco_POPE_random,coco_POPE_random,1,0,"No,",no,1.7109375,0.7228009259259259,11.9375,5.3078104017993875,28,1,/mnt/data/ssz/mr/results/Qwen2.5-VL/pope/base/analysis/coco_POPE_random/1816.pt
323,323,coco_POPE_random,coco_POPE_random,0,1,"No,",yes,1.6953125,0.7627314814814815,11.9375,5.304164306178366,28,1,/mnt/data/ssz/mr/results/Qwen2.5-VL/pope/base/analysis/coco_POPE_random/323.pt
2567,2567,coco_POPE_random,coco_POPE_random,0,1,"No,",yes,1.6875,0.7371238425925926,11.9375,5.172662779496901,28,1,/mnt/data/ssz/mr/results/Qwen2.5-VL/pope/base/analysis/coco_POPE_random/2567.pt
1068,1068,coco_POPE_random,coco_POPE_random,1,0,"No,",no,1.71875,0.7381365740740741,11.9375,5.298113982274525,28,1,/mnt/data/ssz/mr/results/Qwen2.5-VL/pope/base/analysis/coco_POPE_random/1068.pt
324,324,coco_POPE_random,coco_POPE_random,1,0,"No,",no,1.6953125,0.7627314814814815,11.9375,5.286264858604517,28,1,/mnt/data/ssz/mr/results/Qwen2.5-VL/pope/base/analysis/coco_POPE_random/324.pt
1817,1817,coco_POPE_random,coco_POPE_random,1,0,"Yes,",yes,1.7109375,0.7228009259259259,11.9375,4.857838494688685,28,1,/mnt/data/ssz/mr/results/Qwen2.5-VL/pope/base/analysis/coco_POPE_random/1817.pt
2568,2568,coco_POPE_random,coco_POPE_random,1,0,"No,",no,1.6875,0.7371238425925926,11.9375,5.258113328798385,28,1,/mnt/data/ssz/mr/results/Qwen2.5-VL/pope/base/analysis/coco_POPE_random/2568.pt
1069,1069,coco_POPE_random,coco_POPE_random,1,0,"Yes,",yes,1.7421875,0.7420428240740741,11.9375,4.864678191098369,28,1,/mnt/data/ssz/mr/results/Qwen2.5-VL/pope/base/analysis/coco_POPE_random/1069.pt
325,325,coco_POPE_random,coco_POPE_random,1,0,"Yes,",yes,1.71875,0.7216435185185185,11.9375,4.969806436004642,28,1,/mnt/data/ssz/mr/results/Qwen2.5-VL/pope/base/analysis/coco_POPE_random/325.pt
1818,1818,coco_POPE_random,coco_POPE_random,1,0,"No,",no,1.7109375,0.7228009259259259,11.9375,5.361943228839916,28,1,/mnt/data/ssz/mr/results/Qwen2.5-VL/pope/base/analysis/coco_POPE_random/1818.pt
2569,2569,coco_POPE_random,coco_POPE_random,1,0,"Yes,",yes,1.7109375,0.7578125,11.9375,5.006348780663542,28,1,/mnt/data/ssz/mr/results/Qwen2.5-VL/pope/base/analysis/coco_POPE_random/2569.pt
1070,1070,coco_POPE_random,coco_POPE_random,1,0,"No,",no,1.7421875,0.7420428240740741,11.9375,5.409071976814097,28,1,/mnt/data/ssz/mr/results/Qwen2.5-VL/pope/base/analysis/coco_POPE_random/1070.pt
326,326,coco_POPE_random,coco_POPE_random,1,0,"No,",no,1.71875,0.7216435185185185,11.9375,5.3555831270997984,28,1,/mnt/data/ssz/mr/results/Qwen2.5-VL/pope/base/analysis/coco_POPE_random/326.pt
2570,2570,coco_POPE_random,coco_POPE_random,1,0,"No,",no,1.7109375,0.7578125,11.9375,5.338085336896445,28,1,/mnt/data/ssz/mr/results/Qwen2.5-VL/pope/base/analysis/coco_POPE_random/2570.pt
1819,1819,coco_POPE_random,coco_POPE_random,0,1,"No,",yes,1.7265625,0.7319155092592593,11.9375,5.3814247850607755,28,1,/mnt/data/ssz/mr/results/Qwen2.5-VL/pope/base/analysis/coco_POPE_random/1819.pt
1071,1071,coco_POPE_random,coco_POPE_random,1,0,"Yes,",yes,1.7421875,0.7420428240740741,11.9375,5.003250366630908,28,1,/mnt/data/ssz/mr/results/Qwen2.5-VL/pope/base/analysis/coco_POPE_random/1071.pt
327,327,coco_POPE_random,coco_POPE_random,0,1,"No,",yes,1.71875,0.7216435185185185,11.9375,5.386489720349612,28,1,/mnt/data/ssz/mr/results/Qwen2.5-VL/pope/base/analysis/coco_POPE_random/327.pt
2571,2571,coco_POPE_random,coco_POPE_random,0,1,"No,",yes,1.7109375,0.7578125,11.9375,5.335349520166097,28,1,/mnt/data/ssz/mr/results/Qwen2.5-VL/pope/base/analysis/coco_POPE_random/2571.pt
1820,1820,coco_POPE_random,coco_POPE_random,1,0,"No,",no,1.7265625,0.7319155092592593,11.9375,5.37146837893858,28,1,/mnt/data/ssz/mr/results/Qwen2.5-VL/pope/base/analysis/coco_POPE_random/1820.pt
1072,1072,coco_POPE_random,coco_POPE_random,1,0,"No,",no,1.7421875,0.7420428240740741,11.9375,5.392063387951003,28,1,/mnt/data/ssz/mr/results/Qwen2.5-VL/pope/base/analysis/coco_POPE_random/1072.pt
328,328,coco_POPE_random,coco_POPE_random,1,0,"No,",no,1.71875,0.7216435185185185,11.9375,5.426156359214945,28,1,/mnt/data/ssz/mr/results/Qwen2.5-VL/pope/base/analysis/coco_POPE_random/328.pt
2572,2572,coco_POPE_random,coco_POPE_random,1,0,"No,",no,1.7109375,0.7578125,11.9375,5.215569576885612,28,1,/mnt/data/ssz/mr/results/Qwen2.5-VL/pope/base/analysis/coco_POPE_random/2572.pt
1821,1821,coco_POPE_random,coco_POPE_random,1,0,"Yes,",yes,1.7265625,0.7319155092592593,11.9375,4.983961083852016,28,1,/mnt/data/ssz/mr/results/Qwen2.5-VL/pope/base/analysis/coco_POPE_random/1821.pt
1073,1073,coco_POPE_random,coco_POPE_random,0,1,"No,",yes,1.7421875,0.7420428240740741,11.9375,5.272303760575347,28,1,/mnt/data/ssz/mr/results/Qwen2.5-VL/pope/base/analysis/coco_POPE_random/1073.pt
329,329,coco_POPE_random,coco_POPE_random,0,1,"No,",yes,1.71875,0.7216435185185185,11.9375,5.355957202499574,28,1,/mnt/data/ssz/mr/results/Qwen2.5-VL/pope/base/analysis/coco_POPE_random/329.pt
2573,2573,coco_POPE_random,coco_POPE_random,0,1,"No,",yes,1.7109375,0.7578125,11.9375,5.387498944500019,28,1,/mnt/data/ssz/mr/results/Qwen2.5-VL/pope/base/analysis/coco_POPE_random/2573.pt
1822,1822,coco_POPE_random,coco_POPE_random,1,0,"No,",no,1.7265625,0.7319155092592593,11.9375,5.383936795878481,28,1,/mnt/data/ssz/mr/results/Qwen2.5-VL/pope/base/analysis/coco_POPE_random/1822.pt
1074,1074,coco_POPE_random,coco_POPE_random,1,0,"No,",no,1.7421875,0.7420428240740741,11.9375,5.4763744028389585,28,1,/mnt/data/ssz/mr/results/Qwen2.5-VL/pope/base/analysis/coco_POPE_random/1074.pt
330,330,coco_POPE_random,coco_POPE_random,1,0,"No,",no,1.71875,0.7216435185185185,11.9375,5.328634821310798,28,1,/mnt/data/ssz/mr/results/Qwen2.5-VL/pope/base/analysis/coco_POPE_random/330.pt
2574,2574,coco_POPE_random,coco_POPE_random,1,0,"No,",no,1.7109375,0.7578125,11.9375,5.274945920906061,28,1,/mnt/data/ssz/mr/results/Qwen2.5-VL/pope/base/analysis/coco_POPE_random/2574.pt
1823,1823,coco_POPE_random,coco_POPE_random,1,0,"Yes,",yes,1.7265625,0.7319155092592593,11.9375,4.99024535033151,28,1,/mnt/data/ssz/mr/results/Qwen2.5-VL/pope/base/analysis/coco_POPE_random/1823.pt
2575,2575,coco_POPE_random,coco_POPE_random,0,1,"No,",yes,1.703125,0.7353877314814815,11.9375,5.285799562742444,28,1,/mnt/data/ssz/mr/results/Qwen2.5-VL/pope/base/analysis/coco_POPE_random/2575.pt
1075,1075,coco_POPE_random,coco_POPE_random,1,0,"Yes,",yes,1.75,0.7429108796296297,11.9375,5.022077122639405,28,1,/mnt/data/ssz/mr/results/Qwen2.5-VL/pope/base/analysis/coco_POPE_random/1075.pt
331,331,coco_POPE_random,coco_POPE_random,1,0,"Yes,",yes,1.734375,0.7290219907407407,11.9375,5.04442193516106,28,1,/mnt/data/ssz/mr/results/Qwen2.5-VL/pope/base/analysis/coco_POPE_random/331.pt
2576,2576,coco_POPE_random,coco_POPE_random,1,0,"No,",no,1.703125,0.7353877314814815,11.9375,5.317653617749378,28,1,/mnt/data/ssz/mr/results/Qwen2.5-VL/pope/base/analysis/coco_POPE_random/2576.pt
1824,1824,coco_POPE_random,coco_POPE_random,1,0,"No,",no,1.7265625,0.7319155092592593,11.9375,5.361067588591046,28,1,/mnt/data/ssz/mr/results/Qwen2.5-VL/pope/base/analysis/coco_POPE_random/1824.pt
1076,1076,coco_POPE_random,coco_POPE_random,1,0,"No,",no,1.75,0.7429108796296297,11.9375,5.4904553368131666,28,1,/mnt/data/ssz/mr/results/Qwen2.5-VL/pope/base/analysis/coco_POPE_random/1076.pt
332,332,coco_POPE_random,coco_POPE_random,1,0,"No,",no,1.734375,0.7290219907407407,11.9375,5.362932224235105,28,1,/mnt/data/ssz/mr/results/Qwen2.5-VL/pope/base/analysis/coco_POPE_random/332.pt
2577,2577,coco_POPE_random,coco_POPE_random,1,0,"Yes,",yes,1.703125,0.7353877314814815,11.9375,4.976729744355227,28,1,/mnt/data/ssz/mr/results/Qwen2.5-VL/pope/base/analysis/coco_POPE_random/2577.pt
1825,1825,coco_POPE_random,coco_POPE_random,1,0,"Yes,",yes,1.71875,0.7591145833333334,11.9375,4.82165493328398,28,1,/mnt/data/ssz/mr/results/Qwen2.5-VL/pope/base/analysis/coco_POPE_random/1825.pt
1077,1077,coco_POPE_random,coco_POPE_random,1,0,"Yes,",yes,1.75,0.7429108796296297,11.9375,5.171018444593802,28,1,/mnt/data/ssz/mr/results/Qwen2.5-VL/pope/base/analysis/coco_POPE_random/1077.pt
333,333,coco_POPE_random,coco_POPE_random,1,0,"Yes,",yes,1.734375,0.7290219907407407,11.9375,4.843549528895838,28,1,/mnt/data/ssz/mr/results/Qwen2.5-VL/pope/base/analysis/coco_POPE_random/333.pt
2578,2578,coco_POPE_random,coco_POPE_random,1,0,"No,",no,1.703125,0.7353877314814815,11.9375,5.312157302555948,28,1,/mnt/data/ssz/mr/results/Qwen2.5-VL/pope/base/analysis/coco_POPE_random/2578.pt
1826,1826,coco_POPE_random,coco_POPE_random,1,0,"No,",no,1.71875,0.7591145833333334,11.9375,5.221378044922388,28,1,/mnt/data/ssz/mr/results/Qwen2.5-VL/pope/base/analysis/coco_POPE_random/1826.pt
1078,1078,coco_POPE_random,coco_POPE_random,1,0,"No,",no,1.75,0.7429108796296297,11.9375,5.337523782614003,28,1,/mnt/data/ssz/mr/results/Qwen2.5-VL/pope/base/analysis/coco_POPE_random/1078.pt
334,334,coco_POPE_random,coco_POPE_random,1,0,"No,",no,1.734375,0.7290219907407407,11.9375,5.502936861791915,28,1,/mnt/data/ssz/mr/results/Qwen2.5-VL/pope/base/analysis/coco_POPE_random/334.pt
2579,2579,coco_POPE_random,coco_POPE_random,1,0,"Yes,",yes,1.703125,0.7353877314814815,11.9375,4.899719821272748,28,1,/mnt/data/ssz/mr/results/Qwen2.5-VL/pope/base/analysis/coco_POPE_random/2579.pt
1827,1827,coco_POPE_random,coco_POPE_random,1,0,"Yes,",yes,1.71875,0.7591145833333334,11.9375,4.884951188961576,28,1,/mnt/data/ssz/mr/results/Qwen2.5-VL/pope/base/analysis/coco_POPE_random/1827.pt
1079,1079,coco_POPE_random,coco_POPE_random,0,1,"No,",yes,1.75,0.7429108796296297,11.9375,5.471022125248118,28,1,/mnt/data/ssz/mr/results/Qwen2.5-VL/pope/base/analysis/coco_POPE_random/1079.pt
335,335,coco_POPE_random,coco_POPE_random,1,0,"Yes,",yes,1.734375,0.7290219907407407,11.9375,4.845705207734358,28,1,/mnt/data/ssz/mr/results/Qwen2.5-VL/pope/base/analysis/coco_POPE_random/335.pt
2580,2580,coco_POPE_random,coco_POPE_random,1,0,"No,",no,1.703125,0.7353877314814815,11.9375,5.313492807746343,28,1,/mnt/data/ssz/mr/results/Qwen2.5-VL/pope/base/analysis/coco_POPE_random/2580.pt
1828,1828,coco_POPE_random,coco_POPE_random,1,0,"No,",no,1.71875,0.7591145833333334,11.9375,5.284770778139602,28,1,/mnt/data/ssz/mr/results/Qwen2.5-VL/pope/base/analysis/coco_POPE_random/1828.pt
1080,1080,coco_POPE_random,coco_POPE_random,1,0,"No,",no,1.75,0.7429108796296297,11.9375,5.4109100380752855,28,1,/mnt/data/ssz/mr/results/Qwen2.5-VL/pope/base/analysis/coco_POPE_random/1080.pt
336,336,coco_POPE_random,coco_POPE_random,1,0,"No,",no,1.734375,0.7290219907407407,11.9375,5.537192087860102,28,1,/mnt/data/ssz/mr/results/Qwen2.5-VL/pope/base/analysis/coco_POPE_random/336.pt
2581,2581,coco_POPE_random,coco_POPE_random,1,0,"Yes,",yes,1.71875,0.7392939814814815,11.9375,4.856462432716238,28,1,/mnt/data/ssz/mr/results/Qwen2.5-VL/pope/base/analysis/coco_POPE_random/2581.pt
1829,1829,coco_POPE_random,coco_POPE_random,1,0,"Yes,",yes,1.71875,0.7591145833333334,11.9375,4.737484021291902,28,1,/mnt/data/ssz/mr/results/Qwen2.5-VL/pope/base/analysis/coco_POPE_random/1829.pt
1081,1081,coco_POPE_random,coco_POPE_random,1,0,"Yes,",yes,1.734375,0.7358217592592593,11.9375,4.988852527849632,28,1,/mnt/data/ssz/mr/results/Qwen2.5-VL/pope/base/analysis/coco_POPE_random/1081.pt
337,337,coco_POPE_random,coco_POPE_random,1,0,"Yes,",yes,1.734375,0.7322048611111112,11.9375,4.875537886229153,28,1,/mnt/data/ssz/mr/results/Qwen2.5-VL/pope/base/analysis/coco_POPE_random/337.pt
2582,2582,coco_POPE_random,coco_POPE_random,1,0,"No,",no,1.71875,0.7392939814814815,11.9375,5.259265890648686,28,1,/mnt/data/ssz/mr/results/Qwen2.5-VL/pope/base/analysis/coco_POPE_random/2582.pt
1830,1830,coco_POPE_random,coco_POPE_random,1,0,"No,",no,1.71875,0.7591145833333334,11.9375,5.295808122899138,28,1,/mnt/data/ssz/mr/results/Qwen2.5-VL/pope/base/analysis/coco_POPE_random/1830.pt
1082,1082,coco_POPE_random,coco_POPE_random,1,0,"No,",no,1.734375,0.7358217592592593,11.9375,5.289144659974386,28,1,/mnt/data/ssz/mr/results/Qwen2.5-VL/pope/base/analysis/coco_POPE_random/1082.pt
338,338,coco_POPE_random,coco_POPE_random,1,0,"No,",no,1.734375,0.7322048611111112,11.9375,5.336518397318664,28,1,/mnt/data/ssz/mr/results/Qwen2.5-VL/pope/base/analysis/coco_POPE_random/338.pt
2583,2583,coco_POPE_random,coco_POPE_random,1,0,"Yes,",yes,1.71875,0.7392939814814815,11.9375,4.783264459432996,28,1,/mnt/data/ssz/mr/results/Qwen2.5-VL/pope/base/analysis/coco_POPE_random/2583.pt
1831,1831,coco_POPE_random,coco_POPE_random,0,1,"No,",yes,1.734375,0.7449363425925926,11.9375,5.396525439042684,28,1,/mnt/data/ssz/mr/results/Qwen2.5-VL/pope/base/analysis/coco_POPE_random/1831.pt
1083,1083,coco_POPE_random,coco_POPE_random,0,1,"No,",yes,1.734375,0.7358217592592593,11.9375,5.282897113760235,28,1,/mnt/data/ssz/mr/results/Qwen2.5-VL/pope/base/analysis/coco_POPE_random/1083.pt
339,339,coco_POPE_random,coco_POPE_random,1,0,"Yes,",yes,1.734375,0.7322048611111112,11.9375,4.90161673635935,28,1,/mnt/data/ssz/mr/results/Qwen2.5-VL/pope/base/analysis/coco_POPE_random/339.pt
2584,2584,coco_POPE_random,coco_POPE_random,1,0,"No,",no,1.71875,0.7392939814814815,11.9375,5.161973507671943,28,1,/mnt/data/ssz/mr/results/Qwen2.5-VL/pope/base/analysis/coco_POPE_random/2584.pt
1832,1832,coco_POPE_random,coco_POPE_random,1,0,"No,",no,1.734375,0.7449363425925926,11.9375,5.362473347900583,28,1,/mnt/data/ssz/mr/results/Qwen2.5-VL/pope/base/analysis/coco_POPE_random/1832.pt
1084,1084,coco_POPE_random,coco_POPE_random,1,0,"No,",no,1.734375,0.7358217592592593,11.9375,5.319295810593765,28,1,/mnt/data/ssz/mr/results/Qwen2.5-VL/pope/base/analysis/coco_POPE_random/1084.pt
340,340,coco_POPE_random,coco_POPE_random,1,0,"No,",no,1.734375,0.7322048611111112,11.9375,5.3528553810917066,28,1,/mnt/data/ssz/mr/results/Qwen2.5-VL/pope/base/analysis/coco_POPE_random/340.pt
2585,2585,coco_POPE_random,coco_POPE_random,1,0,"Yes,",yes,1.71875,0.7392939814814815,11.9375,4.662929513078309,28,1,/mnt/data/ssz/mr/results/Qwen2.5-VL/pope/base/analysis/coco_POPE_random/2585.pt
1833,1833,coco_POPE_random,coco_POPE_random,1,0,"Yes,",yes,1.734375,0.7449363425925926,11.9375,4.942659246394156,28,1,/mnt/data/ssz/mr/results/Qwen2.5-VL/pope/base/analysis/coco_POPE_random/1833.pt
1085,1085,coco_POPE_random,coco_POPE_random,1,0,"Yes,",yes,1.734375,0.7358217592592593,11.9375,4.764977707206775,28,1,/mnt/data/ssz/mr/results/Qwen2.5-VL/pope/base/analysis/coco_POPE_random/1085.pt
341,341,coco_POPE_random,coco_POPE_random,0,1,"No,",yes,1.734375,0.7322048611111112,11.9375,5.324298411651908,28,1,/mnt/data/ssz/mr/results/Qwen2.5-VL/pope/base/analysis/coco_POPE_random/341.pt
2586,2586,coco_POPE_random,coco_POPE_random,1,0,"No,",no,1.71875,0.7392939814814815,11.9375,5.270512422324561,28,1,/mnt/data/ssz/mr/results/Qwen2.5-VL/pope/base/analysis/coco_POPE_random/2586.pt
1834,1834,coco_POPE_random,coco_POPE_random,1,0,"No,",no,1.734375,0.7449363425925926,11.9375,5.384591840642129,28,1,/mnt/data/ssz/mr/results/Qwen2.5-VL/pope/base/analysis/coco_POPE_random/1834.pt
1086,1086,coco_POPE_random,coco_POPE_random,1,0,"No,",no,1.734375,0.7358217592592593,11.9375,5.3103906834419785,28,1,/mnt/data/ssz/mr/results/Qwen2.5-VL/pope/base/analysis/coco_POPE_random/1086.pt
342,342,coco_POPE_random,coco_POPE_random,1,0,"No,",no,1.734375,0.7322048611111112,11.9375,5.343456895516167,28,1,/mnt/data/ssz/mr/results/Qwen2.5-VL/pope/base/analysis/coco_POPE_random/342.pt
2587,2587,coco_POPE_random,coco_POPE_random,1,0,"Yes,",yes,1.71875,0.7245370370370371,11.9375,4.984153461238499,28,1,/mnt/data/ssz/mr/results/Qwen2.5-VL/pope/base/analysis/coco_POPE_random/2587.pt
1835,1835,coco_POPE_random,coco_POPE_random,1,0,"Yes,",yes,1.734375,0.7449363425925926,11.9375,4.9714473132208985,28,1,/mnt/data/ssz/mr/results/Qwen2.5-VL/pope/base/analysis/coco_POPE_random/1835.pt
1087,1087,coco_POPE_random,coco_POPE_random,1,0,"Yes,",yes,1.65625,0.7133969907407407,11.9375,4.896782601936107,28,1,/mnt/data/ssz/mr/results/Qwen2.5-VL/pope/base/analysis/coco_POPE_random/1087.pt
343,343,coco_POPE_random,coco_POPE_random,0,1,"No,",yes,1.734375,0.7310474537037037,11.9375,5.323027383752888,28,1,/mnt/data/ssz/mr/results/Qwen2.5-VL/pope/base/analysis/coco_POPE_random/343.pt
2588,2588,coco_POPE_random,coco_POPE_random,1,0,"No,",no,1.71875,0.7245370370370371,11.9375,5.345506958853204,28,1,/mnt/data/ssz/mr/results/Qwen2.5-VL/pope/base/analysis/coco_POPE_random/2588.pt
1836,1836,coco_POPE_random,coco_POPE_random,1,0,"No,",no,1.734375,0.7449363425925926,11.9375,5.470736942428755,28,1,/mnt/data/ssz/mr/results/Qwen2.5-VL/pope/base/analysis/coco_POPE_random/1836.pt
1088,1088,coco_POPE_random,coco_POPE_random,1,0,"No,",no,1.65625,0.7133969907407407,11.9375,5.117002530965723,28,1,/mnt/data/ssz/mr/results/Qwen2.5-VL/pope/base/analysis/coco_POPE_random/1088.pt
344,344,coco_POPE_random,coco_POPE_random,1,0,"No,",no,1.734375,0.7310474537037037,11.9375,5.251301147139986,28,1,/mnt/data/ssz/mr/results/Qwen2.5-VL/pope/base/analysis/coco_POPE_random/344.pt
2589,2589,coco_POPE_random,coco_POPE_random,0,1,"No,",yes,1.71875,0.7245370370370371,11.9375,5.325220801097554,28,1,/mnt/data/ssz/mr/results/Qwen2.5-VL/pope/base/analysis/coco_POPE_random/2589.pt
1837,1837,coco_POPE_random,coco_POPE_random,1,0,"Yes,",yes,1.734375,0.7410300925925926,11.9375,4.963523482365482,28,1,/mnt/data/ssz/mr/results/Qwen2.5-VL/pope/base/analysis/coco_POPE_random/1837.pt
1089,1089,coco_POPE_random,coco_POPE_random,1,0,"Yes,",yes,1.65625,0.7133969907407407,11.9375,4.8174871485166095,28,1,/mnt/data/ssz/mr/results/Qwen2.5-VL/pope/base/analysis/coco_POPE_random/1089.pt
345,345,coco_POPE_random,coco_POPE_random,1,0,"Yes,",yes,1.734375,0.7310474537037037,11.9375,5.0808756626291975,28,1,/mnt/data/ssz/mr/results/Qwen2.5-VL/pope/base/analysis/coco_POPE_random/345.pt
2590,2590,coco_POPE_random,coco_POPE_random,1,0,"No,",no,1.71875,0.7245370370370371,11.9375,5.304390950846333,28,1,/mnt/data/ssz/mr/results/Qwen2.5-VL/pope/base/analysis/coco_POPE_random/2590.pt
1090,1090,coco_POPE_random,coco_POPE_random,1,0,"No,",no,1.65625,0.7133969907407407,11.9375,5.082301135551108,28,1,/mnt/data/ssz/mr/results/Qwen2.5-VL/pope/base/analysis/coco_POPE_random/1090.pt
1838,1838,coco_POPE_random,coco_POPE_random,1,0,"No,",no,1.734375,0.7410300925925926,11.9375,5.384507595192881,28,1,/mnt/data/ssz/mr/results/Qwen2.5-VL/pope/base/analysis/coco_POPE_random/1838.pt
346,346,coco_POPE_random,coco_POPE_random,1,0,"No,",no,1.734375,0.7310474537037037,11.9375,5.3591820576427285,28,1,/mnt/data/ssz/mr/results/Qwen2.5-VL/pope/base/analysis/coco_POPE_random/346.pt
2591,2591,coco_POPE_random,coco_POPE_random,1,0,"Yes,",yes,1.71875,0.7245370370370371,11.9375,4.77253530051581,28,1,/mnt/data/ssz/mr/results/Qwen2.5-VL/pope/base/analysis/coco_POPE_random/2591.pt
1091,1091,coco_POPE_random,coco_POPE_random,1,0,"Yes,",yes,1.65625,0.7133969907407407,11.9375,4.7456153583577905,28,1,/mnt/data/ssz/mr/results/Qwen2.5-VL/pope/base/analysis/coco_POPE_random/1091.pt
347,347,coco_POPE_random,coco_POPE_random,1,0,"Yes,",yes,1.734375,0.7310474537037037,11.9375,4.887202474997844,28,1,/mnt/data/ssz/mr/results/Qwen2.5-VL/pope/base/analysis/coco_POPE_random/347.pt
2592,2592,coco_POPE_random,coco_POPE_random,1,0,"No,",no,1.71875,0.7245370370370371,11.9375,5.39958424730666,28,1,/mnt/data/ssz/mr/results/Qwen2.5-VL/pope/base/analysis/coco_POPE_random/2592.pt
1839,1839,coco_POPE_random,coco_POPE_random,1,0,"Yes,",yes,1.734375,0.7410300925925926,11.9375,4.842257420494779,28,1,/mnt/data/ssz/mr/results/Qwen2.5-VL/pope/base/analysis/coco_POPE_random/1839.pt
1092,1092,coco_POPE_random,coco_POPE_random,1,0,"No,",no,1.65625,0.7133969907407407,11.9375,5.099276026678064,28,1,/mnt/data/ssz/mr/results/Qwen2.5-VL/pope/base/analysis/coco_POPE_random/1092.pt
348,348,coco_POPE_random,coco_POPE_random,1,0,"No,",no,1.734375,0.7310474537037037,11.9375,5.310540580541955,28,1,/mnt/data/ssz/mr/results/Qwen2.5-VL/pope/base/analysis/coco_POPE_random/348.pt
2593,2593,coco_POPE_random,coco_POPE_random,1,0,"Yes,",yes,1.75,0.7175925925925926,11.9375,4.857849756204439,28,1,/mnt/data/ssz/mr/results/Qwen2.5-VL/pope/base/analysis/coco_POPE_random/2593.pt
1840,1840,coco_POPE_random,coco_POPE_random,1,0,"No,",no,1.734375,0.7410300925925926,11.9375,5.323417046072728,28,1,/mnt/data/ssz/mr/results/Qwen2.5-VL/pope/base/analysis/coco_POPE_random/1840.pt
1093,1093,coco_POPE_random,coco_POPE_random,1,0,"Yes,",yes,1.7109375,0.7497106481481481,11.9375,4.90024594518083,28,1,/mnt/data/ssz/mr/results/Qwen2.5-VL/pope/base/analysis/coco_POPE_random/1093.pt
349,349,coco_POPE_random,coco_POPE_random,1,0,"Yes,",yes,1.75,0.7219328703703703,11.9375,4.861017034967531,28,1,/mnt/data/ssz/mr/results/Qwen2.5-VL/pope/base/analysis/coco_POPE_random/349.pt
2594,2594,coco_POPE_random,coco_POPE_random,1,0,"No,",no,1.75,0.7175925925925926,11.9375,5.29006484925889,28,1,/mnt/data/ssz/mr/results/Qwen2.5-VL/pope/base/analysis/coco_POPE_random/2594.pt
1841,1841,coco_POPE_random,coco_POPE_random,1,0,"Yes,",yes,1.734375,0.7410300925925926,11.9375,4.757053193112125,28,1,/mnt/data/ssz/mr/results/Qwen2.5-VL/pope/base/analysis/coco_POPE_random/1841.pt
1094,1094,coco_POPE_random,coco_POPE_random,1,0,"No,",no,1.7109375,0.7497106481481481,11.9375,5.405344387284364,28,1,/mnt/data/ssz/mr/results/Qwen2.5-VL/pope/base/analysis/coco_POPE_random/1094.pt
350,350,coco_POPE_random,coco_POPE_random,1,0,"No,",no,1.75,0.7219328703703703,11.9375,5.322759071321469,28,1,/mnt/data/ssz/mr/results/Qwen2.5-VL/pope/base/analysis/coco_POPE_random/350.pt
2595,2595,coco_POPE_random,coco_POPE_random,1,0,"Yes,",yes,1.75,0.7175925925925926,11.9375,4.815907926263302,28,1,/mnt/data/ssz/mr/results/Qwen2.5-VL/pope/base/analysis/coco_POPE_random/2595.pt
1842,1842,coco_POPE_random,coco_POPE_random,1,0,"No,",no,1.734375,0.7410300925925926,11.9375,5.3800246612969715,28,1,/mnt/data/ssz/mr/results/Qwen2.5-VL/pope/base/analysis/coco_POPE_random/1842.pt
1095,1095,coco_POPE_random,coco_POPE_random,1,0,"Yes,",yes,1.7109375,0.7497106481481481,11.9375,5.062053228680406,28,1,/mnt/data/ssz/mr/results/Qwen2.5-VL/pope/base/analysis/coco_POPE_random/1095.pt
351,351,coco_POPE_random,coco_POPE_random,1,0,"Yes,",yes,1.75,0.7219328703703703,11.9375,4.803969156004597,28,1,/mnt/data/ssz/mr/results/Qwen2.5-VL/pope/base/analysis/coco_POPE_random/351.pt
2596,2596,coco_POPE_random,coco_POPE_random,1,0,"No,",no,1.75,0.7175925925925926,11.9375,5.276971867565,28,1,/mnt/data/ssz/mr/results/Qwen2.5-VL/pope/base/analysis/coco_POPE_random/2596.pt
1843,1843,coco_POPE_random,coco_POPE_random,0,1,"No,",yes,1.71875,0.7465277777777778,11.9375,5.199524729034558,28,1,/mnt/data/ssz/mr/results/Qwen2.5-VL/pope/base/analysis/coco_POPE_random/1843.pt
1096,1096,coco_POPE_random,coco_POPE_random,1,0,"No,",no,1.7109375,0.7497106481481481,11.9375,5.349361061885467,28,1,/mnt/data/ssz/mr/results/Qwen2.5-VL/pope/base/analysis/coco_POPE_random/1096.pt
352,352,coco_POPE_random,coco_POPE_random,1,0,"No,",no,1.75,0.7219328703703703,11.9375,5.316720263864321,28,1,/mnt/data/ssz/mr/results/Qwen2.5-VL/pope/base/analysis/coco_POPE_random/352.pt
2597,2597,coco_POPE_random,coco_POPE_random,1,0,"Yes,",yes,1.75,0.7175925925925926,11.9375,4.707606318987504,28,1,/mnt/data/ssz/mr/results/Qwen2.5-VL/pope/base/analysis/coco_POPE_random/2597.pt
1844,1844,coco_POPE_random,coco_POPE_random,1,0,"No,",no,1.71875,0.7465277777777778,11.9375,5.34378317888093,28,1,/mnt/data/ssz/mr/results/Qwen2.5-VL/pope/base/analysis/coco_POPE_random/1844.pt
1097,1097,coco_POPE_random,coco_POPE_random,1,0,"Yes,",yes,1.7109375,0.7497106481481481,11.9375,4.911328632837411,28,1,/mnt/data/ssz/mr/results/Qwen2.5-VL/pope/base/analysis/coco_POPE_random/1097.pt
353,353,coco_POPE_random,coco_POPE_random,0,1,"No,",yes,1.75,0.7219328703703703,11.9375,5.279311569521301,28,1,/mnt/data/ssz/mr/results/Qwen2.5-VL/pope/base/analysis/coco_POPE_random/353.pt
2598,2598,coco_POPE_random,coco_POPE_random,1,0,"No,",no,1.75,0.7175925925925926,11.9375,5.348393807386261,28,1,/mnt/data/ssz/mr/results/Qwen2.5-VL/pope/base/analysis/coco_POPE_random/2598.pt
1845,1845,coco_POPE_random,coco_POPE_random,0,1,"No,",yes,1.71875,0.7465277777777778,11.9375,5.210056500927999,28,1,/mnt/data/ssz/mr/results/Qwen2.5-VL/pope/base/analysis/coco_POPE_random/1845.pt
1098,1098,coco_POPE_random,coco_POPE_random,1,0,"No,",no,1.7109375,0.7497106481481481,11.9375,5.401881840089433,28,1,/mnt/data/ssz/mr/results/Qwen2.5-VL/pope/base/analysis/coco_POPE_random/1098.pt
354,354,coco_POPE_random,coco_POPE_random,1,0,"No,",no,1.75,0.7219328703703703,11.9375,5.326542056491054,28,1,/mnt/data/ssz/mr/results/Qwen2.5-VL/pope/base/analysis/coco_POPE_random/354.pt
2599,2599,coco_POPE_random,coco_POPE_random,0,1,"No,",yes,1.7421875,0.7173032407407407,11.9375,5.370215354198395,28,1,/mnt/data/ssz/mr/results/Qwen2.5-VL/pope/base/analysis/coco_POPE_random/2599.pt
1846,1846,coco_POPE_random,coco_POPE_random,1,0,"No,",no,1.71875,0.7465277777777778,11.9375,5.24465327364989,28,1,/mnt/data/ssz/mr/results/Qwen2.5-VL/pope/base/analysis/coco_POPE_random/1846.pt
1099,1099,coco_POPE_random,coco_POPE_random,1,0,"Yes,",yes,1.71875,0.7282986111111112,11.9375,4.800645188019511,28,1,/mnt/data/ssz/mr/results/Qwen2.5-VL/pope/base/analysis/coco_POPE_random/1099.pt
355,355,coco_POPE_random,coco_POPE_random,0,1,"No,",yes,1.703125,0.7651909722222222,11.9375,5.347458920415071,28,1,/mnt/data/ssz/mr/results/Qwen2.5-VL/pope/base/analysis/coco_POPE_random/355.pt
1847,1847,coco_POPE_random,coco_POPE_random,1,0,"Yes,",yes,1.71875,0.7465277777777778,11.9375,4.899030488977243,28,1,/mnt/data/ssz/mr/results/Qwen2.5-VL/pope/base/analysis/coco_POPE_random/1847.pt
2600,2600,coco_POPE_random,coco_POPE_random,1,0,"No,",no,1.7421875,0.7173032407407407,11.9375,5.504088427922148,28,1,/mnt/data/ssz/mr/results/Qwen2.5-VL/pope/base/analysis/coco_POPE_random/2600.pt
1100,1100,coco_POPE_random,coco_POPE_random,1,0,"No,",no,1.71875,0.7282986111111112,11.9375,5.409396416110244,28,1,/mnt/data/ssz/mr/results/Qwen2.5-VL/pope/base/analysis/coco_POPE_random/1100.pt
1848,1848,coco_POPE_random,coco_POPE_random,1,0,"No,",no,1.71875,0.7465277777777778,11.9375,5.227261607231476,28,1,/mnt/data/ssz/mr/results/Qwen2.5-VL/pope/base/analysis/coco_POPE_random/1848.pt
356,356,coco_POPE_random,coco_POPE_random,1,0,"No,",no,1.703125,0.7651909722222222,11.9375,5.246200069376676,28,1,/mnt/data/ssz/mr/results/Qwen2.5-VL/pope/base/analysis/coco_POPE_random/356.pt
2601,2601,coco_POPE_random,coco_POPE_random,0,1,"No,",yes,1.7421875,0.7173032407407407,11.9375,5.368214398179432,28,1,/mnt/data/ssz/mr/results/Qwen2.5-VL/pope/base/analysis/coco_POPE_random/2601.pt
1101,1101,coco_POPE_random,coco_POPE_random,0,1,"No,",yes,1.71875,0.7282986111111112,11.9375,5.348655261754175,28,1,/mnt/data/ssz/mr/results/Qwen2.5-VL/pope/base/analysis/coco_POPE_random/1101.pt
1849,1849,coco_POPE_random,coco_POPE_random,1,0,"Yes,",yes,1.6640625,0.7456597222222222,11.9375,4.805832398249048,28,1,/mnt/data/ssz/mr/results/Qwen2.5-VL/pope/base/analysis/coco_POPE_random/1849.pt
357,357,coco_POPE_random,coco_POPE_random,0,1,"No,",yes,1.703125,0.7651909722222222,11.9375,5.301097966286012,28,1,/mnt/data/ssz/mr/results/Qwen2.5-VL/pope/base/analysis/coco_POPE_random/357.pt
2602,2602,coco_POPE_random,coco_POPE_random,1,0,"No,",no,1.7421875,0.7173032407407407,11.9375,5.390962390032719,28,1,/mnt/data/ssz/mr/results/Qwen2.5-VL/pope/base/analysis/coco_POPE_random/2602.pt
1102,1102,coco_POPE_random,coco_POPE_random,1,0,"No,",no,1.71875,0.7282986111111112,11.9375,5.409216375196373,28,1,/mnt/data/ssz/mr/results/Qwen2.5-VL/pope/base/analysis/coco_POPE_random/1102.pt
1850,1850,coco_POPE_random,coco_POPE_random,1,0,"No,",no,1.6640625,0.7456597222222222,11.9375,5.290535549533599,28,1,/mnt/data/ssz/mr/results/Qwen2.5-VL/pope/base/analysis/coco_POPE_random/1850.pt
358,358,coco_POPE_random,coco_POPE_random,1,0,"No,",no,1.703125,0.7651909722222222,11.9375,5.245949119300852,28,1,/mnt/data/ssz/mr/results/Qwen2.5-VL/pope/base/analysis/coco_POPE_random/358.pt
2603,2603,coco_POPE_random,coco_POPE_random,1,0,"Yes,",yes,1.7421875,0.7173032407407407,11.9375,4.989730018994294,28,1,/mnt/data/ssz/mr/results/Qwen2.5-VL/pope/base/analysis/coco_POPE_random/2603.pt
1103,1103,coco_POPE_random,coco_POPE_random,1,0,"Yes,",yes,1.71875,0.7282986111111112,11.9375,4.8869219635119645,28,1,/mnt/data/ssz/mr/results/Qwen2.5-VL/pope/base/analysis/coco_POPE_random/1103.pt
1851,1851,coco_POPE_random,coco_POPE_random,1,0,"Yes,",yes,1.6640625,0.7456597222222222,11.9375,4.827450326562845,28,1,/mnt/data/ssz/mr/results/Qwen2.5-VL/pope/base/analysis/coco_POPE_random/1851.pt
359,359,coco_POPE_random,coco_POPE_random,0,1,"No,",yes,1.703125,0.7651909722222222,11.9375,5.195173588993857,28,1,/mnt/data/ssz/mr/results/Qwen2.5-VL/pope/base/analysis/coco_POPE_random/359.pt
2604,2604,coco_POPE_random,coco_POPE_random,1,0,"No,",no,1.7421875,0.7173032407407407,11.9375,5.380695554576584,28,1,/mnt/data/ssz/mr/results/Qwen2.5-VL/pope/base/analysis/coco_POPE_random/2604.pt
1104,1104,coco_POPE_random,coco_POPE_random,1,0,"No,",no,1.71875,0.7282986111111112,11.9375,5.30724126511707,28,1,/mnt/data/ssz/mr/results/Qwen2.5-VL/pope/base/analysis/coco_POPE_random/1104.pt
1852,1852,coco_POPE_random,coco_POPE_random,1,0,"No,",no,1.6640625,0.7456597222222222,11.9375,5.263121392936291,28,1,/mnt/data/ssz/mr/results/Qwen2.5-VL/pope/base/analysis/coco_POPE_random/1852.pt
360,360,coco_POPE_random,coco_POPE_random,1,0,"No,",no,1.703125,0.7651909722222222,11.9375,5.324168301987812,28,1,/mnt/data/ssz/mr/results/Qwen2.5-VL/pope/base/analysis/coco_POPE_random/360.pt
2605,2605,coco_POPE_random,coco_POPE_random,1,0,"Yes,",yes,1.71875,0.7171585648148148,11.9375,4.85370538678676,28,1,/mnt/data/ssz/mr/results/Qwen2.5-VL/pope/base/analysis/coco_POPE_random/2605.pt
1105,1105,coco_POPE_random,coco_POPE_random,1,0,"Yes,",yes,1.703125,0.7579571759259259,11.9375,4.8790597319748406,28,1,/mnt/data/ssz/mr/results/Qwen2.5-VL/pope/base/analysis/coco_POPE_random/1105.pt
1853,1853,coco_POPE_random,coco_POPE_random,0,1,"No,",yes,1.6640625,0.7456597222222222,11.9375,5.292291550851775,28,1,/mnt/data/ssz/mr/results/Qwen2.5-VL/pope/base/analysis/coco_POPE_random/1853.pt
361,361,coco_POPE_random,coco_POPE_random,1,0,"Yes,",yes,1.703125,0.7301793981481481,11.9375,4.903895604859734,28,1,/mnt/data/ssz/mr/results/Qwen2.5-VL/pope/base/analysis/coco_POPE_random/361.pt
2606,2606,coco_POPE_random,coco_POPE_random,1,0,"No,",no,1.71875,0.7171585648148148,11.9375,5.278225034011297,28,1,/mnt/data/ssz/mr/results/Qwen2.5-VL/pope/base/analysis/coco_POPE_random/2606.pt
1106,1106,coco_POPE_random,coco_POPE_random,1,0,"No,",no,1.703125,0.7579571759259259,11.9375,5.179807080911798,28,1,/mnt/data/ssz/mr/results/Qwen2.5-VL/pope/base/analysis/coco_POPE_random/1106.pt
1854,1854,coco_POPE_random,coco_POPE_random,1,0,"No,",no,1.6640625,0.7456597222222222,11.9375,5.309439523977775,28,1,/mnt/data/ssz/mr/results/Qwen2.5-VL/pope/base/analysis/coco_POPE_random/1854.pt
362,362,coco_POPE_random,coco_POPE_random,1,0,"No,",no,1.703125,0.7301793981481481,11.9375,5.360554935413884,28,1,/mnt/data/ssz/mr/results/Qwen2.5-VL/pope/base/analysis/coco_POPE_random/362.pt
2607,2607,coco_POPE_random,coco_POPE_random,0,1,"No,",yes,1.71875,0.7171585648148148,11.9375,5.267465234630083,28,1,/mnt/data/ssz/mr/results/Qwen2.5-VL/pope/base/analysis/coco_POPE_random/2607.pt
1107,1107,coco_POPE_random,coco_POPE_random,0,1,"No,",yes,1.703125,0.7579571759259259,11.9375,5.2186684873296185,28,1,/mnt/data/ssz/mr/results/Qwen2.5-VL/pope/base/analysis/coco_POPE_random/1107.pt
1855,1855,coco_POPE_random,coco_POPE_random,0,1,"No,",yes,1.703125,0.7339409722222222,11.9375,5.282313690177411,28,1,/mnt/data/ssz/mr/results/Qwen2.5-VL/pope/base/analysis/coco_POPE_random/1855.pt
363,363,coco_POPE_random,coco_POPE_random,1,0,"Yes,",yes,1.703125,0.7301793981481481,11.9375,4.913334244641468,28,1,/mnt/data/ssz/mr/results/Qwen2.5-VL/pope/base/analysis/coco_POPE_random/363.pt
2608,2608,coco_POPE_random,coco_POPE_random,1,0,"No,",no,1.71875,0.7171585648148148,11.9375,5.310900830085052,28,1,/mnt/data/ssz/mr/results/Qwen2.5-VL/pope/base/analysis/coco_POPE_random/2608.pt
1108,1108,coco_POPE_random,coco_POPE_random,1,0,"No,",no,1.703125,0.7579571759259259,11.9375,5.208650242024039,28,1,/mnt/data/ssz/mr/results/Qwen2.5-VL/pope/base/analysis/coco_POPE_random/1108.pt
1856,1856,coco_POPE_random,coco_POPE_random,1,0,"No,",no,1.703125,0.7339409722222222,11.9375,5.417517102852375,28,1,/mnt/data/ssz/mr/results/Qwen2.5-VL/pope/base/analysis/coco_POPE_random/1856.pt
364,364,coco_POPE_random,coco_POPE_random,1,0,"No,",no,1.703125,0.7301793981481481,11.9375,5.432210356230426,28,1,/mnt/data/ssz/mr/results/Qwen2.5-VL/pope/base/analysis/coco_POPE_random/364.pt
2609,2609,coco_POPE_random,coco_POPE_random,1,0,"Yes,",yes,1.71875,0.7171585648148148,11.9375,4.696021274405596,28,1,/mnt/data/ssz/mr/results/Qwen2.5-VL/pope/base/analysis/coco_POPE_random/2609.pt
1109,1109,coco_POPE_random,coco_POPE_random,1,0,"Yes,",yes,1.703125,0.7579571759259259,11.9375,4.713944196895839,28,1,/mnt/data/ssz/mr/results/Qwen2.5-VL/pope/base/analysis/coco_POPE_random/1109.pt
1857,1857,coco_POPE_random,coco_POPE_random,1,0,"Yes,",yes,1.703125,0.7339409722222222,11.9375,4.88275210480675,28,1,/mnt/data/ssz/mr/results/Qwen2.5-VL/pope/base/analysis/coco_POPE_random/1857.pt
365,365,coco_POPE_random,coco_POPE_random,0,1,"No,",yes,1.703125,0.7301793981481481,11.9375,5.386733627230068,28,1,/mnt/data/ssz/mr/results/Qwen2.5-VL/pope/base/analysis/coco_POPE_random/365.pt
2610,2610,coco_POPE_random,coco_POPE_random,1,0,"No,",no,1.71875,0.7171585648148148,11.9375,5.276595358866714,28,1,/mnt/data/ssz/mr/results/Qwen2.5-VL/pope/base/analysis/coco_POPE_random/2610.pt
1110,1110,coco_POPE_random,coco_POPE_random,1,0,"No,",no,1.703125,0.7579571759259259,11.9375,5.117524785978589,28,1,/mnt/data/ssz/mr/results/Qwen2.5-VL/pope/base/analysis/coco_POPE_random/1110.pt
1858,1858,coco_POPE_random,coco_POPE_random,1,0,"No,",no,1.703125,0.7339409722222222,11.9375,5.375124708574386,28,1,/mnt/data/ssz/mr/results/Qwen2.5-VL/pope/base/analysis/coco_POPE_random/1858.pt
366,366,coco_POPE_random,coco_POPE_random,1,0,"No,",no,1.703125,0.7301793981481481,11.9375,5.2882238538782245,28,1,/mnt/data/ssz/mr/results/Qwen2.5-VL/pope/base/analysis/coco_POPE_random/366.pt
2611,2611,coco_POPE_random,coco_POPE_random,0,1,"No,",yes,1.6953125,0.7397280092592593,11.9375,5.326800077171119,28,1,/mnt/data/ssz/mr/results/Qwen2.5-VL/pope/base/analysis/coco_POPE_random/2611.pt
1111,1111,coco_POPE_random,coco_POPE_random,0,1,"No,",yes,1.7109375,0.7761863425925926,11.9375,5.287295833917485,28,1,/mnt/data/ssz/mr/results/Qwen2.5-VL/pope/base/analysis/coco_POPE_random/1111.pt
1859,1859,coco_POPE_random,coco_POPE_random,0,1,"No,",yes,1.703125,0.7339409722222222,11.9375,5.335535547234783,28,1,/mnt/data/ssz/mr/results/Qwen2.5-VL/pope/base/analysis/coco_POPE_random/1859.pt
367,367,coco_POPE_random,coco_POPE_random,1,0,"Yes,",yes,1.7109375,0.7398726851851852,11.9375,5.010114724683622,28,1,/mnt/data/ssz/mr/results/Qwen2.5-VL/pope/base/analysis/coco_POPE_random/367.pt
2612,2612,coco_POPE_random,coco_POPE_random,1,0,"No,",no,1.6953125,0.7397280092592593,11.9375,5.480404418017034,28,1,/mnt/data/ssz/mr/results/Qwen2.5-VL/pope/base/analysis/coco_POPE_random/2612.pt
1112,1112,coco_POPE_random,coco_POPE_random,1,0,"No,",no,1.7109375,0.7761863425925926,11.9375,5.26286094504507,28,1,/mnt/data/ssz/mr/results/Qwen2.5-VL/pope/base/analysis/coco_POPE_random/1112.pt
1860,1860,coco_POPE_random,coco_POPE_random,1,0,"No,",no,1.703125,0.7339409722222222,11.9375,5.227567532953958,28,1,/mnt/data/ssz/mr/results/Qwen2.5-VL/pope/base/analysis/coco_POPE_random/1860.pt
368,368,coco_POPE_random,coco_POPE_random,1,0,"No,",no,1.7109375,0.7398726851851852,11.9375,5.351635944045922,28,1,/mnt/data/ssz/mr/results/Qwen2.5-VL/pope/base/analysis/coco_POPE_random/368.pt
2613,2613,coco_POPE_random,coco_POPE_random,1,0,"Yes,",yes,1.6953125,0.7397280092592593,11.9375,5.02038527305986,28,1,/mnt/data/ssz/mr/results/Qwen2.5-VL/pope/base/analysis/coco_POPE_random/2613.pt
1113,1113,coco_POPE_random,coco_POPE_random,0,1,"No,",yes,1.7109375,0.7761863425925926,11.9375,5.2548652341809365,28,1,/mnt/data/ssz/mr/results/Qwen2.5-VL/pope/base/analysis/coco_POPE_random/1113.pt
1861,1861,coco_POPE_random,coco_POPE_random,1,0,"Yes,",yes,1.6875,0.7246817129629629,11.9375,4.7389714606949855,28,1,/mnt/data/ssz/mr/results/Qwen2.5-VL/pope/base/analysis/coco_POPE_random/1861.pt
369,369,coco_POPE_random,coco_POPE_random,0,1,"No,",yes,1.7109375,0.7398726851851852,11.9375,5.387577496245488,28,1,/mnt/data/ssz/mr/results/Qwen2.5-VL/pope/base/analysis/coco_POPE_random/369.pt
2614,2614,coco_POPE_random,coco_POPE_random,1,0,"No,",no,1.6953125,0.7397280092592593,11.9375,5.379921019721602,28,1,/mnt/data/ssz/mr/results/Qwen2.5-VL/pope/base/analysis/coco_POPE_random/2614.pt
1114,1114,coco_POPE_random,coco_POPE_random,1,0,"No,",no,1.7109375,0.7761863425925926,11.9375,5.338701456874522,28,1,/mnt/data/ssz/mr/results/Qwen2.5-VL/pope/base/analysis/coco_POPE_random/1114.pt
1862,1862,coco_POPE_random,coco_POPE_random,1,0,"No,",no,1.6875,0.7246817129629629,11.9375,5.254737184424373,28,1,/mnt/data/ssz/mr/results/Qwen2.5-VL/pope/base/analysis/coco_POPE_random/1862.pt
370,370,coco_POPE_random,coco_POPE_random,1,0,"No,",no,1.7109375,0.7398726851851852,11.9375,5.3196389924254115,28,1,/mnt/data/ssz/mr/results/Qwen2.5-VL/pope/base/analysis/coco_POPE_random/370.pt
2615,2615,coco_POPE_random,coco_POPE_random,1,0,"Yes,",yes,1.6953125,0.7397280092592593,11.9375,4.870389184160229,28,1,/mnt/data/ssz/mr/results/Qwen2.5-VL/pope/base/analysis/coco_POPE_random/2615.pt
1115,1115,coco_POPE_random,coco_POPE_random,1,0,"Yes,",yes,1.7109375,0.7761863425925926,11.9375,4.961341992482932,28,1,/mnt/data/ssz/mr/results/Qwen2.5-VL/pope/base/analysis/coco_POPE_random/1115.pt
1863,1863,coco_POPE_random,coco_POPE_random,1,0,"Yes,",yes,1.6875,0.7246817129629629,11.9375,4.8951720742333205,28,1,/mnt/data/ssz/mr/results/Qwen2.5-VL/pope/base/analysis/coco_POPE_random/1863.pt
371,371,coco_POPE_random,coco_POPE_random,0,1,"No,",yes,1.7109375,0.7398726851851852,11.9375,5.362460559954596,28,1,/mnt/data/ssz/mr/results/Qwen2.5-VL/pope/base/analysis/coco_POPE_random/371.pt
1116,1116,coco_POPE_random,coco_POPE_random,1,0,"No,",no,1.7109375,0.7761863425925926,11.9375,5.323847696076728,28,1,/mnt/data/ssz/mr/results/Qwen2.5-VL/pope/base/analysis/coco_POPE_random/1116.pt
2616,2616,coco_POPE_random,coco_POPE_random,1,0,"No,",no,1.6953125,0.7397280092592593,11.9375,5.312532387020525,28,1,/mnt/data/ssz/mr/results/Qwen2.5-VL/pope/base/analysis/coco_POPE_random/2616.pt
1864,1864,coco_POPE_random,coco_POPE_random,1,0,"No,",no,1.6875,0.7246817129629629,11.9375,5.393062307414422,28,1,/mnt/data/ssz/mr/results/Qwen2.5-VL/pope/base/analysis/coco_POPE_random/1864.pt
372,372,coco_POPE_random,coco_POPE_random,1,0,"No,",no,1.7109375,0.7398726851851852,11.9375,5.363107306802551,28,1,/mnt/data/ssz/mr/results/Qwen2.5-VL/pope/base/analysis/coco_POPE_random/372.pt
1117,1117,coco_POPE_random,coco_POPE_random,1,0,"Yes,",yes,1.734375,0.7536168981481481,11.9375,4.777050706297343,28,1,/mnt/data/ssz/mr/results/Qwen2.5-VL/pope/base/analysis/coco_POPE_random/1117.pt
2617,2617,coco_POPE_random,coco_POPE_random,1,0,"Yes,",yes,1.7421875,0.7241030092592593,11.9375,4.957316642242875,28,1,/mnt/data/ssz/mr/results/Qwen2.5-VL/pope/base/analysis/coco_POPE_random/2617.pt
1865,1865,coco_POPE_random,coco_POPE_random,1,0,"Yes,",yes,1.6875,0.7246817129629629,11.9375,4.803763457939757,28,1,/mnt/data/ssz/mr/results/Qwen2.5-VL/pope/base/analysis/coco_POPE_random/1865.pt
373,373,coco_POPE_random,coco_POPE_random,1,0,"Yes,",yes,1.7421875,0.70703125,11.9375,4.9805964570836885,28,1,/mnt/data/ssz/mr/results/Qwen2.5-VL/pope/base/analysis/coco_POPE_random/373.pt
1118,1118,coco_POPE_random,coco_POPE_random,1,0,"No,",no,1.734375,0.7536168981481481,11.9375,5.266494404535856,28,1,/mnt/data/ssz/mr/results/Qwen2.5-VL/pope/base/analysis/coco_POPE_random/1118.pt
2618,2618,coco_POPE_random,coco_POPE_random,1,0,"No,",no,1.7421875,0.7241030092592593,11.9375,5.377499436909947,28,1,/mnt/data/ssz/mr/results/Qwen2.5-VL/pope/base/analysis/coco_POPE_random/2618.pt
1866,1866,coco_POPE_random,coco_POPE_random,1,0,"No,",no,1.6875,0.7246817129629629,11.9375,5.399121417001133,28,1,/mnt/data/ssz/mr/results/Qwen2.5-VL/pope/base/analysis/coco_POPE_random/1866.pt
374,374,coco_POPE_random,coco_POPE_random,1,0,"No,",no,1.7421875,0.70703125,11.9375,5.251764212280383,28,1,/mnt/data/ssz/mr/results/Qwen2.5-VL/pope/base/analysis/coco_POPE_random/374.pt
1119,1119,coco_POPE_random,coco_POPE_random,1,0,"Yes,",yes,1.734375,0.7536168981481481,11.9375,4.943492775301336,28,1,/mnt/data/ssz/mr/results/Qwen2.5-VL/pope/base/analysis/coco_POPE_random/1119.pt
2619,2619,coco_POPE_random,coco_POPE_random,0,1,"No,",yes,1.7421875,0.7241030092592593,11.9375,5.378428739556795,28,1,/mnt/data/ssz/mr/results/Qwen2.5-VL/pope/base/analysis/coco_POPE_random/2619.pt
1867,1867,coco_POPE_random,coco_POPE_random,1,0,"Yes,",yes,1.7109375,0.7381365740740741,11.9375,4.854992155587828,28,1,/mnt/data/ssz/mr/results/Qwen2.5-VL/pope/base/analysis/coco_POPE_random/1867.pt
375,375,coco_POPE_random,coco_POPE_random,1,0,"Yes,",yes,1.7421875,0.70703125,11.9375,4.841417735027916,28,1,/mnt/data/ssz/mr/results/Qwen2.5-VL/pope/base/analysis/coco_POPE_random/375.pt
1120,1120,coco_POPE_random,coco_POPE_random,1,0,"No,",no,1.734375,0.7536168981481481,11.9375,5.310510110768018,28,1,/mnt/data/ssz/mr/results/Qwen2.5-VL/pope/base/analysis/coco_POPE_random/1120.pt
2620,2620,coco_POPE_random,coco_POPE_random,1,0,"No,",no,1.7421875,0.7241030092592593,11.9375,5.389081863129393,28,1,/mnt/data/ssz/mr/results/Qwen2.5-VL/pope/base/analysis/coco_POPE_random/2620.pt
1868,1868,coco_POPE_random,coco_POPE_random,1,0,"No,",no,1.7109375,0.7381365740740741,11.9375,5.325914277690415,28,1,/mnt/data/ssz/mr/results/Qwen2.5-VL/pope/base/analysis/coco_POPE_random/1868.pt
376,376,coco_POPE_random,coco_POPE_random,1,0,"No,",no,1.7421875,0.70703125,11.9375,5.2629297330018625,28,1,/mnt/data/ssz/mr/results/Qwen2.5-VL/pope/base/analysis/coco_POPE_random/376.pt
1121,1121,coco_POPE_random,coco_POPE_random,1,0,"Yes,",yes,1.734375,0.7536168981481481,11.9375,4.96381975017956,28,1,/mnt/data/ssz/mr/results/Qwen2.5-VL/pope/base/analysis/coco_POPE_random/1121.pt
2621,2621,coco_POPE_random,coco_POPE_random,1,0,"Yes,",yes,1.7421875,0.7241030092592593,11.9375,4.870259134739187,28,1,/mnt/data/ssz/mr/results/Qwen2.5-VL/pope/base/analysis/coco_POPE_random/2621.pt
1869,1869,coco_POPE_random,coco_POPE_random,0,1,"No,",yes,1.7109375,0.7381365740740741,11.9375,5.323234855402443,28,1,/mnt/data/ssz/mr/results/Qwen2.5-VL/pope/base/analysis/coco_POPE_random/1869.pt
377,377,coco_POPE_random,coco_POPE_random,1,0,"Yes,",yes,1.7421875,0.70703125,11.9375,4.841812843860696,28,1,/mnt/data/ssz/mr/results/Qwen2.5-VL/pope/base/analysis/coco_POPE_random/377.pt
1122,1122,coco_POPE_random,coco_POPE_random,1,0,"No,",no,1.734375,0.7536168981481481,11.9375,5.305213720157868,28,1,/mnt/data/ssz/mr/results/Qwen2.5-VL/pope/base/analysis/coco_POPE_random/1122.pt
2622,2622,coco_POPE_random,coco_POPE_random,1,0,"No,",no,1.7421875,0.7241030092592593,11.9375,5.37760613771382,28,1,/mnt/data/ssz/mr/results/Qwen2.5-VL/pope/base/analysis/coco_POPE_random/2622.pt
1870,1870,coco_POPE_random,coco_POPE_random,1,0,"No,",no,1.7109375,0.7381365740740741,11.9375,5.227048264962181,28,1,/mnt/data/ssz/mr/results/Qwen2.5-VL/pope/base/analysis/coco_POPE_random/1870.pt
378,378,coco_POPE_random,coco_POPE_random,1,0,"No,",no,1.7421875,0.70703125,11.9375,5.285477031915371,28,1,/mnt/data/ssz/mr/results/Qwen2.5-VL/pope/base/analysis/coco_POPE_random/378.pt
1123,1123,coco_POPE_random,coco_POPE_random,1,0,"Yes,",yes,1.6875,0.7364004629629629,11.9375,4.873857243687067,28,1,/mnt/data/ssz/mr/results/Qwen2.5-VL/pope/base/analysis/coco_POPE_random/1123.pt
2623,2623,coco_POPE_random,coco_POPE_random,0,1,"No,",yes,1.734375,0.7241030092592593,11.9375,5.251305989719122,28,1,/mnt/data/ssz/mr/results/Qwen2.5-VL/pope/base/analysis/coco_POPE_random/2623.pt
1871,1871,coco_POPE_random,coco_POPE_random,1,0,"Yes,",yes,1.7109375,0.7381365740740741,11.9375,4.728445520557788,28,1,/mnt/data/ssz/mr/results/Qwen2.5-VL/pope/base/analysis/coco_POPE_random/1871.pt
379,379,coco_POPE_random,coco_POPE_random,1,0,"Yes,",yes,1.671875,0.7352430555555556,11.9375,5.048672408230077,28,1,/mnt/data/ssz/mr/results/Qwen2.5-VL/pope/base/analysis/coco_POPE_random/379.pt
1124,1124,coco_POPE_random,coco_POPE_random,1,0,"No,",no,1.6875,0.7364004629629629,11.9375,5.360685091855963,28,1,/mnt/data/ssz/mr/results/Qwen2.5-VL/pope/base/analysis/coco_POPE_random/1124.pt
2624,2624,coco_POPE_random,coco_POPE_random,1,0,"No,",no,1.734375,0.7241030092592593,11.9375,5.326277133918761,28,1,/mnt/data/ssz/mr/results/Qwen2.5-VL/pope/base/analysis/coco_POPE_random/2624.pt
1872,1872,coco_POPE_random,coco_POPE_random,1,0,"No,",no,1.7109375,0.7381365740740741,11.9375,5.351646886216949,28,1,/mnt/data/ssz/mr/results/Qwen2.5-VL/pope/base/analysis/coco_POPE_random/1872.pt
380,380,coco_POPE_random,coco_POPE_random,1,0,"No,",no,1.671875,0.7352430555555556,11.9375,5.4183317369078745,28,1,/mnt/data/ssz/mr/results/Qwen2.5-VL/pope/base/analysis/coco_POPE_random/380.pt
1125,1125,coco_POPE_random,coco_POPE_random,0,1,"No,",yes,1.6875,0.7364004629629629,11.9375,5.3988659233276355,28,1,/mnt/data/ssz/mr/results/Qwen2.5-VL/pope/base/analysis/coco_POPE_random/1125.pt
2625,2625,coco_POPE_random,coco_POPE_random,1,0,"Yes,",yes,1.734375,0.7241030092592593,11.9375,4.865862240307566,28,1,/mnt/data/ssz/mr/results/Qwen2.5-VL/pope/base/analysis/coco_POPE_random/2625.pt
1873,1873,coco_POPE_random,coco_POPE_random,0,1,"No,",yes,1.6875,0.7432002314814815,11.9375,5.304938616907498,28,1,/mnt/data/ssz/mr/results/Qwen2.5-VL/pope/base/analysis/coco_POPE_random/1873.pt
381,381,coco_POPE_random,coco_POPE_random,1,0,"Yes,",yes,1.671875,0.7352430555555556,11.9375,5.032060876921243,28,1,/mnt/data/ssz/mr/results/Qwen2.5-VL/pope/base/analysis/coco_POPE_random/381.pt
1126,1126,coco_POPE_random,coco_POPE_random,1,0,"No,",no,1.6875,0.7364004629629629,11.9375,5.403862130458258,28,1,/mnt/data/ssz/mr/results/Qwen2.5-VL/pope/base/analysis/coco_POPE_random/1126.pt
1874,1874,coco_POPE_random,coco_POPE_random,1,0,"No,",no,1.6875,0.7432002314814815,11.9375,5.312509460698524,28,1,/mnt/data/ssz/mr/results/Qwen2.5-VL/pope/base/analysis/coco_POPE_random/1874.pt
2626,2626,coco_POPE_random,coco_POPE_random,1,0,"No,",no,1.734375,0.7241030092592593,11.9375,5.358629305466757,28,1,/mnt/data/ssz/mr/results/Qwen2.5-VL/pope/base/analysis/coco_POPE_random/2626.pt
382,382,coco_POPE_random,coco_POPE_random,1,0,"No,",no,1.671875,0.7352430555555556,11.9375,5.497760901952054,28,1,/mnt/data/ssz/mr/results/Qwen2.5-VL/pope/base/analysis/coco_POPE_random/382.pt
1127,1127,coco_POPE_random,coco_POPE_random,1,0,"Yes,",yes,1.6875,0.7364004629629629,11.9375,4.968602244391307,28,1,/mnt/data/ssz/mr/results/Qwen2.5-VL/pope/base/analysis/coco_POPE_random/1127.pt
1875,1875,coco_POPE_random,coco_POPE_random,1,0,"Yes,",yes,1.6875,0.7432002314814815,11.9375,4.905958775963505,28,1,/mnt/data/ssz/mr/results/Qwen2.5-VL/pope/base/analysis/coco_POPE_random/1875.pt
2627,2627,coco_POPE_random,coco_POPE_random,1,0,"Yes,",yes,1.734375,0.7241030092592593,11.9375,4.855245902390693,28,1,/mnt/data/ssz/mr/results/Qwen2.5-VL/pope/base/analysis/coco_POPE_random/2627.pt
383,383,coco_POPE_random,coco_POPE_random,1,0,"Yes,",yes,1.671875,0.7352430555555556,11.9375,4.962697530393887,28,1,/mnt/data/ssz/mr/results/Qwen2.5-VL/pope/base/analysis/coco_POPE_random/383.pt
1876,1876,coco_POPE_random,coco_POPE_random,1,0,"No,",no,1.6875,0.7432002314814815,11.9375,5.410420767270964,28,1,/mnt/data/ssz/mr/results/Qwen2.5-VL/pope/base/analysis/coco_POPE_random/1876.pt
1128,1128,coco_POPE_random,coco_POPE_random,1,0,"No,",no,1.6875,0.7364004629629629,11.9375,5.300448756506739,28,1,/mnt/data/ssz/mr/results/Qwen2.5-VL/pope/base/analysis/coco_POPE_random/1128.pt
2628,2628,coco_POPE_random,coco_POPE_random,1,0,"No,",no,1.734375,0.7241030092592593,11.9375,5.331481389631994,28,1,/mnt/data/ssz/mr/results/Qwen2.5-VL/pope/base/analysis/coco_POPE_random/2628.pt
384,384,coco_POPE_random,coco_POPE_random,1,0,"No,",no,1.671875,0.7352430555555556,11.9375,5.466560775563266,28,1,/mnt/data/ssz/mr/results/Qwen2.5-VL/pope/base/analysis/coco_POPE_random/384.pt
1877,1877,coco_POPE_random,coco_POPE_random,0,1,"No,",yes,1.6875,0.7432002314814815,11.9375,5.323992873371402,28,1,/mnt/data/ssz/mr/results/Qwen2.5-VL/pope/base/analysis/coco_POPE_random/1877.pt
1129,1129,coco_POPE_random,coco_POPE_random,1,0,"Yes,",yes,1.734375,0.7433449074074074,11.9375,5.092302363504488,28,1,/mnt/data/ssz/mr/results/Qwen2.5-VL/pope/base/analysis/coco_POPE_random/1129.pt
2629,2629,coco_POPE_random,coco_POPE_random,1,0,"Yes,",yes,1.75,0.7585358796296297,11.9375,4.897047370977323,28,1,/mnt/data/ssz/mr/results/Qwen2.5-VL/pope/base/analysis/coco_POPE_random/2629.pt
1878,1878,coco_POPE_random,coco_POPE_random,1,0,"No,",no,1.6875,0.7432002314814815,11.9375,5.303401218375352,28,1,/mnt/data/ssz/mr/results/Qwen2.5-VL/pope/base/analysis/coco_POPE_random/1878.pt
385,385,coco_POPE_random,coco_POPE_random,1,0,"Yes,",yes,1.71875,0.7489872685185185,11.9375,4.870093476281157,28,1,/mnt/data/ssz/mr/results/Qwen2.5-VL/pope/base/analysis/coco_POPE_random/385.pt
1130,1130,coco_POPE_random,coco_POPE_random,1,0,"No,",no,1.734375,0.7433449074074074,11.9375,5.441046558135487,28,1,/mnt/data/ssz/mr/results/Qwen2.5-VL/pope/base/analysis/coco_POPE_random/1130.pt
2630,2630,coco_POPE_random,coco_POPE_random,1,0,"No,",no,1.75,0.7585358796296297,11.9375,5.487963055553024,28,1,/mnt/data/ssz/mr/results/Qwen2.5-VL/pope/base/analysis/coco_POPE_random/2630.pt
1879,1879,coco_POPE_random,coco_POPE_random,0,1,"No,",yes,1.6953125,0.7303240740740741,11.9375,5.325035609991857,28,1,/mnt/data/ssz/mr/results/Qwen2.5-VL/pope/base/analysis/coco_POPE_random/1879.pt
386,386,coco_POPE_random,coco_POPE_random,1,0,"No,",no,1.71875,0.7489872685185185,11.9375,5.426085512068501,28,1,/mnt/data/ssz/mr/results/Qwen2.5-VL/pope/base/analysis/coco_POPE_random/386.pt
1131,1131,coco_POPE_random,coco_POPE_random,1,0,"Yes,",yes,1.734375,0.7433449074074074,11.9375,4.904970239458807,28,1,/mnt/data/ssz/mr/results/Qwen2.5-VL/pope/base/analysis/coco_POPE_random/1131.pt
2631,2631,coco_POPE_random,coco_POPE_random,1,0,"Yes,",yes,1.75,0.7585358796296297,11.9375,5.207588898080239,28,1,/mnt/data/ssz/mr/results/Qwen2.5-VL/pope/base/analysis/coco_POPE_random/2631.pt
1880,1880,coco_POPE_random,coco_POPE_random,1,0,"No,",no,1.6953125,0.7303240740740741,11.9375,5.324848178350859,28,1,/mnt/data/ssz/mr/results/Qwen2.5-VL/pope/base/analysis/coco_POPE_random/1880.pt
1132,1132,coco_POPE_random,coco_POPE_random,1,0,"No,",no,1.734375,0.7433449074074074,11.9375,5.407323607324896,28,1,/mnt/data/ssz/mr/results/Qwen2.5-VL/pope/base/analysis/coco_POPE_random/1132.pt
2632,2632,coco_POPE_random,coco_POPE_random,1,0,"No,",no,1.75,0.7585358796296297,11.9375,5.3892024188108785,28,1,/mnt/data/ssz/mr/results/Qwen2.5-VL/pope/base/analysis/coco_POPE_random/2632.pt
387,387,coco_POPE_random,coco_POPE_random,0,1,"No,",yes,1.71875,0.7489872685185185,11.9375,5.359627386000096,28,1,/mnt/data/ssz/mr/results/Qwen2.5-VL/pope/base/analysis/coco_POPE_random/387.pt
1881,1881,coco_POPE_random,coco_POPE_random,1,0,"Yes,",yes,1.6953125,0.7303240740740741,11.9375,4.961563110496804,28,1,/mnt/data/ssz/mr/results/Qwen2.5-VL/pope/base/analysis/coco_POPE_random/1881.pt
1133,1133,coco_POPE_random,coco_POPE_random,0,1,"No,",yes,1.734375,0.7433449074074074,11.9375,5.384085260939802,28,1,/mnt/data/ssz/mr/results/Qwen2.5-VL/pope/base/analysis/coco_POPE_random/1133.pt
2633,2633,coco_POPE_random,coco_POPE_random,0,1,"No,",yes,1.75,0.7585358796296297,11.9375,5.383573630615188,28,1,/mnt/data/ssz/mr/results/Qwen2.5-VL/pope/base/analysis/coco_POPE_random/2633.pt
388,388,coco_POPE_random,coco_POPE_random,1,0,"No,",no,1.71875,0.7489872685185185,11.9375,5.405635712361707,28,1,/mnt/data/ssz/mr/results/Qwen2.5-VL/pope/base/analysis/coco_POPE_random/388.pt
1882,1882,coco_POPE_random,coco_POPE_random,1,0,"No,",no,1.6953125,0.7303240740740741,11.9375,5.312075005419344,28,1,/mnt/data/ssz/mr/results/Qwen2.5-VL/pope/base/analysis/coco_POPE_random/1882.pt
2634,2634,coco_POPE_random,coco_POPE_random,1,0,"No,",no,1.75,0.7585358796296297,11.9375,5.4936839309513505,28,1,/mnt/data/ssz/mr/results/Qwen2.5-VL/pope/base/analysis/coco_POPE_random/2634.pt
1134,1134,coco_POPE_random,coco_POPE_random,1,0,"No,",no,1.734375,0.7433449074074074,11.9375,5.31754502728466,28,1,/mnt/data/ssz/mr/results/Qwen2.5-VL/pope/base/analysis/coco_POPE_random/1134.pt
389,389,coco_POPE_random,coco_POPE_random,1,0,"Yes,",yes,1.71875,0.7489872685185185,11.9375,4.842643773727427,28,1,/mnt/data/ssz/mr/results/Qwen2.5-VL/pope/base/analysis/coco_POPE_random/389.pt
1883,1883,coco_POPE_random,coco_POPE_random,1,0,"Yes,",yes,1.6953125,0.7303240740740741,11.9375,4.891680657669784,28,1,/mnt/data/ssz/mr/results/Qwen2.5-VL/pope/base/analysis/coco_POPE_random/1883.pt
1135,1135,coco_POPE_random,coco_POPE_random,1,0,"Yes,",yes,1.703125,0.7297453703703703,11.9375,4.915540402402649,28,1,/mnt/data/ssz/mr/results/Qwen2.5-VL/pope/base/analysis/coco_POPE_random/1135.pt
2635,2635,coco_POPE_random,coco_POPE_random,0,1,"No,",yes,1.6875,0.72265625,11.9375,5.258852898578292,28,1,/mnt/data/ssz/mr/results/Qwen2.5-VL/pope/base/analysis/coco_POPE_random/2635.pt
390,390,coco_POPE_random,coco_POPE_random,1,0,"No,",no,1.71875,0.7489872685185185,11.9375,5.431621858340305,28,1,/mnt/data/ssz/mr/results/Qwen2.5-VL/pope/base/analysis/coco_POPE_random/390.pt
1884,1884,coco_POPE_random,coco_POPE_random,1,0,"No,",no,1.6953125,0.7303240740740741,11.9375,5.2939483737299575,28,1,/mnt/data/ssz/mr/results/Qwen2.5-VL/pope/base/analysis/coco_POPE_random/1884.pt
1136,1136,coco_POPE_random,coco_POPE_random,1,0,"No,",no,1.703125,0.7297453703703703,11.9375,5.352013464550167,28,1,/mnt/data/ssz/mr/results/Qwen2.5-VL/pope/base/analysis/coco_POPE_random/1136.pt
391,391,coco_POPE_random,coco_POPE_random,1,0,"Yes,",yes,1.6875,0.7599826388888888,11.9375,4.886891806067641,28,1,/mnt/data/ssz/mr/results/Qwen2.5-VL/pope/base/analysis/coco_POPE_random/391.pt
1885,1885,coco_POPE_random,coco_POPE_random,1,0,"Yes,",yes,1.703125,0.7193287037037037,11.9375,4.889551298903083,28,1,/mnt/data/ssz/mr/results/Qwen2.5-VL/pope/base/analysis/coco_POPE_random/1885.pt
2636,2636,coco_POPE_random,coco_POPE_random,1,0,"No,",no,1.6875,0.72265625,11.9375,5.253956120857985,28,1,/mnt/data/ssz/mr/results/Qwen2.5-VL/pope/base/analysis/coco_POPE_random/2636.pt
392,392,coco_POPE_random,coco_POPE_random,1,0,"No,",no,1.6875,0.7599826388888888,11.9375,5.341770654752736,28,1,/mnt/data/ssz/mr/results/Qwen2.5-VL/pope/base/analysis/coco_POPE_random/392.pt
1137,1137,coco_POPE_random,coco_POPE_random,1,0,"Yes,",yes,1.703125,0.7297453703703703,11.9375,4.830757135825292,28,1,/mnt/data/ssz/mr/results/Qwen2.5-VL/pope/base/analysis/coco_POPE_random/1137.pt
1886,1886,coco_POPE_random,coco_POPE_random,1,0,"No,",no,1.703125,0.7193287037037037,11.9375,5.37531402110045,28,1,/mnt/data/ssz/mr/results/Qwen2.5-VL/pope/base/analysis/coco_POPE_random/1886.pt
2637,2637,coco_POPE_random,coco_POPE_random,0,1,"No,",yes,1.6875,0.72265625,11.9375,5.392863334849601,28,1,/mnt/data/ssz/mr/results/Qwen2.5-VL/pope/base/analysis/coco_POPE_random/2637.pt
393,393,coco_POPE_random,coco_POPE_random,1,0,"Yes,",yes,1.6875,0.7599826388888888,11.9375,4.855074021510269,28,1,/mnt/data/ssz/mr/results/Qwen2.5-VL/pope/base/analysis/coco_POPE_random/393.pt
1138,1138,coco_POPE_random,coco_POPE_random,1,0,"No,",no,1.703125,0.7297453703703703,11.9375,5.33874831159213,28,1,/mnt/data/ssz/mr/results/Qwen2.5-VL/pope/base/analysis/coco_POPE_random/1138.pt
394,394,coco_POPE_random,coco_POPE_random,1,0,"No,",no,1.6875,0.7599826388888888,11.9375,5.27858880151275,28,1,/mnt/data/ssz/mr/results/Qwen2.5-VL/pope/base/analysis/coco_POPE_random/394.pt
2638,2638,coco_POPE_random,coco_POPE_random,1,0,"No,",no,1.6875,0.72265625,11.9375,5.323549374933001,28,1,/mnt/data/ssz/mr/results/Qwen2.5-VL/pope/base/analysis/coco_POPE_random/2638.pt
1887,1887,coco_POPE_random,coco_POPE_random,0,1,"No,",yes,1.703125,0.7193287037037037,11.9375,5.267550060324446,28,1,/mnt/data/ssz/mr/results/Qwen2.5-VL/pope/base/analysis/coco_POPE_random/1887.pt
1139,1139,coco_POPE_random,coco_POPE_random,0,1,"No,",yes,1.703125,0.7297453703703703,11.9375,5.378953779506668,28,1,/mnt/data/ssz/mr/results/Qwen2.5-VL/pope/base/analysis/coco_POPE_random/1139.pt
395,395,coco_POPE_random,coco_POPE_random,1,0,"Yes,",yes,1.6875,0.7599826388888888,11.9375,4.897972246932693,28,1,/mnt/data/ssz/mr/results/Qwen2.5-VL/pope/base/analysis/coco_POPE_random/395.pt
1888,1888,coco_POPE_random,coco_POPE_random,1,0,"No,",no,1.703125,0.7193287037037037,11.9375,5.413830539515348,28,1,/mnt/data/ssz/mr/results/Qwen2.5-VL/pope/base/analysis/coco_POPE_random/1888.pt
2639,2639,coco_POPE_random,coco_POPE_random,1,0,"Yes,",yes,1.6875,0.72265625,11.9375,4.80580725796238,28,1,/mnt/data/ssz/mr/results/Qwen2.5-VL/pope/base/analysis/coco_POPE_random/2639.pt
1140,1140,coco_POPE_random,coco_POPE_random,1,0,"No,",no,1.703125,0.7297453703703703,11.9375,5.357558524745589,28,1,/mnt/data/ssz/mr/results/Qwen2.5-VL/pope/base/analysis/coco_POPE_random/1140.pt
396,396,coco_POPE_random,coco_POPE_random,1,0,"No,",no,1.6875,0.7599826388888888,11.9375,5.331413379423699,28,1,/mnt/data/ssz/mr/results/Qwen2.5-VL/pope/base/analysis/coco_POPE_random/396.pt
1889,1889,coco_POPE_random,coco_POPE_random,0,1,"No,",yes,1.703125,0.7193287037037037,11.9375,5.290498259208735,28,1,/mnt/data/ssz/mr/results/Qwen2.5-VL/pope/base/analysis/coco_POPE_random/1889.pt
2640,2640,coco_POPE_random,coco_POPE_random,1,0,"No,",no,1.6875,0.72265625,11.9375,5.254190283396949,28,1,/mnt/data/ssz/mr/results/Qwen2.5-VL/pope/base/analysis/coco_POPE_random/2640.pt
1141,1141,coco_POPE_random,coco_POPE_random,1,0,"Yes,",yes,1.75,0.7472511574074074,11.9375,4.722760092559745,28,1,/mnt/data/ssz/mr/results/Qwen2.5-VL/pope/base/analysis/coco_POPE_random/1141.pt
397,397,coco_POPE_random,coco_POPE_random,0,1,"No,",yes,1.6875,0.7504340277777778,11.9375,5.164773193359875,28,1,/mnt/data/ssz/mr/results/Qwen2.5-VL/pope/base/analysis/coco_POPE_random/397.pt
1890,1890,coco_POPE_random,coco_POPE_random,1,0,"No,",no,1.703125,0.7193287037037037,11.9375,5.360122105095422,28,1,/mnt/data/ssz/mr/results/Qwen2.5-VL/pope/base/analysis/coco_POPE_random/1890.pt
2641,2641,coco_POPE_random,coco_POPE_random,1,0,"Yes,",yes,1.703125,0.7635995370370371,11.9375,4.776963807044663,28,1,/mnt/data/ssz/mr/results/Qwen2.5-VL/pope/base/analysis/coco_POPE_random/2641.pt
398,398,coco_POPE_random,coco_POPE_random,1,0,"No,",no,1.6875,0.7504340277777778,11.9375,5.183915409564367,28,1,/mnt/data/ssz/mr/results/Qwen2.5-VL/pope/base/analysis/coco_POPE_random/398.pt
1142,1142,coco_POPE_random,coco_POPE_random,1,0,"No,",no,1.75,0.7472511574074074,11.9375,5.340290653202013,28,1,/mnt/data/ssz/mr/results/Qwen2.5-VL/pope/base/analysis/coco_POPE_random/1142.pt
2642,2642,coco_POPE_random,coco_POPE_random,1,0,"No,",no,1.703125,0.7635995370370371,11.9375,5.383237608915187,28,1,/mnt/data/ssz/mr/results/Qwen2.5-VL/pope/base/analysis/coco_POPE_random/2642.pt
1891,1891,coco_POPE_random,coco_POPE_random,0,1,"No,",yes,1.6796875,0.7581018518518519,11.9375,5.372676025106669,28,1,/mnt/data/ssz/mr/results/Qwen2.5-VL/pope/base/analysis/coco_POPE_random/1891.pt
399,399,coco_POPE_random,coco_POPE_random,0,1,"No,",yes,1.6875,0.7504340277777778,11.9375,5.155968606563342,28,1,/mnt/data/ssz/mr/results/Qwen2.5-VL/pope/base/analysis/coco_POPE_random/399.pt
1143,1143,coco_POPE_random,coco_POPE_random,0,1,"No,",yes,1.75,0.7472511574074074,11.9375,5.201350532168551,28,1,/mnt/data/ssz/mr/results/Qwen2.5-VL/pope/base/analysis/coco_POPE_random/1143.pt
2643,2643,coco_POPE_random,coco_POPE_random,1,0,"Yes,",yes,1.703125,0.7635995370370371,11.9375,4.955355730825745,28,1,/mnt/data/ssz/mr/results/Qwen2.5-VL/pope/base/analysis/coco_POPE_random/2643.pt
400,400,coco_POPE_random,coco_POPE_random,1,0,"No,",no,1.6875,0.7504340277777778,11.9375,5.210933508464065,28,1,/mnt/data/ssz/mr/results/Qwen2.5-VL/pope/base/analysis/coco_POPE_random/400.pt
1892,1892,coco_POPE_random,coco_POPE_random,1,0,"No,",no,1.6796875,0.7581018518518519,11.9375,5.445457723570526,28,1,/mnt/data/ssz/mr/results/Qwen2.5-VL/pope/base/analysis/coco_POPE_random/1892.pt
1144,1144,coco_POPE_random,coco_POPE_random,1,0,"No,",no,1.75,0.7472511574074074,11.9375,5.345600087493447,28,1,/mnt/data/ssz/mr/results/Qwen2.5-VL/pope/base/analysis/coco_POPE_random/1144.pt
2644,2644,coco_POPE_random,coco_POPE_random,1,0,"No,",no,1.703125,0.7635995370370371,11.9375,5.389285550984447,28,1,/mnt/data/ssz/mr/results/Qwen2.5-VL/pope/base/analysis/coco_POPE_random/2644.pt
401,401,coco_POPE_random,coco_POPE_random,1,0,"Yes,",yes,1.6875,0.7504340277777778,11.9375,4.814839496098015,28,1,/mnt/data/ssz/mr/results/Qwen2.5-VL/pope/base/analysis/coco_POPE_random/401.pt
1893,1893,coco_POPE_random,coco_POPE_random,1,0,"Yes,",yes,1.6796875,0.7581018518518519,11.9375,4.953023506730241,28,1,/mnt/data/ssz/mr/results/Qwen2.5-VL/pope/base/analysis/coco_POPE_random/1893.pt
2645,2645,coco_POPE_random,coco_POPE_random,1,0,"Yes,",yes,1.703125,0.7635995370370371,11.9375,5.153205015349361,28,1,/mnt/data/ssz/mr/results/Qwen2.5-VL/pope/base/analysis/coco_POPE_random/2645.pt
1145,1145,coco_POPE_random,coco_POPE_random,1,0,"Yes,",yes,1.75,0.7472511574074074,11.9375,4.748646744937897,28,1,/mnt/data/ssz/mr/results/Qwen2.5-VL/pope/base/analysis/coco_POPE_random/1145.pt
402,402,coco_POPE_random,coco_POPE_random,1,0,"No,",no,1.6875,0.7504340277777778,11.9375,5.200951834439962,28,1,/mnt/data/ssz/mr/results/Qwen2.5-VL/pope/base/analysis/coco_POPE_random/402.pt
1894,1894,coco_POPE_random,coco_POPE_random,1,0,"No,",no,1.6796875,0.7581018518518519,11.9375,5.443528062497943,28,1,/mnt/data/ssz/mr/results/Qwen2.5-VL/pope/base/analysis/coco_POPE_random/1894.pt
2646,2646,coco_POPE_random,coco_POPE_random,1,0,"No,",no,1.703125,0.7635995370370371,11.9375,5.471803751727976,28,1,/mnt/data/ssz/mr/results/Qwen2.5-VL/pope/base/analysis/coco_POPE_random/2646.pt
403,403,coco_POPE_random,coco_POPE_random,1,0,"Yes,",yes,1.734375,0.7342303240740741,11.9375,4.942263364542077,28,1,/mnt/data/ssz/mr/results/Qwen2.5-VL/pope/base/analysis/coco_POPE_random/403.pt
1146,1146,coco_POPE_random,coco_POPE_random,1,0,"No,",no,1.75,0.7472511574074074,11.9375,5.272667847758526,28,1,/mnt/data/ssz/mr/results/Qwen2.5-VL/pope/base/analysis/coco_POPE_random/1146.pt
2647,2647,coco_POPE_random,coco_POPE_random,1,0,"Yes,",yes,1.734375,0.7210648148148148,11.9375,4.872241457550922,28,1,/mnt/data/ssz/mr/results/Qwen2.5-VL/pope/base/analysis/coco_POPE_random/2647.pt
1895,1895,coco_POPE_random,coco_POPE_random,0,1,"No,",yes,1.6796875,0.7581018518518519,11.9375,5.537965687540152,28,1,/mnt/data/ssz/mr/results/Qwen2.5-VL/pope/base/analysis/coco_POPE_random/1895.pt
404,404,coco_POPE_random,coco_POPE_random,1,0,"No,",no,1.734375,0.7342303240740741,11.9375,5.279456130302198,28,1,/mnt/data/ssz/mr/results/Qwen2.5-VL/pope/base/analysis/coco_POPE_random/404.pt
1147,1147,coco_POPE_random,coco_POPE_random,1,0,"Yes,",yes,1.734375,0.7125289351851852,11.9375,4.941365502712369,28,1,/mnt/data/ssz/mr/results/Qwen2.5-VL/pope/base/analysis/coco_POPE_random/1147.pt
2648,2648,coco_POPE_random,coco_POPE_random,1,0,"No,",no,1.734375,0.7210648148148148,11.9375,5.2900148098339965,28,1,/mnt/data/ssz/mr/results/Qwen2.5-VL/pope/base/analysis/coco_POPE_random/2648.pt
405,405,coco_POPE_random,coco_POPE_random,1,0,"Yes,",yes,1.734375,0.7342303240740741,11.9375,4.751237365589555,28,1,/mnt/data/ssz/mr/results/Qwen2.5-VL/pope/base/analysis/coco_POPE_random/405.pt
1896,1896,coco_POPE_random,coco_POPE_random,1,0,"No,",no,1.6796875,0.7581018518518519,11.9375,5.50205776256265,28,1,/mnt/data/ssz/mr/results/Qwen2.5-VL/pope/base/analysis/coco_POPE_random/1896.pt
1148,1148,coco_POPE_random,coco_POPE_random,1,0,"No,",no,1.734375,0.7125289351851852,11.9375,5.374623863397323,28,1,/mnt/data/ssz/mr/results/Qwen2.5-VL/pope/base/analysis/coco_POPE_random/1148.pt
2649,2649,coco_POPE_random,coco_POPE_random,1,0,"Yes,",yes,1.734375,0.7210648148148148,11.9375,4.941140798531212,28,1,/mnt/data/ssz/mr/results/Qwen2.5-VL/pope/base/analysis/coco_POPE_random/2649.pt
406,406,coco_POPE_random,coco_POPE_random,1,0,"No,",no,1.734375,0.7342303240740741,11.9375,5.304616173888375,28,1,/mnt/data/ssz/mr/results/Qwen2.5-VL/pope/base/analysis/coco_POPE_random/406.pt
1897,1897,coco_POPE_random,coco_POPE_random,0,1,"No,",yes,1.7109375,0.7327835648148148,11.9375,5.331290358573699,28,1,/mnt/data/ssz/mr/results/Qwen2.5-VL/pope/base/analysis/coco_POPE_random/1897.pt
1149,1149,coco_POPE_random,coco_POPE_random,1,0,"Yes,",yes,1.734375,0.7125289351851852,11.9375,4.823937530372477,28,1,/mnt/data/ssz/mr/results/Qwen2.5-VL/pope/base/analysis/coco_POPE_random/1149.pt
2650,2650,coco_POPE_random,coco_POPE_random,1,0,"No,",no,1.734375,0.7210648148148148,11.9375,5.432295984895668,28,1,/mnt/data/ssz/mr/results/Qwen2.5-VL/pope/base/analysis/coco_POPE_random/2650.pt
407,407,coco_POPE_random,coco_POPE_random,1,0,"Yes,",yes,1.734375,0.7342303240740741,11.9375,4.683297700668498,28,1,/mnt/data/ssz/mr/results/Qwen2.5-VL/pope/base/analysis/coco_POPE_random/407.pt
1150,1150,coco_POPE_random,coco_POPE_random,1,0,"No,",no,1.734375,0.7125289351851852,11.9375,5.333326408649382,28,1,/mnt/data/ssz/mr/results/Qwen2.5-VL/pope/base/analysis/coco_POPE_random/1150.pt
1898,1898,coco_POPE_random,coco_POPE_random,1,0,"No,",no,1.7109375,0.7327835648148148,11.9375,5.2236389385888575,28,1,/mnt/data/ssz/mr/results/Qwen2.5-VL/pope/base/analysis/coco_POPE_random/1898.pt
2651,2651,coco_POPE_random,coco_POPE_random,1,0,"Yes,",yes,1.734375,0.7210648148148148,11.9375,4.692996022600711,28,1,/mnt/data/ssz/mr/results/Qwen2.5-VL/pope/base/analysis/coco_POPE_random/2651.pt
408,408,coco_POPE_random,coco_POPE_random,1,0,"No,",no,1.734375,0.7342303240740741,11.9375,5.26515958934936,28,1,/mnt/data/ssz/mr/results/Qwen2.5-VL/pope/base/analysis/coco_POPE_random/408.pt
1151,1151,coco_POPE_random,coco_POPE_random,1,0,"Yes,",yes,1.734375,0.7125289351851852,11.9375,4.7407177884045435,28,1,/mnt/data/ssz/mr/results/Qwen2.5-VL/pope/base/analysis/coco_POPE_random/1151.pt
1899,1899,coco_POPE_random,coco_POPE_random,1,0,"Yes,",yes,1.7109375,0.7327835648148148,11.9375,4.803467669040559,28,1,/mnt/data/ssz/mr/results/Qwen2.5-VL/pope/base/analysis/coco_POPE_random/1899.pt
2652,2652,coco_POPE_random,coco_POPE_random,1,0,"No,",no,1.734375,0.7210648148148148,11.9375,5.361883574032932,28,1,/mnt/data/ssz/mr/results/Qwen2.5-VL/pope/base/analysis/coco_POPE_random/2652.pt
409,409,coco_POPE_random,coco_POPE_random,1,0,"Yes,",yes,1.6875,0.7358217592592593,11.9375,4.978334428088413,28,1,/mnt/data/ssz/mr/results/Qwen2.5-VL/pope/base/analysis/coco_POPE_random/409.pt
1152,1152,coco_POPE_random,coco_POPE_random,1,0,"No,",no,1.734375,0.7125289351851852,11.9375,5.363979164911895,28,1,/mnt/data/ssz/mr/results/Qwen2.5-VL/pope/base/analysis/coco_POPE_random/1152.pt
2653,2653,coco_POPE_random,coco_POPE_random,0,1,"No,",yes,1.671875,0.7378472222222222,11.9375,5.272747018443688,28,1,/mnt/data/ssz/mr/results/Qwen2.5-VL/pope/base/analysis/coco_POPE_random/2653.pt
1900,1900,coco_POPE_random,coco_POPE_random,1,0,"No,",no,1.7109375,0.7327835648148148,11.9375,5.247002097987897,28,1,/mnt/data/ssz/mr/results/Qwen2.5-VL/pope/base/analysis/coco_POPE_random/1900.pt
410,410,coco_POPE_random,coco_POPE_random,1,0,"No,",no,1.6875,0.7358217592592593,11.9375,5.277519038858318,28,1,/mnt/data/ssz/mr/results/Qwen2.5-VL/pope/base/analysis/coco_POPE_random/410.pt
2654,2654,coco_POPE_random,coco_POPE_random,1,0,"No,",no,1.671875,0.7378472222222222,11.9375,5.378326156499153,28,1,/mnt/data/ssz/mr/results/Qwen2.5-VL/pope/base/analysis/coco_POPE_random/2654.pt
1153,1153,coco_POPE_random,coco_POPE_random,1,0,"Yes,",yes,1.734375,0.7316261574074074,11.9375,4.8954897350157145,28,1,/mnt/data/ssz/mr/results/Qwen2.5-VL/pope/base/analysis/coco_POPE_random/1153.pt
1901,1901,coco_POPE_random,coco_POPE_random,1,0,"Yes,",yes,1.7109375,0.7327835648148148,11.9375,4.782026340133578,28,1,/mnt/data/ssz/mr/results/Qwen2.5-VL/pope/base/analysis/coco_POPE_random/1901.pt
411,411,coco_POPE_random,coco_POPE_random,1,0,"Yes,",yes,1.6875,0.7358217592592593,11.9375,4.899069439792396,28,1,/mnt/data/ssz/mr/results/Qwen2.5-VL/pope/base/analysis/coco_POPE_random/411.pt
2655,2655,coco_POPE_random,coco_POPE_random,1,0,"Yes,",yes,1.671875,0.7378472222222222,11.9375,4.845016715763664,28,1,/mnt/data/ssz/mr/results/Qwen2.5-VL/pope/base/analysis/coco_POPE_random/2655.pt
1154,1154,coco_POPE_random,coco_POPE_random,1,0,"No,",no,1.734375,0.7316261574074074,11.9375,5.392762257435983,28,1,/mnt/data/ssz/mr/results/Qwen2.5-VL/pope/base/analysis/coco_POPE_random/1154.pt
2656,2656,coco_POPE_random,coco_POPE_random,1,0,"No,",no,1.671875,0.7378472222222222,11.9375,5.3036309630238225,28,1,/mnt/data/ssz/mr/results/Qwen2.5-VL/pope/base/analysis/coco_POPE_random/2656.pt
1902,1902,coco_POPE_random,coco_POPE_random,1,0,"No,",no,1.7109375,0.7327835648148148,11.9375,5.214105003474476,28,1,/mnt/data/ssz/mr/results/Qwen2.5-VL/pope/base/analysis/coco_POPE_random/1902.pt
412,412,coco_POPE_random,coco_POPE_random,1,0,"No,",no,1.6875,0.7358217592592593,11.9375,5.531276935658315,28,1,/mnt/data/ssz/mr/results/Qwen2.5-VL/pope/base/analysis/coco_POPE_random/412.pt
1155,1155,coco_POPE_random,coco_POPE_random,1,0,"Yes,",yes,1.734375,0.7316261574074074,11.9375,4.974005823055043,28,1,/mnt/data/ssz/mr/results/Qwen2.5-VL/pope/base/analysis/coco_POPE_random/1155.pt
2657,2657,coco_POPE_random,coco_POPE_random,1,0,"Yes,",yes,1.671875,0.7378472222222222,11.9375,4.802691216805184,28,1,/mnt/data/ssz/mr/results/Qwen2.5-VL/pope/base/analysis/coco_POPE_random/2657.pt
1903,1903,coco_POPE_random,coco_POPE_random,1,0,"Yes,",yes,1.71875,0.7219328703703703,11.9375,4.782409858819678,28,1,/mnt/data/ssz/mr/results/Qwen2.5-VL/pope/base/analysis/coco_POPE_random/1903.pt
413,413,coco_POPE_random,coco_POPE_random,1,0,"Yes,",yes,1.6875,0.7358217592592593,11.9375,4.825455782617948,28,1,/mnt/data/ssz/mr/results/Qwen2.5-VL/pope/base/analysis/coco_POPE_random/413.pt
2658,2658,coco_POPE_random,coco_POPE_random,1,0,"No,",no,1.671875,0.7378472222222222,11.9375,5.297637763949062,28,1,/mnt/data/ssz/mr/results/Qwen2.5-VL/pope/base/analysis/coco_POPE_random/2658.pt
1156,1156,coco_POPE_random,coco_POPE_random,1,0,"No,",no,1.734375,0.7316261574074074,11.9375,5.259735141408625,28,1,/mnt/data/ssz/mr/results/Qwen2.5-VL/pope/base/analysis/coco_POPE_random/1156.pt
1904,1904,coco_POPE_random,coco_POPE_random,1,0,"No,",no,1.71875,0.7219328703703703,11.9375,5.217477415641168,28,1,/mnt/data/ssz/mr/results/Qwen2.5-VL/pope/base/analysis/coco_POPE_random/1904.pt
414,414,coco_POPE_random,coco_POPE_random,1,0,"No,",no,1.6875,0.7358217592592593,11.9375,5.340936475416859,28,1,/mnt/data/ssz/mr/results/Qwen2.5-VL/pope/base/analysis/coco_POPE_random/414.pt
2659,2659,coco_POPE_random,coco_POPE_random,0,1,"No,",yes,1.6875,0.7527488425925926,11.9375,5.2327756484230825,28,1,/mnt/data/ssz/mr/results/Qwen2.5-VL/pope/base/analysis/coco_POPE_random/2659.pt
1157,1157,coco_POPE_random,coco_POPE_random,1,0,"Yes,",yes,1.734375,0.7316261574074074,11.9375,4.77650333925127,28,1,/mnt/data/ssz/mr/results/Qwen2.5-VL/pope/base/analysis/coco_POPE_random/1157.pt
415,415,coco_POPE_random,coco_POPE_random,1,0,"Yes,",yes,1.6484375,0.7423321759259259,11.9375,4.68564470100672,28,1,/mnt/data/ssz/mr/results/Qwen2.5-VL/pope/base/analysis/coco_POPE_random/415.pt
1905,1905,coco_POPE_random,coco_POPE_random,1,0,"Yes,",yes,1.71875,0.7219328703703703,11.9375,4.898174652864153,28,1,/mnt/data/ssz/mr/results/Qwen2.5-VL/pope/base/analysis/coco_POPE_random/1905.pt
2660,2660,coco_POPE_random,coco_POPE_random,1,0,"No,",no,1.6875,0.7527488425925926,11.9375,5.179489065718685,28,1,/mnt/data/ssz/mr/results/Qwen2.5-VL/pope/base/analysis/coco_POPE_random/2660.pt
1158,1158,coco_POPE_random,coco_POPE_random,1,0,"No,",no,1.734375,0.7316261574074074,11.9375,5.422848407309584,28,1,/mnt/data/ssz/mr/results/Qwen2.5-VL/pope/base/analysis/coco_POPE_random/1158.pt
416,416,coco_POPE_random,coco_POPE_random,1,0,"No,",no,1.6484375,0.7423321759259259,11.9375,5.349156734789396,28,1,/mnt/data/ssz/mr/results/Qwen2.5-VL/pope/base/analysis/coco_POPE_random/416.pt
1906,1906,coco_POPE_random,coco_POPE_random,1,0,"No,",no,1.71875,0.7219328703703703,11.9375,5.343894531351093,28,1,/mnt/data/ssz/mr/results/Qwen2.5-VL/pope/base/analysis/coco_POPE_random/1906.pt
2661,2661,coco_POPE_random,coco_POPE_random,0,1,"No,",yes,1.6875,0.7527488425925926,11.9375,5.352364472329139,28,1,/mnt/data/ssz/mr/results/Qwen2.5-VL/pope/base/analysis/coco_POPE_random/2661.pt
1159,1159,coco_POPE_random,coco_POPE_random,1,0,"Yes,",yes,1.71875,0.7206307870370371,11.9375,4.827316625351237,28,1,/mnt/data/ssz/mr/results/Qwen2.5-VL/pope/base/analysis/coco_POPE_random/1159.pt
417,417,coco_POPE_random,coco_POPE_random,1,0,"Yes,",yes,1.6484375,0.7423321759259259,11.9375,4.895987854834052,28,1,/mnt/data/ssz/mr/results/Qwen2.5-VL/pope/base/analysis/coco_POPE_random/417.pt
2662,2662,coco_POPE_random,coco_POPE_random,1,0,"No,",no,1.6875,0.7527488425925926,11.9375,5.287090448133282,28,1,/mnt/data/ssz/mr/results/Qwen2.5-VL/pope/base/analysis/coco_POPE_random/2662.pt
1907,1907,coco_POPE_random,coco_POPE_random,1,0,"Yes,",yes,1.71875,0.7219328703703703,11.9375,4.832642800999895,28,1,/mnt/data/ssz/mr/results/Qwen2.5-VL/pope/base/analysis/coco_POPE_random/1907.pt
1160,1160,coco_POPE_random,coco_POPE_random,1,0,"No,",no,1.71875,0.7206307870370371,11.9375,5.2717811543275435,28,1,/mnt/data/ssz/mr/results/Qwen2.5-VL/pope/base/analysis/coco_POPE_random/1160.pt
418,418,coco_POPE_random,coco_POPE_random,1,0,"No,",no,1.6484375,0.7423321759259259,11.9375,5.161276821935989,28,1,/mnt/data/ssz/mr/results/Qwen2.5-VL/pope/base/analysis/coco_POPE_random/418.pt
2663,2663,coco_POPE_random,coco_POPE_random,1,0,"Yes,",yes,1.6875,0.7527488425925926,11.9375,4.7891072137206665,28,1,/mnt/data/ssz/mr/results/Qwen2.5-VL/pope/base/analysis/coco_POPE_random/2663.pt
1908,1908,coco_POPE_random,coco_POPE_random,1,0,"No,",no,1.71875,0.7219328703703703,11.9375,5.410374798923872,28,1,/mnt/data/ssz/mr/results/Qwen2.5-VL/pope/base/analysis/coco_POPE_random/1908.pt
1161,1161,coco_POPE_random,coco_POPE_random,1,0,"Yes,",yes,1.71875,0.7206307870370371,11.9375,4.907708537183588,28,1,/mnt/data/ssz/mr/results/Qwen2.5-VL/pope/base/analysis/coco_POPE_random/1161.pt
419,419,coco_POPE_random,coco_POPE_random,1,0,"Yes,",yes,1.6484375,0.7423321759259259,11.9375,4.695692380631578,28,1,/mnt/data/ssz/mr/results/Qwen2.5-VL/pope/base/analysis/coco_POPE_random/419.pt
2664,2664,coco_POPE_random,coco_POPE_random,1,0,"No,",no,1.6875,0.7527488425925926,11.9375,5.212020641903956,28,1,/mnt/data/ssz/mr/results/Qwen2.5-VL/pope/base/analysis/coco_POPE_random/2664.pt
1909,1909,coco_POPE_random,coco_POPE_random,1,0,"Yes,",yes,1.71875,0.7035590277777778,11.9375,4.951334723267668,28,1,/mnt/data/ssz/mr/results/Qwen2.5-VL/pope/base/analysis/coco_POPE_random/1909.pt
1162,1162,coco_POPE_random,coco_POPE_random,1,0,"No,",no,1.71875,0.7206307870370371,11.9375,5.348149814275656,28,1,/mnt/data/ssz/mr/results/Qwen2.5-VL/pope/base/analysis/coco_POPE_random/1162.pt
420,420,coco_POPE_random,coco_POPE_random,1,0,"No,",no,1.6484375,0.7423321759259259,11.9375,5.176777938759297,28,1,/mnt/data/ssz/mr/results/Qwen2.5-VL/pope/base/analysis/coco_POPE_random/420.pt
2665,2665,coco_POPE_random,coco_POPE_random,1,0,"Yes,",yes,1.703125,0.7349537037037037,11.9375,4.912541001102315,28,1,/mnt/data/ssz/mr/results/Qwen2.5-VL/pope/base/analysis/coco_POPE_random/2665.pt
1910,1910,coco_POPE_random,coco_POPE_random,1,0,"No,",no,1.71875,0.7035590277777778,11.9375,5.316815546798823,28,1,/mnt/data/ssz/mr/results/Qwen2.5-VL/pope/base/analysis/coco_POPE_random/1910.pt
1163,1163,coco_POPE_random,coco_POPE_random,1,0,"Yes,",yes,1.71875,0.7206307870370371,11.9375,4.818712672403737,28,1,/mnt/data/ssz/mr/results/Qwen2.5-VL/pope/base/analysis/coco_POPE_random/1163.pt
421,421,coco_POPE_random,coco_POPE_random,1,0,"Yes,",yes,1.6875,0.7734375,11.9375,4.813014768650121,28,1,/mnt/data/ssz/mr/results/Qwen2.5-VL/pope/base/analysis/coco_POPE_random/421.pt
2666,2666,coco_POPE_random,coco_POPE_random,1,0,"No,",no,1.703125,0.7349537037037037,11.9375,5.338967766826186,28,1,/mnt/data/ssz/mr/results/Qwen2.5-VL/pope/base/analysis/coco_POPE_random/2666.pt
1911,1911,coco_POPE_random,coco_POPE_random,0,1,"No,",yes,1.71875,0.7035590277777778,11.9375,5.357875281514272,28,1,/mnt/data/ssz/mr/results/Qwen2.5-VL/pope/base/analysis/coco_POPE_random/1911.pt
422,422,coco_POPE_random,coco_POPE_random,1,0,"No,",no,1.6875,0.7734375,11.9375,5.178392509772281,28,1,/mnt/data/ssz/mr/results/Qwen2.5-VL/pope/base/analysis/coco_POPE_random/422.pt
1164,1164,coco_POPE_random,coco_POPE_random,1,0,"No,",no,1.71875,0.7206307870370371,11.9375,5.2640453913785485,28,1,/mnt/data/ssz/mr/results/Qwen2.5-VL/pope/base/analysis/coco_POPE_random/1164.pt
2667,2667,coco_POPE_random,coco_POPE_random,0,1,"No,",yes,1.703125,0.7349537037037037,11.9375,5.315292233250463,28,1,/mnt/data/ssz/mr/results/Qwen2.5-VL/pope/base/analysis/coco_POPE_random/2667.pt
1912,1912,coco_POPE_random,coco_POPE_random,1,0,"No,",no,1.71875,0.7035590277777778,11.9375,5.3631441924468035,28,1,/mnt/data/ssz/mr/results/Qwen2.5-VL/pope/base/analysis/coco_POPE_random/1912.pt
423,423,coco_POPE_random,coco_POPE_random,1,0,"Yes,",yes,1.6875,0.7734375,11.9375,4.878113699000111,28,1,/mnt/data/ssz/mr/results/Qwen2.5-VL/pope/base/analysis/coco_POPE_random/423.pt
1165,1165,coco_POPE_random,coco_POPE_random,1,0,"Yes,",yes,1.71875,0.7408854166666666,11.9375,4.966686390629738,28,1,/mnt/data/ssz/mr/results/Qwen2.5-VL/pope/base/analysis/coco_POPE_random/1165.pt
2668,2668,coco_POPE_random,coco_POPE_random,1,0,"No,",no,1.703125,0.7349537037037037,11.9375,5.253979025731279,28,1,/mnt/data/ssz/mr/results/Qwen2.5-VL/pope/base/analysis/coco_POPE_random/2668.pt
1913,1913,coco_POPE_random,coco_POPE_random,1,0,"Yes,",yes,1.71875,0.7035590277777778,11.9375,4.725110725586328,28,1,/mnt/data/ssz/mr/results/Qwen2.5-VL/pope/base/analysis/coco_POPE_random/1913.pt
424,424,coco_POPE_random,coco_POPE_random,1,0,"No,",no,1.6875,0.7734375,11.9375,5.20042581058555,28,1,/mnt/data/ssz/mr/results/Qwen2.5-VL/pope/base/analysis/coco_POPE_random/424.pt
1166,1166,coco_POPE_random,coco_POPE_random,1,0,"No,",no,1.71875,0.7408854166666666,11.9375,5.4190184620866635,28,1,/mnt/data/ssz/mr/results/Qwen2.5-VL/pope/base/analysis/coco_POPE_random/1166.pt
2669,2669,coco_POPE_random,coco_POPE_random,1,0,"Yes,",yes,1.703125,0.7349537037037037,11.9375,4.725353422073099,28,1,/mnt/data/ssz/mr/results/Qwen2.5-VL/pope/base/analysis/coco_POPE_random/2669.pt
1914,1914,coco_POPE_random,coco_POPE_random,1,0,"No,",no,1.71875,0.7035590277777778,11.9375,5.288137426232175,28,1,/mnt/data/ssz/mr/results/Qwen2.5-VL/pope/base/analysis/coco_POPE_random/1914.pt
425,425,coco_POPE_random,coco_POPE_random,1,0,"Yes,",yes,1.6875,0.7734375,11.9375,4.675055262313827,28,1,/mnt/data/ssz/mr/results/Qwen2.5-VL/pope/base/analysis/coco_POPE_random/425.pt
1167,1167,coco_POPE_random,coco_POPE_random,0,1,"No,",yes,1.71875,0.7408854166666666,11.9375,5.359107487124957,28,1,/mnt/data/ssz/mr/results/Qwen2.5-VL/pope/base/analysis/coco_POPE_random/1167.pt
2670,2670,coco_POPE_random,coco_POPE_random,1,0,"No,",no,1.703125,0.7349537037037037,11.9375,5.294457962087673,28,1,/mnt/data/ssz/mr/results/Qwen2.5-VL/pope/base/analysis/coco_POPE_random/2670.pt
426,426,coco_POPE_random,coco_POPE_random,1,0,"No,",no,1.6875,0.7734375,11.9375,5.269401545284602,28,1,/mnt/data/ssz/mr/results/Qwen2.5-VL/pope/base/analysis/coco_POPE_random/426.pt
1915,1915,coco_POPE_random,coco_POPE_random,1,0,"Yes,",yes,1.71875,0.7184606481481481,11.9375,4.924848567821318,28,1,/mnt/data/ssz/mr/results/Qwen2.5-VL/pope/base/analysis/coco_POPE_random/1915.pt
1168,1168,coco_POPE_random,coco_POPE_random,1,0,"No,",no,1.71875,0.7408854166666666,11.9375,5.351526966605011,28,1,/mnt/data/ssz/mr/results/Qwen2.5-VL/pope/base/analysis/coco_POPE_random/1168.pt
2671,2671,coco_POPE_random,coco_POPE_random,1,0,"Yes,",yes,1.6875,0.7524594907407407,11.9375,4.934757568052507,28,1,/mnt/data/ssz/mr/results/Qwen2.5-VL/pope/base/analysis/coco_POPE_random/2671.pt
427,427,coco_POPE_random,coco_POPE_random,1,0,"Yes,",yes,1.734375,0.7456597222222222,11.9375,4.906566493328778,28,1,/mnt/data/ssz/mr/results/Qwen2.5-VL/pope/base/analysis/coco_POPE_random/427.pt
1916,1916,coco_POPE_random,coco_POPE_random,1,0,"No,",no,1.71875,0.7184606481481481,11.9375,5.4399123201811594,28,1,/mnt/data/ssz/mr/results/Qwen2.5-VL/pope/base/analysis/coco_POPE_random/1916.pt
1169,1169,coco_POPE_random,coco_POPE_random,0,1,"No,",yes,1.71875,0.7408854166666666,11.9375,5.28134064352745,28,1,/mnt/data/ssz/mr/results/Qwen2.5-VL/pope/base/analysis/coco_POPE_random/1169.pt
2672,2672,coco_POPE_random,coco_POPE_random,1,0,"No,",no,1.6875,0.7524594907407407,11.9375,5.295459276065795,28,1,/mnt/data/ssz/mr/results/Qwen2.5-VL/pope/base/analysis/coco_POPE_random/2672.pt
428,428,coco_POPE_random,coco_POPE_random,1,0,"No,",no,1.734375,0.7456597222222222,11.9375,5.326725940681204,28,1,/mnt/data/ssz/mr/results/Qwen2.5-VL/pope/base/analysis/coco_POPE_random/428.pt
1917,1917,coco_POPE_random,coco_POPE_random,1,0,"Yes,",yes,1.71875,0.7184606481481481,11.9375,4.912591343371264,28,1,/mnt/data/ssz/mr/results/Qwen2.5-VL/pope/base/analysis/coco_POPE_random/1917.pt
1170,1170,coco_POPE_random,coco_POPE_random,1,0,"No,",no,1.71875,0.7408854166666666,11.9375,5.3531572934351,28,1,/mnt/data/ssz/mr/results/Qwen2.5-VL/pope/base/analysis/coco_POPE_random/1170.pt
2673,2673,coco_POPE_random,coco_POPE_random,0,1,"No,",yes,1.6875,0.7524594907407407,11.9375,5.282636478641639,28,1,/mnt/data/ssz/mr/results/Qwen2.5-VL/pope/base/analysis/coco_POPE_random/2673.pt
429,429,coco_POPE_random,coco_POPE_random,1,0,"Yes,",yes,1.734375,0.7456597222222222,11.9375,4.787759276575627,28,1,/mnt/data/ssz/mr/results/Qwen2.5-VL/pope/base/analysis/coco_POPE_random/429.pt
1918,1918,coco_POPE_random,coco_POPE_random,1,0,"No,",no,1.71875,0.7184606481481481,11.9375,5.311473709466774,28,1,/mnt/data/ssz/mr/results/Qwen2.5-VL/pope/base/analysis/coco_POPE_random/1918.pt
1171,1171,coco_POPE_random,coco_POPE_random,0,1,"No,",yes,1.71875,0.7375578703703703,11.9375,5.199391276290828,28,1,/mnt/data/ssz/mr/results/Qwen2.5-VL/pope/base/analysis/coco_POPE_random/1171.pt
2674,2674,coco_POPE_random,coco_POPE_random,1,0,"No,",no,1.6875,0.7524594907407407,11.9375,5.233164943899064,28,1,/mnt/data/ssz/mr/results/Qwen2.5-VL/pope/base/analysis/coco_POPE_random/2674.pt
430,430,coco_POPE_random,coco_POPE_random,1,0,"No,",no,1.734375,0.7456597222222222,11.9375,5.354936209666636,28,1,/mnt/data/ssz/mr/results/Qwen2.5-VL/pope/base/analysis/coco_POPE_random/430.pt
1919,1919,coco_POPE_random,coco_POPE_random,0,1,"No,",yes,1.71875,0.7184606481481481,11.9375,5.353443332106542,28,1,/mnt/data/ssz/mr/results/Qwen2.5-VL/pope/base/analysis/coco_POPE_random/1919.pt
1172,1172,coco_POPE_random,coco_POPE_random,1,0,"No,",no,1.71875,0.7375578703703703,11.9375,5.310826525952193,28,1,/mnt/data/ssz/mr/results/Qwen2.5-VL/pope/base/analysis/coco_POPE_random/1172.pt
2675,2675,coco_POPE_random,coco_POPE_random,1,0,"Yes,",yes,1.6875,0.7524594907407407,11.9375,4.7147794839766,28,1,/mnt/data/ssz/mr/results/Qwen2.5-VL/pope/base/analysis/coco_POPE_random/2675.pt
431,431,coco_POPE_random,coco_POPE_random,1,0,"Yes,",yes,1.734375,0.7456597222222222,11.9375,4.750959537786606,28,1,/mnt/data/ssz/mr/results/Qwen2.5-VL/pope/base/analysis/coco_POPE_random/431.pt
1920,1920,coco_POPE_random,coco_POPE_random,1,0,"No,",no,1.71875,0.7184606481481481,11.9375,5.557866382762863,28,1,/mnt/data/ssz/mr/results/Qwen2.5-VL/pope/base/analysis/coco_POPE_random/1920.pt
1173,1173,coco_POPE_random,coco_POPE_random,0,1,"No,",yes,1.71875,0.7375578703703703,11.9375,5.212188336630099,28,1,/mnt/data/ssz/mr/results/Qwen2.5-VL/pope/base/analysis/coco_POPE_random/1173.pt
2676,2676,coco_POPE_random,coco_POPE_random,1,0,"No,",no,1.6875,0.7524594907407407,11.9375,5.275236300305174,28,1,/mnt/data/ssz/mr/results/Qwen2.5-VL/pope/base/analysis/coco_POPE_random/2676.pt
432,432,coco_POPE_random,coco_POPE_random,1,0,"No,",no,1.734375,0.7456597222222222,11.9375,5.352304351809552,28,1,/mnt/data/ssz/mr/results/Qwen2.5-VL/pope/base/analysis/coco_POPE_random/432.pt
1921,1921,coco_POPE_random,coco_POPE_random,1,0,"Yes,",yes,1.734375,0.7125289351851852,11.9375,4.932885576658017,28,1,/mnt/data/ssz/mr/results/Qwen2.5-VL/pope/base/analysis/coco_POPE_random/1921.pt
1174,1174,coco_POPE_random,coco_POPE_random,1,0,"No,",no,1.71875,0.7375578703703703,11.9375,5.391512032734807,28,1,/mnt/data/ssz/mr/results/Qwen2.5-VL/pope/base/analysis/coco_POPE_random/1174.pt
2677,2677,coco_POPE_random,coco_POPE_random,1,0,"Yes,",yes,1.671875,0.74609375,11.9375,4.895934471792598,28,1,/mnt/data/ssz/mr/results/Qwen2.5-VL/pope/base/analysis/coco_POPE_random/2677.pt
433,433,coco_POPE_random,coco_POPE_random,1,0,"Yes,",yes,1.734375,0.7526041666666666,11.9375,4.958009323207219,28,1,/mnt/data/ssz/mr/results/Qwen2.5-VL/pope/base/analysis/coco_POPE_random/433.pt
1922,1922,coco_POPE_random,coco_POPE_random,1,0,"No,",no,1.734375,0.7125289351851852,11.9375,5.273407134604802,28,1,/mnt/data/ssz/mr/results/Qwen2.5-VL/pope/base/analysis/coco_POPE_random/1922.pt
2678,2678,coco_POPE_random,coco_POPE_random,1,0,"No,",no,1.671875,0.74609375,11.9375,5.170369532618397,28,1,/mnt/data/ssz/mr/results/Qwen2.5-VL/pope/base/analysis/coco_POPE_random/2678.pt
1175,1175,coco_POPE_random,coco_POPE_random,1,0,"Yes,",yes,1.71875,0.7375578703703703,11.9375,4.822829019611492,28,1,/mnt/data/ssz/mr/results/Qwen2.5-VL/pope/base/analysis/coco_POPE_random/1175.pt
434,434,coco_POPE_random,coco_POPE_random,1,0,"No,",no,1.734375,0.7526041666666666,11.9375,5.364353674735648,28,1,/mnt/data/ssz/mr/results/Qwen2.5-VL/pope/base/analysis/coco_POPE_random/434.pt
1923,1923,coco_POPE_random,coco_POPE_random,1,0,"Yes,",yes,1.734375,0.7125289351851852,11.9375,4.9143493770645374,28,1,/mnt/data/ssz/mr/results/Qwen2.5-VL/pope/base/analysis/coco_POPE_random/1923.pt
2679,2679,coco_POPE_random,coco_POPE_random,0,1,"No,",yes,1.671875,0.74609375,11.9375,5.326371770647303,28,1,/mnt/data/ssz/mr/results/Qwen2.5-VL/pope/base/analysis/coco_POPE_random/2679.pt
1176,1176,coco_POPE_random,coco_POPE_random,1,0,"No,",no,1.71875,0.7375578703703703,11.9375,5.425827492293138,28,1,/mnt/data/ssz/mr/results/Qwen2.5-VL/pope/base/analysis/coco_POPE_random/1176.pt
435,435,coco_POPE_random,coco_POPE_random,0,1,"No,",yes,1.734375,0.7526041666666666,11.9375,5.384672094650312,28,1,/mnt/data/ssz/mr/results/Qwen2.5-VL/pope/base/analysis/coco_POPE_random/435.pt
2680,2680,coco_POPE_random,coco_POPE_random,1,0,"No,",no,1.671875,0.74609375,11.9375,5.271289964794583,28,1,/mnt/data/ssz/mr/results/Qwen2.5-VL/pope/base/analysis/coco_POPE_random/2680.pt
1924,1924,coco_POPE_random,coco_POPE_random,1,0,"No,",no,1.734375,0.7125289351851852,11.9375,5.2989675912576795,28,1,/mnt/data/ssz/mr/results/Qwen2.5-VL/pope/base/analysis/coco_POPE_random/1924.pt
1177,1177,coco_POPE_random,coco_POPE_random,1,0,"Yes,",yes,1.6875,0.7374131944444444,11.9375,4.864850295330426,28,1,/mnt/data/ssz/mr/results/Qwen2.5-VL/pope/base/analysis/coco_POPE_random/1177.pt
436,436,coco_POPE_random,coco_POPE_random,1,0,"No,",no,1.734375,0.7526041666666666,11.9375,5.351768345139011,28,1,/mnt/data/ssz/mr/results/Qwen2.5-VL/pope/base/analysis/coco_POPE_random/436.pt
2681,2681,coco_POPE_random,coco_POPE_random,0,1,"No,",yes,1.671875,0.74609375,11.9375,5.2164950331731745,28,1,/mnt/data/ssz/mr/results/Qwen2.5-VL/pope/base/analysis/coco_POPE_random/2681.pt
1925,1925,coco_POPE_random,coco_POPE_random,0,1,"No,",yes,1.734375,0.7125289351851852,11.9375,5.346331527740159,28,1,/mnt/data/ssz/mr/results/Qwen2.5-VL/pope/base/analysis/coco_POPE_random/1925.pt
1178,1178,coco_POPE_random,coco_POPE_random,1,0,"No,",no,1.6875,0.7374131944444444,11.9375,5.268217367856466,28,1,/mnt/data/ssz/mr/results/Qwen2.5-VL/pope/base/analysis/coco_POPE_random/1178.pt
437,437,coco_POPE_random,coco_POPE_random,1,0,"Yes,",yes,1.734375,0.7526041666666666,11.9375,4.8380478826748785,28,1,/mnt/data/ssz/mr/results/Qwen2.5-VL/pope/base/analysis/coco_POPE_random/437.pt
2682,2682,coco_POPE_random,coco_POPE_random,1,0,"No,",no,1.671875,0.74609375,11.9375,5.216833963881699,28,1,/mnt/data/ssz/mr/results/Qwen2.5-VL/pope/base/analysis/coco_POPE_random/2682.pt
1926,1926,coco_POPE_random,coco_POPE_random,1,0,"No,",no,1.734375,0.7125289351851852,11.9375,5.385883812752707,28,1,/mnt/data/ssz/mr/results/Qwen2.5-VL/pope/base/analysis/coco_POPE_random/1926.pt
1179,1179,coco_POPE_random,coco_POPE_random,0,1,"No,",yes,1.6875,0.7374131944444444,11.9375,5.306576528011396,28,1,/mnt/data/ssz/mr/results/Qwen2.5-VL/pope/base/analysis/coco_POPE_random/1179.pt
438,438,coco_POPE_random,coco_POPE_random,0,1,"Yes,",no,1.734375,0.7526041666666666,11.9375,4.892004167597281,28,1,/mnt/data/ssz/mr/results/Qwen2.5-VL/pope/base/analysis/coco_POPE_random/438.pt
2683,2683,coco_POPE_random,coco_POPE_random,1,0,"Yes,",yes,1.6875,0.7501446759259259,11.9375,4.845273866695042,28,1,/mnt/data/ssz/mr/results/Qwen2.5-VL/pope/base/analysis/coco_POPE_random/2683.pt
1927,1927,coco_POPE_random,coco_POPE_random,1,0,"Yes,",yes,1.7421875,0.7274305555555556,11.9375,5.039802569656825,28,1,/mnt/data/ssz/mr/results/Qwen2.5-VL/pope/base/analysis/coco_POPE_random/1927.pt
1180,1180,coco_POPE_random,coco_POPE_random,1,0,"No,",no,1.6875,0.7374131944444444,11.9375,5.35783971924082,28,1,/mnt/data/ssz/mr/results/Qwen2.5-VL/pope/base/analysis/coco_POPE_random/1180.pt
439,439,coco_POPE_random,coco_POPE_random,1,0,"Yes,",yes,1.734375,0.7233796296296297,11.9375,4.893997236725446,28,1,/mnt/data/ssz/mr/results/Qwen2.5-VL/pope/base/analysis/coco_POPE_random/439.pt
2684,2684,coco_POPE_random,coco_POPE_random,1,0,"No,",no,1.6875,0.7501446759259259,11.9375,5.340988102873184,28,1,/mnt/data/ssz/mr/results/Qwen2.5-VL/pope/base/analysis/coco_POPE_random/2684.pt
1928,1928,coco_POPE_random,coco_POPE_random,1,0,"No,",no,1.7421875,0.7274305555555556,11.9375,5.480539970948626,28,1,/mnt/data/ssz/mr/results/Qwen2.5-VL/pope/base/analysis/coco_POPE_random/1928.pt
1181,1181,coco_POPE_random,coco_POPE_random,0,1,"No,",yes,1.6875,0.7374131944444444,11.9375,5.40599824676411,28,1,/mnt/data/ssz/mr/results/Qwen2.5-VL/pope/base/analysis/coco_POPE_random/1181.pt
440,440,coco_POPE_random,coco_POPE_random,1,0,"No,",no,1.734375,0.7233796296296297,11.9375,5.31262438313294,28,1,/mnt/data/ssz/mr/results/Qwen2.5-VL/pope/base/analysis/coco_POPE_random/440.pt
2685,2685,coco_POPE_random,coco_POPE_random,0,1,"No,",yes,1.6875,0.7501446759259259,11.9375,5.287495826520751,28,1,/mnt/data/ssz/mr/results/Qwen2.5-VL/pope/base/analysis/coco_POPE_random/2685.pt
1929,1929,coco_POPE_random,coco_POPE_random,0,1,"No,",yes,1.7421875,0.7274305555555556,11.9375,5.459464645743828,28,1,/mnt/data/ssz/mr/results/Qwen2.5-VL/pope/base/analysis/coco_POPE_random/1929.pt
1182,1182,coco_POPE_random,coco_POPE_random,1,0,"No,",no,1.6875,0.7374131944444444,11.9375,5.277334115283622,28,1,/mnt/data/ssz/mr/results/Qwen2.5-VL/pope/base/analysis/coco_POPE_random/1182.pt
2686,2686,coco_POPE_random,coco_POPE_random,1,0,"No,",no,1.6875,0.7501446759259259,11.9375,5.407212029780411,28,1,/mnt/data/ssz/mr/results/Qwen2.5-VL/pope/base/analysis/coco_POPE_random/2686.pt
441,441,coco_POPE_random,coco_POPE_random,1,0,"Yes,",yes,1.734375,0.7233796296296297,11.9375,4.953239964449245,28,1,/mnt/data/ssz/mr/results/Qwen2.5-VL/pope/base/analysis/coco_POPE_random/441.pt
1930,1930,coco_POPE_random,coco_POPE_random,1,0,"No,",no,1.7421875,0.7274305555555556,11.9375,5.457268528671389,28,1,/mnt/data/ssz/mr/results/Qwen2.5-VL/pope/base/analysis/coco_POPE_random/1930.pt
1183,1183,coco_POPE_random,coco_POPE_random,1,0,"Yes,",yes,1.6875,0.7504340277777778,11.9375,5.046919739170411,28,1,/mnt/data/ssz/mr/results/Qwen2.5-VL/pope/base/analysis/coco_POPE_random/1183.pt
2687,2687,coco_POPE_random,coco_POPE_random,1,0,"Yes,",yes,1.6875,0.7501446759259259,11.9375,4.88473229341284,28,1,/mnt/data/ssz/mr/results/Qwen2.5-VL/pope/base/analysis/coco_POPE_random/2687.pt
442,442,coco_POPE_random,coco_POPE_random,1,0,"No,",no,1.734375,0.7233796296296297,11.9375,5.3683273044740005,28,1,/mnt/data/ssz/mr/results/Qwen2.5-VL/pope/base/analysis/coco_POPE_random/442.pt
1931,1931,coco_POPE_random,coco_POPE_random,1,0,"Yes,",yes,1.7421875,0.7274305555555556,11.9375,4.852868309236493,28,1,/mnt/data/ssz/mr/results/Qwen2.5-VL/pope/base/analysis/coco_POPE_random/1931.pt
2688,2688,coco_POPE_random,coco_POPE_random,1,0,"No,",no,1.6875,0.7501446759259259,11.9375,5.322247131491403,28,1,/mnt/data/ssz/mr/results/Qwen2.5-VL/pope/base/analysis/coco_POPE_random/2688.pt
1184,1184,coco_POPE_random,coco_POPE_random,1,0,"No,",no,1.6875,0.7504340277777778,11.9375,5.378557918940277,28,1,/mnt/data/ssz/mr/results/Qwen2.5-VL/pope/base/analysis/coco_POPE_random/1184.pt
443,443,coco_POPE_random,coco_POPE_random,0,1,"No,",yes,1.734375,0.7233796296296297,11.9375,5.406020399129846,28,1,/mnt/data/ssz/mr/results/Qwen2.5-VL/pope/base/analysis/coco_POPE_random/443.pt
2689,2689,coco_POPE_random,coco_POPE_random,1,0,"Yes,",yes,1.703125,0.7366898148148148,11.9375,4.846484766513483,28,1,/mnt/data/ssz/mr/results/Qwen2.5-VL/pope/base/analysis/coco_POPE_random/2689.pt
1932,1932,coco_POPE_random,coco_POPE_random,1,0,"No,",no,1.7421875,0.7274305555555556,11.9375,5.360674248695433,28,1,/mnt/data/ssz/mr/results/Qwen2.5-VL/pope/base/analysis/coco_POPE_random/1932.pt
1185,1185,coco_POPE_random,coco_POPE_random,1,0,"Yes,",yes,1.6875,0.7504340277777778,11.9375,4.916717418502281,28,1,/mnt/data/ssz/mr/results/Qwen2.5-VL/pope/base/analysis/coco_POPE_random/1185.pt
444,444,coco_POPE_random,coco_POPE_random,1,0,"No,",no,1.734375,0.7233796296296297,11.9375,5.40720173243081,28,1,/mnt/data/ssz/mr/results/Qwen2.5-VL/pope/base/analysis/coco_POPE_random/444.pt
2690,2690,coco_POPE_random,coco_POPE_random,1,0,"No,",no,1.703125,0.7366898148148148,11.9375,5.290035503877304,28,1,/mnt/data/ssz/mr/results/Qwen2.5-VL/pope/base/analysis/coco_POPE_random/2690.pt
1933,1933,coco_POPE_random,coco_POPE_random,1,0,"Yes,",yes,1.734375,0.7518807870370371,11.9375,5.1129141076818225,28,1,/mnt/data/ssz/mr/results/Qwen2.5-VL/pope/base/analysis/coco_POPE_random/1933.pt
1186,1186,coco_POPE_random,coco_POPE_random,1,0,"No,",no,1.6875,0.7504340277777778,11.9375,5.433614504120639,28,1,/mnt/data/ssz/mr/results/Qwen2.5-VL/pope/base/analysis/coco_POPE_random/1186.pt
445,445,coco_POPE_random,coco_POPE_random,1,0,"Yes,",yes,1.7265625,0.7333622685185185,11.9375,4.9578860769572275,28,1,/mnt/data/ssz/mr/results/Qwen2.5-VL/pope/base/analysis/coco_POPE_random/445.pt
2691,2691,coco_POPE_random,coco_POPE_random,0,1,"No,",yes,1.703125,0.7366898148148148,11.9375,5.24747894685738,28,1,/mnt/data/ssz/mr/results/Qwen2.5-VL/pope/base/analysis/coco_POPE_random/2691.pt
1934,1934,coco_POPE_random,coco_POPE_random,1,0,"No,",no,1.734375,0.7518807870370371,11.9375,5.411152349258593,28,1,/mnt/data/ssz/mr/results/Qwen2.5-VL/pope/base/analysis/coco_POPE_random/1934.pt
1187,1187,coco_POPE_random,coco_POPE_random,1,0,"Yes,",yes,1.6875,0.7504340277777778,11.9375,4.927024086383347,28,1,/mnt/data/ssz/mr/results/Qwen2.5-VL/pope/base/analysis/coco_POPE_random/1187.pt
446,446,coco_POPE_random,coco_POPE_random,1,0,"No,",no,1.7265625,0.7333622685185185,11.9375,5.3580324524516305,28,1,/mnt/data/ssz/mr/results/Qwen2.5-VL/pope/base/analysis/coco_POPE_random/446.pt
2692,2692,coco_POPE_random,coco_POPE_random,1,0,"No,",no,1.703125,0.7366898148148148,11.9375,5.325302305293258,28,1,/mnt/data/ssz/mr/results/Qwen2.5-VL/pope/base/analysis/coco_POPE_random/2692.pt
1935,1935,coco_POPE_random,coco_POPE_random,0,1,"No,",yes,1.734375,0.7518807870370371,11.9375,5.283472494959354,28,1,/mnt/data/ssz/mr/results/Qwen2.5-VL/pope/base/analysis/coco_POPE_random/1935.pt
1188,1188,coco_POPE_random,coco_POPE_random,1,0,"No,",no,1.6875,0.7504340277777778,11.9375,5.361089186239106,28,1,/mnt/data/ssz/mr/results/Qwen2.5-VL/pope/base/analysis/coco_POPE_random/1188.pt
447,447,coco_POPE_random,coco_POPE_random,1,0,"Yes,",yes,1.7265625,0.7333622685185185,11.9375,4.756435098604633,28,1,/mnt/data/ssz/mr/results/Qwen2.5-VL/pope/base/analysis/coco_POPE_random/447.pt
2693,2693,coco_POPE_random,coco_POPE_random,0,1,"No,",yes,1.703125,0.7366898148148148,11.9375,5.302908245982288,28,1,/mnt/data/ssz/mr/results/Qwen2.5-VL/pope/base/analysis/coco_POPE_random/2693.pt
1936,1936,coco_POPE_random,coco_POPE_random,1,0,"No,",no,1.734375,0.7518807870370371,11.9375,5.396396467877162,28,1,/mnt/data/ssz/mr/results/Qwen2.5-VL/pope/base/analysis/coco_POPE_random/1936.pt
1189,1189,coco_POPE_random,coco_POPE_random,1,0,"Yes,",yes,1.71875,0.7291666666666666,11.9375,4.836823074809972,28,1,/mnt/data/ssz/mr/results/Qwen2.5-VL/pope/base/analysis/coco_POPE_random/1189.pt
2694,2694,coco_POPE_random,coco_POPE_random,1,0,"No,",no,1.703125,0.7366898148148148,11.9375,5.286457979569981,28,1,/mnt/data/ssz/mr/results/Qwen2.5-VL/pope/base/analysis/coco_POPE_random/2694.pt
448,448,coco_POPE_random,coco_POPE_random,1,0,"No,",no,1.7265625,0.7333622685185185,11.9375,5.277527814628638,28,1,/mnt/data/ssz/mr/results/Qwen2.5-VL/pope/base/analysis/coco_POPE_random/448.pt
1937,1937,coco_POPE_random,coco_POPE_random,1,0,"Yes,",yes,1.734375,0.7518807870370371,11.9375,4.7743393393637,28,1,/mnt/data/ssz/mr/results/Qwen2.5-VL/pope/base/analysis/coco_POPE_random/1937.pt
1190,1190,coco_POPE_random,coco_POPE_random,1,0,"No,",no,1.71875,0.7291666666666666,11.9375,5.442255062197641,28,1,/mnt/data/ssz/mr/results/Qwen2.5-VL/pope/base/analysis/coco_POPE_random/1190.pt
2695,2695,coco_POPE_random,coco_POPE_random,0,1,"No,",yes,1.734375,0.7320601851851852,11.9375,5.393168567746066,28,1,/mnt/data/ssz/mr/results/Qwen2.5-VL/pope/base/analysis/coco_POPE_random/2695.pt
449,449,coco_POPE_random,coco_POPE_random,1,0,"Yes,",yes,1.7265625,0.7333622685185185,11.9375,4.896064396852541,28,1,/mnt/data/ssz/mr/results/Qwen2.5-VL/pope/base/analysis/coco_POPE_random/449.pt
1938,1938,coco_POPE_random,coco_POPE_random,1,0,"No,",no,1.734375,0.7518807870370371,11.9375,5.33235440823347,28,1,/mnt/data/ssz/mr/results/Qwen2.5-VL/pope/base/analysis/coco_POPE_random/1938.pt
1191,1191,coco_POPE_random,coco_POPE_random,0,1,"No,",yes,1.71875,0.7291666666666666,11.9375,5.442799523100459,28,1,/mnt/data/ssz/mr/results/Qwen2.5-VL/pope/base/analysis/coco_POPE_random/1191.pt
2696,2696,coco_POPE_random,coco_POPE_random,1,0,"No,",no,1.734375,0.7320601851851852,11.9375,5.385977633857456,28,1,/mnt/data/ssz/mr/results/Qwen2.5-VL/pope/base/analysis/coco_POPE_random/2696.pt
450,450,coco_POPE_random,coco_POPE_random,1,0,"No,",no,1.7265625,0.7333622685185185,11.9375,5.339164390544817,28,1,/mnt/data/ssz/mr/results/Qwen2.5-VL/pope/base/analysis/coco_POPE_random/450.pt
1939,1939,coco_POPE_random,coco_POPE_random,1,0,"Yes,",yes,1.734375,0.7537615740740741,11.9375,5.0602070679005955,28,1,/mnt/data/ssz/mr/results/Qwen2.5-VL/pope/base/analysis/coco_POPE_random/1939.pt
451,451,coco_POPE_random,coco_POPE_random,0,1,"No,",yes,1.7109375,0.7708333333333334,11.9375,5.147761549639812,28,1,/mnt/data/ssz/mr/results/Qwen2.5-VL/pope/base/analysis/coco_POPE_random/451.pt
2697,2697,coco_POPE_random,coco_POPE_random,1,0,"Yes,",yes,1.734375,0.7320601851851852,11.9375,4.880097206813059,28,1,/mnt/data/ssz/mr/results/Qwen2.5-VL/pope/base/analysis/coco_POPE_random/2697.pt
1192,1192,coco_POPE_random,coco_POPE_random,1,0,"No,",no,1.71875,0.7291666666666666,11.9375,5.398823579792381,28,1,/mnt/data/ssz/mr/results/Qwen2.5-VL/pope/base/analysis/coco_POPE_random/1192.pt
1940,1940,coco_POPE_random,coco_POPE_random,1,0,"No,",no,1.734375,0.7537615740740741,11.9375,5.344654824033764,28,1,/mnt/data/ssz/mr/results/Qwen2.5-VL/pope/base/analysis/coco_POPE_random/1940.pt
452,452,coco_POPE_random,coco_POPE_random,1,0,"No,",no,1.7109375,0.7708333333333334,11.9375,5.19003481470769,28,1,/mnt/data/ssz/mr/results/Qwen2.5-VL/pope/base/analysis/coco_POPE_random/452.pt
2698,2698,coco_POPE_random,coco_POPE_random,1,0,"No,",no,1.734375,0.7320601851851852,11.9375,5.346004846733007,28,1,/mnt/data/ssz/mr/results/Qwen2.5-VL/pope/base/analysis/coco_POPE_random/2698.pt
1193,1193,coco_POPE_random,coco_POPE_random,0,1,"No,",yes,1.71875,0.7291666666666666,11.9375,5.4376699915848326,28,1,/mnt/data/ssz/mr/results/Qwen2.5-VL/pope/base/analysis/coco_POPE_random/1193.pt
1941,1941,coco_POPE_random,coco_POPE_random,1,0,"Yes,",yes,1.734375,0.7537615740740741,11.9375,4.827553020778227,28,1,/mnt/data/ssz/mr/results/Qwen2.5-VL/pope/base/analysis/coco_POPE_random/1941.pt
453,453,coco_POPE_random,coco_POPE_random,1,0,"Yes,",yes,1.7109375,0.7708333333333334,11.9375,4.805475511464473,28,1,/mnt/data/ssz/mr/results/Qwen2.5-VL/pope/base/analysis/coco_POPE_random/453.pt
2699,2699,coco_POPE_random,coco_POPE_random,1,0,"Yes,",yes,1.734375,0.7320601851851852,11.9375,5.089300064793652,28,1,/mnt/data/ssz/mr/results/Qwen2.5-VL/pope/base/analysis/coco_POPE_random/2699.pt
1194,1194,coco_POPE_random,coco_POPE_random,1,0,"No,",no,1.71875,0.7291666666666666,11.9375,5.304589353116429,28,1,/mnt/data/ssz/mr/results/Qwen2.5-VL/pope/base/analysis/coco_POPE_random/1194.pt
1942,1942,coco_POPE_random,coco_POPE_random,1,0,"No,",no,1.734375,0.7537615740740741,11.9375,5.264525257492568,28,1,/mnt/data/ssz/mr/results/Qwen2.5-VL/pope/base/analysis/coco_POPE_random/1942.pt
454,454,coco_POPE_random,coco_POPE_random,1,0,"No,",no,1.7109375,0.7708333333333334,11.9375,5.170542089396898,28,1,/mnt/data/ssz/mr/results/Qwen2.5-VL/pope/base/analysis/coco_POPE_random/454.pt
455,455,coco_POPE_random,coco_POPE_random,0,1,"No,",yes,1.7109375,0.7708333333333334,11.9375,5.192829720934876,28,1,/mnt/data/ssz/mr/results/Qwen2.5-VL/pope/base/analysis/coco_POPE_random/455.pt
2700,2700,coco_POPE_random,coco_POPE_random,1,0,"No,",no,1.734375,0.7320601851851852,11.9375,5.428111422169963,28,1,/mnt/data/ssz/mr/results/Qwen2.5-VL/pope/base/analysis/coco_POPE_random/2700.pt
1195,1195,coco_POPE_random,coco_POPE_random,1,0,"Yes,",yes,1.6875,0.7204861111111112,11.9375,4.806245809782994,28,1,/mnt/data/ssz/mr/results/Qwen2.5-VL/pope/base/analysis/coco_POPE_random/1195.pt
1943,1943,coco_POPE_random,coco_POPE_random,1,0,"Yes,",yes,1.734375,0.7537615740740741,11.9375,4.874315359738085,28,1,/mnt/data/ssz/mr/results/Qwen2.5-VL/pope/base/analysis/coco_POPE_random/1943.pt
456,456,coco_POPE_random,coco_POPE_random,1,0,"No,",no,1.7109375,0.7708333333333334,11.9375,5.178881377681796,28,1,/mnt/data/ssz/mr/results/Qwen2.5-VL/pope/base/analysis/coco_POPE_random/456.pt
2701,2701,coco_POPE_random,coco_POPE_random,1,0,"Yes,",yes,1.75,0.7206307870370371,11.9375,5.016686907806348,28,1,/mnt/data/ssz/mr/results/Qwen2.5-VL/pope/base/analysis/coco_POPE_random/2701.pt
1196,1196,coco_POPE_random,coco_POPE_random,1,0,"No,",no,1.6875,0.7204861111111112,11.9375,5.374491116517864,28,1,/mnt/data/ssz/mr/results/Qwen2.5-VL/pope/base/analysis/coco_POPE_random/1196.pt
1944,1944,coco_POPE_random,coco_POPE_random,1,0,"No,",no,1.734375,0.7537615740740741,11.9375,5.276721221813081,28,1,/mnt/data/ssz/mr/results/Qwen2.5-VL/pope/base/analysis/coco_POPE_random/1944.pt
457,457,coco_POPE_random,coco_POPE_random,0,1,"No,",yes,1.7578125,0.7387152777777778,11.9375,5.3397338492971524,28,1,/mnt/data/ssz/mr/results/Qwen2.5-VL/pope/base/analysis/coco_POPE_random/457.pt
1945,1945,coco_POPE_random,coco_POPE_random,1,0,"Yes,",yes,1.703125,0.7526041666666666,11.9375,4.853130742934678,28,1,/mnt/data/ssz/mr/results/Qwen2.5-VL/pope/base/analysis/coco_POPE_random/1945.pt
2702,2702,coco_POPE_random,coco_POPE_random,1,0,"No,",no,1.75,0.7206307870370371,11.9375,5.425452686004189,28,1,/mnt/data/ssz/mr/results/Qwen2.5-VL/pope/base/analysis/coco_POPE_random/2702.pt
1197,1197,coco_POPE_random,coco_POPE_random,1,0,"Yes,",yes,1.6875,0.7204861111111112,11.9375,4.899552983927339,28,1,/mnt/data/ssz/mr/results/Qwen2.5-VL/pope/base/analysis/coco_POPE_random/1197.pt
1946,1946,coco_POPE_random,coco_POPE_random,1,0,"No,",no,1.703125,0.7526041666666666,11.9375,5.350069848525891,28,1,/mnt/data/ssz/mr/results/Qwen2.5-VL/pope/base/analysis/coco_POPE_random/1946.pt
458,458,coco_POPE_random,coco_POPE_random,1,0,"No,",no,1.7578125,0.7387152777777778,11.9375,5.393308131819266,28,1,/mnt/data/ssz/mr/results/Qwen2.5-VL/pope/base/analysis/coco_POPE_random/458.pt
2703,2703,coco_POPE_random,coco_POPE_random,0,1,"No,",yes,1.75,0.7206307870370371,11.9375,5.291795820845067,28,1,/mnt/data/ssz/mr/results/Qwen2.5-VL/pope/base/analysis/coco_POPE_random/2703.pt
1198,1198,coco_POPE_random,coco_POPE_random,1,0,"No,",no,1.6875,0.7204861111111112,11.9375,5.39001178336868,28,1,/mnt/data/ssz/mr/results/Qwen2.5-VL/pope/base/analysis/coco_POPE_random/1198.pt
1947,1947,coco_POPE_random,coco_POPE_random,0,1,"No,",yes,1.703125,0.7526041666666666,11.9375,5.408672675179277,28,1,/mnt/data/ssz/mr/results/Qwen2.5-VL/pope/base/analysis/coco_POPE_random/1947.pt
459,459,coco_POPE_random,coco_POPE_random,1,0,"Yes,",yes,1.7578125,0.7387152777777778,11.9375,4.984269937418162,28,1,/mnt/data/ssz/mr/results/Qwen2.5-VL/pope/base/analysis/coco_POPE_random/459.pt
2704,2704,coco_POPE_random,coco_POPE_random,1,0,"No,",no,1.75,0.7206307870370371,11.9375,5.410618178493499,28,1,/mnt/data/ssz/mr/results/Qwen2.5-VL/pope/base/analysis/coco_POPE_random/2704.pt
1199,1199,coco_POPE_random,coco_POPE_random,0,1,"No,",yes,1.6875,0.7204861111111112,11.9375,5.355752268851765,28,1,/mnt/data/ssz/mr/results/Qwen2.5-VL/pope/base/analysis/coco_POPE_random/1199.pt
1948,1948,coco_POPE_random,coco_POPE_random,1,0,"No,",no,1.703125,0.7526041666666666,11.9375,5.319075234392523,28,1,/mnt/data/ssz/mr/results/Qwen2.5-VL/pope/base/analysis/coco_POPE_random/1948.pt
460,460,coco_POPE_random,coco_POPE_random,1,0,"No,",no,1.7578125,0.7387152777777778,11.9375,5.380732583281723,28,1,/mnt/data/ssz/mr/results/Qwen2.5-VL/pope/base/analysis/coco_POPE_random/460.pt
2705,2705,coco_POPE_random,coco_POPE_random,0,1,"No,",yes,1.75,0.7206307870370371,11.9375,5.3357737643182075,28,1,/mnt/data/ssz/mr/results/Qwen2.5-VL/pope/base/analysis/coco_POPE_random/2705.pt
1200,1200,coco_POPE_random,coco_POPE_random,1,0,"No,",no,1.6875,0.7204861111111112,11.9375,5.367357796284618,28,1,/mnt/data/ssz/mr/results/Qwen2.5-VL/pope/base/analysis/coco_POPE_random/1200.pt
1949,1949,coco_POPE_random,coco_POPE_random,1,0,"Yes,",yes,1.703125,0.7526041666666666,11.9375,4.870470548956361,28,1,/mnt/data/ssz/mr/results/Qwen2.5-VL/pope/base/analysis/coco_POPE_random/1949.pt
461,461,coco_POPE_random,coco_POPE_random,1,0,"Yes,",yes,1.7578125,0.7387152777777778,11.9375,4.916892268867428,28,1,/mnt/data/ssz/mr/results/Qwen2.5-VL/pope/base/analysis/coco_POPE_random/461.pt
2706,2706,coco_POPE_random,coco_POPE_random,1,0,"No,",no,1.75,0.7206307870370371,11.9375,5.36620668528297,28,1,/mnt/data/ssz/mr/results/Qwen2.5-VL/pope/base/analysis/coco_POPE_random/2706.pt
1950,1950,coco_POPE_random,coco_POPE_random,1,0,"No,",no,1.703125,0.7526041666666666,11.9375,5.281842447921008,28,1,/mnt/data/ssz/mr/results/Qwen2.5-VL/pope/base/analysis/coco_POPE_random/1950.pt
1201,1201,coco_POPE_random,coco_POPE_random,0,1,"No,",yes,1.7109375,0.7281539351851852,11.9375,5.251878660653449,28,1,/mnt/data/ssz/mr/results/Qwen2.5-VL/pope/base/analysis/coco_POPE_random/1201.pt
462,462,coco_POPE_random,coco_POPE_random,1,0,"No,",no,1.7578125,0.7387152777777778,11.9375,5.380103857590351,28,1,/mnt/data/ssz/mr/results/Qwen2.5-VL/pope/base/analysis/coco_POPE_random/462.pt
2707,2707,coco_POPE_random,coco_POPE_random,0,1,"No,",yes,1.7109375,0.7439236111111112,11.9375,5.389393862138667,28,1,/mnt/data/ssz/mr/results/Qwen2.5-VL/pope/base/analysis/coco_POPE_random/2707.pt
1951,1951,coco_POPE_random,coco_POPE_random,0,1,"No,",yes,1.671875,0.734375,11.9375,5.3031763775828225,28,1,/mnt/data/ssz/mr/results/Qwen2.5-VL/pope/base/analysis/coco_POPE_random/1951.pt
1202,1202,coco_POPE_random,coco_POPE_random,1,0,"No,",no,1.7109375,0.7281539351851852,11.9375,5.306340215365395,28,1,/mnt/data/ssz/mr/results/Qwen2.5-VL/pope/base/analysis/coco_POPE_random/1202.pt
2708,2708,coco_POPE_random,coco_POPE_random,1,0,"No,",no,1.7109375,0.7439236111111112,11.9375,5.294686830000445,28,1,/mnt/data/ssz/mr/results/Qwen2.5-VL/pope/base/analysis/coco_POPE_random/2708.pt
463,463,coco_POPE_random,coco_POPE_random,1,0,"Yes,",yes,1.703125,0.7424768518518519,11.9375,4.9976246366308095,28,1,/mnt/data/ssz/mr/results/Qwen2.5-VL/pope/base/analysis/coco_POPE_random/463.pt
1203,1203,coco_POPE_random,coco_POPE_random,1,0,"Yes,",yes,1.7109375,0.7281539351851852,11.9375,4.888755468226204,28,1,/mnt/data/ssz/mr/results/Qwen2.5-VL/pope/base/analysis/coco_POPE_random/1203.pt
1952,1952,coco_POPE_random,coco_POPE_random,1,0,"No,",no,1.671875,0.734375,11.9375,5.259637296192775,28,1,/mnt/data/ssz/mr/results/Qwen2.5-VL/pope/base/analysis/coco_POPE_random/1952.pt
2709,2709,coco_POPE_random,coco_POPE_random,1,0,"Yes,",yes,1.7109375,0.7439236111111112,11.9375,4.862943612463109,28,1,/mnt/data/ssz/mr/results/Qwen2.5-VL/pope/base/analysis/coco_POPE_random/2709.pt
464,464,coco_POPE_random,coco_POPE_random,1,0,"No,",no,1.703125,0.7424768518518519,11.9375,5.333119898959233,28,1,/mnt/data/ssz/mr/results/Qwen2.5-VL/pope/base/analysis/coco_POPE_random/464.pt
1204,1204,coco_POPE_random,coco_POPE_random,1,0,"No,",no,1.7109375,0.7281539351851852,11.9375,5.294615475761335,28,1,/mnt/data/ssz/mr/results/Qwen2.5-VL/pope/base/analysis/coco_POPE_random/1204.pt
1953,1953,coco_POPE_random,coco_POPE_random,1,0,"Yes,",yes,1.671875,0.734375,11.9375,4.899108749164021,28,1,/mnt/data/ssz/mr/results/Qwen2.5-VL/pope/base/analysis/coco_POPE_random/1953.pt
2710,2710,coco_POPE_random,coco_POPE_random,1,0,"No,",no,1.7109375,0.7439236111111112,11.9375,5.32967416744615,28,1,/mnt/data/ssz/mr/results/Qwen2.5-VL/pope/base/analysis/coco_POPE_random/2710.pt
1205,1205,coco_POPE_random,coco_POPE_random,1,0,"Yes,",yes,1.7109375,0.7281539351851852,11.9375,5.001462979039497,28,1,/mnt/data/ssz/mr/results/Qwen2.5-VL/pope/base/analysis/coco_POPE_random/1205.pt
465,465,coco_POPE_random,coco_POPE_random,1,0,"Yes,",yes,1.703125,0.7424768518518519,11.9375,4.878494879210292,28,1,/mnt/data/ssz/mr/results/Qwen2.5-VL/pope/base/analysis/coco_POPE_random/465.pt
1954,1954,coco_POPE_random,coco_POPE_random,1,0,"No,",no,1.671875,0.734375,11.9375,5.296089998355087,28,1,/mnt/data/ssz/mr/results/Qwen2.5-VL/pope/base/analysis/coco_POPE_random/1954.pt
2711,2711,coco_POPE_random,coco_POPE_random,1,0,"Yes,",yes,1.7109375,0.7439236111111112,11.9375,4.997295732818673,28,1,/mnt/data/ssz/mr/results/Qwen2.5-VL/pope/base/analysis/coco_POPE_random/2711.pt
1206,1206,coco_POPE_random,coco_POPE_random,1,0,"No,",no,1.7109375,0.7281539351851852,11.9375,5.247855851893323,28,1,/mnt/data/ssz/mr/results/Qwen2.5-VL/pope/base/analysis/coco_POPE_random/1206.pt
466,466,coco_POPE_random,coco_POPE_random,1,0,"No,",no,1.703125,0.7424768518518519,11.9375,5.431344225608788,28,1,/mnt/data/ssz/mr/results/Qwen2.5-VL/pope/base/analysis/coco_POPE_random/466.pt
1955,1955,coco_POPE_random,coco_POPE_random,0,1,"No,",yes,1.671875,0.734375,11.9375,5.350829429482803,28,1,/mnt/data/ssz/mr/results/Qwen2.5-VL/pope/base/analysis/coco_POPE_random/1955.pt
2712,2712,coco_POPE_random,coco_POPE_random,1,0,"No,",no,1.7109375,0.7439236111111112,11.9375,5.353943562351632,28,1,/mnt/data/ssz/mr/results/Qwen2.5-VL/pope/base/analysis/coco_POPE_random/2712.pt
1207,1207,coco_POPE_random,coco_POPE_random,1,0,"Yes,",yes,1.6796875,0.7504340277777778,11.9375,5.165827955141405,28,1,/mnt/data/ssz/mr/results/Qwen2.5-VL/pope/base/analysis/coco_POPE_random/1207.pt
467,467,coco_POPE_random,coco_POPE_random,1,0,"Yes,",yes,1.703125,0.7424768518518519,11.9375,4.840655406117588,28,1,/mnt/data/ssz/mr/results/Qwen2.5-VL/pope/base/analysis/coco_POPE_random/467.pt
1956,1956,coco_POPE_random,coco_POPE_random,1,0,"No,",no,1.671875,0.734375,11.9375,5.398352237116718,28,1,/mnt/data/ssz/mr/results/Qwen2.5-VL/pope/base/analysis/coco_POPE_random/1956.pt
2713,2713,coco_POPE_random,coco_POPE_random,0,1,"No,",yes,1.71875,0.7407407407407407,11.9375,5.3676678369483986,28,1,/mnt/data/ssz/mr/results/Qwen2.5-VL/pope/base/analysis/coco_POPE_random/2713.pt
1208,1208,coco_POPE_random,coco_POPE_random,1,0,"No,",no,1.6796875,0.7504340277777778,11.9375,5.489865918546434,28,1,/mnt/data/ssz/mr/results/Qwen2.5-VL/pope/base/analysis/coco_POPE_random/1208.pt
468,468,coco_POPE_random,coco_POPE_random,1,0,"No,",no,1.703125,0.7424768518518519,11.9375,5.460309891339044,28,1,/mnt/data/ssz/mr/results/Qwen2.5-VL/pope/base/analysis/coco_POPE_random/468.pt
1957,1957,coco_POPE_random,coco_POPE_random,1,0,"Yes,",yes,1.71875,0.7537615740740741,11.9375,4.91926731633129,28,1,/mnt/data/ssz/mr/results/Qwen2.5-VL/pope/base/analysis/coco_POPE_random/1957.pt
2714,2714,coco_POPE_random,coco_POPE_random,1,0,"No,",no,1.71875,0.7407407407407407,11.9375,5.309061569077632,28,1,/mnt/data/ssz/mr/results/Qwen2.5-VL/pope/base/analysis/coco_POPE_random/2714.pt
1209,1209,coco_POPE_random,coco_POPE_random,0,1,"No,",yes,1.6796875,0.7504340277777778,11.9375,5.366998593853075,28,1,/mnt/data/ssz/mr/results/Qwen2.5-VL/pope/base/analysis/coco_POPE_random/1209.pt
469,469,coco_POPE_random,coco_POPE_random,1,0,"Yes,",yes,1.65625,0.7579571759259259,11.9375,4.795978674525597,28,1,/mnt/data/ssz/mr/results/Qwen2.5-VL/pope/base/analysis/coco_POPE_random/469.pt
1958,1958,coco_POPE_random,coco_POPE_random,1,0,"No,",no,1.71875,0.7537615740740741,11.9375,5.342282013522169,28,1,/mnt/data/ssz/mr/results/Qwen2.5-VL/pope/base/analysis/coco_POPE_random/1958.pt
2715,2715,coco_POPE_random,coco_POPE_random,0,1,"No,",yes,1.71875,0.7407407407407407,11.9375,5.417382597212746,28,1,/mnt/data/ssz/mr/results/Qwen2.5-VL/pope/base/analysis/coco_POPE_random/2715.pt
1210,1210,coco_POPE_random,coco_POPE_random,1,0,"No,",no,1.6796875,0.7504340277777778,11.9375,5.4447987781356435,28,1,/mnt/data/ssz/mr/results/Qwen2.5-VL/pope/base/analysis/coco_POPE_random/1210.pt
470,470,coco_POPE_random,coco_POPE_random,1,0,"No,",no,1.65625,0.7579571759259259,11.9375,5.1177536798519405,28,1,/mnt/data/ssz/mr/results/Qwen2.5-VL/pope/base/analysis/coco_POPE_random/470.pt
1959,1959,coco_POPE_random,coco_POPE_random,1,0,"Yes,",yes,1.71875,0.7537615740740741,11.9375,4.8473809453346215,28,1,/mnt/data/ssz/mr/results/Qwen2.5-VL/pope/base/analysis/coco_POPE_random/1959.pt
2716,2716,coco_POPE_random,coco_POPE_random,1,0,"No,",no,1.71875,0.7407407407407407,11.9375,5.3815407971766245,28,1,/mnt/data/ssz/mr/results/Qwen2.5-VL/pope/base/analysis/coco_POPE_random/2716.pt
1211,1211,coco_POPE_random,coco_POPE_random,0,1,"No,",yes,1.6796875,0.7504340277777778,11.9375,5.40053341753647,28,1,/mnt/data/ssz/mr/results/Qwen2.5-VL/pope/base/analysis/coco_POPE_random/1211.pt
471,471,coco_POPE_random,coco_POPE_random,1,0,"Yes,",yes,1.65625,0.7579571759259259,11.9375,4.841369472970436,28,1,/mnt/data/ssz/mr/results/Qwen2.5-VL/pope/base/analysis/coco_POPE_random/471.pt
1960,1960,coco_POPE_random,coco_POPE_random,1,0,"No,",no,1.71875,0.7537615740740741,11.9375,5.373097016864105,28,1,/mnt/data/ssz/mr/results/Qwen2.5-VL/pope/base/analysis/coco_POPE_random/1960.pt
2717,2717,coco_POPE_random,coco_POPE_random,1,0,"Yes,",yes,1.71875,0.7407407407407407,11.9375,4.919364278770809,28,1,/mnt/data/ssz/mr/results/Qwen2.5-VL/pope/base/analysis/coco_POPE_random/2717.pt
1212,1212,coco_POPE_random,coco_POPE_random,1,0,"No,",no,1.6796875,0.7504340277777778,11.9375,5.430298542124642,28,1,/mnt/data/ssz/mr/results/Qwen2.5-VL/pope/base/analysis/coco_POPE_random/1212.pt
472,472,coco_POPE_random,coco_POPE_random,1,0,"No,",no,1.65625,0.7579571759259259,11.9375,5.227861240135977,28,1,/mnt/data/ssz/mr/results/Qwen2.5-VL/pope/base/analysis/coco_POPE_random/472.pt
1961,1961,coco_POPE_random,coco_POPE_random,0,1,"No,",yes,1.71875,0.7537615740740741,11.9375,5.431629815187565,28,1,/mnt/data/ssz/mr/results/Qwen2.5-VL/pope/base/analysis/coco_POPE_random/1961.pt
1213,1213,coco_POPE_random,coco_POPE_random,1,0,"Yes,",yes,1.671875,0.7562210648148148,11.9375,4.851274306760702,28,1,/mnt/data/ssz/mr/results/Qwen2.5-VL/pope/base/analysis/coco_POPE_random/1213.pt
2718,2718,coco_POPE_random,coco_POPE_random,1,0,"No,",no,1.71875,0.7407407407407407,11.9375,5.390380868899481,28,1,/mnt/data/ssz/mr/results/Qwen2.5-VL/pope/base/analysis/coco_POPE_random/2718.pt
473,473,coco_POPE_random,coco_POPE_random,1,0,"Yes,",yes,1.65625,0.7579571759259259,11.9375,4.787921668855313,28,1,/mnt/data/ssz/mr/results/Qwen2.5-VL/pope/base/analysis/coco_POPE_random/473.pt
1962,1962,coco_POPE_random,coco_POPE_random,1,0,"No,",no,1.71875,0.7537615740740741,11.9375,5.2113850548093685,28,1,/mnt/data/ssz/mr/results/Qwen2.5-VL/pope/base/analysis/coco_POPE_random/1962.pt
1214,1214,coco_POPE_random,coco_POPE_random,1,0,"No,",no,1.671875,0.7562210648148148,11.9375,5.243802454784663,28,1,/mnt/data/ssz/mr/results/Qwen2.5-VL/pope/base/analysis/coco_POPE_random/1214.pt
2719,2719,coco_POPE_random,coco_POPE_random,1,0,"Yes,",yes,1.734375,0.7249710648148148,11.9375,4.889626147828659,28,1,/mnt/data/ssz/mr/results/Qwen2.5-VL/pope/base/analysis/coco_POPE_random/2719.pt
474,474,coco_POPE_random,coco_POPE_random,1,0,"No,",no,1.65625,0.7579571759259259,11.9375,5.1753702346584385,28,1,/mnt/data/ssz/mr/results/Qwen2.5-VL/pope/base/analysis/coco_POPE_random/474.pt
1963,1963,coco_POPE_random,coco_POPE_random,1,0,"Yes,",yes,1.6875,0.7081886574074074,11.9375,4.980729190469371,28,1,/mnt/data/ssz/mr/results/Qwen2.5-VL/pope/base/analysis/coco_POPE_random/1963.pt
1215,1215,coco_POPE_random,coco_POPE_random,0,1,"No,",yes,1.671875,0.7562210648148148,11.9375,5.213191963909383,28,1,/mnt/data/ssz/mr/results/Qwen2.5-VL/pope/base/analysis/coco_POPE_random/1215.pt
2720,2720,coco_POPE_random,coco_POPE_random,1,0,"No,",no,1.734375,0.7249710648148148,11.9375,5.3590760306206375,28,1,/mnt/data/ssz/mr/results/Qwen2.5-VL/pope/base/analysis/coco_POPE_random/2720.pt
475,475,coco_POPE_random,coco_POPE_random,1,0,"Yes,",yes,1.734375,0.7118055555555556,11.9375,4.822525342841589,28,1,/mnt/data/ssz/mr/results/Qwen2.5-VL/pope/base/analysis/coco_POPE_random/475.pt
1216,1216,coco_POPE_random,coco_POPE_random,1,0,"No,",no,1.671875,0.7562210648148148,11.9375,5.125824868634263,28,1,/mnt/data/ssz/mr/results/Qwen2.5-VL/pope/base/analysis/coco_POPE_random/1216.pt
1964,1964,coco_POPE_random,coco_POPE_random,1,0,"No,",no,1.6875,0.7081886574074074,11.9375,5.527050716409633,28,1,/mnt/data/ssz/mr/results/Qwen2.5-VL/pope/base/analysis/coco_POPE_random/1964.pt
2721,2721,coco_POPE_random,coco_POPE_random,0,1,"No,",yes,1.734375,0.7249710648148148,11.9375,5.467755846280799,28,1,/mnt/data/ssz/mr/results/Qwen2.5-VL/pope/base/analysis/coco_POPE_random/2721.pt
1217,1217,coco_POPE_random,coco_POPE_random,0,1,"No,",yes,1.671875,0.7562210648148148,11.9375,5.289393499848366,28,1,/mnt/data/ssz/mr/results/Qwen2.5-VL/pope/base/analysis/coco_POPE_random/1217.pt
1965,1965,coco_POPE_random,coco_POPE_random,0,1,"No,",yes,1.6875,0.7081886574074074,11.9375,5.451756900615518,28,1,/mnt/data/ssz/mr/results/Qwen2.5-VL/pope/base/analysis/coco_POPE_random/1965.pt
476,476,coco_POPE_random,coco_POPE_random,1,0,"No,",no,1.734375,0.7118055555555556,11.9375,5.190012777305975,28,1,/mnt/data/ssz/mr/results/Qwen2.5-VL/pope/base/analysis/coco_POPE_random/476.pt
2722,2722,coco_POPE_random,coco_POPE_random,1,0,"No,",no,1.734375,0.7249710648148148,11.9375,5.44294643885976,28,1,/mnt/data/ssz/mr/results/Qwen2.5-VL/pope/base/analysis/coco_POPE_random/2722.pt
1218,1218,coco_POPE_random,coco_POPE_random,1,0,"No,",no,1.671875,0.7562210648148148,11.9375,5.259235518408065,28,1,/mnt/data/ssz/mr/results/Qwen2.5-VL/pope/base/analysis/coco_POPE_random/1218.pt
1966,1966,coco_POPE_random,coco_POPE_random,1,0,"No,",no,1.6875,0.7081886574074074,11.9375,5.351382464478963,28,1,/mnt/data/ssz/mr/results/Qwen2.5-VL/pope/base/analysis/coco_POPE_random/1966.pt
477,477,coco_POPE_random,coco_POPE_random,1,0,"Yes,",yes,1.734375,0.7118055555555556,11.9375,4.869189805923253,28,1,/mnt/data/ssz/mr/results/Qwen2.5-VL/pope/base/analysis/coco_POPE_random/477.pt
2723,2723,coco_POPE_random,coco_POPE_random,0,1,"No,",yes,1.734375,0.7249710648148148,11.9375,5.45083896846688,28,1,/mnt/data/ssz/mr/results/Qwen2.5-VL/pope/base/analysis/coco_POPE_random/2723.pt
1219,1219,coco_POPE_random,coco_POPE_random,0,1,"No,",yes,1.671875,0.7335069444444444,11.9375,5.368232434375764,28,1,/mnt/data/ssz/mr/results/Qwen2.5-VL/pope/base/analysis/coco_POPE_random/1219.pt
1967,1967,coco_POPE_random,coco_POPE_random,1,0,"Yes,",yes,1.6875,0.7081886574074074,11.9375,4.976100070365954,28,1,/mnt/data/ssz/mr/results/Qwen2.5-VL/pope/base/analysis/coco_POPE_random/1967.pt
2724,2724,coco_POPE_random,coco_POPE_random,1,0,"No,",no,1.734375,0.7249710648148148,11.9375,5.390755287204479,28,1,/mnt/data/ssz/mr/results/Qwen2.5-VL/pope/base/analysis/coco_POPE_random/2724.pt
478,478,coco_POPE_random,coco_POPE_random,1,0,"No,",no,1.734375,0.7118055555555556,11.9375,5.2782547682703616,28,1,/mnt/data/ssz/mr/results/Qwen2.5-VL/pope/base/analysis/coco_POPE_random/478.pt
1220,1220,coco_POPE_random,coco_POPE_random,1,0,"No,",no,1.671875,0.7335069444444444,11.9375,5.380165763287897,28,1,/mnt/data/ssz/mr/results/Qwen2.5-VL/pope/base/analysis/coco_POPE_random/1220.pt
1968,1968,coco_POPE_random,coco_POPE_random,1,0,"No,",no,1.6875,0.7081886574074074,11.9375,5.393580510112929,28,1,/mnt/data/ssz/mr/results/Qwen2.5-VL/pope/base/analysis/coco_POPE_random/1968.pt
2725,2725,coco_POPE_random,coco_POPE_random,1,0,"Yes,",yes,1.734375,0.7269965277777778,11.9375,4.978755342222378,28,1,/mnt/data/ssz/mr/results/Qwen2.5-VL/pope/base/analysis/coco_POPE_random/2725.pt
479,479,coco_POPE_random,coco_POPE_random,1,0,"Yes,",yes,1.734375,0.7118055555555556,11.9375,4.79695570205803,28,1,/mnt/data/ssz/mr/results/Qwen2.5-VL/pope/base/analysis/coco_POPE_random/479.pt
1221,1221,coco_POPE_random,coco_POPE_random,1,0,"Yes,",yes,1.671875,0.7335069444444444,11.9375,5.007455393874769,28,1,/mnt/data/ssz/mr/results/Qwen2.5-VL/pope/base/analysis/coco_POPE_random/1221.pt
1969,1969,coco_POPE_random,coco_POPE_random,1,0,"Yes,",yes,1.7265625,0.7680844907407407,11.9375,4.714162654249776,28,1,/mnt/data/ssz/mr/results/Qwen2.5-VL/pope/base/analysis/coco_POPE_random/1969.pt
2726,2726,coco_POPE_random,coco_POPE_random,1,0,"No,",no,1.734375,0.7269965277777778,11.9375,5.260804653369837,28,1,/mnt/data/ssz/mr/results/Qwen2.5-VL/pope/base/analysis/coco_POPE_random/2726.pt
1970,1970,coco_POPE_random,coco_POPE_random,1,0,"No,",no,1.7265625,0.7680844907407407,11.9375,5.255667047054886,28,1,/mnt/data/ssz/mr/results/Qwen2.5-VL/pope/base/analysis/coco_POPE_random/1970.pt
1222,1222,coco_POPE_random,coco_POPE_random,1,0,"No,",no,1.671875,0.7335069444444444,11.9375,5.445279559882882,28,1,/mnt/data/ssz/mr/results/Qwen2.5-VL/pope/base/analysis/coco_POPE_random/1222.pt
480,480,coco_POPE_random,coco_POPE_random,1,0,"No,",no,1.734375,0.7118055555555556,11.9375,5.228637850148899,28,1,/mnt/data/ssz/mr/results/Qwen2.5-VL/pope/base/analysis/coco_POPE_random/480.pt
2727,2727,coco_POPE_random,coco_POPE_random,1,0,"Yes,",yes,1.734375,0.7269965277777778,11.9375,4.898886078611378,28,1,/mnt/data/ssz/mr/results/Qwen2.5-VL/pope/base/analysis/coco_POPE_random/2727.pt
1971,1971,coco_POPE_random,coco_POPE_random,1,0,"Yes,",yes,1.7265625,0.7680844907407407,11.9375,4.936227360140171,28,1,/mnt/data/ssz/mr/results/Qwen2.5-VL/pope/base/analysis/coco_POPE_random/1971.pt
481,481,coco_POPE_random,coco_POPE_random,1,0,"Yes,",yes,1.71875,0.7246817129629629,11.9375,4.907748286468834,28,1,/mnt/data/ssz/mr/results/Qwen2.5-VL/pope/base/analysis/coco_POPE_random/481.pt
1223,1223,coco_POPE_random,coco_POPE_random,0,1,"No,",yes,1.671875,0.7335069444444444,11.9375,5.5214067079882785,28,1,/mnt/data/ssz/mr/results/Qwen2.5-VL/pope/base/analysis/coco_POPE_random/1223.pt
2728,2728,coco_POPE_random,coco_POPE_random,1,0,"No,",no,1.734375,0.7269965277777778,11.9375,5.28690762523497,28,1,/mnt/data/ssz/mr/results/Qwen2.5-VL/pope/base/analysis/coco_POPE_random/2728.pt
1972,1972,coco_POPE_random,coco_POPE_random,1,0,"No,",no,1.7265625,0.7680844907407407,11.9375,5.326932647125495,28,1,/mnt/data/ssz/mr/results/Qwen2.5-VL/pope/base/analysis/coco_POPE_random/1972.pt
482,482,coco_POPE_random,coco_POPE_random,1,0,"No,",no,1.71875,0.7246817129629629,11.9375,5.3206550307754625,28,1,/mnt/data/ssz/mr/results/Qwen2.5-VL/pope/base/analysis/coco_POPE_random/482.pt
1224,1224,coco_POPE_random,coco_POPE_random,1,0,"No,",no,1.671875,0.7335069444444444,11.9375,5.37800394082372,28,1,/mnt/data/ssz/mr/results/Qwen2.5-VL/pope/base/analysis/coco_POPE_random/1224.pt
1973,1973,coco_POPE_random,coco_POPE_random,1,0,"Yes,",yes,1.7265625,0.7680844907407407,11.9375,4.866328242299124,28,1,/mnt/data/ssz/mr/results/Qwen2.5-VL/pope/base/analysis/coco_POPE_random/1973.pt
2729,2729,coco_POPE_random,coco_POPE_random,0,1,"No,",yes,1.734375,0.7269965277777778,11.9375,5.276668353027571,28,1,/mnt/data/ssz/mr/results/Qwen2.5-VL/pope/base/analysis/coco_POPE_random/2729.pt
1225,1225,coco_POPE_random,coco_POPE_random,0,1,"No,",yes,1.7578125,0.7324942129629629,11.9375,5.323008326125122,28,1,/mnt/data/ssz/mr/results/Qwen2.5-VL/pope/base/analysis/coco_POPE_random/1225.pt
483,483,coco_POPE_random,coco_POPE_random,1,0,"Yes,",yes,1.71875,0.7246817129629629,11.9375,4.877173610083854,28,1,/mnt/data/ssz/mr/results/Qwen2.5-VL/pope/base/analysis/coco_POPE_random/483.pt
1974,1974,coco_POPE_random,coco_POPE_random,1,0,"No,",no,1.7265625,0.7680844907407407,11.9375,5.283432042380496,28,1,/mnt/data/ssz/mr/results/Qwen2.5-VL/pope/base/analysis/coco_POPE_random/1974.pt
2730,2730,coco_POPE_random,coco_POPE_random,1,0,"No,",no,1.734375,0.7269965277777778,11.9375,5.386735649983542,28,1,/mnt/data/ssz/mr/results/Qwen2.5-VL/pope/base/analysis/coco_POPE_random/2730.pt
1226,1226,coco_POPE_random,coco_POPE_random,1,0,"No,",no,1.7578125,0.7324942129629629,11.9375,5.31858925230762,28,1,/mnt/data/ssz/mr/results/Qwen2.5-VL/pope/base/analysis/coco_POPE_random/1226.pt
1975,1975,coco_POPE_random,coco_POPE_random,1,0,"Yes,",yes,1.703125,0.7181712962962963,11.9375,5.029440009004575,28,1,/mnt/data/ssz/mr/results/Qwen2.5-VL/pope/base/analysis/coco_POPE_random/1975.pt
2731,2731,coco_POPE_random,coco_POPE_random,1,0,"Yes,",yes,1.734375,0.7342303240740741,11.9375,4.748682488491921,28,1,/mnt/data/ssz/mr/results/Qwen2.5-VL/pope/base/analysis/coco_POPE_random/2731.pt
484,484,coco_POPE_random,coco_POPE_random,1,0,"No,",no,1.71875,0.7246817129629629,11.9375,5.338984629743993,28,1,/mnt/data/ssz/mr/results/Qwen2.5-VL/pope/base/analysis/coco_POPE_random/484.pt
1227,1227,coco_POPE_random,coco_POPE_random,1,0,"Yes,",yes,1.7578125,0.7324942129629629,11.9375,4.7797074528544075,28,1,/mnt/data/ssz/mr/results/Qwen2.5-VL/pope/base/analysis/coco_POPE_random/1227.pt
2732,2732,coco_POPE_random,coco_POPE_random,1,0,"No,",no,1.734375,0.7342303240740741,11.9375,5.359633091658531,28,1,/mnt/data/ssz/mr/results/Qwen2.5-VL/pope/base/analysis/coco_POPE_random/2732.pt
1976,1976,coco_POPE_random,coco_POPE_random,1,0,"No,",no,1.703125,0.7181712962962963,11.9375,5.328024143901561,28,1,/mnt/data/ssz/mr/results/Qwen2.5-VL/pope/base/analysis/coco_POPE_random/1976.pt
485,485,coco_POPE_random,coco_POPE_random,0,1,"No,",yes,1.71875,0.7246817129629629,11.9375,5.344808257504314,28,1,/mnt/data/ssz/mr/results/Qwen2.5-VL/pope/base/analysis/coco_POPE_random/485.pt
1228,1228,coco_POPE_random,coco_POPE_random,1,0,"No,",no,1.7578125,0.7324942129629629,11.9375,5.354928721252283,28,1,/mnt/data/ssz/mr/results/Qwen2.5-VL/pope/base/analysis/coco_POPE_random/1228.pt
2733,2733,coco_POPE_random,coco_POPE_random,1,0,"Yes,",yes,1.734375,0.7342303240740741,11.9375,4.973942964114986,28,1,/mnt/data/ssz/mr/results/Qwen2.5-VL/pope/base/analysis/coco_POPE_random/2733.pt
1977,1977,coco_POPE_random,coco_POPE_random,1,0,"Yes,",yes,1.703125,0.7181712962962963,11.9375,4.875140867609836,28,1,/mnt/data/ssz/mr/results/Qwen2.5-VL/pope/base/analysis/coco_POPE_random/1977.pt
486,486,coco_POPE_random,coco_POPE_random,1,0,"No,",no,1.71875,0.7246817129629629,11.9375,5.284244415386136,28,1,/mnt/data/ssz/mr/results/Qwen2.5-VL/pope/base/analysis/coco_POPE_random/486.pt
1229,1229,coco_POPE_random,coco_POPE_random,1,0,"Yes,",yes,1.7578125,0.7324942129629629,11.9375,4.892764915473827,28,1,/mnt/data/ssz/mr/results/Qwen2.5-VL/pope/base/analysis/coco_POPE_random/1229.pt
2734,2734,coco_POPE_random,coco_POPE_random,1,0,"No,",no,1.734375,0.7342303240740741,11.9375,5.275876996017454,28,1,/mnt/data/ssz/mr/results/Qwen2.5-VL/pope/base/analysis/coco_POPE_random/2734.pt
1978,1978,coco_POPE_random,coco_POPE_random,1,0,"No,",no,1.703125,0.7181712962962963,11.9375,5.393057391461204,28,1,/mnt/data/ssz/mr/results/Qwen2.5-VL/pope/base/analysis/coco_POPE_random/1978.pt
487,487,coco_POPE_random,coco_POPE_random,1,0,"Yes,",yes,1.71875,0.7327835648148148,11.9375,4.981762384401512,28,1,/mnt/data/ssz/mr/results/Qwen2.5-VL/pope/base/analysis/coco_POPE_random/487.pt
2735,2735,coco_POPE_random,coco_POPE_random,1,0,"Yes,",yes,1.734375,0.7342303240740741,11.9375,4.778702169067201,28,1,/mnt/data/ssz/mr/results/Qwen2.5-VL/pope/base/analysis/coco_POPE_random/2735.pt
1230,1230,coco_POPE_random,coco_POPE_random,1,0,"No,",no,1.7578125,0.7324942129629629,11.9375,5.421028560538178,28,1,/mnt/data/ssz/mr/results/Qwen2.5-VL/pope/base/analysis/coco_POPE_random/1230.pt
1979,1979,coco_POPE_random,coco_POPE_random,1,0,"Yes,",yes,1.703125,0.7181712962962963,11.9375,4.772646326758467,28,1,/mnt/data/ssz/mr/results/Qwen2.5-VL/pope/base/analysis/coco_POPE_random/1979.pt
1231,1231,coco_POPE_random,coco_POPE_random,1,0,"Yes,",yes,1.71875,0.7160011574074074,11.9375,4.802992971440274,28,1,/mnt/data/ssz/mr/results/Qwen2.5-VL/pope/base/analysis/coco_POPE_random/1231.pt
488,488,coco_POPE_random,coco_POPE_random,1,0,"No,",no,1.71875,0.7327835648148148,11.9375,5.353022506687796,28,1,/mnt/data/ssz/mr/results/Qwen2.5-VL/pope/base/analysis/coco_POPE_random/488.pt
2736,2736,coco_POPE_random,coco_POPE_random,1,0,"No,",no,1.734375,0.7342303240740741,11.9375,5.338959552896619,28,1,/mnt/data/ssz/mr/results/Qwen2.5-VL/pope/base/analysis/coco_POPE_random/2736.pt
1980,1980,coco_POPE_random,coco_POPE_random,1,0,"No,",no,1.703125,0.7181712962962963,11.9375,5.394239803894073,28,1,/mnt/data/ssz/mr/results/Qwen2.5-VL/pope/base/analysis/coco_POPE_random/1980.pt
1232,1232,coco_POPE_random,coco_POPE_random,1,0,"No,",no,1.71875,0.7160011574074074,11.9375,5.293399502006212,28,1,/mnt/data/ssz/mr/results/Qwen2.5-VL/pope/base/analysis/coco_POPE_random/1232.pt
2737,2737,coco_POPE_random,coco_POPE_random,1,0,"Yes,",yes,1.7265625,0.7491319444444444,11.9375,4.821152523772173,28,1,/mnt/data/ssz/mr/results/Qwen2.5-VL/pope/base/analysis/coco_POPE_random/2737.pt
489,489,coco_POPE_random,coco_POPE_random,1,0,"Yes,",yes,1.71875,0.7327835648148148,11.9375,4.807216432335008,28,1,/mnt/data/ssz/mr/results/Qwen2.5-VL/pope/base/analysis/coco_POPE_random/489.pt
1981,1981,coco_POPE_random,coco_POPE_random,1,0,"Yes,",yes,1.7421875,0.7073206018518519,11.9375,4.958579770227188,28,1,/mnt/data/ssz/mr/results/Qwen2.5-VL/pope/base/analysis/coco_POPE_random/1981.pt
1233,1233,coco_POPE_random,coco_POPE_random,0,1,"No,",yes,1.71875,0.7160011574074074,11.9375,5.231729252356233,28,1,/mnt/data/ssz/mr/results/Qwen2.5-VL/pope/base/analysis/coco_POPE_random/1233.pt
2738,2738,coco_POPE_random,coco_POPE_random,1,0,"No,",no,1.7265625,0.7491319444444444,11.9375,5.265778598464944,28,1,/mnt/data/ssz/mr/results/Qwen2.5-VL/pope/base/analysis/coco_POPE_random/2738.pt
1982,1982,coco_POPE_random,coco_POPE_random,1,0,"No,",no,1.7421875,0.7073206018518519,11.9375,5.352518162056844,28,1,/mnt/data/ssz/mr/results/Qwen2.5-VL/pope/base/analysis/coco_POPE_random/1982.pt
490,490,coco_POPE_random,coco_POPE_random,1,0,"No,",no,1.71875,0.7327835648148148,11.9375,5.419036450714791,28,1,/mnt/data/ssz/mr/results/Qwen2.5-VL/pope/base/analysis/coco_POPE_random/490.pt
1234,1234,coco_POPE_random,coco_POPE_random,1,0,"No,",no,1.71875,0.7160011574074074,11.9375,5.369934249306834,28,1,/mnt/data/ssz/mr/results/Qwen2.5-VL/pope/base/analysis/coco_POPE_random/1234.pt
2739,2739,coco_POPE_random,coco_POPE_random,1,0,"Yes,",yes,1.7265625,0.7491319444444444,11.9375,4.9518876598454575,28,1,/mnt/data/ssz/mr/results/Qwen2.5-VL/pope/base/analysis/coco_POPE_random/2739.pt
1235,1235,coco_POPE_random,coco_POPE_random,0,1,"No,",yes,1.71875,0.7160011574074074,11.9375,5.333619776820211,28,1,/mnt/data/ssz/mr/results/Qwen2.5-VL/pope/base/analysis/coco_POPE_random/1235.pt
1983,1983,coco_POPE_random,coco_POPE_random,1,0,"Yes,",yes,1.7421875,0.7073206018518519,11.9375,4.791442173316745,28,1,/mnt/data/ssz/mr/results/Qwen2.5-VL/pope/base/analysis/coco_POPE_random/1983.pt
491,491,coco_POPE_random,coco_POPE_random,1,0,"Yes,",yes,1.71875,0.7327835648148148,11.9375,4.93626737222378,28,1,/mnt/data/ssz/mr/results/Qwen2.5-VL/pope/base/analysis/coco_POPE_random/491.pt
2740,2740,coco_POPE_random,coco_POPE_random,1,0,"No,",no,1.7265625,0.7491319444444444,11.9375,5.258060969711396,28,1,/mnt/data/ssz/mr/results/Qwen2.5-VL/pope/base/analysis/coco_POPE_random/2740.pt
1236,1236,coco_POPE_random,coco_POPE_random,1,0,"No,",no,1.71875,0.7160011574074074,11.9375,5.2889109414243585,28,1,/mnt/data/ssz/mr/results/Qwen2.5-VL/pope/base/analysis/coco_POPE_random/1236.pt
1984,1984,coco_POPE_random,coco_POPE_random,1,0,"No,",no,1.7421875,0.7073206018518519,11.9375,5.3727947268501435,28,1,/mnt/data/ssz/mr/results/Qwen2.5-VL/pope/base/analysis/coco_POPE_random/1984.pt
492,492,coco_POPE_random,coco_POPE_random,1,0,"No,",no,1.71875,0.7327835648148148,11.9375,5.342573853351057,28,1,/mnt/data/ssz/mr/results/Qwen2.5-VL/pope/base/analysis/coco_POPE_random/492.pt
2741,2741,coco_POPE_random,coco_POPE_random,0,1,"No,",yes,1.7265625,0.7491319444444444,11.9375,5.2836833338317,28,1,/mnt/data/ssz/mr/results/Qwen2.5-VL/pope/base/analysis/coco_POPE_random/2741.pt
1237,1237,coco_POPE_random,coco_POPE_random,1,0,"Yes,",yes,1.734375,0.7387152777777778,11.9375,5.103821195249205,28,1,/mnt/data/ssz/mr/results/Qwen2.5-VL/pope/base/analysis/coco_POPE_random/1237.pt
1985,1985,coco_POPE_random,coco_POPE_random,0,1,"No,",yes,1.7421875,0.7073206018518519,11.9375,5.344844028770428,28,1,/mnt/data/ssz/mr/results/Qwen2.5-VL/pope/base/analysis/coco_POPE_random/1985.pt
493,493,coco_POPE_random,coco_POPE_random,1,0,"Yes,",yes,1.734375,0.7479745370370371,11.9375,4.896096591255643,28,1,/mnt/data/ssz/mr/results/Qwen2.5-VL/pope/base/analysis/coco_POPE_random/493.pt
1238,1238,coco_POPE_random,coco_POPE_random,1,0,"No,",no,1.734375,0.7387152777777778,11.9375,5.320984416929448,28,1,/mnt/data/ssz/mr/results/Qwen2.5-VL/pope/base/analysis/coco_POPE_random/1238.pt
2742,2742,coco_POPE_random,coco_POPE_random,1,0,"No,",no,1.7265625,0.7491319444444444,11.9375,5.3675235094207645,28,1,/mnt/data/ssz/mr/results/Qwen2.5-VL/pope/base/analysis/coco_POPE_random/2742.pt
1986,1986,coco_POPE_random,coco_POPE_random,1,0,"No,",no,1.7421875,0.7073206018518519,11.9375,5.361841444940468,28,1,/mnt/data/ssz/mr/results/Qwen2.5-VL/pope/base/analysis/coco_POPE_random/1986.pt
494,494,coco_POPE_random,coco_POPE_random,1,0,"No,",no,1.734375,0.7479745370370371,11.9375,5.304670243607563,28,1,/mnt/data/ssz/mr/results/Qwen2.5-VL/pope/base/analysis/coco_POPE_random/494.pt
2743,2743,coco_POPE_random,coco_POPE_random,1,0,"Yes,",yes,1.71875,0.7269965277777778,11.9375,4.802995332234663,28,1,/mnt/data/ssz/mr/results/Qwen2.5-VL/pope/base/analysis/coco_POPE_random/2743.pt
1239,1239,coco_POPE_random,coco_POPE_random,0,1,"No,",yes,1.734375,0.7387152777777778,11.9375,5.438640663560873,28,1,/mnt/data/ssz/mr/results/Qwen2.5-VL/pope/base/analysis/coco_POPE_random/1239.pt
1987,1987,coco_POPE_random,coco_POPE_random,1,0,"Yes,",yes,1.7265625,0.7384259259259259,11.9375,4.8368848088365155,28,1,/mnt/data/ssz/mr/results/Qwen2.5-VL/pope/base/analysis/coco_POPE_random/1987.pt
2744,2744,coco_POPE_random,coco_POPE_random,1,0,"No,",no,1.71875,0.7269965277777778,11.9375,5.321439773296804,28,1,/mnt/data/ssz/mr/results/Qwen2.5-VL/pope/base/analysis/coco_POPE_random/2744.pt
1240,1240,coco_POPE_random,coco_POPE_random,1,0,"No,",no,1.734375,0.7387152777777778,11.9375,5.316190495584789,28,1,/mnt/data/ssz/mr/results/Qwen2.5-VL/pope/base/analysis/coco_POPE_random/1240.pt
495,495,coco_POPE_random,coco_POPE_random,1,0,"Yes,",yes,1.734375,0.7479745370370371,11.9375,4.915867965867164,28,1,/mnt/data/ssz/mr/results/Qwen2.5-VL/pope/base/analysis/coco_POPE_random/495.pt
1988,1988,coco_POPE_random,coco_POPE_random,1,0,"No,",no,1.7265625,0.7384259259259259,11.9375,5.279744489238071,28,1,/mnt/data/ssz/mr/results/Qwen2.5-VL/pope/base/analysis/coco_POPE_random/1988.pt
2745,2745,coco_POPE_random,coco_POPE_random,0,1,"No,",yes,1.71875,0.7269965277777778,11.9375,5.343027568390647,28,1,/mnt/data/ssz/mr/results/Qwen2.5-VL/pope/base/analysis/coco_POPE_random/2745.pt
1241,1241,coco_POPE_random,coco_POPE_random,1,0,"Yes,",yes,1.734375,0.7387152777777778,11.9375,4.883523689831846,28,1,/mnt/data/ssz/mr/results/Qwen2.5-VL/pope/base/analysis/coco_POPE_random/1241.pt
496,496,coco_POPE_random,coco_POPE_random,1,0,"No,",no,1.734375,0.7479745370370371,11.9375,5.293207759244107,28,1,/mnt/data/ssz/mr/results/Qwen2.5-VL/pope/base/analysis/coco_POPE_random/496.pt
1989,1989,coco_POPE_random,coco_POPE_random,1,0,"Yes,",yes,1.7265625,0.7384259259259259,11.9375,4.929741828712818,28,1,/mnt/data/ssz/mr/results/Qwen2.5-VL/pope/base/analysis/coco_POPE_random/1989.pt
2746,2746,coco_POPE_random,coco_POPE_random,1,0,"No,",no,1.71875,0.7269965277777778,11.9375,5.292157244273202,28,1,/mnt/data/ssz/mr/results/Qwen2.5-VL/pope/base/analysis/coco_POPE_random/2746.pt
1242,1242,coco_POPE_random,coco_POPE_random,1,0,"No,",no,1.734375,0.7387152777777778,11.9375,5.369627466287309,28,1,/mnt/data/ssz/mr/results/Qwen2.5-VL/pope/base/analysis/coco_POPE_random/1242.pt
1990,1990,coco_POPE_random,coco_POPE_random,1,0,"No,",no,1.7265625,0.7384259259259259,11.9375,5.269837711496778,28,1,/mnt/data/ssz/mr/results/Qwen2.5-VL/pope/base/analysis/coco_POPE_random/1990.pt
497,497,coco_POPE_random,coco_POPE_random,1,0,"Yes,",yes,1.734375,0.7479745370370371,11.9375,4.865259692572902,28,1,/mnt/data/ssz/mr/results/Qwen2.5-VL/pope/base/analysis/coco_POPE_random/497.pt
1243,1243,coco_POPE_random,coco_POPE_random,1,0,"Yes,",yes,1.6953125,0.7437789351851852,11.9375,4.886049462711034,28,1,/mnt/data/ssz/mr/results/Qwen2.5-VL/pope/base/analysis/coco_POPE_random/1243.pt
2747,2747,coco_POPE_random,coco_POPE_random,0,1,"No,",yes,1.71875,0.7269965277777778,11.9375,5.39715244108009,28,1,/mnt/data/ssz/mr/results/Qwen2.5-VL/pope/base/analysis/coco_POPE_random/2747.pt
1991,1991,coco_POPE_random,coco_POPE_random,1,0,"Yes,",yes,1.7265625,0.7384259259259259,11.9375,4.7834490052103815,28,1,/mnt/data/ssz/mr/results/Qwen2.5-VL/pope/base/analysis/coco_POPE_random/1991.pt
498,498,coco_POPE_random,coco_POPE_random,1,0,"No,",no,1.734375,0.7479745370370371,11.9375,5.4289675671619175,28,1,/mnt/data/ssz/mr/results/Qwen2.5-VL/pope/base/analysis/coco_POPE_random/498.pt
1244,1244,coco_POPE_random,coco_POPE_random,1,0,"No,",no,1.6953125,0.7437789351851852,11.9375,5.2229408021949295,28,1,/mnt/data/ssz/mr/results/Qwen2.5-VL/pope/base/analysis/coco_POPE_random/1244.pt
2748,2748,coco_POPE_random,coco_POPE_random,1,0,"No,",no,1.71875,0.7269965277777778,11.9375,5.331261218058053,28,1,/mnt/data/ssz/mr/results/Qwen2.5-VL/pope/base/analysis/coco_POPE_random/2748.pt
1992,1992,coco_POPE_random,coco_POPE_random,1,0,"No,",no,1.7265625,0.7384259259259259,11.9375,5.283444634450055,28,1,/mnt/data/ssz/mr/results/Qwen2.5-VL/pope/base/analysis/coco_POPE_random/1992.pt
1245,1245,coco_POPE_random,coco_POPE_random,0,1,"No,",yes,1.6953125,0.7437789351851852,11.9375,5.333254141217462,28,1,/mnt/data/ssz/mr/results/Qwen2.5-VL/pope/base/analysis/coco_POPE_random/1245.pt
499,499,coco_POPE_random,coco_POPE_random,1,0,"Yes,",yes,1.6796875,0.7407407407407407,11.9375,4.922256042105424,28,1,/mnt/data/ssz/mr/results/Qwen2.5-VL/pope/base/analysis/coco_POPE_random/499.pt
2749,2749,coco_POPE_random,coco_POPE_random,1,0,"Yes,",yes,1.734375,0.7442129629629629,11.9375,4.979139878946484,28,1,/mnt/data/ssz/mr/results/Qwen2.5-VL/pope/base/analysis/coco_POPE_random/2749.pt
1246,1246,coco_POPE_random,coco_POPE_random,1,0,"No,",no,1.6953125,0.7437789351851852,11.9375,5.25023390106285,28,1,/mnt/data/ssz/mr/results/Qwen2.5-VL/pope/base/analysis/coco_POPE_random/1246.pt
1993,1993,coco_POPE_random,coco_POPE_random,1,0,"Yes,",yes,1.703125,0.7361111111111112,11.9375,4.865635422037581,28,1,/mnt/data/ssz/mr/results/Qwen2.5-VL/pope/base/analysis/coco_POPE_random/1993.pt
500,500,coco_POPE_random,coco_POPE_random,1,0,"No,",no,1.6796875,0.7407407407407407,11.9375,5.355079974426191,28,1,/mnt/data/ssz/mr/results/Qwen2.5-VL/pope/base/analysis/coco_POPE_random/500.pt
2750,2750,coco_POPE_random,coco_POPE_random,1,0,"No,",no,1.734375,0.7442129629629629,11.9375,5.2691716269729145,28,1,/mnt/data/ssz/mr/results/Qwen2.5-VL/pope/base/analysis/coco_POPE_random/2750.pt
1247,1247,coco_POPE_random,coco_POPE_random,0,1,"No,",yes,1.6953125,0.7437789351851852,11.9375,5.262287888302972,28,1,/mnt/data/ssz/mr/results/Qwen2.5-VL/pope/base/analysis/coco_POPE_random/1247.pt
1994,1994,coco_POPE_random,coco_POPE_random,1,0,"No,",no,1.703125,0.7361111111111112,11.9375,5.271242466273619,28,1,/mnt/data/ssz/mr/results/Qwen2.5-VL/pope/base/analysis/coco_POPE_random/1994.pt
501,501,coco_POPE_random,coco_POPE_random,0,1,"No,",yes,1.6796875,0.7407407407407407,11.9375,5.370626216145647,28,1,/mnt/data/ssz/mr/results/Qwen2.5-VL/pope/base/analysis/coco_POPE_random/501.pt
2751,2751,coco_POPE_random,coco_POPE_random,1,0,"Yes,",yes,1.734375,0.7442129629629629,11.9375,4.829857329176628,28,1,/mnt/data/ssz/mr/results/Qwen2.5-VL/pope/base/analysis/coco_POPE_random/2751.pt
1248,1248,coco_POPE_random,coco_POPE_random,1,0,"No,",no,1.6953125,0.7437789351851852,11.9375,5.306835407846565,28,1,/mnt/data/ssz/mr/results/Qwen2.5-VL/pope/base/analysis/coco_POPE_random/1248.pt
1995,1995,coco_POPE_random,coco_POPE_random,0,1,"No,",yes,1.703125,0.7361111111111112,11.9375,5.428459273705937,28,1,/mnt/data/ssz/mr/results/Qwen2.5-VL/pope/base/analysis/coco_POPE_random/1995.pt
502,502,coco_POPE_random,coco_POPE_random,1,0,"No,",no,1.6796875,0.7407407407407407,11.9375,5.4250361692440245,28,1,/mnt/data/ssz/mr/results/Qwen2.5-VL/pope/base/analysis/coco_POPE_random/502.pt
2752,2752,coco_POPE_random,coco_POPE_random,1,0,"No,",no,1.734375,0.7442129629629629,11.9375,5.316156784565215,28,1,/mnt/data/ssz/mr/results/Qwen2.5-VL/pope/base/analysis/coco_POPE_random/2752.pt
1249,1249,coco_POPE_random,coco_POPE_random,0,1,"No,",yes,1.6640625,0.7572337962962963,11.9375,5.466021850969591,28,1,/mnt/data/ssz/mr/results/Qwen2.5-VL/pope/base/analysis/coco_POPE_random/1249.pt
1996,1996,coco_POPE_random,coco_POPE_random,1,0,"No,",no,1.703125,0.7361111111111112,11.9375,5.317734421644335,28,1,/mnt/data/ssz/mr/results/Qwen2.5-VL/pope/base/analysis/coco_POPE_random/1996.pt
503,503,coco_POPE_random,coco_POPE_random,1,0,"Yes,",yes,1.6796875,0.7407407407407407,11.9375,5.12029533067142,28,1,/mnt/data/ssz/mr/results/Qwen2.5-VL/pope/base/analysis/coco_POPE_random/503.pt
1250,1250,coco_POPE_random,coco_POPE_random,1,0,"No,",no,1.6640625,0.7572337962962963,11.9375,5.370573534970516,28,1,/mnt/data/ssz/mr/results/Qwen2.5-VL/pope/base/analysis/coco_POPE_random/1250.pt
2753,2753,coco_POPE_random,coco_POPE_random,1,0,"Yes,",yes,1.734375,0.7442129629629629,11.9375,4.821265950590641,28,1,/mnt/data/ssz/mr/results/Qwen2.5-VL/pope/base/analysis/coco_POPE_random/2753.pt
1997,1997,coco_POPE_random,coco_POPE_random,1,0,"Yes,",yes,1.703125,0.7361111111111112,11.9375,4.962090697192951,28,1,/mnt/data/ssz/mr/results/Qwen2.5-VL/pope/base/analysis/coco_POPE_random/1997.pt
504,504,coco_POPE_random,coco_POPE_random,1,0,"No,",no,1.6796875,0.7407407407407407,11.9375,5.377310095940802,28,1,/mnt/data/ssz/mr/results/Qwen2.5-VL/pope/base/analysis/coco_POPE_random/504.pt
1251,1251,coco_POPE_random,coco_POPE_random,0,1,"No,",yes,1.6640625,0.7572337962962963,11.9375,5.238104522791187,28,1,/mnt/data/ssz/mr/results/Qwen2.5-VL/pope/base/analysis/coco_POPE_random/1251.pt
2754,2754,coco_POPE_random,coco_POPE_random,1,0,"No,",no,1.734375,0.7442129629629629,11.9375,5.206760487200318,28,1,/mnt/data/ssz/mr/results/Qwen2.5-VL/pope/base/analysis/coco_POPE_random/2754.pt
1998,1998,coco_POPE_random,coco_POPE_random,1,0,"No,",no,1.703125,0.7361111111111112,11.9375,5.3700951934151835,28,1,/mnt/data/ssz/mr/results/Qwen2.5-VL/pope/base/analysis/coco_POPE_random/1998.pt
1252,1252,coco_POPE_random,coco_POPE_random,1,0,"No,",no,1.6640625,0.7572337962962963,11.9375,5.366366010922478,28,1,/mnt/data/ssz/mr/results/Qwen2.5-VL/pope/base/analysis/coco_POPE_random/1252.pt
505,505,coco_POPE_random,coco_POPE_random,0,1,"No,",yes,1.671875,0.7365451388888888,11.9375,5.308801845441669,28,1,/mnt/data/ssz/mr/results/Qwen2.5-VL/pope/base/analysis/coco_POPE_random/505.pt
2755,2755,coco_POPE_random,coco_POPE_random,1,0,"Yes,",yes,1.7109375,0.7265625,11.9375,4.85032903643352,28,1,/mnt/data/ssz/mr/results/Qwen2.5-VL/pope/base/analysis/coco_POPE_random/2755.pt
1999,1999,coco_POPE_random,coco_POPE_random,1,0,"Yes,",yes,1.734375,0.7675057870370371,11.9375,4.732193858435043,28,1,/mnt/data/ssz/mr/results/Qwen2.5-VL/pope/base/analysis/coco_POPE_random/1999.pt
1253,1253,coco_POPE_random,coco_POPE_random,0,1,"No,",yes,1.6640625,0.7572337962962963,11.9375,5.304223165618045,28,1,/mnt/data/ssz/mr/results/Qwen2.5-VL/pope/base/analysis/coco_POPE_random/1253.pt
506,506,coco_POPE_random,coco_POPE_random,1,0,"No,",no,1.671875,0.7365451388888888,11.9375,5.347144044817407,28,1,/mnt/data/ssz/mr/results/Qwen2.5-VL/pope/base/analysis/coco_POPE_random/506.pt
2756,2756,coco_POPE_random,coco_POPE_random,1,0,"No,",no,1.7109375,0.7265625,11.9375,5.347990228796953,28,1,/mnt/data/ssz/mr/results/Qwen2.5-VL/pope/base/analysis/coco_POPE_random/2756.pt
2000,2000,coco_POPE_random,coco_POPE_random,1,0,"No,",no,1.734375,0.7675057870370371,11.9375,5.201509414551835,28,1,/mnt/data/ssz/mr/results/Qwen2.5-VL/pope/base/analysis/coco_POPE_random/2000.pt
1254,1254,coco_POPE_random,coco_POPE_random,1,0,"No,",no,1.6640625,0.7572337962962963,11.9375,5.353018654464968,28,1,/mnt/data/ssz/mr/results/Qwen2.5-VL/pope/base/analysis/coco_POPE_random/1254.pt
507,507,coco_POPE_random,coco_POPE_random,0,1,"No,",yes,1.671875,0.7365451388888888,11.9375,5.432059793545392,28,1,/mnt/data/ssz/mr/results/Qwen2.5-VL/pope/base/analysis/coco_POPE_random/507.pt
2757,2757,coco_POPE_random,coco_POPE_random,1,0,"Yes,",yes,1.7109375,0.7265625,11.9375,4.84328706695268,28,1,/mnt/data/ssz/mr/results/Qwen2.5-VL/pope/base/analysis/coco_POPE_random/2757.pt
2001,2001,coco_POPE_random,coco_POPE_random,0,1,"No,",yes,1.734375,0.7675057870370371,11.9375,5.397859212044316,28,1,/mnt/data/ssz/mr/results/Qwen2.5-VL/pope/base/analysis/coco_POPE_random/2001.pt
1255,1255,coco_POPE_random,coco_POPE_random,0,1,"No,",yes,1.734375,0.7242476851851852,11.9375,5.306584684595821,28,1,/mnt/data/ssz/mr/results/Qwen2.5-VL/pope/base/analysis/coco_POPE_random/1255.pt
2002,2002,coco_POPE_random,coco_POPE_random,1,0,"No,",no,1.734375,0.7675057870370371,11.9375,5.283693623191183,28,1,/mnt/data/ssz/mr/results/Qwen2.5-VL/pope/base/analysis/coco_POPE_random/2002.pt
508,508,coco_POPE_random,coco_POPE_random,1,0,"No,",no,1.671875,0.7365451388888888,11.9375,5.284753707463851,28,1,/mnt/data/ssz/mr/results/Qwen2.5-VL/pope/base/analysis/coco_POPE_random/508.pt
2758,2758,coco_POPE_random,coco_POPE_random,1,0,"No,",no,1.7109375,0.7265625,11.9375,5.359474869793586,28,1,/mnt/data/ssz/mr/results/Qwen2.5-VL/pope/base/analysis/coco_POPE_random/2758.pt
1256,1256,coco_POPE_random,coco_POPE_random,1,0,"No,",no,1.734375,0.7242476851851852,11.9375,5.410177219603902,28,1,/mnt/data/ssz/mr/results/Qwen2.5-VL/pope/base/analysis/coco_POPE_random/1256.pt
2003,2003,coco_POPE_random,coco_POPE_random,0,1,"No,",yes,1.734375,0.7675057870370371,11.9375,5.315558346425704,28,1,/mnt/data/ssz/mr/results/Qwen2.5-VL/pope/base/analysis/coco_POPE_random/2003.pt
2759,2759,coco_POPE_random,coco_POPE_random,1,0,"Yes,",yes,1.7109375,0.7265625,11.9375,4.866837293727548,28,1,/mnt/data/ssz/mr/results/Qwen2.5-VL/pope/base/analysis/coco_POPE_random/2759.pt
509,509,coco_POPE_random,coco_POPE_random,1,0,"Yes,",yes,1.671875,0.7365451388888888,11.9375,4.929937300946838,28,1,/mnt/data/ssz/mr/results/Qwen2.5-VL/pope/base/analysis/coco_POPE_random/509.pt
2004,2004,coco_POPE_random,coco_POPE_random,1,0,"No,",no,1.734375,0.7675057870370371,11.9375,5.312767452749666,28,1,/mnt/data/ssz/mr/results/Qwen2.5-VL/pope/base/analysis/coco_POPE_random/2004.pt
1257,1257,coco_POPE_random,coco_POPE_random,1,0,"Yes,",yes,1.734375,0.7242476851851852,11.9375,4.9801016013485,28,1,/mnt/data/ssz/mr/results/Qwen2.5-VL/pope/base/analysis/coco_POPE_random/1257.pt
2760,2760,coco_POPE_random,coco_POPE_random,1,0,"No,",no,1.7109375,0.7265625,11.9375,5.446846883241466,28,1,/mnt/data/ssz/mr/results/Qwen2.5-VL/pope/base/analysis/coco_POPE_random/2760.pt
510,510,coco_POPE_random,coco_POPE_random,1,0,"No,",no,1.671875,0.7365451388888888,11.9375,5.424505328942287,28,1,/mnt/data/ssz/mr/results/Qwen2.5-VL/pope/base/analysis/coco_POPE_random/510.pt
2005,2005,coco_POPE_random,coco_POPE_random,1,0,"Yes,",yes,1.6875,0.7523148148148148,11.9375,4.793329313121934,28,1,/mnt/data/ssz/mr/results/Qwen2.5-VL/pope/base/analysis/coco_POPE_random/2005.pt
1258,1258,coco_POPE_random,coco_POPE_random,1,0,"No,",no,1.734375,0.7242476851851852,11.9375,5.41251899458264,28,1,/mnt/data/ssz/mr/results/Qwen2.5-VL/pope/base/analysis/coco_POPE_random/1258.pt
2761,2761,coco_POPE_random,coco_POPE_random,1,0,"Yes,",yes,1.71875,0.7530381944444444,11.9375,4.806060568950396,28,1,/mnt/data/ssz/mr/results/Qwen2.5-VL/pope/base/analysis/coco_POPE_random/2761.pt
511,511,coco_POPE_random,coco_POPE_random,1,0,"Yes,",yes,1.734375,0.7209201388888888,11.9375,4.9369200576221735,28,1,/mnt/data/ssz/mr/results/Qwen2.5-VL/pope/base/analysis/coco_POPE_random/511.pt
2006,2006,coco_POPE_random,coco_POPE_random,1,0,"No,",no,1.6875,0.7523148148148148,11.9375,5.318712075390193,28,1,/mnt/data/ssz/mr/results/Qwen2.5-VL/pope/base/analysis/coco_POPE_random/2006.pt
1259,1259,coco_POPE_random,coco_POPE_random,1,0,"Yes,",yes,1.734375,0.7242476851851852,11.9375,4.943479731213686,28,1,/mnt/data/ssz/mr/results/Qwen2.5-VL/pope/base/analysis/coco_POPE_random/1259.pt
2762,2762,coco_POPE_random,coco_POPE_random,1,0,"No,",no,1.71875,0.7530381944444444,11.9375,5.306973914781965,28,1,/mnt/data/ssz/mr/results/Qwen2.5-VL/pope/base/analysis/coco_POPE_random/2762.pt
512,512,coco_POPE_random,coco_POPE_random,1,0,"No,",no,1.734375,0.7209201388888888,11.9375,5.319951844649292,28,1,/mnt/data/ssz/mr/results/Qwen2.5-VL/pope/base/analysis/coco_POPE_random/512.pt
2007,2007,coco_POPE_random,coco_POPE_random,0,1,"No,",yes,1.6875,0.7523148148148148,11.9375,5.2095143917390025,28,1,/mnt/data/ssz/mr/results/Qwen2.5-VL/pope/base/analysis/coco_POPE_random/2007.pt
1260,1260,coco_POPE_random,coco_POPE_random,1,0,"No,",no,1.734375,0.7242476851851852,11.9375,5.349113763928228,28,1,/mnt/data/ssz/mr/results/Qwen2.5-VL/pope/base/analysis/coco_POPE_random/1260.pt
2763,2763,coco_POPE_random,coco_POPE_random,1,0,"Yes,",yes,1.71875,0.7530381944444444,11.9375,4.9692576223515825,28,1,/mnt/data/ssz/mr/results/Qwen2.5-VL/pope/base/analysis/coco_POPE_random/2763.pt
513,513,coco_POPE_random,coco_POPE_random,0,1,"No,",yes,1.734375,0.7209201388888888,11.9375,5.2964010143319555,28,1,/mnt/data/ssz/mr/results/Qwen2.5-VL/pope/base/analysis/coco_POPE_random/513.pt
2008,2008,coco_POPE_random,coco_POPE_random,1,0,"No,",no,1.6875,0.7523148148148148,11.9375,5.180856649072322,28,1,/mnt/data/ssz/mr/results/Qwen2.5-VL/pope/base/analysis/coco_POPE_random/2008.pt
1261,1261,coco_POPE_random,coco_POPE_random,0,1,"No,",yes,1.7109375,0.7201967592592593,11.9375,5.3841397376504805,28,1,/mnt/data/ssz/mr/results/Qwen2.5-VL/pope/base/analysis/coco_POPE_random/1261.pt
2764,2764,coco_POPE_random,coco_POPE_random,1,0,"No,",no,1.71875,0.7530381944444444,11.9375,5.301759103828301,28,1,/mnt/data/ssz/mr/results/Qwen2.5-VL/pope/base/analysis/coco_POPE_random/2764.pt
514,514,coco_POPE_random,coco_POPE_random,1,0,"No,",no,1.734375,0.7209201388888888,11.9375,5.194053896501295,28,1,/mnt/data/ssz/mr/results/Qwen2.5-VL/pope/base/analysis/coco_POPE_random/514.pt
2009,2009,coco_POPE_random,coco_POPE_random,1,0,"Yes,",yes,1.6875,0.7523148148148148,11.9375,4.811425329356381,28,1,/mnt/data/ssz/mr/results/Qwen2.5-VL/pope/base/analysis/coco_POPE_random/2009.pt
1262,1262,coco_POPE_random,coco_POPE_random,1,0,"No,",no,1.7109375,0.7201967592592593,11.9375,5.286638331435009,28,1,/mnt/data/ssz/mr/results/Qwen2.5-VL/pope/base/analysis/coco_POPE_random/1262.pt
2765,2765,coco_POPE_random,coco_POPE_random,1,0,"Yes,",yes,1.71875,0.7530381944444444,11.9375,4.79722389263096,28,1,/mnt/data/ssz/mr/results/Qwen2.5-VL/pope/base/analysis/coco_POPE_random/2765.pt
2010,2010,coco_POPE_random,coco_POPE_random,1,0,"No,",no,1.6875,0.7523148148148148,11.9375,5.1799414444689456,28,1,/mnt/data/ssz/mr/results/Qwen2.5-VL/pope/base/analysis/coco_POPE_random/2010.pt
515,515,coco_POPE_random,coco_POPE_random,1,0,"Yes,",yes,1.734375,0.7209201388888888,11.9375,4.664754255442577,28,1,/mnt/data/ssz/mr/results/Qwen2.5-VL/pope/base/analysis/coco_POPE_random/515.pt
2766,2766,coco_POPE_random,coco_POPE_random,1,0,"No,",no,1.71875,0.7530381944444444,11.9375,5.336144389444913,28,1,/mnt/data/ssz/mr/results/Qwen2.5-VL/pope/base/analysis/coco_POPE_random/2766.pt
1263,1263,coco_POPE_random,coco_POPE_random,1,0,"Yes,",yes,1.7109375,0.7201967592592593,11.9375,4.831284007019287,28,1,/mnt/data/ssz/mr/results/Qwen2.5-VL/pope/base/analysis/coco_POPE_random/1263.pt
2011,2011,coco_POPE_random,coco_POPE_random,1,0,"Yes,",yes,1.703125,0.7405960648148148,11.9375,4.704707368318099,28,1,/mnt/data/ssz/mr/results/Qwen2.5-VL/pope/base/analysis/coco_POPE_random/2011.pt
516,516,coco_POPE_random,coco_POPE_random,1,0,"No,",no,1.734375,0.7209201388888888,11.9375,5.349149862644733,28,1,/mnt/data/ssz/mr/results/Qwen2.5-VL/pope/base/analysis/coco_POPE_random/516.pt
2767,2767,coco_POPE_random,coco_POPE_random,1,0,"Yes,",yes,1.7265625,0.7317708333333334,11.9375,4.9526832737671524,28,1,/mnt/data/ssz/mr/results/Qwen2.5-VL/pope/base/analysis/coco_POPE_random/2767.pt
517,517,coco_POPE_random,coco_POPE_random,0,1,"No,",yes,1.65625,0.7676504629629629,11.9375,5.2318280024460835,28,1,/mnt/data/ssz/mr/results/Qwen2.5-VL/pope/base/analysis/coco_POPE_random/517.pt
1264,1264,coco_POPE_random,coco_POPE_random,1,0,"No,",no,1.7109375,0.7201967592592593,11.9375,5.284324605673333,28,1,/mnt/data/ssz/mr/results/Qwen2.5-VL/pope/base/analysis/coco_POPE_random/1264.pt
2012,2012,coco_POPE_random,coco_POPE_random,1,0,"No,",no,1.703125,0.7405960648148148,11.9375,5.345852427447144,28,1,/mnt/data/ssz/mr/results/Qwen2.5-VL/pope/base/analysis/coco_POPE_random/2012.pt
518,518,coco_POPE_random,coco_POPE_random,1,0,"No,",no,1.65625,0.7676504629629629,11.9375,5.256739011401256,28,1,/mnt/data/ssz/mr/results/Qwen2.5-VL/pope/base/analysis/coco_POPE_random/518.pt
2768,2768,coco_POPE_random,coco_POPE_random,1,0,"No,",no,1.7265625,0.7317708333333334,11.9375,5.300162581355586,28,1,/mnt/data/ssz/mr/results/Qwen2.5-VL/pope/base/analysis/coco_POPE_random/2768.pt
1265,1265,coco_POPE_random,coco_POPE_random,1,0,"Yes,",yes,1.7109375,0.7201967592592593,11.9375,4.8162764065431425,28,1,/mnt/data/ssz/mr/results/Qwen2.5-VL/pope/base/analysis/coco_POPE_random/1265.pt
2013,2013,coco_POPE_random,coco_POPE_random,0,1,"No,",yes,1.703125,0.7405960648148148,11.9375,5.371819470367174,28,1,/mnt/data/ssz/mr/results/Qwen2.5-VL/pope/base/analysis/coco_POPE_random/2013.pt
519,519,coco_POPE_random,coco_POPE_random,1,0,"Yes,",yes,1.65625,0.7676504629629629,11.9375,4.816777555357791,28,1,/mnt/data/ssz/mr/results/Qwen2.5-VL/pope/base/analysis/coco_POPE_random/519.pt
2769,2769,coco_POPE_random,coco_POPE_random,0,1,"No,",yes,1.7265625,0.7317708333333334,11.9375,5.207375409074052,28,1,/mnt/data/ssz/mr/results/Qwen2.5-VL/pope/base/analysis/coco_POPE_random/2769.pt
1266,1266,coco_POPE_random,coco_POPE_random,1,0,"No,",no,1.7109375,0.7201967592592593,11.9375,5.352552408643627,28,1,/mnt/data/ssz/mr/results/Qwen2.5-VL/pope/base/analysis/coco_POPE_random/1266.pt
2014,2014,coco_POPE_random,coco_POPE_random,1,0,"No,",no,1.703125,0.7405960648148148,11.9375,5.291924071710989,28,1,/mnt/data/ssz/mr/results/Qwen2.5-VL/pope/base/analysis/coco_POPE_random/2014.pt
520,520,coco_POPE_random,coco_POPE_random,1,0,"No,",no,1.65625,0.7676504629629629,11.9375,5.288074239515481,28,1,/mnt/data/ssz/mr/results/Qwen2.5-VL/pope/base/analysis/coco_POPE_random/520.pt
2770,2770,coco_POPE_random,coco_POPE_random,1,0,"No,",no,1.7265625,0.7317708333333334,11.9375,5.333620213462602,28,1,/mnt/data/ssz/mr/results/Qwen2.5-VL/pope/base/analysis/coco_POPE_random/2770.pt
521,521,coco_POPE_random,coco_POPE_random,0,1,"No,",yes,1.65625,0.7676504629629629,11.9375,5.276730602030324,28,1,/mnt/data/ssz/mr/results/Qwen2.5-VL/pope/base/analysis/coco_POPE_random/521.pt
1267,1267,coco_POPE_random,coco_POPE_random,0,1,"No,",yes,1.75,0.7466724537037037,11.9375,5.313116430139605,28,1,/mnt/data/ssz/mr/results/Qwen2.5-VL/pope/base/analysis/coco_POPE_random/1267.pt
2015,2015,coco_POPE_random,coco_POPE_random,1,0,"Yes,",yes,1.703125,0.7405960648148148,11.9375,4.846606126797786,28,1,/mnt/data/ssz/mr/results/Qwen2.5-VL/pope/base/analysis/coco_POPE_random/2015.pt
2771,2771,coco_POPE_random,coco_POPE_random,1,0,"Yes,",yes,1.7265625,0.7317708333333334,11.9375,5.011281254989096,28,1,/mnt/data/ssz/mr/results/Qwen2.5-VL/pope/base/analysis/coco_POPE_random/2771.pt
522,522,coco_POPE_random,coco_POPE_random,1,0,"No,",no,1.65625,0.7676504629629629,11.9375,5.2389080725178685,28,1,/mnt/data/ssz/mr/results/Qwen2.5-VL/pope/base/analysis/coco_POPE_random/522.pt
2016,2016,coco_POPE_random,coco_POPE_random,1,0,"No,",no,1.703125,0.7405960648148148,11.9375,5.304680164205915,28,1,/mnt/data/ssz/mr/results/Qwen2.5-VL/pope/base/analysis/coco_POPE_random/2016.pt
1268,1268,coco_POPE_random,coco_POPE_random,1,0,"No,",no,1.75,0.7466724537037037,11.9375,5.358731144645295,28,1,/mnt/data/ssz/mr/results/Qwen2.5-VL/pope/base/analysis/coco_POPE_random/1268.pt
2772,2772,coco_POPE_random,coco_POPE_random,1,0,"No,",no,1.7265625,0.7317708333333334,11.9375,5.320246661601012,28,1,/mnt/data/ssz/mr/results/Qwen2.5-VL/pope/base/analysis/coco_POPE_random/2772.pt
523,523,coco_POPE_random,coco_POPE_random,0,1,"No,",yes,1.7265625,0.734375,11.9375,5.480124713983476,28,1,/mnt/data/ssz/mr/results/Qwen2.5-VL/pope/base/analysis/coco_POPE_random/523.pt
2017,2017,coco_POPE_random,coco_POPE_random,1,0,"Yes,",yes,1.71875,0.7521701388888888,11.9375,5.083273451098411,28,1,/mnt/data/ssz/mr/results/Qwen2.5-VL/pope/base/analysis/coco_POPE_random/2017.pt
1269,1269,coco_POPE_random,coco_POPE_random,1,0,"Yes,",yes,1.75,0.7466724537037037,11.9375,5.016047631669445,28,1,/mnt/data/ssz/mr/results/Qwen2.5-VL/pope/base/analysis/coco_POPE_random/1269.pt
2773,2773,coco_POPE_random,coco_POPE_random,0,1,"No,",yes,1.71875,0.7348090277777778,11.9375,5.396373279896893,28,1,/mnt/data/ssz/mr/results/Qwen2.5-VL/pope/base/analysis/coco_POPE_random/2773.pt
524,524,coco_POPE_random,coco_POPE_random,1,0,"No,",no,1.7265625,0.734375,11.9375,5.392774912733845,28,1,/mnt/data/ssz/mr/results/Qwen2.5-VL/pope/base/analysis/coco_POPE_random/524.pt
2018,2018,coco_POPE_random,coco_POPE_random,1,0,"No,",no,1.71875,0.7521701388888888,11.9375,5.359339826150831,28,1,/mnt/data/ssz/mr/results/Qwen2.5-VL/pope/base/analysis/coco_POPE_random/2018.pt
1270,1270,coco_POPE_random,coco_POPE_random,1,0,"No,",no,1.75,0.7466724537037037,11.9375,5.416585955345439,28,1,/mnt/data/ssz/mr/results/Qwen2.5-VL/pope/base/analysis/coco_POPE_random/1270.pt
2774,2774,coco_POPE_random,coco_POPE_random,1,0,"No,",no,1.71875,0.7348090277777778,11.9375,5.3889122503527025,28,1,/mnt/data/ssz/mr/results/Qwen2.5-VL/pope/base/analysis/coco_POPE_random/2774.pt
525,525,coco_POPE_random,coco_POPE_random,1,0,"Yes,",yes,1.7265625,0.734375,11.9375,4.989400057748605,28,1,/mnt/data/ssz/mr/results/Qwen2.5-VL/pope/base/analysis/coco_POPE_random/525.pt
2019,2019,coco_POPE_random,coco_POPE_random,1,0,"Yes,",yes,1.71875,0.7521701388888888,11.9375,4.889344912335867,28,1,/mnt/data/ssz/mr/results/Qwen2.5-VL/pope/base/analysis/coco_POPE_random/2019.pt
1271,1271,coco_POPE_random,coco_POPE_random,0,1,"No,",yes,1.75,0.7466724537037037,11.9375,5.338342833368848,28,1,/mnt/data/ssz/mr/results/Qwen2.5-VL/pope/base/analysis/coco_POPE_random/1271.pt
2775,2775,coco_POPE_random,coco_POPE_random,0,1,"No,",yes,1.71875,0.7348090277777778,11.9375,5.321248271885171,28,1,/mnt/data/ssz/mr/results/Qwen2.5-VL/pope/base/analysis/coco_POPE_random/2775.pt
526,526,coco_POPE_random,coco_POPE_random,1,0,"No,",no,1.7265625,0.734375,11.9375,5.386978344106145,28,1,/mnt/data/ssz/mr/results/Qwen2.5-VL/pope/base/analysis/coco_POPE_random/526.pt
2020,2020,coco_POPE_random,coco_POPE_random,1,0,"No,",no,1.71875,0.7521701388888888,11.9375,5.371789383284492,28,1,/mnt/data/ssz/mr/results/Qwen2.5-VL/pope/base/analysis/coco_POPE_random/2020.pt
2776,2776,coco_POPE_random,coco_POPE_random,1,0,"No,",no,1.71875,0.7348090277777778,11.9375,5.310580190034357,28,1,/mnt/data/ssz/mr/results/Qwen2.5-VL/pope/base/analysis/coco_POPE_random/2776.pt
1272,1272,coco_POPE_random,coco_POPE_random,1,0,"No,",no,1.75,0.7466724537037037,11.9375,5.310572944223237,28,1,/mnt/data/ssz/mr/results/Qwen2.5-VL/pope/base/analysis/coco_POPE_random/1272.pt
527,527,coco_POPE_random,coco_POPE_random,0,1,"No,",yes,1.7265625,0.734375,11.9375,5.496946660344048,28,1,/mnt/data/ssz/mr/results/Qwen2.5-VL/pope/base/analysis/coco_POPE_random/527.pt
2021,2021,coco_POPE_random,coco_POPE_random,0,1,"No,",yes,1.71875,0.7521701388888888,11.9375,5.366207155700604,28,1,/mnt/data/ssz/mr/results/Qwen2.5-VL/pope/base/analysis/coco_POPE_random/2021.pt
2777,2777,coco_POPE_random,coco_POPE_random,1,0,"Yes,",yes,1.71875,0.7348090277777778,11.9375,4.906343323708483,28,1,/mnt/data/ssz/mr/results/Qwen2.5-VL/pope/base/analysis/coco_POPE_random/2777.pt
1273,1273,coco_POPE_random,coco_POPE_random,0,1,"No,",yes,1.71875,0.7288773148148148,11.9375,5.390057861803834,28,1,/mnt/data/ssz/mr/results/Qwen2.5-VL/pope/base/analysis/coco_POPE_random/1273.pt
528,528,coco_POPE_random,coco_POPE_random,1,0,"No,",no,1.7265625,0.734375,11.9375,5.406353465077575,28,1,/mnt/data/ssz/mr/results/Qwen2.5-VL/pope/base/analysis/coco_POPE_random/528.pt
2022,2022,coco_POPE_random,coco_POPE_random,1,0,"No,",no,1.71875,0.7521701388888888,11.9375,5.433277464251848,28,1,/mnt/data/ssz/mr/results/Qwen2.5-VL/pope/base/analysis/coco_POPE_random/2022.pt
2778,2778,coco_POPE_random,coco_POPE_random,1,0,"No,",no,1.71875,0.7348090277777778,11.9375,5.402363500536891,28,1,/mnt/data/ssz/mr/results/Qwen2.5-VL/pope/base/analysis/coco_POPE_random/2778.pt
1274,1274,coco_POPE_random,coco_POPE_random,1,0,"No,",no,1.71875,0.7288773148148148,11.9375,5.490252875172985,28,1,/mnt/data/ssz/mr/results/Qwen2.5-VL/pope/base/analysis/coco_POPE_random/1274.pt
529,529,coco_POPE_random,coco_POPE_random,1,0,"Yes,",yes,1.7265625,0.7403067129629629,11.9375,5.124015054751829,28,1,/mnt/data/ssz/mr/results/Qwen2.5-VL/pope/base/analysis/coco_POPE_random/529.pt
2023,2023,coco_POPE_random,coco_POPE_random,0,1,"No,",yes,1.703125,0.734375,11.9375,5.299536226700404,28,1,/mnt/data/ssz/mr/results/Qwen2.5-VL/pope/base/analysis/coco_POPE_random/2023.pt
2779,2779,coco_POPE_random,coco_POPE_random,1,0,"Yes,",yes,1.71875,0.7313368055555556,11.9375,4.93860952222468,28,1,/mnt/data/ssz/mr/results/Qwen2.5-VL/pope/base/analysis/coco_POPE_random/2779.pt
1275,1275,coco_POPE_random,coco_POPE_random,1,0,"Yes,",yes,1.71875,0.7288773148148148,11.9375,4.996378393187431,28,1,/mnt/data/ssz/mr/results/Qwen2.5-VL/pope/base/analysis/coco_POPE_random/1275.pt
530,530,coco_POPE_random,coco_POPE_random,1,0,"No,",no,1.7265625,0.7403067129629629,11.9375,5.523768603953707,28,1,/mnt/data/ssz/mr/results/Qwen2.5-VL/pope/base/analysis/coco_POPE_random/530.pt
2024,2024,coco_POPE_random,coco_POPE_random,1,0,"No,",no,1.703125,0.734375,11.9375,5.37209669045969,28,1,/mnt/data/ssz/mr/results/Qwen2.5-VL/pope/base/analysis/coco_POPE_random/2024.pt
2780,2780,coco_POPE_random,coco_POPE_random,1,0,"No,",no,1.71875,0.7313368055555556,11.9375,5.4305850659617025,28,1,/mnt/data/ssz/mr/results/Qwen2.5-VL/pope/base/analysis/coco_POPE_random/2780.pt
1276,1276,coco_POPE_random,coco_POPE_random,1,0,"No,",no,1.71875,0.7288773148148148,11.9375,5.579177338068013,28,1,/mnt/data/ssz/mr/results/Qwen2.5-VL/pope/base/analysis/coco_POPE_random/1276.pt
531,531,coco_POPE_random,coco_POPE_random,1,0,"Yes,",yes,1.7265625,0.7403067129629629,11.9375,5.025264207102618,28,1,/mnt/data/ssz/mr/results/Qwen2.5-VL/pope/base/analysis/coco_POPE_random/531.pt
2025,2025,coco_POPE_random,coco_POPE_random,1,0,"Yes,",yes,1.703125,0.734375,11.9375,4.854136449787702,28,1,/mnt/data/ssz/mr/results/Qwen2.5-VL/pope/base/analysis/coco_POPE_random/2025.pt
2781,2781,coco_POPE_random,coco_POPE_random,0,1,"No,",yes,1.71875,0.7313368055555556,11.9375,5.365916837418276,28,1,/mnt/data/ssz/mr/results/Qwen2.5-VL/pope/base/analysis/coco_POPE_random/2781.pt
1277,1277,coco_POPE_random,coco_POPE_random,0,1,"No,",yes,1.71875,0.7288773148148148,11.9375,5.363597155661284,28,1,/mnt/data/ssz/mr/results/Qwen2.5-VL/pope/base/analysis/coco_POPE_random/1277.pt
532,532,coco_POPE_random,coco_POPE_random,1,0,"No,",no,1.7265625,0.7403067129629629,11.9375,5.387400593121756,28,1,/mnt/data/ssz/mr/results/Qwen2.5-VL/pope/base/analysis/coco_POPE_random/532.pt
2026,2026,coco_POPE_random,coco_POPE_random,1,0,"No,",no,1.703125,0.734375,11.9375,5.328937418777687,28,1,/mnt/data/ssz/mr/results/Qwen2.5-VL/pope/base/analysis/coco_POPE_random/2026.pt
2782,2782,coco_POPE_random,coco_POPE_random,1,0,"No,",no,1.71875,0.7313368055555556,11.9375,5.358578699993688,28,1,/mnt/data/ssz/mr/results/Qwen2.5-VL/pope/base/analysis/coco_POPE_random/2782.pt
1278,1278,coco_POPE_random,coco_POPE_random,1,0,"No,",no,1.71875,0.7288773148148148,11.9375,5.480318373313915,28,1,/mnt/data/ssz/mr/results/Qwen2.5-VL/pope/base/analysis/coco_POPE_random/1278.pt
533,533,coco_POPE_random,coco_POPE_random,0,1,"No,",yes,1.7265625,0.7403067129629629,11.9375,5.39679266650362,28,1,/mnt/data/ssz/mr/results/Qwen2.5-VL/pope/base/analysis/coco_POPE_random/533.pt
2027,2027,coco_POPE_random,coco_POPE_random,0,1,"No,",yes,1.703125,0.734375,11.9375,5.350567990201948,28,1,/mnt/data/ssz/mr/results/Qwen2.5-VL/pope/base/analysis/coco_POPE_random/2027.pt
2783,2783,coco_POPE_random,coco_POPE_random,1,0,"Yes,",yes,1.71875,0.7313368055555556,11.9375,4.739761881317916,28,1,/mnt/data/ssz/mr/results/Qwen2.5-VL/pope/base/analysis/coco_POPE_random/2783.pt
1279,1279,coco_POPE_random,coco_POPE_random,1,0,"Yes,",yes,1.7109375,0.7445023148148148,11.9375,4.9028149282134335,28,1,/mnt/data/ssz/mr/results/Qwen2.5-VL/pope/base/analysis/coco_POPE_random/1279.pt
534,534,coco_POPE_random,coco_POPE_random,1,0,"No,",no,1.7265625,0.7403067129629629,11.9375,5.458250849712982,28,1,/mnt/data/ssz/mr/results/Qwen2.5-VL/pope/base/analysis/coco_POPE_random/534.pt
2028,2028,coco_POPE_random,coco_POPE_random,1,0,"No,",no,1.703125,0.734375,11.9375,5.2968205657343805,28,1,/mnt/data/ssz/mr/results/Qwen2.5-VL/pope/base/analysis/coco_POPE_random/2028.pt
2784,2784,coco_POPE_random,coco_POPE_random,1,0,"No,",no,1.71875,0.7313368055555556,11.9375,5.367461145929376,28,1,/mnt/data/ssz/mr/results/Qwen2.5-VL/pope/base/analysis/coco_POPE_random/2784.pt
1280,1280,coco_POPE_random,coco_POPE_random,1,0,"No,",no,1.7109375,0.7445023148148148,11.9375,5.2621962239481945,28,1,/mnt/data/ssz/mr/results/Qwen2.5-VL/pope/base/analysis/coco_POPE_random/1280.pt
535,535,coco_POPE_random,coco_POPE_random,1,0,"Yes,",yes,1.6640625,0.7371238425925926,11.9375,4.876324312434266,28,1,/mnt/data/ssz/mr/results/Qwen2.5-VL/pope/base/analysis/coco_POPE_random/535.pt
2029,2029,coco_POPE_random,coco_POPE_random,1,0,"Yes,",yes,1.703125,0.7330729166666666,11.9375,4.927372755282428,28,1,/mnt/data/ssz/mr/results/Qwen2.5-VL/pope/base/analysis/coco_POPE_random/2029.pt
1281,1281,coco_POPE_random,coco_POPE_random,1,0,"Yes,",yes,1.7109375,0.7445023148148148,11.9375,4.749329264036572,28,1,/mnt/data/ssz/mr/results/Qwen2.5-VL/pope/base/analysis/coco_POPE_random/1281.pt
2785,2785,coco_POPE_random,coco_POPE_random,0,1,"No,",yes,1.734375,0.7322048611111112,11.9375,5.326234159945482,28,1,/mnt/data/ssz/mr/results/Qwen2.5-VL/pope/base/analysis/coco_POPE_random/2785.pt
536,536,coco_POPE_random,coco_POPE_random,1,0,"No,",no,1.6640625,0.7371238425925926,11.9375,5.357776937676606,28,1,/mnt/data/ssz/mr/results/Qwen2.5-VL/pope/base/analysis/coco_POPE_random/536.pt
2030,2030,coco_POPE_random,coco_POPE_random,1,0,"No,",no,1.703125,0.7330729166666666,11.9375,5.276215893939574,28,1,/mnt/data/ssz/mr/results/Qwen2.5-VL/pope/base/analysis/coco_POPE_random/2030.pt
1282,1282,coco_POPE_random,coco_POPE_random,1,0,"No,",no,1.7109375,0.7445023148148148,11.9375,5.25826352485832,28,1,/mnt/data/ssz/mr/results/Qwen2.5-VL/pope/base/analysis/coco_POPE_random/1282.pt
2786,2786,coco_POPE_random,coco_POPE_random,1,0,"No,",no,1.734375,0.7322048611111112,11.9375,5.339670686771446,28,1,/mnt/data/ssz/mr/results/Qwen2.5-VL/pope/base/analysis/coco_POPE_random/2786.pt
537,537,coco_POPE_random,coco_POPE_random,1,0,"Yes,",yes,1.6640625,0.7371238425925926,11.9375,4.941955609921599,28,1,/mnt/data/ssz/mr/results/Qwen2.5-VL/pope/base/analysis/coco_POPE_random/537.pt
2031,2031,coco_POPE_random,coco_POPE_random,0,1,"No,",yes,1.703125,0.7330729166666666,11.9375,5.482190576622729,28,1,/mnt/data/ssz/mr/results/Qwen2.5-VL/pope/base/analysis/coco_POPE_random/2031.pt
1283,1283,coco_POPE_random,coco_POPE_random,1,0,"Yes,",yes,1.7109375,0.7445023148148148,11.9375,4.998516357193349,28,1,/mnt/data/ssz/mr/results/Qwen2.5-VL/pope/base/analysis/coco_POPE_random/1283.pt
2787,2787,coco_POPE_random,coco_POPE_random,0,1,"No,",yes,1.734375,0.7322048611111112,11.9375,5.372796078710402,28,1,/mnt/data/ssz/mr/results/Qwen2.5-VL/pope/base/analysis/coco_POPE_random/2787.pt
538,538,coco_POPE_random,coco_POPE_random,1,0,"No,",no,1.6640625,0.7371238425925926,11.9375,5.378173734088893,28,1,/mnt/data/ssz/mr/results/Qwen2.5-VL/pope/base/analysis/coco_POPE_random/538.pt
2032,2032,coco_POPE_random,coco_POPE_random,1,0,"No,",no,1.703125,0.7330729166666666,11.9375,5.387093230764831,28,1,/mnt/data/ssz/mr/results/Qwen2.5-VL/pope/base/analysis/coco_POPE_random/2032.pt
1284,1284,coco_POPE_random,coco_POPE_random,1,0,"No,",no,1.7109375,0.7445023148148148,11.9375,5.238102703372439,28,1,/mnt/data/ssz/mr/results/Qwen2.5-VL/pope/base/analysis/coco_POPE_random/1284.pt
2788,2788,coco_POPE_random,coco_POPE_random,1,0,"No,",no,1.734375,0.7322048611111112,11.9375,5.414408530708537,28,1,/mnt/data/ssz/mr/results/Qwen2.5-VL/pope/base/analysis/coco_POPE_random/2788.pt
539,539,coco_POPE_random,coco_POPE_random,1,0,"Yes,",yes,1.6640625,0.7371238425925926,11.9375,4.872460709343456,28,1,/mnt/data/ssz/mr/results/Qwen2.5-VL/pope/base/analysis/coco_POPE_random/539.pt
1285,1285,coco_POPE_random,coco_POPE_random,1,0,"Yes,",yes,1.703125,0.7556423611111112,11.9375,4.7727374431039395,28,1,/mnt/data/ssz/mr/results/Qwen2.5-VL/pope/base/analysis/coco_POPE_random/1285.pt
2033,2033,coco_POPE_random,coco_POPE_random,1,0,"Yes,",yes,1.703125,0.7330729166666666,11.9375,4.754996423052193,28,1,/mnt/data/ssz/mr/results/Qwen2.5-VL/pope/base/analysis/coco_POPE_random/2033.pt
2789,2789,coco_POPE_random,coco_POPE_random,0,1,"No,",yes,1.734375,0.7322048611111112,11.9375,5.36877180246816,28,1,/mnt/data/ssz/mr/results/Qwen2.5-VL/pope/base/analysis/coco_POPE_random/2789.pt
540,540,coco_POPE_random,coco_POPE_random,1,0,"No,",no,1.6640625,0.7371238425925926,11.9375,5.37253064957321,28,1,/mnt/data/ssz/mr/results/Qwen2.5-VL/pope/base/analysis/coco_POPE_random/540.pt
1286,1286,coco_POPE_random,coco_POPE_random,1,0,"No,",no,1.703125,0.7556423611111112,11.9375,5.368714113909313,28,1,/mnt/data/ssz/mr/results/Qwen2.5-VL/pope/base/analysis/coco_POPE_random/1286.pt
2034,2034,coco_POPE_random,coco_POPE_random,1,0,"No,",no,1.703125,0.7330729166666666,11.9375,5.288174557493574,28,1,/mnt/data/ssz/mr/results/Qwen2.5-VL/pope/base/analysis/coco_POPE_random/2034.pt
541,541,coco_POPE_random,coco_POPE_random,0,1,"No,",yes,1.6875,0.7473958333333334,11.9375,5.344870184988269,28,1,/mnt/data/ssz/mr/results/Qwen2.5-VL/pope/base/analysis/coco_POPE_random/541.pt
2790,2790,coco_POPE_random,coco_POPE_random,1,0,"No,",no,1.734375,0.7322048611111112,11.9375,5.437564639537915,28,1,/mnt/data/ssz/mr/results/Qwen2.5-VL/pope/base/analysis/coco_POPE_random/2790.pt
1287,1287,coco_POPE_random,coco_POPE_random,0,1,"No,",yes,1.703125,0.7556423611111112,11.9375,5.4268592231236035,28,1,/mnt/data/ssz/mr/results/Qwen2.5-VL/pope/base/analysis/coco_POPE_random/1287.pt
2035,2035,coco_POPE_random,coco_POPE_random,0,1,"No,",yes,1.703125,0.7637442129629629,11.9375,5.277291519825048,28,1,/mnt/data/ssz/mr/results/Qwen2.5-VL/pope/base/analysis/coco_POPE_random/2035.pt
2791,2791,coco_POPE_random,coco_POPE_random,1,0,"Yes,",yes,1.6875,0.7578125,11.9375,4.809053447177877,28,1,/mnt/data/ssz/mr/results/Qwen2.5-VL/pope/base/analysis/coco_POPE_random/2791.pt
1288,1288,coco_POPE_random,coco_POPE_random,1,0,"No,",no,1.703125,0.7556423611111112,11.9375,5.30379153441403,28,1,/mnt/data/ssz/mr/results/Qwen2.5-VL/pope/base/analysis/coco_POPE_random/1288.pt
542,542,coco_POPE_random,coco_POPE_random,1,0,"No,",no,1.6875,0.7473958333333334,11.9375,5.442699043204906,28,1,/mnt/data/ssz/mr/results/Qwen2.5-VL/pope/base/analysis/coco_POPE_random/542.pt
2036,2036,coco_POPE_random,coco_POPE_random,1,0,"No,",no,1.703125,0.7637442129629629,11.9375,5.250049741949123,28,1,/mnt/data/ssz/mr/results/Qwen2.5-VL/pope/base/analysis/coco_POPE_random/2036.pt
2792,2792,coco_POPE_random,coco_POPE_random,1,0,"No,",no,1.6875,0.7578125,11.9375,5.261027778557538,28,1,/mnt/data/ssz/mr/results/Qwen2.5-VL/pope/base/analysis/coco_POPE_random/2792.pt
1289,1289,coco_POPE_random,coco_POPE_random,1,0,"Yes,",yes,1.703125,0.7556423611111112,11.9375,4.862902653539823,28,1,/mnt/data/ssz/mr/results/Qwen2.5-VL/pope/base/analysis/coco_POPE_random/1289.pt
543,543,coco_POPE_random,coco_POPE_random,0,1,"No,",yes,1.6875,0.7473958333333334,11.9375,5.456369010900278,28,1,/mnt/data/ssz/mr/results/Qwen2.5-VL/pope/base/analysis/coco_POPE_random/543.pt
2037,2037,coco_POPE_random,coco_POPE_random,1,0,"Yes,",yes,1.703125,0.7637442129629629,11.9375,4.976086783698607,28,1,/mnt/data/ssz/mr/results/Qwen2.5-VL/pope/base/analysis/coco_POPE_random/2037.pt
2793,2793,coco_POPE_random,coco_POPE_random,0,1,"No,",yes,1.6875,0.7578125,11.9375,5.334145587146293,28,1,/mnt/data/ssz/mr/results/Qwen2.5-VL/pope/base/analysis/coco_POPE_random/2793.pt
1290,1290,coco_POPE_random,coco_POPE_random,1,0,"No,",no,1.703125,0.7556423611111112,11.9375,5.327827622873884,28,1,/mnt/data/ssz/mr/results/Qwen2.5-VL/pope/base/analysis/coco_POPE_random/1290.pt
544,544,coco_POPE_random,coco_POPE_random,1,0,"No,",no,1.6875,0.7473958333333334,11.9375,5.351857205298139,28,1,/mnt/data/ssz/mr/results/Qwen2.5-VL/pope/base/analysis/coco_POPE_random/544.pt
2038,2038,coco_POPE_random,coco_POPE_random,1,0,"No,",no,1.703125,0.7637442129629629,11.9375,5.296976956541875,28,1,/mnt/data/ssz/mr/results/Qwen2.5-VL/pope/base/analysis/coco_POPE_random/2038.pt
2794,2794,coco_POPE_random,coco_POPE_random,1,0,"No,",no,1.6875,0.7578125,11.9375,5.243580735370479,28,1,/mnt/data/ssz/mr/results/Qwen2.5-VL/pope/base/analysis/coco_POPE_random/2794.pt
545,545,coco_POPE_random,coco_POPE_random,1,0,"Yes,",yes,1.6875,0.7473958333333334,11.9375,4.853667057058515,28,1,/mnt/data/ssz/mr/results/Qwen2.5-VL/pope/base/analysis/coco_POPE_random/545.pt
1291,1291,coco_POPE_random,coco_POPE_random,1,0,"Yes,",yes,1.703125,0.7230902777777778,11.9375,4.807885628240787,28,1,/mnt/data/ssz/mr/results/Qwen2.5-VL/pope/base/analysis/coco_POPE_random/1291.pt
2039,2039,coco_POPE_random,coco_POPE_random,1,0,"Yes,",yes,1.703125,0.7637442129629629,11.9375,4.765879126981199,28,1,/mnt/data/ssz/mr/results/Qwen2.5-VL/pope/base/analysis/coco_POPE_random/2039.pt
2795,2795,coco_POPE_random,coco_POPE_random,0,1,"No,",yes,1.6875,0.7578125,11.9375,5.210421711129538,28,1,/mnt/data/ssz/mr/results/Qwen2.5-VL/pope/base/analysis/coco_POPE_random/2795.pt
546,546,coco_POPE_random,coco_POPE_random,1,0,"No,",no,1.6875,0.7473958333333334,11.9375,5.292579173352296,28,1,/mnt/data/ssz/mr/results/Qwen2.5-VL/pope/base/analysis/coco_POPE_random/546.pt
2040,2040,coco_POPE_random,coco_POPE_random,1,0,"No,",no,1.703125,0.7637442129629629,11.9375,5.4004003314671065,28,1,/mnt/data/ssz/mr/results/Qwen2.5-VL/pope/base/analysis/coco_POPE_random/2040.pt
1292,1292,coco_POPE_random,coco_POPE_random,1,0,"No,",no,1.703125,0.7230902777777778,11.9375,5.3027958747045805,28,1,/mnt/data/ssz/mr/results/Qwen2.5-VL/pope/base/analysis/coco_POPE_random/1292.pt
2796,2796,coco_POPE_random,coco_POPE_random,1,0,"No,",no,1.6875,0.7578125,11.9375,5.254681577391552,28,1,/mnt/data/ssz/mr/results/Qwen2.5-VL/pope/base/analysis/coco_POPE_random/2796.pt
547,547,coco_POPE_random,coco_POPE_random,1,0,"Yes,",yes,1.71875,0.7466724537037037,11.9375,4.670302991771373,28,1,/mnt/data/ssz/mr/results/Qwen2.5-VL/pope/base/analysis/coco_POPE_random/547.pt
2041,2041,coco_POPE_random,coco_POPE_random,1,0,"Yes,",yes,1.734375,0.7291666666666666,11.9375,5.052671738978581,28,1,/mnt/data/ssz/mr/results/Qwen2.5-VL/pope/base/analysis/coco_POPE_random/2041.pt
1293,1293,coco_POPE_random,coco_POPE_random,1,0,"Yes,",yes,1.703125,0.7230902777777778,11.9375,4.758927654214059,28,1,/mnt/data/ssz/mr/results/Qwen2.5-VL/pope/base/analysis/coco_POPE_random/1293.pt
2797,2797,coco_POPE_random,coco_POPE_random,1,0,"Yes,",yes,1.6953125,0.7336516203703703,11.9375,4.971056133395435,28,1,/mnt/data/ssz/mr/results/Qwen2.5-VL/pope/base/analysis/coco_POPE_random/2797.pt
548,548,coco_POPE_random,coco_POPE_random,1,0,"No,",no,1.71875,0.7466724537037037,11.9375,5.161604971936022,28,1,/mnt/data/ssz/mr/results/Qwen2.5-VL/pope/base/analysis/coco_POPE_random/548.pt
2042,2042,coco_POPE_random,coco_POPE_random,1,0,"No,",no,1.734375,0.7291666666666666,11.9375,5.344384671603621,28,1,/mnt/data/ssz/mr/results/Qwen2.5-VL/pope/base/analysis/coco_POPE_random/2042.pt
1294,1294,coco_POPE_random,coco_POPE_random,1,0,"No,",no,1.703125,0.7230902777777778,11.9375,5.334551037268379,28,1,/mnt/data/ssz/mr/results/Qwen2.5-VL/pope/base/analysis/coco_POPE_random/1294.pt
2798,2798,coco_POPE_random,coco_POPE_random,1,0,"No,",no,1.6953125,0.7336516203703703,11.9375,5.474562950506377,28,1,/mnt/data/ssz/mr/results/Qwen2.5-VL/pope/base/analysis/coco_POPE_random/2798.pt
549,549,coco_POPE_random,coco_POPE_random,1,0,"Yes,",yes,1.71875,0.7466724537037037,11.9375,4.73735464880968,28,1,/mnt/data/ssz/mr/results/Qwen2.5-VL/pope/base/analysis/coco_POPE_random/549.pt
2043,2043,coco_POPE_random,coco_POPE_random,1,0,"Yes,",yes,1.734375,0.7291666666666666,11.9375,4.921039218413963,28,1,/mnt/data/ssz/mr/results/Qwen2.5-VL/pope/base/analysis/coco_POPE_random/2043.pt
1295,1295,coco_POPE_random,coco_POPE_random,0,1,"No,",yes,1.703125,0.7230902777777778,11.9375,5.281202195934323,28,1,/mnt/data/ssz/mr/results/Qwen2.5-VL/pope/base/analysis/coco_POPE_random/1295.pt
2799,2799,coco_POPE_random,coco_POPE_random,0,1,"No,",yes,1.6953125,0.7336516203703703,11.9375,5.418985855449514,28,1,/mnt/data/ssz/mr/results/Qwen2.5-VL/pope/base/analysis/coco_POPE_random/2799.pt
550,550,coco_POPE_random,coco_POPE_random,1,0,"No,",no,1.71875,0.7466724537037037,11.9375,5.158310582093692,28,1,/mnt/data/ssz/mr/results/Qwen2.5-VL/pope/base/analysis/coco_POPE_random/550.pt
2044,2044,coco_POPE_random,coco_POPE_random,1,0,"No,",no,1.734375,0.7291666666666666,11.9375,5.338730705393668,28,1,/mnt/data/ssz/mr/results/Qwen2.5-VL/pope/base/analysis/coco_POPE_random/2044.pt
1296,1296,coco_POPE_random,coco_POPE_random,1,0,"No,",no,1.703125,0.7230902777777778,11.9375,5.419460371335396,28,1,/mnt/data/ssz/mr/results/Qwen2.5-VL/pope/base/analysis/coco_POPE_random/1296.pt
2800,2800,coco_POPE_random,coco_POPE_random,1,0,"No,",no,1.6953125,0.7336516203703703,11.9375,5.434242703214265,28,1,/mnt/data/ssz/mr/results/Qwen2.5-VL/pope/base/analysis/coco_POPE_random/2800.pt
551,551,coco_POPE_random,coco_POPE_random,1,0,"Yes,",yes,1.71875,0.7466724537037037,11.9375,4.8619086511065905,28,1,/mnt/data/ssz/mr/results/Qwen2.5-VL/pope/base/analysis/coco_POPE_random/551.pt
2045,2045,coco_POPE_random,coco_POPE_random,1,0,"Yes,",yes,1.734375,0.7291666666666666,11.9375,4.855732895747412,28,1,/mnt/data/ssz/mr/results/Qwen2.5-VL/pope/base/analysis/coco_POPE_random/2045.pt
1297,1297,coco_POPE_random,coco_POPE_random,0,1,"No,",yes,1.75,0.73046875,11.9375,5.2992773277640906,28,1,/mnt/data/ssz/mr/results/Qwen2.5-VL/pope/base/analysis/coco_POPE_random/1297.pt
2801,2801,coco_POPE_random,coco_POPE_random,1,0,"Yes,",yes,1.6953125,0.7336516203703703,11.9375,4.8714336233923925,28,1,/mnt/data/ssz/mr/results/Qwen2.5-VL/pope/base/analysis/coco_POPE_random/2801.pt
552,552,coco_POPE_random,coco_POPE_random,1,0,"No,",no,1.71875,0.7466724537037037,11.9375,5.12890143519909,28,1,/mnt/data/ssz/mr/results/Qwen2.5-VL/pope/base/analysis/coco_POPE_random/552.pt
2046,2046,coco_POPE_random,coco_POPE_random,1,0,"No,",no,1.734375,0.7291666666666666,11.9375,5.464646627054784,28,1,/mnt/data/ssz/mr/results/Qwen2.5-VL/pope/base/analysis/coco_POPE_random/2046.pt
1298,1298,coco_POPE_random,coco_POPE_random,1,0,"No,",no,1.75,0.73046875,11.9375,5.320899821704721,28,1,/mnt/data/ssz/mr/results/Qwen2.5-VL/pope/base/analysis/coco_POPE_random/1298.pt
2802,2802,coco_POPE_random,coco_POPE_random,1,0,"No,",no,1.6953125,0.7336516203703703,11.9375,5.354764820986523,28,1,/mnt/data/ssz/mr/results/Qwen2.5-VL/pope/base/analysis/coco_POPE_random/2802.pt
553,553,coco_POPE_random,coco_POPE_random,0,1,"No,",yes,1.6875,0.7345196759259259,11.9375,5.445025577402209,28,1,/mnt/data/ssz/mr/results/Qwen2.5-VL/pope/base/analysis/coco_POPE_random/553.pt
2047,2047,coco_POPE_random,coco_POPE_random,0,1,"No,",yes,1.71875,0.7413194444444444,11.9375,5.240402348470275,28,1,/mnt/data/ssz/mr/results/Qwen2.5-VL/pope/base/analysis/coco_POPE_random/2047.pt
1299,1299,coco_POPE_random,coco_POPE_random,1,0,"Yes,",yes,1.75,0.73046875,11.9375,5.0468273356829005,28,1,/mnt/data/ssz/mr/results/Qwen2.5-VL/pope/base/analysis/coco_POPE_random/1299.pt
2803,2803,coco_POPE_random,coco_POPE_random,0,1,"No,",yes,1.71875,0.7180266203703703,11.9375,5.4004526843546685,28,1,/mnt/data/ssz/mr/results/Qwen2.5-VL/pope/base/analysis/coco_POPE_random/2803.pt
554,554,coco_POPE_random,coco_POPE_random,1,0,"No,",no,1.6875,0.7345196759259259,11.9375,5.308641127658685,28,1,/mnt/data/ssz/mr/results/Qwen2.5-VL/pope/base/analysis/coco_POPE_random/554.pt
2048,2048,coco_POPE_random,coco_POPE_random,1,0,"No,",no,1.71875,0.7413194444444444,11.9375,5.234631705335154,28,1,/mnt/data/ssz/mr/results/Qwen2.5-VL/pope/base/analysis/coco_POPE_random/2048.pt
1300,1300,coco_POPE_random,coco_POPE_random,1,0,"No,",no,1.75,0.73046875,11.9375,5.381708441042379,28,1,/mnt/data/ssz/mr/results/Qwen2.5-VL/pope/base/analysis/coco_POPE_random/1300.pt
2804,2804,coco_POPE_random,coco_POPE_random,1,0,"No,",no,1.71875,0.7180266203703703,11.9375,5.331517872282567,28,1,/mnt/data/ssz/mr/results/Qwen2.5-VL/pope/base/analysis/coco_POPE_random/2804.pt
555,555,coco_POPE_random,coco_POPE_random,0,1,"No,",yes,1.6875,0.7345196759259259,11.9375,5.390043779395738,28,1,/mnt/data/ssz/mr/results/Qwen2.5-VL/pope/base/analysis/coco_POPE_random/555.pt
2049,2049,coco_POPE_random,coco_POPE_random,1,0,"Yes,",yes,1.71875,0.7413194444444444,11.9375,4.813158125130242,28,1,/mnt/data/ssz/mr/results/Qwen2.5-VL/pope/base/analysis/coco_POPE_random/2049.pt
1301,1301,coco_POPE_random,coco_POPE_random,1,0,"Yes,",yes,1.75,0.73046875,11.9375,4.796769548721753,28,1,/mnt/data/ssz/mr/results/Qwen2.5-VL/pope/base/analysis/coco_POPE_random/1301.pt
2805,2805,coco_POPE_random,coco_POPE_random,0,1,"No,",yes,1.71875,0.7180266203703703,11.9375,5.319384118421647,28,1,/mnt/data/ssz/mr/results/Qwen2.5-VL/pope/base/analysis/coco_POPE_random/2805.pt
2050,2050,coco_POPE_random,coco_POPE_random,1,0,"No,",no,1.71875,0.7413194444444444,11.9375,5.213395725541149,28,1,/mnt/data/ssz/mr/results/Qwen2.5-VL/pope/base/analysis/coco_POPE_random/2050.pt
556,556,coco_POPE_random,coco_POPE_random,1,0,"No,",no,1.6875,0.7345196759259259,11.9375,5.4637174094813465,28,1,/mnt/data/ssz/mr/results/Qwen2.5-VL/pope/base/analysis/coco_POPE_random/556.pt
1302,1302,coco_POPE_random,coco_POPE_random,1,0,"No,",no,1.75,0.73046875,11.9375,5.400772944453287,28,1,/mnt/data/ssz/mr/results/Qwen2.5-VL/pope/base/analysis/coco_POPE_random/1302.pt
2806,2806,coco_POPE_random,coco_POPE_random,1,0,"No,",no,1.71875,0.7180266203703703,11.9375,5.265389419347952,28,1,/mnt/data/ssz/mr/results/Qwen2.5-VL/pope/base/analysis/coco_POPE_random/2806.pt
2051,2051,coco_POPE_random,coco_POPE_random,1,0,"Yes,",yes,1.71875,0.7413194444444444,11.9375,4.683006935986912,28,1,/mnt/data/ssz/mr/results/Qwen2.5-VL/pope/base/analysis/coco_POPE_random/2051.pt
557,557,coco_POPE_random,coco_POPE_random,0,1,"No,",yes,1.6875,0.7345196759259259,11.9375,5.492686550690052,28,1,/mnt/data/ssz/mr/results/Qwen2.5-VL/pope/base/analysis/coco_POPE_random/557.pt
1303,1303,coco_POPE_random,coco_POPE_random,1,0,"Yes,",yes,1.703125,0.7201967592592593,11.9375,5.115276160814556,28,1,/mnt/data/ssz/mr/results/Qwen2.5-VL/pope/base/analysis/coco_POPE_random/1303.pt
2807,2807,coco_POPE_random,coco_POPE_random,1,0,"Yes,",yes,1.71875,0.7180266203703703,11.9375,4.815577160383399,28,1,/mnt/data/ssz/mr/results/Qwen2.5-VL/pope/base/analysis/coco_POPE_random/2807.pt
2052,2052,coco_POPE_random,coco_POPE_random,1,0,"No,",no,1.71875,0.7413194444444444,11.9375,5.17061902630052,28,1,/mnt/data/ssz/mr/results/Qwen2.5-VL/pope/base/analysis/coco_POPE_random/2052.pt
558,558,coco_POPE_random,coco_POPE_random,1,0,"No,",no,1.6875,0.7345196759259259,11.9375,5.345325327867244,28,1,/mnt/data/ssz/mr/results/Qwen2.5-VL/pope/base/analysis/coco_POPE_random/558.pt
1304,1304,coco_POPE_random,coco_POPE_random,1,0,"No,",no,1.703125,0.7201967592592593,11.9375,5.368231502970818,28,1,/mnt/data/ssz/mr/results/Qwen2.5-VL/pope/base/analysis/coco_POPE_random/1304.pt
2808,2808,coco_POPE_random,coco_POPE_random,1,0,"No,",no,1.71875,0.7180266203703703,11.9375,5.28842674542102,28,1,/mnt/data/ssz/mr/results/Qwen2.5-VL/pope/base/analysis/coco_POPE_random/2808.pt
2053,2053,coco_POPE_random,coco_POPE_random,0,1,"No,",yes,1.71875,0.7501446759259259,11.9375,5.3458230880100155,28,1,/mnt/data/ssz/mr/results/Qwen2.5-VL/pope/base/analysis/coco_POPE_random/2053.pt
559,559,coco_POPE_random,coco_POPE_random,1,0,"Yes,",yes,1.734375,0.7437789351851852,11.9375,4.804102367899008,28,1,/mnt/data/ssz/mr/results/Qwen2.5-VL/pope/base/analysis/coco_POPE_random/559.pt
1305,1305,coco_POPE_random,coco_POPE_random,0,1,"No,",yes,1.703125,0.7201967592592593,11.9375,5.474418863854351,28,1,/mnt/data/ssz/mr/results/Qwen2.5-VL/pope/base/analysis/coco_POPE_random/1305.pt
2809,2809,coco_POPE_random,coco_POPE_random,1,0,"Yes,",yes,1.734375,0.7278645833333334,11.9375,4.712339445251665,28,1,/mnt/data/ssz/mr/results/Qwen2.5-VL/pope/base/analysis/coco_POPE_random/2809.pt
2054,2054,coco_POPE_random,coco_POPE_random,1,0,"No,",no,1.71875,0.7501446759259259,11.9375,5.285294114255774,28,1,/mnt/data/ssz/mr/results/Qwen2.5-VL/pope/base/analysis/coco_POPE_random/2054.pt
560,560,coco_POPE_random,coco_POPE_random,1,0,"No,",no,1.734375,0.7437789351851852,11.9375,5.353206765888272,28,1,/mnt/data/ssz/mr/results/Qwen2.5-VL/pope/base/analysis/coco_POPE_random/560.pt
1306,1306,coco_POPE_random,coco_POPE_random,1,0,"No,",no,1.703125,0.7201967592592593,11.9375,5.4325338301551565,28,1,/mnt/data/ssz/mr/results/Qwen2.5-VL/pope/base/analysis/coco_POPE_random/1306.pt
2810,2810,coco_POPE_random,coco_POPE_random,1,0,"No,",no,1.734375,0.7278645833333334,11.9375,5.2628610015355175,28,1,/mnt/data/ssz/mr/results/Qwen2.5-VL/pope/base/analysis/coco_POPE_random/2810.pt
561,561,coco_POPE_random,coco_POPE_random,0,1,"No,",yes,1.734375,0.7437789351851852,11.9375,5.332765024500642,28,1,/mnt/data/ssz/mr/results/Qwen2.5-VL/pope/base/analysis/coco_POPE_random/561.pt
2055,2055,coco_POPE_random,coco_POPE_random,0,1,"No,",yes,1.71875,0.7501446759259259,11.9375,5.333811481175181,28,1,/mnt/data/ssz/mr/results/Qwen2.5-VL/pope/base/analysis/coco_POPE_random/2055.pt
1307,1307,coco_POPE_random,coco_POPE_random,1,0,"Yes,",yes,1.703125,0.7201967592592593,11.9375,4.826516425533129,28,1,/mnt/data/ssz/mr/results/Qwen2.5-VL/pope/base/analysis/coco_POPE_random/1307.pt
2056,2056,coco_POPE_random,coco_POPE_random,1,0,"No,",no,1.71875,0.7501446759259259,11.9375,5.3729368569478915,28,1,/mnt/data/ssz/mr/results/Qwen2.5-VL/pope/base/analysis/coco_POPE_random/2056.pt
2811,2811,coco_POPE_random,coco_POPE_random,1,0,"Yes,",yes,1.734375,0.7278645833333334,11.9375,4.860167779714324,28,1,/mnt/data/ssz/mr/results/Qwen2.5-VL/pope/base/analysis/coco_POPE_random/2811.pt
562,562,coco_POPE_random,coco_POPE_random,1,0,"No,",no,1.734375,0.7437789351851852,11.9375,5.374639841046732,28,1,/mnt/data/ssz/mr/results/Qwen2.5-VL/pope/base/analysis/coco_POPE_random/562.pt
1308,1308,coco_POPE_random,coco_POPE_random,1,0,"No,",no,1.703125,0.7201967592592593,11.9375,5.3634823961071785,28,1,/mnt/data/ssz/mr/results/Qwen2.5-VL/pope/base/analysis/coco_POPE_random/1308.pt
2057,2057,coco_POPE_random,coco_POPE_random,0,1,"No,",yes,1.71875,0.7501446759259259,11.9375,5.262460161623714,28,1,/mnt/data/ssz/mr/results/Qwen2.5-VL/pope/base/analysis/coco_POPE_random/2057.pt
563,563,coco_POPE_random,coco_POPE_random,0,1,"No,",yes,1.734375,0.7437789351851852,11.9375,5.559225769476566,28,1,/mnt/data/ssz/mr/results/Qwen2.5-VL/pope/base/analysis/coco_POPE_random/563.pt
2812,2812,coco_POPE_random,coco_POPE_random,1,0,"No,",no,1.734375,0.7278645833333334,11.9375,5.231378708470433,28,1,/mnt/data/ssz/mr/results/Qwen2.5-VL/pope/base/analysis/coco_POPE_random/2812.pt
1309,1309,coco_POPE_random,coco_POPE_random,1,0,"Yes,",yes,1.71875,0.7427662037037037,11.9375,4.898041147433622,28,1,/mnt/data/ssz/mr/results/Qwen2.5-VL/pope/base/analysis/coco_POPE_random/1309.pt
564,564,coco_POPE_random,coco_POPE_random,1,0,"No,",no,1.734375,0.7437789351851852,11.9375,5.284161999799083,28,1,/mnt/data/ssz/mr/results/Qwen2.5-VL/pope/base/analysis/coco_POPE_random/564.pt
2058,2058,coco_POPE_random,coco_POPE_random,1,0,"No,",no,1.71875,0.7501446759259259,11.9375,5.369892193670365,28,1,/mnt/data/ssz/mr/results/Qwen2.5-VL/pope/base/analysis/coco_POPE_random/2058.pt
2813,2813,coco_POPE_random,coco_POPE_random,1,0,"Yes,",yes,1.734375,0.7278645833333334,11.9375,4.717828933499834,28,1,/mnt/data/ssz/mr/results/Qwen2.5-VL/pope/base/analysis/coco_POPE_random/2813.pt
1310,1310,coco_POPE_random,coco_POPE_random,1,0,"No,",no,1.71875,0.7427662037037037,11.9375,5.331911827270993,28,1,/mnt/data/ssz/mr/results/Qwen2.5-VL/pope/base/analysis/coco_POPE_random/1310.pt
565,565,coco_POPE_random,coco_POPE_random,1,0,"Yes,",yes,1.734375,0.7453703703703703,11.9375,4.852211120601773,28,1,/mnt/data/ssz/mr/results/Qwen2.5-VL/pope/base/analysis/coco_POPE_random/565.pt
2059,2059,coco_POPE_random,coco_POPE_random,1,0,"Yes,",yes,1.7265625,0.7160011574074074,11.9375,4.908230668171177,28,1,/mnt/data/ssz/mr/results/Qwen2.5-VL/pope/base/analysis/coco_POPE_random/2059.pt
1311,1311,coco_POPE_random,coco_POPE_random,1,0,"Yes,",yes,1.71875,0.7427662037037037,11.9375,4.896488959584414,28,1,/mnt/data/ssz/mr/results/Qwen2.5-VL/pope/base/analysis/coco_POPE_random/1311.pt
2814,2814,coco_POPE_random,coco_POPE_random,1,0,"No,",no,1.734375,0.7278645833333334,11.9375,5.312484271895865,28,1,/mnt/data/ssz/mr/results/Qwen2.5-VL/pope/base/analysis/coco_POPE_random/2814.pt
566,566,coco_POPE_random,coco_POPE_random,1,0,"No,",no,1.734375,0.7453703703703703,11.9375,5.203552010819139,28,1,/mnt/data/ssz/mr/results/Qwen2.5-VL/pope/base/analysis/coco_POPE_random/566.pt
2060,2060,coco_POPE_random,coco_POPE_random,1,0,"No,",no,1.7265625,0.7160011574074074,11.9375,5.246553580752868,28,1,/mnt/data/ssz/mr/results/Qwen2.5-VL/pope/base/analysis/coco_POPE_random/2060.pt
1312,1312,coco_POPE_random,coco_POPE_random,1,0,"No,",no,1.71875,0.7427662037037037,11.9375,5.3733624752585145,28,1,/mnt/data/ssz/mr/results/Qwen2.5-VL/pope/base/analysis/coco_POPE_random/1312.pt
567,567,coco_POPE_random,coco_POPE_random,1,0,"Yes,",yes,1.734375,0.7453703703703703,11.9375,4.874490388822505,28,1,/mnt/data/ssz/mr/results/Qwen2.5-VL/pope/base/analysis/coco_POPE_random/567.pt
2815,2815,coco_POPE_random,coco_POPE_random,0,1,"No,",yes,1.703125,0.7442129629629629,11.9375,5.232790823262152,28,1,/mnt/data/ssz/mr/results/Qwen2.5-VL/pope/base/analysis/coco_POPE_random/2815.pt
2061,2061,coco_POPE_random,coco_POPE_random,0,1,"No,",yes,1.7265625,0.7160011574074074,11.9375,5.303842070312762,28,1,/mnt/data/ssz/mr/results/Qwen2.5-VL/pope/base/analysis/coco_POPE_random/2061.pt
568,568,coco_POPE_random,coco_POPE_random,1,0,"No,",no,1.734375,0.7453703703703703,11.9375,5.181338783942544,28,1,/mnt/data/ssz/mr/results/Qwen2.5-VL/pope/base/analysis/coco_POPE_random/568.pt
1313,1313,coco_POPE_random,coco_POPE_random,0,1,"No,",yes,1.71875,0.7427662037037037,11.9375,5.378825177599145,28,1,/mnt/data/ssz/mr/results/Qwen2.5-VL/pope/base/analysis/coco_POPE_random/1313.pt
2816,2816,coco_POPE_random,coco_POPE_random,1,0,"No,",no,1.703125,0.7442129629629629,11.9375,5.232980882301584,28,1,/mnt/data/ssz/mr/results/Qwen2.5-VL/pope/base/analysis/coco_POPE_random/2816.pt
2062,2062,coco_POPE_random,coco_POPE_random,1,0,"No,",no,1.7265625,0.7160011574074074,11.9375,5.321152627566712,28,1,/mnt/data/ssz/mr/results/Qwen2.5-VL/pope/base/analysis/coco_POPE_random/2062.pt
569,569,coco_POPE_random,coco_POPE_random,1,0,"Yes,",yes,1.734375,0.7453703703703703,11.9375,4.840750173556194,28,1,/mnt/data/ssz/mr/results/Qwen2.5-VL/pope/base/analysis/coco_POPE_random/569.pt
1314,1314,coco_POPE_random,coco_POPE_random,1,0,"No,",no,1.71875,0.7427662037037037,11.9375,5.34041644952532,28,1,/mnt/data/ssz/mr/results/Qwen2.5-VL/pope/base/analysis/coco_POPE_random/1314.pt
2817,2817,coco_POPE_random,coco_POPE_random,1,0,"Yes,",yes,1.703125,0.7442129629629629,11.9375,4.951479897341604,28,1,/mnt/data/ssz/mr/results/Qwen2.5-VL/pope/base/analysis/coco_POPE_random/2817.pt
570,570,coco_POPE_random,coco_POPE_random,1,0,"No,",no,1.734375,0.7453703703703703,11.9375,5.247599274277898,28,1,/mnt/data/ssz/mr/results/Qwen2.5-VL/pope/base/analysis/coco_POPE_random/570.pt
2063,2063,coco_POPE_random,coco_POPE_random,1,0,"Yes,",yes,1.7265625,0.7160011574074074,11.9375,4.8640951919938615,28,1,/mnt/data/ssz/mr/results/Qwen2.5-VL/pope/base/analysis/coco_POPE_random/2063.pt
1315,1315,coco_POPE_random,coco_POPE_random,1,0,"Yes,",yes,1.6796875,0.7436342592592593,11.9375,4.70308764791883,28,1,/mnt/data/ssz/mr/results/Qwen2.5-VL/pope/base/analysis/coco_POPE_random/1315.pt
2818,2818,coco_POPE_random,coco_POPE_random,1,0,"No,",no,1.703125,0.7442129629629629,11.9375,5.322236215390651,28,1,/mnt/data/ssz/mr/results/Qwen2.5-VL/pope/base/analysis/coco_POPE_random/2818.pt
571,571,coco_POPE_random,coco_POPE_random,1,0,"Yes,",yes,1.71875,0.7510127314814815,11.9375,4.894760800196217,28,1,/mnt/data/ssz/mr/results/Qwen2.5-VL/pope/base/analysis/coco_POPE_random/571.pt
2064,2064,coco_POPE_random,coco_POPE_random,1,0,"No,",no,1.7265625,0.7160011574074074,11.9375,5.302097607108948,28,1,/mnt/data/ssz/mr/results/Qwen2.5-VL/pope/base/analysis/coco_POPE_random/2064.pt
1316,1316,coco_POPE_random,coco_POPE_random,1,0,"No,",no,1.6796875,0.7436342592592593,11.9375,5.198416852419008,28,1,/mnt/data/ssz/mr/results/Qwen2.5-VL/pope/base/analysis/coco_POPE_random/1316.pt
2819,2819,coco_POPE_random,coco_POPE_random,0,1,"No,",yes,1.703125,0.7442129629629629,11.9375,5.240885235907879,28,1,/mnt/data/ssz/mr/results/Qwen2.5-VL/pope/base/analysis/coco_POPE_random/2819.pt
572,572,coco_POPE_random,coco_POPE_random,1,0,"No,",no,1.71875,0.7510127314814815,11.9375,5.286684606201028,28,1,/mnt/data/ssz/mr/results/Qwen2.5-VL/pope/base/analysis/coco_POPE_random/572.pt
2065,2065,coco_POPE_random,coco_POPE_random,0,1,"No,",yes,1.734375,0.7387152777777778,11.9375,5.511843668369206,28,1,/mnt/data/ssz/mr/results/Qwen2.5-VL/pope/base/analysis/coco_POPE_random/2065.pt
1317,1317,coco_POPE_random,coco_POPE_random,1,0,"Yes,",yes,1.6796875,0.7436342592592593,11.9375,4.726195532673204,28,1,/mnt/data/ssz/mr/results/Qwen2.5-VL/pope/base/analysis/coco_POPE_random/1317.pt
573,573,coco_POPE_random,coco_POPE_random,1,0,"Yes,",yes,1.71875,0.7510127314814815,11.9375,4.848020775785832,28,1,/mnt/data/ssz/mr/results/Qwen2.5-VL/pope/base/analysis/coco_POPE_random/573.pt
2820,2820,coco_POPE_random,coco_POPE_random,1,0,"No,",no,1.703125,0.7442129629629629,11.9375,5.292372885170843,28,1,/mnt/data/ssz/mr/results/Qwen2.5-VL/pope/base/analysis/coco_POPE_random/2820.pt
2066,2066,coco_POPE_random,coco_POPE_random,1,0,"No,",no,1.734375,0.7387152777777778,11.9375,5.33938242680208,28,1,/mnt/data/ssz/mr/results/Qwen2.5-VL/pope/base/analysis/coco_POPE_random/2066.pt
574,574,coco_POPE_random,coco_POPE_random,1,0,"No,",no,1.71875,0.7510127314814815,11.9375,5.244494718275433,28,1,/mnt/data/ssz/mr/results/Qwen2.5-VL/pope/base/analysis/coco_POPE_random/574.pt
1318,1318,coco_POPE_random,coco_POPE_random,1,0,"No,",no,1.6796875,0.7436342592592593,11.9375,5.1889307271044185,28,1,/mnt/data/ssz/mr/results/Qwen2.5-VL/pope/base/analysis/coco_POPE_random/1318.pt
2821,2821,coco_POPE_random,coco_POPE_random,1,0,"Yes,",yes,1.75,0.7316261574074074,11.9375,5.12517738734736,28,1,/mnt/data/ssz/mr/results/Qwen2.5-VL/pope/base/analysis/coco_POPE_random/2821.pt
2067,2067,coco_POPE_random,coco_POPE_random,1,0,"Yes,",yes,1.734375,0.7387152777777778,11.9375,4.9846055818965525,28,1,/mnt/data/ssz/mr/results/Qwen2.5-VL/pope/base/analysis/coco_POPE_random/2067.pt
575,575,coco_POPE_random,coco_POPE_random,1,0,"Yes,",yes,1.71875,0.7510127314814815,11.9375,4.835701406599301,28,1,/mnt/data/ssz/mr/results/Qwen2.5-VL/pope/base/analysis/coco_POPE_random/575.pt
1319,1319,coco_POPE_random,coco_POPE_random,0,1,"No,",yes,1.6796875,0.7436342592592593,11.9375,5.301013086221718,28,1,/mnt/data/ssz/mr/results/Qwen2.5-VL/pope/base/analysis/coco_POPE_random/1319.pt
2822,2822,coco_POPE_random,coco_POPE_random,1,0,"No,",no,1.75,0.7316261574074074,11.9375,5.331653945534875,28,1,/mnt/data/ssz/mr/results/Qwen2.5-VL/pope/base/analysis/coco_POPE_random/2822.pt
2068,2068,coco_POPE_random,coco_POPE_random,1,0,"No,",no,1.734375,0.7387152777777778,11.9375,5.4115183214563745,28,1,/mnt/data/ssz/mr/results/Qwen2.5-VL/pope/base/analysis/coco_POPE_random/2068.pt
576,576,coco_POPE_random,coco_POPE_random,1,0,"No,",no,1.71875,0.7510127314814815,11.9375,5.286923425587999,28,1,/mnt/data/ssz/mr/results/Qwen2.5-VL/pope/base/analysis/coco_POPE_random/576.pt
2823,2823,coco_POPE_random,coco_POPE_random,0,1,"No,",yes,1.75,0.7316261574074074,11.9375,5.313924368486973,28,1,/mnt/data/ssz/mr/results/Qwen2.5-VL/pope/base/analysis/coco_POPE_random/2823.pt
1320,1320,coco_POPE_random,coco_POPE_random,1,0,"No,",no,1.6796875,0.7436342592592593,11.9375,5.15045373874235,28,1,/mnt/data/ssz/mr/results/Qwen2.5-VL/pope/base/analysis/coco_POPE_random/1320.pt
2069,2069,coco_POPE_random,coco_POPE_random,0,1,"No,",yes,1.734375,0.7387152777777778,11.9375,5.37385040277225,28,1,/mnt/data/ssz/mr/results/Qwen2.5-VL/pope/base/analysis/coco_POPE_random/2069.pt
577,577,coco_POPE_random,coco_POPE_random,1,0,"Yes,",yes,1.71875,0.7524594907407407,11.9375,4.991615751983412,28,1,/mnt/data/ssz/mr/results/Qwen2.5-VL/pope/base/analysis/coco_POPE_random/577.pt
2824,2824,coco_POPE_random,coco_POPE_random,1,0,"No,",no,1.75,0.7316261574074074,11.9375,5.465694367757383,28,1,/mnt/data/ssz/mr/results/Qwen2.5-VL/pope/base/analysis/coco_POPE_random/2824.pt
1321,1321,coco_POPE_random,coco_POPE_random,1,0,"Yes,",yes,1.703125,0.7411747685185185,11.9375,4.921933865014512,28,1,/mnt/data/ssz/mr/results/Qwen2.5-VL/pope/base/analysis/coco_POPE_random/1321.pt
2070,2070,coco_POPE_random,coco_POPE_random,1,0,"No,",no,1.734375,0.7387152777777778,11.9375,5.337442734490119,28,1,/mnt/data/ssz/mr/results/Qwen2.5-VL/pope/base/analysis/coco_POPE_random/2070.pt
578,578,coco_POPE_random,coco_POPE_random,1,0,"No,",no,1.71875,0.7524594907407407,11.9375,5.340507382893457,28,1,/mnt/data/ssz/mr/results/Qwen2.5-VL/pope/base/analysis/coco_POPE_random/578.pt
2825,2825,coco_POPE_random,coco_POPE_random,1,0,"Yes,",yes,1.75,0.7316261574074074,11.9375,4.826737290980388,28,1,/mnt/data/ssz/mr/results/Qwen2.5-VL/pope/base/analysis/coco_POPE_random/2825.pt
1322,1322,coco_POPE_random,coco_POPE_random,1,0,"No,",no,1.703125,0.7411747685185185,11.9375,5.376784620232291,28,1,/mnt/data/ssz/mr/results/Qwen2.5-VL/pope/base/analysis/coco_POPE_random/1322.pt
2071,2071,coco_POPE_random,coco_POPE_random,0,1,"No,",yes,1.703125,0.7201967592592593,11.9375,5.264100352381992,28,1,/mnt/data/ssz/mr/results/Qwen2.5-VL/pope/base/analysis/coco_POPE_random/2071.pt
579,579,coco_POPE_random,coco_POPE_random,1,0,"Yes,",yes,1.71875,0.7524594907407407,11.9375,4.939301464883634,28,1,/mnt/data/ssz/mr/results/Qwen2.5-VL/pope/base/analysis/coco_POPE_random/579.pt
2826,2826,coco_POPE_random,coco_POPE_random,1,0,"No,",no,1.75,0.7316261574074074,11.9375,5.336763527128039,28,1,/mnt/data/ssz/mr/results/Qwen2.5-VL/pope/base/analysis/coco_POPE_random/2826.pt
1323,1323,coco_POPE_random,coco_POPE_random,1,0,"Yes,",yes,1.703125,0.7411747685185185,11.9375,5.072272778205701,28,1,/mnt/data/ssz/mr/results/Qwen2.5-VL/pope/base/analysis/coco_POPE_random/1323.pt
2072,2072,coco_POPE_random,coco_POPE_random,1,0,"No,",no,1.703125,0.7201967592592593,11.9375,5.400019387747433,28,1,/mnt/data/ssz/mr/results/Qwen2.5-VL/pope/base/analysis/coco_POPE_random/2072.pt
580,580,coco_POPE_random,coco_POPE_random,1,0,"No,",no,1.71875,0.7524594907407407,11.9375,5.416184494201373,28,1,/mnt/data/ssz/mr/results/Qwen2.5-VL/pope/base/analysis/coco_POPE_random/580.pt
2827,2827,coco_POPE_random,coco_POPE_random,1,0,"Yes,",yes,1.734375,0.7311921296296297,11.9375,4.756986245027614,28,1,/mnt/data/ssz/mr/results/Qwen2.5-VL/pope/base/analysis/coco_POPE_random/2827.pt
1324,1324,coco_POPE_random,coco_POPE_random,1,0,"No,",no,1.703125,0.7411747685185185,11.9375,5.262682679140261,28,1,/mnt/data/ssz/mr/results/Qwen2.5-VL/pope/base/analysis/coco_POPE_random/1324.pt
2073,2073,coco_POPE_random,coco_POPE_random,1,0,"Yes,",yes,1.703125,0.7201967592592593,11.9375,4.959243977209651,28,1,/mnt/data/ssz/mr/results/Qwen2.5-VL/pope/base/analysis/coco_POPE_random/2073.pt
581,581,coco_POPE_random,coco_POPE_random,1,0,"Yes,",yes,1.71875,0.7524594907407407,11.9375,4.825788811856793,28,1,/mnt/data/ssz/mr/results/Qwen2.5-VL/pope/base/analysis/coco_POPE_random/581.pt
2828,2828,coco_POPE_random,coco_POPE_random,1,0,"No,",no,1.734375,0.7311921296296297,11.9375,5.343686333584063,28,1,/mnt/data/ssz/mr/results/Qwen2.5-VL/pope/base/analysis/coco_POPE_random/2828.pt
1325,1325,coco_POPE_random,coco_POPE_random,1,0,"Yes,",yes,1.703125,0.7411747685185185,11.9375,4.796935844555016,28,1,/mnt/data/ssz/mr/results/Qwen2.5-VL/pope/base/analysis/coco_POPE_random/1325.pt
2074,2074,coco_POPE_random,coco_POPE_random,1,0,"No,",no,1.703125,0.7201967592592593,11.9375,5.378010243917429,28,1,/mnt/data/ssz/mr/results/Qwen2.5-VL/pope/base/analysis/coco_POPE_random/2074.pt
582,582,coco_POPE_random,coco_POPE_random,1,0,"No,",no,1.71875,0.7524594907407407,11.9375,5.274030856271818,28,1,/mnt/data/ssz/mr/results/Qwen2.5-VL/pope/base/analysis/coco_POPE_random/582.pt
2829,2829,coco_POPE_random,coco_POPE_random,1,0,"Yes,",yes,1.734375,0.7311921296296297,11.9375,4.855679372186991,28,1,/mnt/data/ssz/mr/results/Qwen2.5-VL/pope/base/analysis/coco_POPE_random/2829.pt
1326,1326,coco_POPE_random,coco_POPE_random,1,0,"No,",no,1.703125,0.7411747685185185,11.9375,5.358999719081928,28,1,/mnt/data/ssz/mr/results/Qwen2.5-VL/pope/base/analysis/coco_POPE_random/1326.pt
583,583,coco_POPE_random,coco_POPE_random,1,0,"Yes,",yes,1.6875,0.7582465277777778,11.9375,4.8468188961879015,28,1,/mnt/data/ssz/mr/results/Qwen2.5-VL/pope/base/analysis/coco_POPE_random/583.pt
2075,2075,coco_POPE_random,coco_POPE_random,1,0,"Yes,",yes,1.703125,0.7201967592592593,11.9375,4.839303218855948,28,1,/mnt/data/ssz/mr/results/Qwen2.5-VL/pope/base/analysis/coco_POPE_random/2075.pt
2830,2830,coco_POPE_random,coco_POPE_random,1,0,"No,",no,1.734375,0.7311921296296297,11.9375,5.3209227008072935,28,1,/mnt/data/ssz/mr/results/Qwen2.5-VL/pope/base/analysis/coco_POPE_random/2830.pt
1327,1327,coco_POPE_random,coco_POPE_random,0,1,"No,",yes,1.6796875,0.7578125,11.9375,5.247898805296622,28,1,/mnt/data/ssz/mr/results/Qwen2.5-VL/pope/base/analysis/coco_POPE_random/1327.pt
584,584,coco_POPE_random,coco_POPE_random,1,0,"No,",no,1.6875,0.7582465277777778,11.9375,5.270698774808776,28,1,/mnt/data/ssz/mr/results/Qwen2.5-VL/pope/base/analysis/coco_POPE_random/584.pt
2076,2076,coco_POPE_random,coco_POPE_random,1,0,"No,",no,1.703125,0.7201967592592593,11.9375,5.319737459928578,28,1,/mnt/data/ssz/mr/results/Qwen2.5-VL/pope/base/analysis/coco_POPE_random/2076.pt
2831,2831,coco_POPE_random,coco_POPE_random,1,0,"Yes,",yes,1.734375,0.7311921296296297,11.9375,4.838625830434139,28,1,/mnt/data/ssz/mr/results/Qwen2.5-VL/pope/base/analysis/coco_POPE_random/2831.pt
1328,1328,coco_POPE_random,coco_POPE_random,1,0,"No,",no,1.6796875,0.7578125,11.9375,5.30670712131974,28,1,/mnt/data/ssz/mr/results/Qwen2.5-VL/pope/base/analysis/coco_POPE_random/1328.pt
585,585,coco_POPE_random,coco_POPE_random,1,0,"Yes,",yes,1.6875,0.7582465277777778,11.9375,4.880028431016776,28,1,/mnt/data/ssz/mr/results/Qwen2.5-VL/pope/base/analysis/coco_POPE_random/585.pt
2077,2077,coco_POPE_random,coco_POPE_random,1,0,"Yes,",yes,1.7265625,0.7235243055555556,11.9375,4.848295076088735,28,1,/mnt/data/ssz/mr/results/Qwen2.5-VL/pope/base/analysis/coco_POPE_random/2077.pt
2832,2832,coco_POPE_random,coco_POPE_random,1,0,"No,",no,1.734375,0.7311921296296297,11.9375,5.273099763099238,28,1,/mnt/data/ssz/mr/results/Qwen2.5-VL/pope/base/analysis/coco_POPE_random/2832.pt
1329,1329,coco_POPE_random,coco_POPE_random,1,0,"Yes,",yes,1.6796875,0.7578125,11.9375,4.89367286510336,28,1,/mnt/data/ssz/mr/results/Qwen2.5-VL/pope/base/analysis/coco_POPE_random/1329.pt
586,586,coco_POPE_random,coco_POPE_random,1,0,"No,",no,1.6875,0.7582465277777778,11.9375,5.2237122385146195,28,1,/mnt/data/ssz/mr/results/Qwen2.5-VL/pope/base/analysis/coco_POPE_random/586.pt
2078,2078,coco_POPE_random,coco_POPE_random,1,0,"No,",no,1.7265625,0.7235243055555556,11.9375,5.431570269649143,28,1,/mnt/data/ssz/mr/results/Qwen2.5-VL/pope/base/analysis/coco_POPE_random/2078.pt
2833,2833,coco_POPE_random,coco_POPE_random,0,1,"No,",yes,1.71875,0.7222222222222222,11.9375,5.33733551573635,28,1,/mnt/data/ssz/mr/results/Qwen2.5-VL/pope/base/analysis/coco_POPE_random/2833.pt
1330,1330,coco_POPE_random,coco_POPE_random,1,0,"No,",no,1.6796875,0.7578125,11.9375,5.2183756124753184,28,1,/mnt/data/ssz/mr/results/Qwen2.5-VL/pope/base/analysis/coco_POPE_random/1330.pt
587,587,coco_POPE_random,coco_POPE_random,1,0,"Yes,",yes,1.6875,0.7582465277777778,11.9375,4.818275166033165,28,1,/mnt/data/ssz/mr/results/Qwen2.5-VL/pope/base/analysis/coco_POPE_random/587.pt
2079,2079,coco_POPE_random,coco_POPE_random,0,1,"No,",yes,1.7265625,0.7235243055555556,11.9375,5.397297136025687,28,1,/mnt/data/ssz/mr/results/Qwen2.5-VL/pope/base/analysis/coco_POPE_random/2079.pt
2834,2834,coco_POPE_random,coco_POPE_random,1,0,"No,",no,1.71875,0.7222222222222222,11.9375,5.484951208133086,28,1,/mnt/data/ssz/mr/results/Qwen2.5-VL/pope/base/analysis/coco_POPE_random/2834.pt
1331,1331,coco_POPE_random,coco_POPE_random,0,1,"No,",yes,1.6796875,0.7578125,11.9375,5.304525611968185,28,1,/mnt/data/ssz/mr/results/Qwen2.5-VL/pope/base/analysis/coco_POPE_random/1331.pt
588,588,coco_POPE_random,coco_POPE_random,1,0,"No,",no,1.6875,0.7582465277777778,11.9375,5.233544225612918,28,1,/mnt/data/ssz/mr/results/Qwen2.5-VL/pope/base/analysis/coco_POPE_random/588.pt
2080,2080,coco_POPE_random,coco_POPE_random,1,0,"No,",no,1.7265625,0.7235243055555556,11.9375,5.259794797579412,28,1,/mnt/data/ssz/mr/results/Qwen2.5-VL/pope/base/analysis/coco_POPE_random/2080.pt
2835,2835,coco_POPE_random,coco_POPE_random,0,1,"No,",yes,1.71875,0.7222222222222222,11.9375,5.436723641530364,28,1,/mnt/data/ssz/mr/results/Qwen2.5-VL/pope/base/analysis/coco_POPE_random/2835.pt
1332,1332,coco_POPE_random,coco_POPE_random,1,0,"No,",no,1.6796875,0.7578125,11.9375,5.281823684637167,28,1,/mnt/data/ssz/mr/results/Qwen2.5-VL/pope/base/analysis/coco_POPE_random/1332.pt
589,589,coco_POPE_random,coco_POPE_random,1,0,"Yes,",yes,1.703125,0.7342303240740741,11.9375,4.924452584959495,28,1,/mnt/data/ssz/mr/results/Qwen2.5-VL/pope/base/analysis/coco_POPE_random/589.pt
2081,2081,coco_POPE_random,coco_POPE_random,1,0,"Yes,",yes,1.7265625,0.7235243055555556,11.9375,4.881864934436116,28,1,/mnt/data/ssz/mr/results/Qwen2.5-VL/pope/base/analysis/coco_POPE_random/2081.pt
2836,2836,coco_POPE_random,coco_POPE_random,1,0,"No,",no,1.71875,0.7222222222222222,11.9375,5.435550516503382,28,1,/mnt/data/ssz/mr/results/Qwen2.5-VL/pope/base/analysis/coco_POPE_random/2836.pt
1333,1333,coco_POPE_random,coco_POPE_random,1,0,"Yes,",yes,1.71875,0.7416087962962963,11.9375,4.904051439986206,28,1,/mnt/data/ssz/mr/results/Qwen2.5-VL/pope/base/analysis/coco_POPE_random/1333.pt
590,590,coco_POPE_random,coco_POPE_random,1,0,"No,",no,1.703125,0.7342303240740741,11.9375,5.277568301440374,28,1,/mnt/data/ssz/mr/results/Qwen2.5-VL/pope/base/analysis/coco_POPE_random/590.pt
2082,2082,coco_POPE_random,coco_POPE_random,1,0,"No,",no,1.7265625,0.7235243055555556,11.9375,5.4374653104088555,28,1,/mnt/data/ssz/mr/results/Qwen2.5-VL/pope/base/analysis/coco_POPE_random/2082.pt
2837,2837,coco_POPE_random,coco_POPE_random,1,0,"Yes,",yes,1.71875,0.7222222222222222,11.9375,4.9064510950722395,28,1,/mnt/data/ssz/mr/results/Qwen2.5-VL/pope/base/analysis/coco_POPE_random/2837.pt
1334,1334,coco_POPE_random,coco_POPE_random,1,0,"No,",no,1.71875,0.7416087962962963,11.9375,5.245394700060545,28,1,/mnt/data/ssz/mr/results/Qwen2.5-VL/pope/base/analysis/coco_POPE_random/1334.pt
591,591,coco_POPE_random,coco_POPE_random,1,0,"Yes,",yes,1.703125,0.7342303240740741,11.9375,4.84627468290709,28,1,/mnt/data/ssz/mr/results/Qwen2.5-VL/pope/base/analysis/coco_POPE_random/591.pt
2083,2083,coco_POPE_random,coco_POPE_random,1,0,"Yes,",yes,1.734375,0.73046875,11.9375,5.046322116152939,28,1,/mnt/data/ssz/mr/results/Qwen2.5-VL/pope/base/analysis/coco_POPE_random/2083.pt
2838,2838,coco_POPE_random,coco_POPE_random,1,0,"No,",no,1.71875,0.7222222222222222,11.9375,5.480389117694358,28,1,/mnt/data/ssz/mr/results/Qwen2.5-VL/pope/base/analysis/coco_POPE_random/2838.pt
1335,1335,coco_POPE_random,coco_POPE_random,0,1,"No,",yes,1.71875,0.7416087962962963,11.9375,5.236737426982323,28,1,/mnt/data/ssz/mr/results/Qwen2.5-VL/pope/base/analysis/coco_POPE_random/1335.pt
592,592,coco_POPE_random,coco_POPE_random,1,0,"No,",no,1.703125,0.7342303240740741,11.9375,5.232681537252387,28,1,/mnt/data/ssz/mr/results/Qwen2.5-VL/pope/base/analysis/coco_POPE_random/592.pt
2084,2084,coco_POPE_random,coco_POPE_random,0,1,"Yes,",no,1.734375,0.73046875,11.9375,4.974418209560851,28,1,/mnt/data/ssz/mr/results/Qwen2.5-VL/pope/base/analysis/coco_POPE_random/2084.pt
2839,2839,coco_POPE_random,coco_POPE_random,1,0,"Yes,",yes,1.71875,0.7666377314814815,11.9375,4.792678522114682,28,1,/mnt/data/ssz/mr/results/Qwen2.5-VL/pope/base/analysis/coco_POPE_random/2839.pt
1336,1336,coco_POPE_random,coco_POPE_random,1,0,"No,",no,1.71875,0.7416087962962963,11.9375,5.279004000724971,28,1,/mnt/data/ssz/mr/results/Qwen2.5-VL/pope/base/analysis/coco_POPE_random/1336.pt
593,593,coco_POPE_random,coco_POPE_random,1,0,"Yes,",yes,1.703125,0.7342303240740741,11.9375,4.84920815728716,28,1,/mnt/data/ssz/mr/results/Qwen2.5-VL/pope/base/analysis/coco_POPE_random/593.pt
2085,2085,coco_POPE_random,coco_POPE_random,1,0,"Yes,",yes,1.734375,0.73046875,11.9375,4.96717353807451,28,1,/mnt/data/ssz/mr/results/Qwen2.5-VL/pope/base/analysis/coco_POPE_random/2085.pt
2840,2840,coco_POPE_random,coco_POPE_random,1,0,"No,",no,1.71875,0.7666377314814815,11.9375,5.304590427341439,28,1,/mnt/data/ssz/mr/results/Qwen2.5-VL/pope/base/analysis/coco_POPE_random/2840.pt
1337,1337,coco_POPE_random,coco_POPE_random,1,0,"Yes,",yes,1.71875,0.7416087962962963,11.9375,4.829415875222838,28,1,/mnt/data/ssz/mr/results/Qwen2.5-VL/pope/base/analysis/coco_POPE_random/1337.pt
594,594,coco_POPE_random,coco_POPE_random,1,0,"No,",no,1.703125,0.7342303240740741,11.9375,5.338960626928822,28,1,/mnt/data/ssz/mr/results/Qwen2.5-VL/pope/base/analysis/coco_POPE_random/594.pt
2086,2086,coco_POPE_random,coco_POPE_random,1,0,"No,",no,1.734375,0.73046875,11.9375,5.47695861275235,28,1,/mnt/data/ssz/mr/results/Qwen2.5-VL/pope/base/analysis/coco_POPE_random/2086.pt
2841,2841,coco_POPE_random,coco_POPE_random,1,0,"Yes,",yes,1.71875,0.7666377314814815,11.9375,4.963846621603381,28,1,/mnt/data/ssz/mr/results/Qwen2.5-VL/pope/base/analysis/coco_POPE_random/2841.pt
1338,1338,coco_POPE_random,coco_POPE_random,1,0,"No,",no,1.71875,0.7416087962962963,11.9375,5.308563357924805,28,1,/mnt/data/ssz/mr/results/Qwen2.5-VL/pope/base/analysis/coco_POPE_random/1338.pt
595,595,coco_POPE_random,coco_POPE_random,1,0,"Yes,",yes,1.71875,0.7643229166666666,11.9375,4.814759311138136,28,1,/mnt/data/ssz/mr/results/Qwen2.5-VL/pope/base/analysis/coco_POPE_random/595.pt
2087,2087,coco_POPE_random,coco_POPE_random,0,1,"No,",yes,1.734375,0.73046875,11.9375,5.439645427714791,28,1,/mnt/data/ssz/mr/results/Qwen2.5-VL/pope/base/analysis/coco_POPE_random/2087.pt
2842,2842,coco_POPE_random,coco_POPE_random,1,0,"No,",no,1.71875,0.7666377314814815,11.9375,5.233562853661014,28,1,/mnt/data/ssz/mr/results/Qwen2.5-VL/pope/base/analysis/coco_POPE_random/2842.pt
1339,1339,coco_POPE_random,coco_POPE_random,0,1,"No,",yes,1.75,0.7394386574074074,11.9375,5.389633705364836,28,1,/mnt/data/ssz/mr/results/Qwen2.5-VL/pope/base/analysis/coco_POPE_random/1339.pt
596,596,coco_POPE_random,coco_POPE_random,1,0,"No,",no,1.71875,0.7643229166666666,11.9375,5.320528445043809,28,1,/mnt/data/ssz/mr/results/Qwen2.5-VL/pope/base/analysis/coco_POPE_random/596.pt
2843,2843,coco_POPE_random,coco_POPE_random,0,1,"No,",yes,1.71875,0.7666377314814815,11.9375,5.273337559441839,28,1,/mnt/data/ssz/mr/results/Qwen2.5-VL/pope/base/analysis/coco_POPE_random/2843.pt
2088,2088,coco_POPE_random,coco_POPE_random,1,0,"No,",no,1.734375,0.73046875,11.9375,5.347841515148345,28,1,/mnt/data/ssz/mr/results/Qwen2.5-VL/pope/base/analysis/coco_POPE_random/2088.pt
1340,1340,coco_POPE_random,coco_POPE_random,1,0,"No,",no,1.75,0.7394386574074074,11.9375,5.391137509094703,28,1,/mnt/data/ssz/mr/results/Qwen2.5-VL/pope/base/analysis/coco_POPE_random/1340.pt
597,597,coco_POPE_random,coco_POPE_random,1,0,"Yes,",yes,1.71875,0.7643229166666666,11.9375,5.045600914918263,28,1,/mnt/data/ssz/mr/results/Qwen2.5-VL/pope/base/analysis/coco_POPE_random/597.pt
2844,2844,coco_POPE_random,coco_POPE_random,1,0,"No,",no,1.71875,0.7666377314814815,11.9375,5.384984462743262,28,1,/mnt/data/ssz/mr/results/Qwen2.5-VL/pope/base/analysis/coco_POPE_random/2844.pt
2089,2089,coco_POPE_random,coco_POPE_random,0,1,"No,",yes,1.71875,0.7420428240740741,11.9375,5.291281207587575,28,1,/mnt/data/ssz/mr/results/Qwen2.5-VL/pope/base/analysis/coco_POPE_random/2089.pt
1341,1341,coco_POPE_random,coco_POPE_random,0,1,"No,",yes,1.75,0.7394386574074074,11.9375,5.407582391244121,28,1,/mnt/data/ssz/mr/results/Qwen2.5-VL/pope/base/analysis/coco_POPE_random/1341.pt
598,598,coco_POPE_random,coco_POPE_random,1,0,"No,",no,1.71875,0.7643229166666666,11.9375,5.286771088860706,28,1,/mnt/data/ssz/mr/results/Qwen2.5-VL/pope/base/analysis/coco_POPE_random/598.pt
2845,2845,coco_POPE_random,coco_POPE_random,1,0,"Yes,",yes,1.7265625,0.7491319444444444,11.9375,4.968486838687049,28,1,/mnt/data/ssz/mr/results/Qwen2.5-VL/pope/base/analysis/coco_POPE_random/2845.pt
2090,2090,coco_POPE_random,coco_POPE_random,1,0,"No,",no,1.71875,0.7420428240740741,11.9375,5.332717175731322,28,1,/mnt/data/ssz/mr/results/Qwen2.5-VL/pope/base/analysis/coco_POPE_random/2090.pt
1342,1342,coco_POPE_random,coco_POPE_random,1,0,"No,",no,1.75,0.7394386574074074,11.9375,5.442839604584277,28,1,/mnt/data/ssz/mr/results/Qwen2.5-VL/pope/base/analysis/coco_POPE_random/1342.pt
2846,2846,coco_POPE_random,coco_POPE_random,1,0,"No,",no,1.7265625,0.7491319444444444,11.9375,5.418162496581348,28,1,/mnt/data/ssz/mr/results/Qwen2.5-VL/pope/base/analysis/coco_POPE_random/2846.pt
599,599,coco_POPE_random,coco_POPE_random,1,0,"Yes,",yes,1.71875,0.7643229166666666,11.9375,4.951355732760178,28,1,/mnt/data/ssz/mr/results/Qwen2.5-VL/pope/base/analysis/coco_POPE_random/599.pt
2091,2091,coco_POPE_random,coco_POPE_random,0,1,"No,",yes,1.71875,0.7420428240740741,11.9375,5.440985101247102,28,1,/mnt/data/ssz/mr/results/Qwen2.5-VL/pope/base/analysis/coco_POPE_random/2091.pt
1343,1343,coco_POPE_random,coco_POPE_random,1,0,"Yes,",yes,1.75,0.7394386574074074,11.9375,4.958989499437943,28,1,/mnt/data/ssz/mr/results/Qwen2.5-VL/pope/base/analysis/coco_POPE_random/1343.pt
2847,2847,coco_POPE_random,coco_POPE_random,1,0,"Yes,",yes,1.7265625,0.7491319444444444,11.9375,4.756759522653369,28,1,/mnt/data/ssz/mr/results/Qwen2.5-VL/pope/base/analysis/coco_POPE_random/2847.pt
600,600,coco_POPE_random,coco_POPE_random,1,0,"No,",no,1.71875,0.7643229166666666,11.9375,5.389348926253378,28,1,/mnt/data/ssz/mr/results/Qwen2.5-VL/pope/base/analysis/coco_POPE_random/600.pt
2092,2092,coco_POPE_random,coco_POPE_random,1,0,"No,",no,1.71875,0.7420428240740741,11.9375,5.349816710758676,28,1,/mnt/data/ssz/mr/results/Qwen2.5-VL/pope/base/analysis/coco_POPE_random/2092.pt
1344,1344,coco_POPE_random,coco_POPE_random,1,0,"No,",no,1.75,0.7394386574074074,11.9375,5.492426400734359,28,1,/mnt/data/ssz/mr/results/Qwen2.5-VL/pope/base/analysis/coco_POPE_random/1344.pt
2848,2848,coco_POPE_random,coco_POPE_random,1,0,"No,",no,1.7265625,0.7491319444444444,11.9375,5.310203573617087,28,1,/mnt/data/ssz/mr/results/Qwen2.5-VL/pope/base/analysis/coco_POPE_random/2848.pt
2093,2093,coco_POPE_random,coco_POPE_random,1,0,"Yes,",yes,1.71875,0.7420428240740741,11.9375,4.82344893897971,28,1,/mnt/data/ssz/mr/results/Qwen2.5-VL/pope/base/analysis/coco_POPE_random/2093.pt
601,601,coco_POPE_random,coco_POPE_random,1,0,"Yes,",yes,1.7109375,0.7332175925925926,11.9375,4.749992089885483,28,1,/mnt/data/ssz/mr/results/Qwen2.5-VL/pope/base/analysis/coco_POPE_random/601.pt
1345,1345,coco_POPE_random,coco_POPE_random,0,1,"No,",yes,1.71875,0.7366898148148148,11.9375,5.387147797003667,28,1,/mnt/data/ssz/mr/results/Qwen2.5-VL/pope/base/analysis/coco_POPE_random/1345.pt
2849,2849,coco_POPE_random,coco_POPE_random,1,0,"Yes,",yes,1.7265625,0.7491319444444444,11.9375,4.8364802609090045,28,1,/mnt/data/ssz/mr/results/Qwen2.5-VL/pope/base/analysis/coco_POPE_random/2849.pt
2094,2094,coco_POPE_random,coco_POPE_random,1,0,"No,",no,1.71875,0.7420428240740741,11.9375,5.301682746131394,28,1,/mnt/data/ssz/mr/results/Qwen2.5-VL/pope/base/analysis/coco_POPE_random/2094.pt
602,602,coco_POPE_random,coco_POPE_random,1,0,"No,",no,1.7109375,0.7332175925925926,11.9375,5.250654906566869,28,1,/mnt/data/ssz/mr/results/Qwen2.5-VL/pope/base/analysis/coco_POPE_random/602.pt
1346,1346,coco_POPE_random,coco_POPE_random,1,0,"No,",no,1.71875,0.7366898148148148,11.9375,5.418845506946974,28,1,/mnt/data/ssz/mr/results/Qwen2.5-VL/pope/base/analysis/coco_POPE_random/1346.pt
2850,2850,coco_POPE_random,coco_POPE_random,1,0,"No,",no,1.7265625,0.7491319444444444,11.9375,5.371617438433727,28,1,/mnt/data/ssz/mr/results/Qwen2.5-VL/pope/base/analysis/coco_POPE_random/2850.pt
2095,2095,coco_POPE_random,coco_POPE_random,0,1,"No,",yes,1.6875,0.7361111111111112,11.9375,5.4917390327500195,28,1,/mnt/data/ssz/mr/results/Qwen2.5-VL/pope/base/analysis/coco_POPE_random/2095.pt
603,603,coco_POPE_random,coco_POPE_random,1,0,"Yes,",yes,1.7109375,0.7332175925925926,11.9375,4.881569283831767,28,1,/mnt/data/ssz/mr/results/Qwen2.5-VL/pope/base/analysis/coco_POPE_random/603.pt
2851,2851,coco_POPE_random,coco_POPE_random,0,1,"No,",yes,1.734375,0.7484085648148148,11.9375,5.313590890110233,28,1,/mnt/data/ssz/mr/results/Qwen2.5-VL/pope/base/analysis/coco_POPE_random/2851.pt
1347,1347,coco_POPE_random,coco_POPE_random,1,0,"Yes,",yes,1.71875,0.7366898148148148,11.9375,4.899758051698177,28,1,/mnt/data/ssz/mr/results/Qwen2.5-VL/pope/base/analysis/coco_POPE_random/1347.pt
2096,2096,coco_POPE_random,coco_POPE_random,1,0,"No,",no,1.6875,0.7361111111111112,11.9375,5.311344141037526,28,1,/mnt/data/ssz/mr/results/Qwen2.5-VL/pope/base/analysis/coco_POPE_random/2096.pt
604,604,coco_POPE_random,coco_POPE_random,1,0,"No,",no,1.7109375,0.7332175925925926,11.9375,5.350944312686163,28,1,/mnt/data/ssz/mr/results/Qwen2.5-VL/pope/base/analysis/coco_POPE_random/604.pt
2852,2852,coco_POPE_random,coco_POPE_random,1,0,"No,",no,1.734375,0.7484085648148148,11.9375,5.3344791147570385,28,1,/mnt/data/ssz/mr/results/Qwen2.5-VL/pope/base/analysis/coco_POPE_random/2852.pt
1348,1348,coco_POPE_random,coco_POPE_random,1,0,"No,",no,1.71875,0.7366898148148148,11.9375,5.3350199141366765,28,1,/mnt/data/ssz/mr/results/Qwen2.5-VL/pope/base/analysis/coco_POPE_random/1348.pt
2097,2097,coco_POPE_random,coco_POPE_random,1,0,"Yes,",yes,1.6875,0.7361111111111112,11.9375,4.920185672810733,28,1,/mnt/data/ssz/mr/results/Qwen2.5-VL/pope/base/analysis/coco_POPE_random/2097.pt
605,605,coco_POPE_random,coco_POPE_random,1,0,"Yes,",yes,1.7109375,0.7332175925925926,11.9375,4.772892877470474,28,1,/mnt/data/ssz/mr/results/Qwen2.5-VL/pope/base/analysis/coco_POPE_random/605.pt
2853,2853,coco_POPE_random,coco_POPE_random,1,0,"Yes,",yes,1.734375,0.7484085648148148,11.9375,4.772627770677437,28,1,/mnt/data/ssz/mr/results/Qwen2.5-VL/pope/base/analysis/coco_POPE_random/2853.pt
1349,1349,coco_POPE_random,coco_POPE_random,1,0,"Yes,",yes,1.71875,0.7366898148148148,11.9375,5.009612792846295,28,1,/mnt/data/ssz/mr/results/Qwen2.5-VL/pope/base/analysis/coco_POPE_random/1349.pt
2098,2098,coco_POPE_random,coco_POPE_random,1,0,"No,",no,1.6875,0.7361111111111112,11.9375,5.330613702075112,28,1,/mnt/data/ssz/mr/results/Qwen2.5-VL/pope/base/analysis/coco_POPE_random/2098.pt
606,606,coco_POPE_random,coco_POPE_random,1,0,"No,",no,1.7109375,0.7332175925925926,11.9375,5.260796054961843,28,1,/mnt/data/ssz/mr/results/Qwen2.5-VL/pope/base/analysis/coco_POPE_random/606.pt
2854,2854,coco_POPE_random,coco_POPE_random,1,0,"No,",no,1.734375,0.7484085648148148,11.9375,5.299401286354938,28,1,/mnt/data/ssz/mr/results/Qwen2.5-VL/pope/base/analysis/coco_POPE_random/2854.pt
1350,1350,coco_POPE_random,coco_POPE_random,1,0,"No,",no,1.71875,0.7366898148148148,11.9375,5.388494885980217,28,1,/mnt/data/ssz/mr/results/Qwen2.5-VL/pope/base/analysis/coco_POPE_random/1350.pt
2099,2099,coco_POPE_random,coco_POPE_random,0,1,"No,",yes,1.6875,0.7361111111111112,11.9375,5.362356637435934,28,1,/mnt/data/ssz/mr/results/Qwen2.5-VL/pope/base/analysis/coco_POPE_random/2099.pt
607,607,coco_POPE_random,coco_POPE_random,1,0,"Yes,",yes,1.71875,0.7445023148148148,11.9375,4.805273752592077,28,1,/mnt/data/ssz/mr/results/Qwen2.5-VL/pope/base/analysis/coco_POPE_random/607.pt
2855,2855,coco_POPE_random,coco_POPE_random,1,0,"Yes,",yes,1.734375,0.7484085648148148,11.9375,5.0231842568851715,28,1,/mnt/data/ssz/mr/results/Qwen2.5-VL/pope/base/analysis/coco_POPE_random/2855.pt
2100,2100,coco_POPE_random,coco_POPE_random,1,0,"No,",no,1.6875,0.7361111111111112,11.9375,5.3884771595591605,28,1,/mnt/data/ssz/mr/results/Qwen2.5-VL/pope/base/analysis/coco_POPE_random/2100.pt
1351,1351,coco_POPE_random,coco_POPE_random,0,1,"No,",yes,1.703125,0.7411747685185185,11.9375,5.243919297047702,28,1,/mnt/data/ssz/mr/results/Qwen2.5-VL/pope/base/analysis/coco_POPE_random/1351.pt
608,608,coco_POPE_random,coco_POPE_random,1,0,"No,",no,1.71875,0.7445023148148148,11.9375,5.293760465995955,28,1,/mnt/data/ssz/mr/results/Qwen2.5-VL/pope/base/analysis/coco_POPE_random/608.pt
2856,2856,coco_POPE_random,coco_POPE_random,1,0,"No,",no,1.734375,0.7484085648148148,11.9375,5.332540929768019,28,1,/mnt/data/ssz/mr/results/Qwen2.5-VL/pope/base/analysis/coco_POPE_random/2856.pt
2101,2101,coco_POPE_random,coco_POPE_random,0,1,"No,",yes,1.6953125,0.7581018518518519,11.9375,5.34042675051726,28,1,/mnt/data/ssz/mr/results/Qwen2.5-VL/pope/base/analysis/coco_POPE_random/2101.pt
1352,1352,coco_POPE_random,coco_POPE_random,1,0,"No,",no,1.703125,0.7411747685185185,11.9375,5.252524744968031,28,1,/mnt/data/ssz/mr/results/Qwen2.5-VL/pope/base/analysis/coco_POPE_random/1352.pt
609,609,coco_POPE_random,coco_POPE_random,1,0,"Yes,",yes,1.71875,0.7445023148148148,11.9375,4.8260883598962065,28,1,/mnt/data/ssz/mr/results/Qwen2.5-VL/pope/base/analysis/coco_POPE_random/609.pt
2857,2857,coco_POPE_random,coco_POPE_random,1,0,"Yes,",yes,1.75,0.7573784722222222,11.9375,5.094985920468298,28,1,/mnt/data/ssz/mr/results/Qwen2.5-VL/pope/base/analysis/coco_POPE_random/2857.pt
2102,2102,coco_POPE_random,coco_POPE_random,1,0,"No,",no,1.6953125,0.7581018518518519,11.9375,5.36755867028453,28,1,/mnt/data/ssz/mr/results/Qwen2.5-VL/pope/base/analysis/coco_POPE_random/2102.pt
1353,1353,coco_POPE_random,coco_POPE_random,1,0,"Yes,",yes,1.703125,0.7411747685185185,11.9375,4.80047270925909,28,1,/mnt/data/ssz/mr/results/Qwen2.5-VL/pope/base/analysis/coco_POPE_random/1353.pt
610,610,coco_POPE_random,coco_POPE_random,1,0,"No,",no,1.71875,0.7445023148148148,11.9375,5.3155511637237876,28,1,/mnt/data/ssz/mr/results/Qwen2.5-VL/pope/base/analysis/coco_POPE_random/610.pt
2858,2858,coco_POPE_random,coco_POPE_random,1,0,"No,",no,1.75,0.7573784722222222,11.9375,5.459984456957093,28,1,/mnt/data/ssz/mr/results/Qwen2.5-VL/pope/base/analysis/coco_POPE_random/2858.pt
2103,2103,coco_POPE_random,coco_POPE_random,1,0,"Yes,",yes,1.6953125,0.7581018518518519,11.9375,4.852043626262215,28,1,/mnt/data/ssz/mr/results/Qwen2.5-VL/pope/base/analysis/coco_POPE_random/2103.pt
1354,1354,coco_POPE_random,coco_POPE_random,1,0,"No,",no,1.703125,0.7411747685185185,11.9375,5.364686929721004,28,1,/mnt/data/ssz/mr/results/Qwen2.5-VL/pope/base/analysis/coco_POPE_random/1354.pt
611,611,coco_POPE_random,coco_POPE_random,0,1,"No,",yes,1.71875,0.7445023148148148,11.9375,5.29665223598594,28,1,/mnt/data/ssz/mr/results/Qwen2.5-VL/pope/base/analysis/coco_POPE_random/611.pt
2859,2859,coco_POPE_random,coco_POPE_random,1,0,"Yes,",yes,1.75,0.7573784722222222,11.9375,4.960996352553676,28,1,/mnt/data/ssz/mr/results/Qwen2.5-VL/pope/base/analysis/coco_POPE_random/2859.pt
2104,2104,coco_POPE_random,coco_POPE_random,1,0,"No,",no,1.6953125,0.7581018518518519,11.9375,5.284010563113983,28,1,/mnt/data/ssz/mr/results/Qwen2.5-VL/pope/base/analysis/coco_POPE_random/2104.pt
1355,1355,coco_POPE_random,coco_POPE_random,1,0,"Yes,",yes,1.703125,0.7411747685185185,11.9375,4.824222128770496,28,1,/mnt/data/ssz/mr/results/Qwen2.5-VL/pope/base/analysis/coco_POPE_random/1355.pt
612,612,coco_POPE_random,coco_POPE_random,1,0,"No,",no,1.71875,0.7445023148148148,11.9375,5.326959833300297,28,1,/mnt/data/ssz/mr/results/Qwen2.5-VL/pope/base/analysis/coco_POPE_random/612.pt
2860,2860,coco_POPE_random,coco_POPE_random,1,0,"No,",no,1.75,0.7573784722222222,11.9375,5.499366745718049,28,1,/mnt/data/ssz/mr/results/Qwen2.5-VL/pope/base/analysis/coco_POPE_random/2860.pt
2105,2105,coco_POPE_random,coco_POPE_random,0,1,"No,",yes,1.6953125,0.7581018518518519,11.9375,5.419073255540992,28,1,/mnt/data/ssz/mr/results/Qwen2.5-VL/pope/base/analysis/coco_POPE_random/2105.pt
1356,1356,coco_POPE_random,coco_POPE_random,1,0,"No,",no,1.703125,0.7411747685185185,11.9375,5.331935348953268,28,1,/mnt/data/ssz/mr/results/Qwen2.5-VL/pope/base/analysis/coco_POPE_random/1356.pt
613,613,coco_POPE_random,coco_POPE_random,1,0,"Yes,",yes,1.7265625,0.7320601851851852,11.9375,4.958514107605016,28,1,/mnt/data/ssz/mr/results/Qwen2.5-VL/pope/base/analysis/coco_POPE_random/613.pt
2861,2861,coco_POPE_random,coco_POPE_random,1,0,"Yes,",yes,1.75,0.7573784722222222,11.9375,4.943604780449435,28,1,/mnt/data/ssz/mr/results/Qwen2.5-VL/pope/base/analysis/coco_POPE_random/2861.pt
2106,2106,coco_POPE_random,coco_POPE_random,1,0,"No,",no,1.6953125,0.7581018518518519,11.9375,5.245634205199733,28,1,/mnt/data/ssz/mr/results/Qwen2.5-VL/pope/base/analysis/coco_POPE_random/2106.pt
1357,1357,coco_POPE_random,coco_POPE_random,0,1,"No,",yes,1.71875,0.7427662037037037,11.9375,5.504719749679245,28,1,/mnt/data/ssz/mr/results/Qwen2.5-VL/pope/base/analysis/coco_POPE_random/1357.pt
614,614,coco_POPE_random,coco_POPE_random,1,0,"No,",no,1.7265625,0.7320601851851852,11.9375,5.2938864122281375,28,1,/mnt/data/ssz/mr/results/Qwen2.5-VL/pope/base/analysis/coco_POPE_random/614.pt
2862,2862,coco_POPE_random,coco_POPE_random,1,0,"No,",no,1.75,0.7573784722222222,11.9375,5.451635920169215,28,1,/mnt/data/ssz/mr/results/Qwen2.5-VL/pope/base/analysis/coco_POPE_random/2862.pt
2107,2107,coco_POPE_random,coco_POPE_random,1,0,"Yes,",yes,1.71875,0.7259837962962963,11.9375,5.0446177110119255,28,1,/mnt/data/ssz/mr/results/Qwen2.5-VL/pope/base/analysis/coco_POPE_random/2107.pt
1358,1358,coco_POPE_random,coco_POPE_random,1,0,"No,",no,1.71875,0.7427662037037037,11.9375,5.37921378732307,28,1,/mnt/data/ssz/mr/results/Qwen2.5-VL/pope/base/analysis/coco_POPE_random/1358.pt
615,615,coco_POPE_random,coco_POPE_random,1,0,"Yes,",yes,1.7265625,0.7320601851851852,11.9375,4.85772564542955,28,1,/mnt/data/ssz/mr/results/Qwen2.5-VL/pope/base/analysis/coco_POPE_random/615.pt
2863,2863,coco_POPE_random,coco_POPE_random,1,0,"Yes,",yes,1.703125,0.7475405092592593,11.9375,4.821318029473906,28,1,/mnt/data/ssz/mr/results/Qwen2.5-VL/pope/base/analysis/coco_POPE_random/2863.pt
2108,2108,coco_POPE_random,coco_POPE_random,1,0,"No,",no,1.71875,0.7259837962962963,11.9375,5.36899112107143,28,1,/mnt/data/ssz/mr/results/Qwen2.5-VL/pope/base/analysis/coco_POPE_random/2108.pt
1359,1359,coco_POPE_random,coco_POPE_random,1,0,"Yes,",yes,1.71875,0.7427662037037037,11.9375,4.958868175020677,28,1,/mnt/data/ssz/mr/results/Qwen2.5-VL/pope/base/analysis/coco_POPE_random/1359.pt
616,616,coco_POPE_random,coco_POPE_random,1,0,"No,",no,1.7265625,0.7320601851851852,11.9375,5.428955895696884,28,1,/mnt/data/ssz/mr/results/Qwen2.5-VL/pope/base/analysis/coco_POPE_random/616.pt
2864,2864,coco_POPE_random,coco_POPE_random,1,0,"No,",no,1.703125,0.7475405092592593,11.9375,5.216197632839512,28,1,/mnt/data/ssz/mr/results/Qwen2.5-VL/pope/base/analysis/coco_POPE_random/2864.pt
2109,2109,coco_POPE_random,coco_POPE_random,1,0,"Yes,",yes,1.71875,0.7259837962962963,11.9375,4.865728711613142,28,1,/mnt/data/ssz/mr/results/Qwen2.5-VL/pope/base/analysis/coco_POPE_random/2109.pt
1360,1360,coco_POPE_random,coco_POPE_random,1,0,"No,",no,1.71875,0.7427662037037037,11.9375,5.401700328143715,28,1,/mnt/data/ssz/mr/results/Qwen2.5-VL/pope/base/analysis/coco_POPE_random/1360.pt
2865,2865,coco_POPE_random,coco_POPE_random,1,0,"Yes,",yes,1.703125,0.7475405092592593,11.9375,4.705237244340193,28,1,/mnt/data/ssz/mr/results/Qwen2.5-VL/pope/base/analysis/coco_POPE_random/2865.pt
617,617,coco_POPE_random,coco_POPE_random,0,1,"No,",yes,1.7265625,0.7320601851851852,11.9375,5.375933183139091,28,1,/mnt/data/ssz/mr/results/Qwen2.5-VL/pope/base/analysis/coco_POPE_random/617.pt
2110,2110,coco_POPE_random,coco_POPE_random,1,0,"No,",no,1.71875,0.7259837962962963,11.9375,5.516760210153366,28,1,/mnt/data/ssz/mr/results/Qwen2.5-VL/pope/base/analysis/coco_POPE_random/2110.pt
2866,2866,coco_POPE_random,coco_POPE_random,1,0,"No,",no,1.703125,0.7475405092592593,11.9375,5.102102565854474,28,1,/mnt/data/ssz/mr/results/Qwen2.5-VL/pope/base/analysis/coco_POPE_random/2866.pt
1361,1361,coco_POPE_random,coco_POPE_random,0,1,"No,",yes,1.71875,0.7427662037037037,11.9375,5.446875927976087,28,1,/mnt/data/ssz/mr/results/Qwen2.5-VL/pope/base/analysis/coco_POPE_random/1361.pt
618,618,coco_POPE_random,coco_POPE_random,1,0,"No,",no,1.7265625,0.7320601851851852,11.9375,5.409291354903966,28,1,/mnt/data/ssz/mr/results/Qwen2.5-VL/pope/base/analysis/coco_POPE_random/618.pt
2111,2111,coco_POPE_random,coco_POPE_random,1,0,"Yes,",yes,1.71875,0.7259837962962963,11.9375,4.879229429571447,28,1,/mnt/data/ssz/mr/results/Qwen2.5-VL/pope/base/analysis/coco_POPE_random/2111.pt
2867,2867,coco_POPE_random,coco_POPE_random,1,0,"Yes,",yes,1.703125,0.7475405092592593,11.9375,4.6952764136448275,28,1,/mnt/data/ssz/mr/results/Qwen2.5-VL/pope/base/analysis/coco_POPE_random/2867.pt
1362,1362,coco_POPE_random,coco_POPE_random,1,0,"No,",no,1.71875,0.7427662037037037,11.9375,5.416254953611095,28,1,/mnt/data/ssz/mr/results/Qwen2.5-VL/pope/base/analysis/coco_POPE_random/1362.pt
619,619,coco_POPE_random,coco_POPE_random,0,1,"No,",yes,1.671875,0.7355324074074074,11.9375,5.343827269355939,28,1,/mnt/data/ssz/mr/results/Qwen2.5-VL/pope/base/analysis/coco_POPE_random/619.pt
2112,2112,coco_POPE_random,coco_POPE_random,1,0,"No,",no,1.71875,0.7259837962962963,11.9375,5.426560415655018,28,1,/mnt/data/ssz/mr/results/Qwen2.5-VL/pope/base/analysis/coco_POPE_random/2112.pt
2868,2868,coco_POPE_random,coco_POPE_random,1,0,"No,",no,1.703125,0.7475405092592593,11.9375,5.176072074622362,28,1,/mnt/data/ssz/mr/results/Qwen2.5-VL/pope/base/analysis/coco_POPE_random/2868.pt
1363,1363,coco_POPE_random,coco_POPE_random,1,0,"Yes,",yes,1.703125,0.7579571759259259,11.9375,5.01239972953397,28,1,/mnt/data/ssz/mr/results/Qwen2.5-VL/pope/base/analysis/coco_POPE_random/1363.pt
620,620,coco_POPE_random,coco_POPE_random,1,0,"No,",no,1.671875,0.7355324074074074,11.9375,5.284737352159826,28,1,/mnt/data/ssz/mr/results/Qwen2.5-VL/pope/base/analysis/coco_POPE_random/620.pt
2113,2113,coco_POPE_random,coco_POPE_random,1,0,"Yes,",yes,1.671875,0.7123842592592593,11.9375,4.809666529318269,28,1,/mnt/data/ssz/mr/results/Qwen2.5-VL/pope/base/analysis/coco_POPE_random/2113.pt
2869,2869,coco_POPE_random,coco_POPE_random,1,0,"Yes,",yes,1.75,0.7239583333333334,11.9375,4.858287247343511,28,1,/mnt/data/ssz/mr/results/Qwen2.5-VL/pope/base/analysis/coco_POPE_random/2869.pt
1364,1364,coco_POPE_random,coco_POPE_random,1,0,"No,",no,1.703125,0.7579571759259259,11.9375,5.312895933495321,28,1,/mnt/data/ssz/mr/results/Qwen2.5-VL/pope/base/analysis/coco_POPE_random/1364.pt
621,621,coco_POPE_random,coco_POPE_random,0,1,"No,",yes,1.671875,0.7355324074074074,11.9375,5.361120752430514,28,1,/mnt/data/ssz/mr/results/Qwen2.5-VL/pope/base/analysis/coco_POPE_random/621.pt
2114,2114,coco_POPE_random,coco_POPE_random,1,0,"No,",no,1.671875,0.7123842592592593,11.9375,5.284664824585669,28,1,/mnt/data/ssz/mr/results/Qwen2.5-VL/pope/base/analysis/coco_POPE_random/2114.pt
2870,2870,coco_POPE_random,coco_POPE_random,1,0,"No,",no,1.75,0.7239583333333334,11.9375,5.354458659752144,28,1,/mnt/data/ssz/mr/results/Qwen2.5-VL/pope/base/analysis/coco_POPE_random/2870.pt
1365,1365,coco_POPE_random,coco_POPE_random,1,0,"Yes,",yes,1.703125,0.7579571759259259,11.9375,4.9038438645586915,28,1,/mnt/data/ssz/mr/results/Qwen2.5-VL/pope/base/analysis/coco_POPE_random/1365.pt
622,622,coco_POPE_random,coco_POPE_random,1,0,"No,",no,1.671875,0.7355324074074074,11.9375,5.256334027837825,28,1,/mnt/data/ssz/mr/results/Qwen2.5-VL/pope/base/analysis/coco_POPE_random/622.pt
2115,2115,coco_POPE_random,coco_POPE_random,0,1,"No,",yes,1.671875,0.7123842592592593,11.9375,5.313326198903115,28,1,/mnt/data/ssz/mr/results/Qwen2.5-VL/pope/base/analysis/coco_POPE_random/2115.pt
2871,2871,coco_POPE_random,coco_POPE_random,1,0,"Yes,",yes,1.75,0.7239583333333334,11.9375,4.800492036411517,28,1,/mnt/data/ssz/mr/results/Qwen2.5-VL/pope/base/analysis/coco_POPE_random/2871.pt
1366,1366,coco_POPE_random,coco_POPE_random,1,0,"No,",no,1.703125,0.7579571759259259,11.9375,5.407353352198323,28,1,/mnt/data/ssz/mr/results/Qwen2.5-VL/pope/base/analysis/coco_POPE_random/1366.pt
623,623,coco_POPE_random,coco_POPE_random,1,0,"Yes,",yes,1.671875,0.7355324074074074,11.9375,4.763198880776302,28,1,/mnt/data/ssz/mr/results/Qwen2.5-VL/pope/base/analysis/coco_POPE_random/623.pt
2116,2116,coco_POPE_random,coco_POPE_random,1,0,"No,",no,1.671875,0.7123842592592593,11.9375,5.358587986251983,28,1,/mnt/data/ssz/mr/results/Qwen2.5-VL/pope/base/analysis/coco_POPE_random/2116.pt
2872,2872,coco_POPE_random,coco_POPE_random,1,0,"No,",no,1.75,0.7239583333333334,11.9375,5.3059787804487675,28,1,/mnt/data/ssz/mr/results/Qwen2.5-VL/pope/base/analysis/coco_POPE_random/2872.pt
624,624,coco_POPE_random,coco_POPE_random,1,0,"No,",no,1.671875,0.7355324074074074,11.9375,5.213557039297829,28,1,/mnt/data/ssz/mr/results/Qwen2.5-VL/pope/base/analysis/coco_POPE_random/624.pt
1367,1367,coco_POPE_random,coco_POPE_random,0,1,"No,",yes,1.703125,0.7579571759259259,11.9375,5.384005007383425,28,1,/mnt/data/ssz/mr/results/Qwen2.5-VL/pope/base/analysis/coco_POPE_random/1367.pt
2117,2117,coco_POPE_random,coco_POPE_random,1,0,"Yes,",yes,1.671875,0.7123842592592593,11.9375,4.854688210026985,28,1,/mnt/data/ssz/mr/results/Qwen2.5-VL/pope/base/analysis/coco_POPE_random/2117.pt
2873,2873,coco_POPE_random,coco_POPE_random,1,0,"Yes,",yes,1.75,0.7239583333333334,11.9375,4.8872528812473774,28,1,/mnt/data/ssz/mr/results/Qwen2.5-VL/pope/base/analysis/coco_POPE_random/2873.pt
625,625,coco_POPE_random,coco_POPE_random,1,0,"Yes,",yes,1.734375,0.7407407407407407,11.9375,4.838843168062065,28,1,/mnt/data/ssz/mr/results/Qwen2.5-VL/pope/base/analysis/coco_POPE_random/625.pt
2118,2118,coco_POPE_random,coco_POPE_random,1,0,"No,",no,1.671875,0.7123842592592593,11.9375,5.276130937329762,28,1,/mnt/data/ssz/mr/results/Qwen2.5-VL/pope/base/analysis/coco_POPE_random/2118.pt
1368,1368,coco_POPE_random,coco_POPE_random,1,0,"No,",no,1.703125,0.7579571759259259,11.9375,5.321604550191767,28,1,/mnt/data/ssz/mr/results/Qwen2.5-VL/pope/base/analysis/coco_POPE_random/1368.pt
2874,2874,coco_POPE_random,coco_POPE_random,1,0,"No,",no,1.75,0.7239583333333334,11.9375,5.307114348919634,28,1,/mnt/data/ssz/mr/results/Qwen2.5-VL/pope/base/analysis/coco_POPE_random/2874.pt
626,626,coco_POPE_random,coco_POPE_random,1,0,"No,",no,1.734375,0.7407407407407407,11.9375,5.324711056881793,28,1,/mnt/data/ssz/mr/results/Qwen2.5-VL/pope/base/analysis/coco_POPE_random/626.pt
2119,2119,coco_POPE_random,coco_POPE_random,1,0,"Yes,",yes,1.71875,0.7397280092592593,11.9375,4.899540669986256,28,1,/mnt/data/ssz/mr/results/Qwen2.5-VL/pope/base/analysis/coco_POPE_random/2119.pt
1369,1369,coco_POPE_random,coco_POPE_random,1,0,"Yes,",yes,1.6875,0.7442129629629629,11.9375,4.885690575382044,28,1,/mnt/data/ssz/mr/results/Qwen2.5-VL/pope/base/analysis/coco_POPE_random/1369.pt
2875,2875,coco_POPE_random,coco_POPE_random,1,0,"Yes,",yes,1.7109375,0.7398726851851852,11.9375,4.785511335852914,28,1,/mnt/data/ssz/mr/results/Qwen2.5-VL/pope/base/analysis/coco_POPE_random/2875.pt
627,627,coco_POPE_random,coco_POPE_random,0,1,"No,",yes,1.734375,0.7407407407407407,11.9375,5.261165762363372,28,1,/mnt/data/ssz/mr/results/Qwen2.5-VL/pope/base/analysis/coco_POPE_random/627.pt
1370,1370,coco_POPE_random,coco_POPE_random,1,0,"No,",no,1.6875,0.7442129629629629,11.9375,5.35944733552982,28,1,/mnt/data/ssz/mr/results/Qwen2.5-VL/pope/base/analysis/coco_POPE_random/1370.pt
2120,2120,coco_POPE_random,coco_POPE_random,1,0,"No,",no,1.71875,0.7397280092592593,11.9375,5.3955772993884175,28,1,/mnt/data/ssz/mr/results/Qwen2.5-VL/pope/base/analysis/coco_POPE_random/2120.pt
2876,2876,coco_POPE_random,coco_POPE_random,1,0,"No,",no,1.7109375,0.7398726851851852,11.9375,5.3778248875060095,28,1,/mnt/data/ssz/mr/results/Qwen2.5-VL/pope/base/analysis/coco_POPE_random/2876.pt
628,628,coco_POPE_random,coco_POPE_random,1,0,"No,",no,1.734375,0.7407407407407407,11.9375,5.386541119020971,28,1,/mnt/data/ssz/mr/results/Qwen2.5-VL/pope/base/analysis/coco_POPE_random/628.pt
1371,1371,coco_POPE_random,coco_POPE_random,0,1,"No,",yes,1.6875,0.7442129629629629,11.9375,5.311748549676159,28,1,/mnt/data/ssz/mr/results/Qwen2.5-VL/pope/base/analysis/coco_POPE_random/1371.pt
2877,2877,coco_POPE_random,coco_POPE_random,0,1,"No,",yes,1.7109375,0.7398726851851852,11.9375,5.2262282378755565,28,1,/mnt/data/ssz/mr/results/Qwen2.5-VL/pope/base/analysis/coco_POPE_random/2877.pt
2121,2121,coco_POPE_random,coco_POPE_random,1,0,"Yes,",yes,1.71875,0.7397280092592593,11.9375,4.79109671520953,28,1,/mnt/data/ssz/mr/results/Qwen2.5-VL/pope/base/analysis/coco_POPE_random/2121.pt
1372,1372,coco_POPE_random,coco_POPE_random,1,0,"No,",no,1.6875,0.7442129629629629,11.9375,5.3002758195954565,28,1,/mnt/data/ssz/mr/results/Qwen2.5-VL/pope/base/analysis/coco_POPE_random/1372.pt
629,629,coco_POPE_random,coco_POPE_random,1,0,"Yes,",yes,1.734375,0.7407407407407407,11.9375,4.9483532920592745,28,1,/mnt/data/ssz/mr/results/Qwen2.5-VL/pope/base/analysis/coco_POPE_random/629.pt
2878,2878,coco_POPE_random,coco_POPE_random,1,0,"No,",no,1.7109375,0.7398726851851852,11.9375,5.36991072086362,28,1,/mnt/data/ssz/mr/results/Qwen2.5-VL/pope/base/analysis/coco_POPE_random/2878.pt
2122,2122,coco_POPE_random,coco_POPE_random,1,0,"No,",no,1.71875,0.7397280092592593,11.9375,5.360026714602133,28,1,/mnt/data/ssz/mr/results/Qwen2.5-VL/pope/base/analysis/coco_POPE_random/2122.pt
1373,1373,coco_POPE_random,coco_POPE_random,1,0,"Yes,",yes,1.6875,0.7442129629629629,11.9375,4.860037959372018,28,1,/mnt/data/ssz/mr/results/Qwen2.5-VL/pope/base/analysis/coco_POPE_random/1373.pt
630,630,coco_POPE_random,coco_POPE_random,1,0,"No,",no,1.734375,0.7407407407407407,11.9375,5.367016258956311,28,1,/mnt/data/ssz/mr/results/Qwen2.5-VL/pope/base/analysis/coco_POPE_random/630.pt
2879,2879,coco_POPE_random,coco_POPE_random,1,0,"Yes,",yes,1.7109375,0.7398726851851852,11.9375,4.8036985507258665,28,1,/mnt/data/ssz/mr/results/Qwen2.5-VL/pope/base/analysis/coco_POPE_random/2879.pt
2123,2123,coco_POPE_random,coco_POPE_random,1,0,"Yes,",yes,1.71875,0.7397280092592593,11.9375,4.830660010303699,28,1,/mnt/data/ssz/mr/results/Qwen2.5-VL/pope/base/analysis/coco_POPE_random/2123.pt
1374,1374,coco_POPE_random,coco_POPE_random,1,0,"No,",no,1.6875,0.7442129629629629,11.9375,5.323681986949537,28,1,/mnt/data/ssz/mr/results/Qwen2.5-VL/pope/base/analysis/coco_POPE_random/1374.pt
631,631,coco_POPE_random,coco_POPE_random,0,1,"No,",yes,1.703125,0.7387152777777778,11.9375,5.310028874786503,28,1,/mnt/data/ssz/mr/results/Qwen2.5-VL/pope/base/analysis/coco_POPE_random/631.pt
2880,2880,coco_POPE_random,coco_POPE_random,1,0,"No,",no,1.7109375,0.7398726851851852,11.9375,5.27883409721164,28,1,/mnt/data/ssz/mr/results/Qwen2.5-VL/pope/base/analysis/coco_POPE_random/2880.pt
2124,2124,coco_POPE_random,coco_POPE_random,1,0,"No,",no,1.71875,0.7397280092592593,11.9375,5.257287215038152,28,1,/mnt/data/ssz/mr/results/Qwen2.5-VL/pope/base/analysis/coco_POPE_random/2124.pt
1375,1375,coco_POPE_random,coco_POPE_random,0,1,"No,",yes,1.6953125,0.73046875,11.9375,5.266294607944833,28,1,/mnt/data/ssz/mr/results/Qwen2.5-VL/pope/base/analysis/coco_POPE_random/1375.pt
632,632,coco_POPE_random,coco_POPE_random,1,0,"No,",no,1.703125,0.7387152777777778,11.9375,5.247578924715997,28,1,/mnt/data/ssz/mr/results/Qwen2.5-VL/pope/base/analysis/coco_POPE_random/632.pt
2881,2881,coco_POPE_random,coco_POPE_random,0,1,"No,",yes,1.734375,0.7242476851851852,11.9375,5.376905609900609,28,1,/mnt/data/ssz/mr/results/Qwen2.5-VL/pope/base/analysis/coco_POPE_random/2881.pt
2125,2125,coco_POPE_random,coco_POPE_random,1,0,"Yes,",yes,1.671875,0.7579571759259259,11.9375,4.992139203066036,28,1,/mnt/data/ssz/mr/results/Qwen2.5-VL/pope/base/analysis/coco_POPE_random/2125.pt
1376,1376,coco_POPE_random,coco_POPE_random,1,0,"No,",no,1.6953125,0.73046875,11.9375,5.255833852442736,28,1,/mnt/data/ssz/mr/results/Qwen2.5-VL/pope/base/analysis/coco_POPE_random/1376.pt
633,633,coco_POPE_random,coco_POPE_random,1,0,"Yes,",yes,1.703125,0.7387152777777778,11.9375,4.802493704287591,28,1,/mnt/data/ssz/mr/results/Qwen2.5-VL/pope/base/analysis/coco_POPE_random/633.pt
2882,2882,coco_POPE_random,coco_POPE_random,1,0,"No,",no,1.734375,0.7242476851851852,11.9375,5.297469622228635,28,1,/mnt/data/ssz/mr/results/Qwen2.5-VL/pope/base/analysis/coco_POPE_random/2882.pt
2126,2126,coco_POPE_random,coco_POPE_random,1,0,"No,",no,1.671875,0.7579571759259259,11.9375,5.376157774860422,28,1,/mnt/data/ssz/mr/results/Qwen2.5-VL/pope/base/analysis/coco_POPE_random/2126.pt
1377,1377,coco_POPE_random,coco_POPE_random,0,1,"No,",yes,1.6953125,0.73046875,11.9375,5.304753799848097,28,1,/mnt/data/ssz/mr/results/Qwen2.5-VL/pope/base/analysis/coco_POPE_random/1377.pt
634,634,coco_POPE_random,coco_POPE_random,1,0,"No,",no,1.703125,0.7387152777777778,11.9375,5.336222737009002,28,1,/mnt/data/ssz/mr/results/Qwen2.5-VL/pope/base/analysis/coco_POPE_random/634.pt
2883,2883,coco_POPE_random,coco_POPE_random,1,0,"Yes,",yes,1.734375,0.7242476851851852,11.9375,4.833426858701671,28,1,/mnt/data/ssz/mr/results/Qwen2.5-VL/pope/base/analysis/coco_POPE_random/2883.pt
2127,2127,coco_POPE_random,coco_POPE_random,1,0,"Yes,",yes,1.671875,0.7579571759259259,11.9375,4.790600496376773,28,1,/mnt/data/ssz/mr/results/Qwen2.5-VL/pope/base/analysis/coco_POPE_random/2127.pt
1378,1378,coco_POPE_random,coco_POPE_random,1,0,"No,",no,1.6953125,0.73046875,11.9375,5.248459477704054,28,1,/mnt/data/ssz/mr/results/Qwen2.5-VL/pope/base/analysis/coco_POPE_random/1378.pt
635,635,coco_POPE_random,coco_POPE_random,1,0,"Yes,",yes,1.703125,0.7387152777777778,11.9375,4.811791066927464,28,1,/mnt/data/ssz/mr/results/Qwen2.5-VL/pope/base/analysis/coco_POPE_random/635.pt
2884,2884,coco_POPE_random,coco_POPE_random,1,0,"No,",no,1.734375,0.7242476851851852,11.9375,5.353498326736066,28,1,/mnt/data/ssz/mr/results/Qwen2.5-VL/pope/base/analysis/coco_POPE_random/2884.pt
2128,2128,coco_POPE_random,coco_POPE_random,1,0,"No,",no,1.671875,0.7579571759259259,11.9375,5.320002828820776,28,1,/mnt/data/ssz/mr/results/Qwen2.5-VL/pope/base/analysis/coco_POPE_random/2128.pt
1379,1379,coco_POPE_random,coco_POPE_random,1,0,"Yes,",yes,1.6953125,0.73046875,11.9375,4.7969385545494125,28,1,/mnt/data/ssz/mr/results/Qwen2.5-VL/pope/base/analysis/coco_POPE_random/1379.pt
636,636,coco_POPE_random,coco_POPE_random,1,0,"No,",no,1.703125,0.7387152777777778,11.9375,5.272728898865071,28,1,/mnt/data/ssz/mr/results/Qwen2.5-VL/pope/base/analysis/coco_POPE_random/636.pt
2885,2885,coco_POPE_random,coco_POPE_random,1,0,"Yes,",yes,1.734375,0.7242476851851852,11.9375,4.878445575274703,28,1,/mnt/data/ssz/mr/results/Qwen2.5-VL/pope/base/analysis/coco_POPE_random/2885.pt
2129,2129,coco_POPE_random,coco_POPE_random,1,0,"Yes,",yes,1.671875,0.7579571759259259,11.9375,4.900261283474967,28,1,/mnt/data/ssz/mr/results/Qwen2.5-VL/pope/base/analysis/coco_POPE_random/2129.pt
1380,1380,coco_POPE_random,coco_POPE_random,1,0,"No,",no,1.6953125,0.73046875,11.9375,5.270296619803426,28,1,/mnt/data/ssz/mr/results/Qwen2.5-VL/pope/base/analysis/coco_POPE_random/1380.pt
637,637,coco_POPE_random,coco_POPE_random,0,1,"No,",yes,1.6796875,0.7495659722222222,11.9375,5.402503432403922,28,1,/mnt/data/ssz/mr/results/Qwen2.5-VL/pope/base/analysis/coco_POPE_random/637.pt
2886,2886,coco_POPE_random,coco_POPE_random,1,0,"No,",no,1.734375,0.7242476851851852,11.9375,5.309885552784746,28,1,/mnt/data/ssz/mr/results/Qwen2.5-VL/pope/base/analysis/coco_POPE_random/2886.pt
2130,2130,coco_POPE_random,coco_POPE_random,1,0,"No,",no,1.671875,0.7579571759259259,11.9375,5.286776225335736,28,1,/mnt/data/ssz/mr/results/Qwen2.5-VL/pope/base/analysis/coco_POPE_random/2130.pt
1381,1381,coco_POPE_random,coco_POPE_random,1,0,"Yes,",yes,1.734375,0.74609375,11.9375,4.7977859684900634,28,1,/mnt/data/ssz/mr/results/Qwen2.5-VL/pope/base/analysis/coco_POPE_random/1381.pt
638,638,coco_POPE_random,coco_POPE_random,1,0,"No,",no,1.6796875,0.7495659722222222,11.9375,5.315170065639348,28,1,/mnt/data/ssz/mr/results/Qwen2.5-VL/pope/base/analysis/coco_POPE_random/638.pt
2887,2887,coco_POPE_random,coco_POPE_random,0,1,"No,",yes,1.734375,0.7188946759259259,11.9375,5.3629222256744224,28,1,/mnt/data/ssz/mr/results/Qwen2.5-VL/pope/base/analysis/coco_POPE_random/2887.pt
2131,2131,coco_POPE_random,coco_POPE_random,1,0,"Yes,",yes,1.7109375,0.7316261574074074,11.9375,4.980477224654695,28,1,/mnt/data/ssz/mr/results/Qwen2.5-VL/pope/base/analysis/coco_POPE_random/2131.pt
1382,1382,coco_POPE_random,coco_POPE_random,1,0,"No,",no,1.734375,0.74609375,11.9375,5.429156994086835,28,1,/mnt/data/ssz/mr/results/Qwen2.5-VL/pope/base/analysis/coco_POPE_random/1382.pt
2888,2888,coco_POPE_random,coco_POPE_random,1,0,"No,",no,1.734375,0.7188946759259259,11.9375,5.433928621375376,28,1,/mnt/data/ssz/mr/results/Qwen2.5-VL/pope/base/analysis/coco_POPE_random/2888.pt
639,639,coco_POPE_random,coco_POPE_random,1,0,"Yes,",yes,1.6796875,0.7495659722222222,11.9375,4.8504416279877125,28,1,/mnt/data/ssz/mr/results/Qwen2.5-VL/pope/base/analysis/coco_POPE_random/639.pt
2132,2132,coco_POPE_random,coco_POPE_random,1,0,"No,",no,1.7109375,0.7316261574074074,11.9375,5.2726562535060335,28,1,/mnt/data/ssz/mr/results/Qwen2.5-VL/pope/base/analysis/coco_POPE_random/2132.pt
1383,1383,coco_POPE_random,coco_POPE_random,1,0,"Yes,",yes,1.734375,0.74609375,11.9375,5.057607345264982,28,1,/mnt/data/ssz/mr/results/Qwen2.5-VL/pope/base/analysis/coco_POPE_random/1383.pt
2889,2889,coco_POPE_random,coco_POPE_random,1,0,"Yes,",yes,1.734375,0.7188946759259259,11.9375,5.093635007137023,28,1,/mnt/data/ssz/mr/results/Qwen2.5-VL/pope/base/analysis/coco_POPE_random/2889.pt
640,640,coco_POPE_random,coco_POPE_random,1,0,"No,",no,1.6796875,0.7495659722222222,11.9375,5.383303623917471,28,1,/mnt/data/ssz/mr/results/Qwen2.5-VL/pope/base/analysis/coco_POPE_random/640.pt
2133,2133,coco_POPE_random,coco_POPE_random,1,0,"Yes,",yes,1.7109375,0.7316261574074074,11.9375,4.84852819832605,28,1,/mnt/data/ssz/mr/results/Qwen2.5-VL/pope/base/analysis/coco_POPE_random/2133.pt
1384,1384,coco_POPE_random,coco_POPE_random,1,0,"No,",no,1.734375,0.74609375,11.9375,5.382167049895637,28,1,/mnt/data/ssz/mr/results/Qwen2.5-VL/pope/base/analysis/coco_POPE_random/1384.pt
2890,2890,coco_POPE_random,coco_POPE_random,1,0,"No,",no,1.734375,0.7188946759259259,11.9375,5.464631916114615,28,1,/mnt/data/ssz/mr/results/Qwen2.5-VL/pope/base/analysis/coco_POPE_random/2890.pt
641,641,coco_POPE_random,coco_POPE_random,0,1,"No,",yes,1.6796875,0.7495659722222222,11.9375,5.413847689090824,28,1,/mnt/data/ssz/mr/results/Qwen2.5-VL/pope/base/analysis/coco_POPE_random/641.pt
2134,2134,coco_POPE_random,coco_POPE_random,1,0,"No,",no,1.7109375,0.7316261574074074,11.9375,5.354907853291071,28,1,/mnt/data/ssz/mr/results/Qwen2.5-VL/pope/base/analysis/coco_POPE_random/2134.pt
1385,1385,coco_POPE_random,coco_POPE_random,1,0,"Yes,",yes,1.734375,0.74609375,11.9375,4.779609807604402,28,1,/mnt/data/ssz/mr/results/Qwen2.5-VL/pope/base/analysis/coco_POPE_random/1385.pt
2891,2891,coco_POPE_random,coco_POPE_random,1,0,"Yes,",yes,1.734375,0.7188946759259259,11.9375,4.944220622796735,28,1,/mnt/data/ssz/mr/results/Qwen2.5-VL/pope/base/analysis/coco_POPE_random/2891.pt
642,642,coco_POPE_random,coco_POPE_random,1,0,"No,",no,1.6796875,0.7495659722222222,11.9375,5.327423902049344,28,1,/mnt/data/ssz/mr/results/Qwen2.5-VL/pope/base/analysis/coco_POPE_random/642.pt
2135,2135,coco_POPE_random,coco_POPE_random,1,0,"Yes,",yes,1.7109375,0.7316261574074074,11.9375,4.819724937114346,28,1,/mnt/data/ssz/mr/results/Qwen2.5-VL/pope/base/analysis/coco_POPE_random/2135.pt
1386,1386,coco_POPE_random,coco_POPE_random,1,0,"No,",no,1.734375,0.74609375,11.9375,5.400534739783076,28,1,/mnt/data/ssz/mr/results/Qwen2.5-VL/pope/base/analysis/coco_POPE_random/1386.pt
2892,2892,coco_POPE_random,coco_POPE_random,1,0,"No,",no,1.734375,0.7188946759259259,11.9375,5.407158498835685,28,1,/mnt/data/ssz/mr/results/Qwen2.5-VL/pope/base/analysis/coco_POPE_random/2892.pt
643,643,coco_POPE_random,coco_POPE_random,1,0,"Yes,",yes,1.7109375,0.7216435185185185,11.9375,4.979274655325026,28,1,/mnt/data/ssz/mr/results/Qwen2.5-VL/pope/base/analysis/coco_POPE_random/643.pt
2136,2136,coco_POPE_random,coco_POPE_random,1,0,"No,",no,1.7109375,0.7316261574074074,11.9375,5.267314796440369,28,1,/mnt/data/ssz/mr/results/Qwen2.5-VL/pope/base/analysis/coco_POPE_random/2136.pt
1387,1387,coco_POPE_random,coco_POPE_random,0,1,"No,",yes,1.71875,0.7225115740740741,11.9375,5.283644940658703,28,1,/mnt/data/ssz/mr/results/Qwen2.5-VL/pope/base/analysis/coco_POPE_random/1387.pt
2893,2893,coco_POPE_random,coco_POPE_random,0,1,"No,",yes,1.6796875,0.7767650462962963,11.9375,5.288860330515962,28,1,/mnt/data/ssz/mr/results/Qwen2.5-VL/pope/base/analysis/coco_POPE_random/2893.pt
2137,2137,coco_POPE_random,coco_POPE_random,1,0,"Yes,",yes,1.71875,0.7572337962962963,11.9375,4.842861396838811,28,1,/mnt/data/ssz/mr/results/Qwen2.5-VL/pope/base/analysis/coco_POPE_random/2137.pt
644,644,coco_POPE_random,coco_POPE_random,1,0,"No,",no,1.7109375,0.7216435185185185,11.9375,5.3437573335370345,28,1,/mnt/data/ssz/mr/results/Qwen2.5-VL/pope/base/analysis/coco_POPE_random/644.pt
1388,1388,coco_POPE_random,coco_POPE_random,1,0,"No,",no,1.71875,0.7225115740740741,11.9375,5.419608161242274,28,1,/mnt/data/ssz/mr/results/Qwen2.5-VL/pope/base/analysis/coco_POPE_random/1388.pt
2894,2894,coco_POPE_random,coco_POPE_random,1,0,"No,",no,1.6796875,0.7767650462962963,11.9375,5.232664446853522,28,1,/mnt/data/ssz/mr/results/Qwen2.5-VL/pope/base/analysis/coco_POPE_random/2894.pt
2138,2138,coco_POPE_random,coco_POPE_random,1,0,"No,",no,1.71875,0.7572337962962963,11.9375,5.300247171905509,28,1,/mnt/data/ssz/mr/results/Qwen2.5-VL/pope/base/analysis/coco_POPE_random/2138.pt
645,645,coco_POPE_random,coco_POPE_random,1,0,"Yes,",yes,1.7109375,0.7216435185185185,11.9375,4.886860765517103,28,1,/mnt/data/ssz/mr/results/Qwen2.5-VL/pope/base/analysis/coco_POPE_random/645.pt
2895,2895,coco_POPE_random,coco_POPE_random,1,0,"Yes,",yes,1.6796875,0.7767650462962963,11.9375,4.894409129046843,28,1,/mnt/data/ssz/mr/results/Qwen2.5-VL/pope/base/analysis/coco_POPE_random/2895.pt
1389,1389,coco_POPE_random,coco_POPE_random,1,0,"Yes,",yes,1.71875,0.7225115740740741,11.9375,4.852479804567714,28,1,/mnt/data/ssz/mr/results/Qwen2.5-VL/pope/base/analysis/coco_POPE_random/1389.pt
2139,2139,coco_POPE_random,coco_POPE_random,1,0,"Yes,",yes,1.71875,0.7572337962962963,11.9375,4.754348082773003,28,1,/mnt/data/ssz/mr/results/Qwen2.5-VL/pope/base/analysis/coco_POPE_random/2139.pt
646,646,coco_POPE_random,coco_POPE_random,1,0,"No,",no,1.7109375,0.7216435185185185,11.9375,5.38058015926248,28,1,/mnt/data/ssz/mr/results/Qwen2.5-VL/pope/base/analysis/coco_POPE_random/646.pt
2140,2140,coco_POPE_random,coco_POPE_random,1,0,"No,",no,1.71875,0.7572337962962963,11.9375,5.280615709162295,28,1,/mnt/data/ssz/mr/results/Qwen2.5-VL/pope/base/analysis/coco_POPE_random/2140.pt
2896,2896,coco_POPE_random,coco_POPE_random,1,0,"No,",no,1.6796875,0.7767650462962963,11.9375,5.269127054701789,28,1,/mnt/data/ssz/mr/results/Qwen2.5-VL/pope/base/analysis/coco_POPE_random/2896.pt
1390,1390,coco_POPE_random,coco_POPE_random,1,0,"No,",no,1.71875,0.7225115740740741,11.9375,5.428514229282004,28,1,/mnt/data/ssz/mr/results/Qwen2.5-VL/pope/base/analysis/coco_POPE_random/1390.pt
2141,2141,coco_POPE_random,coco_POPE_random,0,1,"No,",yes,1.71875,0.7572337962962963,11.9375,5.309461792906379,28,1,/mnt/data/ssz/mr/results/Qwen2.5-VL/pope/base/analysis/coco_POPE_random/2141.pt
647,647,coco_POPE_random,coco_POPE_random,0,1,"No,",yes,1.7109375,0.7216435185185185,11.9375,5.410431794609966,28,1,/mnt/data/ssz/mr/results/Qwen2.5-VL/pope/base/analysis/coco_POPE_random/647.pt
2897,2897,coco_POPE_random,coco_POPE_random,1,0,"Yes,",yes,1.6796875,0.7767650462962963,11.9375,4.729450786799436,28,1,/mnt/data/ssz/mr/results/Qwen2.5-VL/pope/base/analysis/coco_POPE_random/2897.pt
1391,1391,coco_POPE_random,coco_POPE_random,1,0,"Yes,",yes,1.71875,0.7225115740740741,11.9375,4.88806362403563,28,1,/mnt/data/ssz/mr/results/Qwen2.5-VL/pope/base/analysis/coco_POPE_random/1391.pt
2142,2142,coco_POPE_random,coco_POPE_random,1,0,"No,",no,1.71875,0.7572337962962963,11.9375,5.21385445877648,28,1,/mnt/data/ssz/mr/results/Qwen2.5-VL/pope/base/analysis/coco_POPE_random/2142.pt
2898,2898,coco_POPE_random,coco_POPE_random,1,0,"No,",no,1.6796875,0.7767650462962963,11.9375,5.1955661206528285,28,1,/mnt/data/ssz/mr/results/Qwen2.5-VL/pope/base/analysis/coco_POPE_random/2898.pt
648,648,coco_POPE_random,coco_POPE_random,1,0,"No,",no,1.7109375,0.7216435185185185,11.9375,5.390302851577121,28,1,/mnt/data/ssz/mr/results/Qwen2.5-VL/pope/base/analysis/coco_POPE_random/648.pt
1392,1392,coco_POPE_random,coco_POPE_random,1,0,"No,",no,1.71875,0.7225115740740741,11.9375,5.282469161389852,28,1,/mnt/data/ssz/mr/results/Qwen2.5-VL/pope/base/analysis/coco_POPE_random/1392.pt
2143,2143,coco_POPE_random,coco_POPE_random,1,0,"Yes,",yes,1.6953125,0.7361111111111112,11.9375,5.0791364531163765,28,1,/mnt/data/ssz/mr/results/Qwen2.5-VL/pope/base/analysis/coco_POPE_random/2143.pt
2899,2899,coco_POPE_random,coco_POPE_random,0,1,"No,",yes,1.703125,0.7476851851851852,11.9375,5.34061192714505,28,1,/mnt/data/ssz/mr/results/Qwen2.5-VL/pope/base/analysis/coco_POPE_random/2899.pt
649,649,coco_POPE_random,coco_POPE_random,1,0,"Yes,",yes,1.7265625,0.7414641203703703,11.9375,5.074666011612961,28,1,/mnt/data/ssz/mr/results/Qwen2.5-VL/pope/base/analysis/coco_POPE_random/649.pt
1393,1393,coco_POPE_random,coco_POPE_random,1,0,"Yes,",yes,1.7421875,0.7310474537037037,11.9375,4.991067014397955,28,1,/mnt/data/ssz/mr/results/Qwen2.5-VL/pope/base/analysis/coco_POPE_random/1393.pt
2144,2144,coco_POPE_random,coco_POPE_random,1,0,"No,",no,1.6953125,0.7361111111111112,11.9375,5.370565085078978,28,1,/mnt/data/ssz/mr/results/Qwen2.5-VL/pope/base/analysis/coco_POPE_random/2144.pt
2900,2900,coco_POPE_random,coco_POPE_random,1,0,"No,",no,1.703125,0.7476851851851852,11.9375,5.281504628046542,28,1,/mnt/data/ssz/mr/results/Qwen2.5-VL/pope/base/analysis/coco_POPE_random/2900.pt
650,650,coco_POPE_random,coco_POPE_random,1,0,"No,",no,1.7265625,0.7414641203703703,11.9375,5.310808925467177,28,1,/mnt/data/ssz/mr/results/Qwen2.5-VL/pope/base/analysis/coco_POPE_random/650.pt
1394,1394,coco_POPE_random,coco_POPE_random,1,0,"No,",no,1.7421875,0.7310474537037037,11.9375,5.512088251465248,28,1,/mnt/data/ssz/mr/results/Qwen2.5-VL/pope/base/analysis/coco_POPE_random/1394.pt
2145,2145,coco_POPE_random,coco_POPE_random,1,0,"Yes,",yes,1.6953125,0.7361111111111112,11.9375,4.879683598044332,28,1,/mnt/data/ssz/mr/results/Qwen2.5-VL/pope/base/analysis/coco_POPE_random/2145.pt
2901,2901,coco_POPE_random,coco_POPE_random,1,0,"Yes,",yes,1.703125,0.7476851851851852,11.9375,4.852079974512021,28,1,/mnt/data/ssz/mr/results/Qwen2.5-VL/pope/base/analysis/coco_POPE_random/2901.pt
651,651,coco_POPE_random,coco_POPE_random,0,1,"No,",yes,1.7265625,0.7414641203703703,11.9375,5.350310115901362,28,1,/mnt/data/ssz/mr/results/Qwen2.5-VL/pope/base/analysis/coco_POPE_random/651.pt
1395,1395,coco_POPE_random,coco_POPE_random,1,0,"Yes,",yes,1.7421875,0.7310474537037037,11.9375,4.914343112253109,28,1,/mnt/data/ssz/mr/results/Qwen2.5-VL/pope/base/analysis/coco_POPE_random/1395.pt
2146,2146,coco_POPE_random,coco_POPE_random,1,0,"No,",no,1.6953125,0.7361111111111112,11.9375,5.343534524954718,28,1,/mnt/data/ssz/mr/results/Qwen2.5-VL/pope/base/analysis/coco_POPE_random/2146.pt
2902,2902,coco_POPE_random,coco_POPE_random,1,0,"No,",no,1.703125,0.7476851851851852,11.9375,5.237118475238873,28,1,/mnt/data/ssz/mr/results/Qwen2.5-VL/pope/base/analysis/coco_POPE_random/2902.pt
652,652,coco_POPE_random,coco_POPE_random,1,0,"No,",no,1.7265625,0.7414641203703703,11.9375,5.411696344684405,28,1,/mnt/data/ssz/mr/results/Qwen2.5-VL/pope/base/analysis/coco_POPE_random/652.pt
1396,1396,coco_POPE_random,coco_POPE_random,1,0,"No,",no,1.7421875,0.7310474537037037,11.9375,5.362112380692922,28,1,/mnt/data/ssz/mr/results/Qwen2.5-VL/pope/base/analysis/coco_POPE_random/1396.pt
2147,2147,coco_POPE_random,coco_POPE_random,0,1,"No,",yes,1.6953125,0.7361111111111112,11.9375,5.332083418956309,28,1,/mnt/data/ssz/mr/results/Qwen2.5-VL/pope/base/analysis/coco_POPE_random/2147.pt
2903,2903,coco_POPE_random,coco_POPE_random,1,0,"Yes,",yes,1.703125,0.7476851851851852,11.9375,4.9700627958769905,28,1,/mnt/data/ssz/mr/results/Qwen2.5-VL/pope/base/analysis/coco_POPE_random/2903.pt
653,653,coco_POPE_random,coco_POPE_random,0,1,"No,",yes,1.7265625,0.7414641203703703,11.9375,5.4410308063359425,28,1,/mnt/data/ssz/mr/results/Qwen2.5-VL/pope/base/analysis/coco_POPE_random/653.pt
2148,2148,coco_POPE_random,coco_POPE_random,1,0,"No,",no,1.6953125,0.7361111111111112,11.9375,5.418231991484109,28,1,/mnt/data/ssz/mr/results/Qwen2.5-VL/pope/base/analysis/coco_POPE_random/2148.pt
1397,1397,coco_POPE_random,coco_POPE_random,1,0,"Yes,",yes,1.7421875,0.7310474537037037,11.9375,4.814278971211495,28,1,/mnt/data/ssz/mr/results/Qwen2.5-VL/pope/base/analysis/coco_POPE_random/1397.pt
2904,2904,coco_POPE_random,coco_POPE_random,1,0,"No,",no,1.703125,0.7476851851851852,11.9375,5.281731355884159,28,1,/mnt/data/ssz/mr/results/Qwen2.5-VL/pope/base/analysis/coco_POPE_random/2904.pt
654,654,coco_POPE_random,coco_POPE_random,1,0,"No,",no,1.7265625,0.7414641203703703,11.9375,5.4052115966521255,28,1,/mnt/data/ssz/mr/results/Qwen2.5-VL/pope/base/analysis/coco_POPE_random/654.pt
2149,2149,coco_POPE_random,coco_POPE_random,1,0,"Yes,",yes,1.7265625,0.7322048611111112,11.9375,4.792955743952174,28,1,/mnt/data/ssz/mr/results/Qwen2.5-VL/pope/base/analysis/coco_POPE_random/2149.pt
1398,1398,coco_POPE_random,coco_POPE_random,1,0,"No,",no,1.7421875,0.7310474537037037,11.9375,5.431805103203793,28,1,/mnt/data/ssz/mr/results/Qwen2.5-VL/pope/base/analysis/coco_POPE_random/1398.pt
2905,2905,coco_POPE_random,coco_POPE_random,0,1,"No,",yes,1.6875,0.7676504629629629,11.9375,5.1902935941962225,28,1,/mnt/data/ssz/mr/results/Qwen2.5-VL/pope/base/analysis/coco_POPE_random/2905.pt
655,655,coco_POPE_random,coco_POPE_random,0,1,"No,",yes,1.703125,0.7418981481481481,11.9375,5.138639900148934,28,1,/mnt/data/ssz/mr/results/Qwen2.5-VL/pope/base/analysis/coco_POPE_random/655.pt
2150,2150,coco_POPE_random,coco_POPE_random,1,0,"No,",no,1.7265625,0.7322048611111112,11.9375,5.288941178215195,28,1,/mnt/data/ssz/mr/results/Qwen2.5-VL/pope/base/analysis/coco_POPE_random/2150.pt
2906,2906,coco_POPE_random,coco_POPE_random,1,0,"No,",no,1.6875,0.7676504629629629,11.9375,5.202295858474827,28,1,/mnt/data/ssz/mr/results/Qwen2.5-VL/pope/base/analysis/coco_POPE_random/2906.pt
1399,1399,coco_POPE_random,coco_POPE_random,0,1,"No,",yes,1.75,0.7378472222222222,11.9375,5.225600965088994,28,1,/mnt/data/ssz/mr/results/Qwen2.5-VL/pope/base/analysis/coco_POPE_random/1399.pt
656,656,coco_POPE_random,coco_POPE_random,1,0,"No,",no,1.703125,0.7418981481481481,11.9375,5.205566311220349,28,1,/mnt/data/ssz/mr/results/Qwen2.5-VL/pope/base/analysis/coco_POPE_random/656.pt
2151,2151,coco_POPE_random,coco_POPE_random,1,0,"Yes,",yes,1.7265625,0.7322048611111112,11.9375,4.892473292471815,28,1,/mnt/data/ssz/mr/results/Qwen2.5-VL/pope/base/analysis/coco_POPE_random/2151.pt
2907,2907,coco_POPE_random,coco_POPE_random,0,1,"No,",yes,1.6875,0.7676504629629629,11.9375,5.256447734528373,28,1,/mnt/data/ssz/mr/results/Qwen2.5-VL/pope/base/analysis/coco_POPE_random/2907.pt
1400,1400,coco_POPE_random,coco_POPE_random,1,0,"No,",no,1.75,0.7378472222222222,11.9375,5.208785360935955,28,1,/mnt/data/ssz/mr/results/Qwen2.5-VL/pope/base/analysis/coco_POPE_random/1400.pt
657,657,coco_POPE_random,coco_POPE_random,1,0,"Yes,",yes,1.703125,0.7418981481481481,11.9375,4.880429997978034,28,1,/mnt/data/ssz/mr/results/Qwen2.5-VL/pope/base/analysis/coco_POPE_random/657.pt
2908,2908,coco_POPE_random,coco_POPE_random,1,0,"No,",no,1.6875,0.7676504629629629,11.9375,5.192158402011312,28,1,/mnt/data/ssz/mr/results/Qwen2.5-VL/pope/base/analysis/coco_POPE_random/2908.pt
2152,2152,coco_POPE_random,coco_POPE_random,1,0,"No,",no,1.7265625,0.7322048611111112,11.9375,5.282095376763179,28,1,/mnt/data/ssz/mr/results/Qwen2.5-VL/pope/base/analysis/coco_POPE_random/2152.pt
1401,1401,coco_POPE_random,coco_POPE_random,1,0,"Yes,",yes,1.75,0.7378472222222222,11.9375,4.966575215659049,28,1,/mnt/data/ssz/mr/results/Qwen2.5-VL/pope/base/analysis/coco_POPE_random/1401.pt
658,658,coco_POPE_random,coco_POPE_random,1,0,"No,",no,1.703125,0.7418981481481481,11.9375,5.259457977210897,28,1,/mnt/data/ssz/mr/results/Qwen2.5-VL/pope/base/analysis/coco_POPE_random/658.pt
2909,2909,coco_POPE_random,coco_POPE_random,1,0,"Yes,",yes,1.6875,0.7676504629629629,11.9375,4.770110172424228,28,1,/mnt/data/ssz/mr/results/Qwen2.5-VL/pope/base/analysis/coco_POPE_random/2909.pt
2153,2153,coco_POPE_random,coco_POPE_random,0,1,"No,",yes,1.7265625,0.7322048611111112,11.9375,5.345568021786942,28,1,/mnt/data/ssz/mr/results/Qwen2.5-VL/pope/base/analysis/coco_POPE_random/2153.pt
659,659,coco_POPE_random,coco_POPE_random,1,0,"Yes,",yes,1.703125,0.7418981481481481,11.9375,4.7659035934909495,28,1,/mnt/data/ssz/mr/results/Qwen2.5-VL/pope/base/analysis/coco_POPE_random/659.pt
1402,1402,coco_POPE_random,coco_POPE_random,1,0,"No,",no,1.75,0.7378472222222222,11.9375,5.262553200926552,28,1,/mnt/data/ssz/mr/results/Qwen2.5-VL/pope/base/analysis/coco_POPE_random/1402.pt
2910,2910,coco_POPE_random,coco_POPE_random,1,0,"No,",no,1.6875,0.7676504629629629,11.9375,5.254429451599521,28,1,/mnt/data/ssz/mr/results/Qwen2.5-VL/pope/base/analysis/coco_POPE_random/2910.pt
2154,2154,coco_POPE_random,coco_POPE_random,1,0,"No,",no,1.7265625,0.7322048611111112,11.9375,5.3073042897262495,28,1,/mnt/data/ssz/mr/results/Qwen2.5-VL/pope/base/analysis/coco_POPE_random/2154.pt
660,660,coco_POPE_random,coco_POPE_random,1,0,"No,",no,1.703125,0.7418981481481481,11.9375,5.276261073841969,28,1,/mnt/data/ssz/mr/results/Qwen2.5-VL/pope/base/analysis/coco_POPE_random/660.pt
1403,1403,coco_POPE_random,coco_POPE_random,1,0,"Yes,",yes,1.75,0.7378472222222222,11.9375,4.8884182160717335,28,1,/mnt/data/ssz/mr/results/Qwen2.5-VL/pope/base/analysis/coco_POPE_random/1403.pt
2911,2911,coco_POPE_random,coco_POPE_random,0,1,"No,",yes,1.6953125,0.7332175925925926,11.9375,5.507621240859698,28,1,/mnt/data/ssz/mr/results/Qwen2.5-VL/pope/base/analysis/coco_POPE_random/2911.pt
2155,2155,coco_POPE_random,coco_POPE_random,1,0,"Yes,",yes,1.7265625,0.7455150462962963,11.9375,5.055057703260853,28,1,/mnt/data/ssz/mr/results/Qwen2.5-VL/pope/base/analysis/coco_POPE_random/2155.pt
661,661,coco_POPE_random,coco_POPE_random,1,0,"Yes,",yes,1.703125,0.7303240740740741,11.9375,4.9468406767680815,28,1,/mnt/data/ssz/mr/results/Qwen2.5-VL/pope/base/analysis/coco_POPE_random/661.pt
1404,1404,coco_POPE_random,coco_POPE_random,1,0,"No,",no,1.75,0.7378472222222222,11.9375,5.350823781974685,28,1,/mnt/data/ssz/mr/results/Qwen2.5-VL/pope/base/analysis/coco_POPE_random/1404.pt
2912,2912,coco_POPE_random,coco_POPE_random,1,0,"No,",no,1.6953125,0.7332175925925926,11.9375,5.368236890232546,28,1,/mnt/data/ssz/mr/results/Qwen2.5-VL/pope/base/analysis/coco_POPE_random/2912.pt
2156,2156,coco_POPE_random,coco_POPE_random,1,0,"No,",no,1.7265625,0.7455150462962963,11.9375,5.410654430306374,28,1,/mnt/data/ssz/mr/results/Qwen2.5-VL/pope/base/analysis/coco_POPE_random/2156.pt
662,662,coco_POPE_random,coco_POPE_random,1,0,"No,",no,1.703125,0.7303240740740741,11.9375,5.313086346326225,28,1,/mnt/data/ssz/mr/results/Qwen2.5-VL/pope/base/analysis/coco_POPE_random/662.pt
1405,1405,coco_POPE_random,coco_POPE_random,1,0,"Yes,",yes,1.75,0.7239583333333334,11.9375,4.896116454026187,28,1,/mnt/data/ssz/mr/results/Qwen2.5-VL/pope/base/analysis/coco_POPE_random/1405.pt
2913,2913,coco_POPE_random,coco_POPE_random,1,0,"Yes,",yes,1.6953125,0.7332175925925926,11.9375,4.908849653469904,28,1,/mnt/data/ssz/mr/results/Qwen2.5-VL/pope/base/analysis/coco_POPE_random/2913.pt
2157,2157,coco_POPE_random,coco_POPE_random,1,0,"Yes,",yes,1.7265625,0.7455150462962963,11.9375,4.963692157521317,28,1,/mnt/data/ssz/mr/results/Qwen2.5-VL/pope/base/analysis/coco_POPE_random/2157.pt
663,663,coco_POPE_random,coco_POPE_random,1,0,"Yes,",yes,1.703125,0.7303240740740741,11.9375,4.874773026941844,28,1,/mnt/data/ssz/mr/results/Qwen2.5-VL/pope/base/analysis/coco_POPE_random/663.pt
1406,1406,coco_POPE_random,coco_POPE_random,1,0,"No,",no,1.75,0.7239583333333334,11.9375,5.306010827523003,28,1,/mnt/data/ssz/mr/results/Qwen2.5-VL/pope/base/analysis/coco_POPE_random/1406.pt
2914,2914,coco_POPE_random,coco_POPE_random,1,0,"No,",no,1.6953125,0.7332175925925926,11.9375,5.248406020668912,28,1,/mnt/data/ssz/mr/results/Qwen2.5-VL/pope/base/analysis/coco_POPE_random/2914.pt
2158,2158,coco_POPE_random,coco_POPE_random,1,0,"No,",no,1.7265625,0.7455150462962963,11.9375,5.324280069522377,28,1,/mnt/data/ssz/mr/results/Qwen2.5-VL/pope/base/analysis/coco_POPE_random/2158.pt
664,664,coco_POPE_random,coco_POPE_random,1,0,"No,",no,1.703125,0.7303240740740741,11.9375,5.4554952757100885,28,1,/mnt/data/ssz/mr/results/Qwen2.5-VL/pope/base/analysis/coco_POPE_random/664.pt
1407,1407,coco_POPE_random,coco_POPE_random,1,0,"Yes,",yes,1.75,0.7239583333333334,11.9375,5.0716604622460935,28,1,/mnt/data/ssz/mr/results/Qwen2.5-VL/pope/base/analysis/coco_POPE_random/1407.pt
2915,2915,coco_POPE_random,coco_POPE_random,0,1,"No,",yes,1.6953125,0.7332175925925926,11.9375,5.332686174180458,28,1,/mnt/data/ssz/mr/results/Qwen2.5-VL/pope/base/analysis/coco_POPE_random/2915.pt
2159,2159,coco_POPE_random,coco_POPE_random,0,1,"No,",yes,1.7265625,0.7455150462962963,11.9375,5.287722436232798,28,1,/mnt/data/ssz/mr/results/Qwen2.5-VL/pope/base/analysis/coco_POPE_random/2159.pt
665,665,coco_POPE_random,coco_POPE_random,1,0,"Yes,",yes,1.703125,0.7303240740740741,11.9375,5.032949357648823,28,1,/mnt/data/ssz/mr/results/Qwen2.5-VL/pope/base/analysis/coco_POPE_random/665.pt
1408,1408,coco_POPE_random,coco_POPE_random,1,0,"No,",no,1.75,0.7239583333333334,11.9375,5.398241790647294,28,1,/mnt/data/ssz/mr/results/Qwen2.5-VL/pope/base/analysis/coco_POPE_random/1408.pt
2916,2916,coco_POPE_random,coco_POPE_random,1,0,"No,",no,1.6953125,0.7332175925925926,11.9375,5.329933720584261,28,1,/mnt/data/ssz/mr/results/Qwen2.5-VL/pope/base/analysis/coco_POPE_random/2916.pt
2160,2160,coco_POPE_random,coco_POPE_random,1,0,"No,",no,1.7265625,0.7455150462962963,11.9375,5.3898118088297355,28,1,/mnt/data/ssz/mr/results/Qwen2.5-VL/pope/base/analysis/coco_POPE_random/2160.pt
666,666,coco_POPE_random,coco_POPE_random,1,0,"No,",no,1.703125,0.7303240740740741,11.9375,5.343674592897829,28,1,/mnt/data/ssz/mr/results/Qwen2.5-VL/pope/base/analysis/coco_POPE_random/666.pt
1409,1409,coco_POPE_random,coco_POPE_random,1,0,"Yes,",yes,1.75,0.7239583333333334,11.9375,4.99311936913519,28,1,/mnt/data/ssz/mr/results/Qwen2.5-VL/pope/base/analysis/coco_POPE_random/1409.pt
2917,2917,coco_POPE_random,coco_POPE_random,0,1,"No,",yes,1.734375,0.7403067129629629,11.9375,5.398453429718364,28,1,/mnt/data/ssz/mr/results/Qwen2.5-VL/pope/base/analysis/coco_POPE_random/2917.pt
2161,2161,coco_POPE_random,coco_POPE_random,1,0,"Yes,",yes,1.71875,0.7583912037037037,11.9375,4.854305151209709,28,1,/mnt/data/ssz/mr/results/Qwen2.5-VL/pope/base/analysis/coco_POPE_random/2161.pt
667,667,coco_POPE_random,coco_POPE_random,0,1,"No,",yes,1.71875,0.7479745370370371,11.9375,5.2788955393490244,28,1,/mnt/data/ssz/mr/results/Qwen2.5-VL/pope/base/analysis/coco_POPE_random/667.pt
2918,2918,coco_POPE_random,coco_POPE_random,1,0,"No,",no,1.734375,0.7403067129629629,11.9375,5.203459937566079,28,1,/mnt/data/ssz/mr/results/Qwen2.5-VL/pope/base/analysis/coco_POPE_random/2918.pt
1410,1410,coco_POPE_random,coco_POPE_random,1,0,"No,",no,1.75,0.7239583333333334,11.9375,5.395292768958889,28,1,/mnt/data/ssz/mr/results/Qwen2.5-VL/pope/base/analysis/coco_POPE_random/1410.pt
2162,2162,coco_POPE_random,coco_POPE_random,1,0,"No,",no,1.71875,0.7583912037037037,11.9375,5.215193617926192,28,1,/mnt/data/ssz/mr/results/Qwen2.5-VL/pope/base/analysis/coco_POPE_random/2162.pt
668,668,coco_POPE_random,coco_POPE_random,1,0,"No,",no,1.71875,0.7479745370370371,11.9375,5.216049488827123,28,1,/mnt/data/ssz/mr/results/Qwen2.5-VL/pope/base/analysis/coco_POPE_random/668.pt
2919,2919,coco_POPE_random,coco_POPE_random,1,0,"Yes,",yes,1.734375,0.7403067129629629,11.9375,4.791711733283733,28,1,/mnt/data/ssz/mr/results/Qwen2.5-VL/pope/base/analysis/coco_POPE_random/2919.pt
2163,2163,coco_POPE_random,coco_POPE_random,1,0,"Yes,",yes,1.71875,0.7583912037037037,11.9375,4.671425847269411,28,1,/mnt/data/ssz/mr/results/Qwen2.5-VL/pope/base/analysis/coco_POPE_random/2163.pt
1411,1411,coco_POPE_random,coco_POPE_random,1,0,"Yes,",yes,1.7109375,0.7222222222222222,11.9375,4.789702198821192,28,1,/mnt/data/ssz/mr/results/Qwen2.5-VL/pope/base/analysis/coco_POPE_random/1411.pt
2920,2920,coco_POPE_random,coco_POPE_random,1,0,"No,",no,1.734375,0.7403067129629629,11.9375,5.307729881193877,28,1,/mnt/data/ssz/mr/results/Qwen2.5-VL/pope/base/analysis/coco_POPE_random/2920.pt
669,669,coco_POPE_random,coco_POPE_random,1,0,"Yes,",yes,1.71875,0.7479745370370371,11.9375,4.723352830294541,28,1,/mnt/data/ssz/mr/results/Qwen2.5-VL/pope/base/analysis/coco_POPE_random/669.pt
1412,1412,coco_POPE_random,coco_POPE_random,1,0,"No,",no,1.7109375,0.7222222222222222,11.9375,5.3222797795468315,28,1,/mnt/data/ssz/mr/results/Qwen2.5-VL/pope/base/analysis/coco_POPE_random/1412.pt
2164,2164,coco_POPE_random,coco_POPE_random,1,0,"No,",no,1.71875,0.7583912037037037,11.9375,5.269137152927906,28,1,/mnt/data/ssz/mr/results/Qwen2.5-VL/pope/base/analysis/coco_POPE_random/2164.pt
2921,2921,coco_POPE_random,coco_POPE_random,1,0,"Yes,",yes,1.734375,0.7403067129629629,11.9375,4.669243215327855,28,1,/mnt/data/ssz/mr/results/Qwen2.5-VL/pope/base/analysis/coco_POPE_random/2921.pt
670,670,coco_POPE_random,coco_POPE_random,1,0,"No,",no,1.71875,0.7479745370370371,11.9375,5.236923879736313,28,1,/mnt/data/ssz/mr/results/Qwen2.5-VL/pope/base/analysis/coco_POPE_random/670.pt
1413,1413,coco_POPE_random,coco_POPE_random,0,1,"No,",yes,1.7109375,0.7222222222222222,11.9375,5.2995429550848785,28,1,/mnt/data/ssz/mr/results/Qwen2.5-VL/pope/base/analysis/coco_POPE_random/1413.pt
2165,2165,coco_POPE_random,coco_POPE_random,1,0,"Yes,",yes,1.71875,0.7583912037037037,11.9375,4.621673643906654,28,1,/mnt/data/ssz/mr/results/Qwen2.5-VL/pope/base/analysis/coco_POPE_random/2165.pt
2922,2922,coco_POPE_random,coco_POPE_random,1,0,"No,",no,1.734375,0.7403067129629629,11.9375,5.267510065434683,28,1,/mnt/data/ssz/mr/results/Qwen2.5-VL/pope/base/analysis/coco_POPE_random/2922.pt
671,671,coco_POPE_random,coco_POPE_random,1,0,"Yes,",yes,1.71875,0.7479745370370371,11.9375,4.775164279498415,28,1,/mnt/data/ssz/mr/results/Qwen2.5-VL/pope/base/analysis/coco_POPE_random/671.pt
2166,2166,coco_POPE_random,coco_POPE_random,1,0,"No,",no,1.71875,0.7583912037037037,11.9375,5.2389837120236145,28,1,/mnt/data/ssz/mr/results/Qwen2.5-VL/pope/base/analysis/coco_POPE_random/2166.pt
1414,1414,coco_POPE_random,coco_POPE_random,1,0,"No,",no,1.7109375,0.7222222222222222,11.9375,5.289113297509051,28,1,/mnt/data/ssz/mr/results/Qwen2.5-VL/pope/base/analysis/coco_POPE_random/1414.pt
2923,2923,coco_POPE_random,coco_POPE_random,1,0,"Yes,",yes,1.7578125,0.7209201388888888,11.9375,4.850395643852796,28,1,/mnt/data/ssz/mr/results/Qwen2.5-VL/pope/base/analysis/coco_POPE_random/2923.pt
2167,2167,coco_POPE_random,coco_POPE_random,0,1,"No,",yes,1.7109375,0.7497106481481481,11.9375,5.490200487617861,28,1,/mnt/data/ssz/mr/results/Qwen2.5-VL/pope/base/analysis/coco_POPE_random/2167.pt
672,672,coco_POPE_random,coco_POPE_random,1,0,"No,",no,1.71875,0.7479745370370371,11.9375,5.120737657815472,28,1,/mnt/data/ssz/mr/results/Qwen2.5-VL/pope/base/analysis/coco_POPE_random/672.pt
1415,1415,coco_POPE_random,coco_POPE_random,0,1,"No,",yes,1.7109375,0.7222222222222222,11.9375,5.386370575497558,28,1,/mnt/data/ssz/mr/results/Qwen2.5-VL/pope/base/analysis/coco_POPE_random/1415.pt
2924,2924,coco_POPE_random,coco_POPE_random,1,0,"No,",no,1.7578125,0.7209201388888888,11.9375,5.361121057592316,28,1,/mnt/data/ssz/mr/results/Qwen2.5-VL/pope/base/analysis/coco_POPE_random/2924.pt
2168,2168,coco_POPE_random,coco_POPE_random,1,0,"No,",no,1.7109375,0.7497106481481481,11.9375,5.352648043094664,28,1,/mnt/data/ssz/mr/results/Qwen2.5-VL/pope/base/analysis/coco_POPE_random/2168.pt
673,673,coco_POPE_random,coco_POPE_random,1,0,"Yes,",yes,1.671875,0.7432002314814815,11.9375,4.966760224952095,28,1,/mnt/data/ssz/mr/results/Qwen2.5-VL/pope/base/analysis/coco_POPE_random/673.pt
1416,1416,coco_POPE_random,coco_POPE_random,1,0,"No,",no,1.7109375,0.7222222222222222,11.9375,5.344664233267473,28,1,/mnt/data/ssz/mr/results/Qwen2.5-VL/pope/base/analysis/coco_POPE_random/1416.pt
2925,2925,coco_POPE_random,coco_POPE_random,1,0,"Yes,",yes,1.7578125,0.7209201388888888,11.9375,4.8829441334583725,28,1,/mnt/data/ssz/mr/results/Qwen2.5-VL/pope/base/analysis/coco_POPE_random/2925.pt
2169,2169,coco_POPE_random,coco_POPE_random,1,0,"Yes,",yes,1.7109375,0.7497106481481481,11.9375,4.979135157172881,28,1,/mnt/data/ssz/mr/results/Qwen2.5-VL/pope/base/analysis/coco_POPE_random/2169.pt
674,674,coco_POPE_random,coco_POPE_random,1,0,"No,",no,1.671875,0.7432002314814815,11.9375,5.356749917489902,28,1,/mnt/data/ssz/mr/results/Qwen2.5-VL/pope/base/analysis/coco_POPE_random/674.pt
1417,1417,coco_POPE_random,coco_POPE_random,1,0,"Yes,",yes,1.6953125,0.7398726851851852,11.9375,4.86038461608782,28,1,/mnt/data/ssz/mr/results/Qwen2.5-VL/pope/base/analysis/coco_POPE_random/1417.pt
2926,2926,coco_POPE_random,coco_POPE_random,1,0,"No,",no,1.7578125,0.7209201388888888,11.9375,5.315006693495073,28,1,/mnt/data/ssz/mr/results/Qwen2.5-VL/pope/base/analysis/coco_POPE_random/2926.pt
2170,2170,coco_POPE_random,coco_POPE_random,1,0,"No,",no,1.7109375,0.7497106481481481,11.9375,5.339602642618116,28,1,/mnt/data/ssz/mr/results/Qwen2.5-VL/pope/base/analysis/coco_POPE_random/2170.pt
1418,1418,coco_POPE_random,coco_POPE_random,1,0,"No,",no,1.6953125,0.7398726851851852,11.9375,5.332598097273901,28,1,/mnt/data/ssz/mr/results/Qwen2.5-VL/pope/base/analysis/coco_POPE_random/1418.pt
675,675,coco_POPE_random,coco_POPE_random,1,0,"Yes,",yes,1.671875,0.7432002314814815,11.9375,5.033702726941565,28,1,/mnt/data/ssz/mr/results/Qwen2.5-VL/pope/base/analysis/coco_POPE_random/675.pt
2927,2927,coco_POPE_random,coco_POPE_random,0,1,"No,",yes,1.7578125,0.7209201388888888,11.9375,5.5301587259704075,28,1,/mnt/data/ssz/mr/results/Qwen2.5-VL/pope/base/analysis/coco_POPE_random/2927.pt
2171,2171,coco_POPE_random,coco_POPE_random,1,0,"Yes,",yes,1.7109375,0.7497106481481481,11.9375,4.882894515927085,28,1,/mnt/data/ssz/mr/results/Qwen2.5-VL/pope/base/analysis/coco_POPE_random/2171.pt
1419,1419,coco_POPE_random,coco_POPE_random,1,0,"Yes,",yes,1.6953125,0.7398726851851852,11.9375,4.904492366581393,28,1,/mnt/data/ssz/mr/results/Qwen2.5-VL/pope/base/analysis/coco_POPE_random/1419.pt
676,676,coco_POPE_random,coco_POPE_random,1,0,"No,",no,1.671875,0.7432002314814815,11.9375,5.438463919085014,28,1,/mnt/data/ssz/mr/results/Qwen2.5-VL/pope/base/analysis/coco_POPE_random/676.pt
2928,2928,coco_POPE_random,coco_POPE_random,1,0,"No,",no,1.7578125,0.7209201388888888,11.9375,5.44205147499301,28,1,/mnt/data/ssz/mr/results/Qwen2.5-VL/pope/base/analysis/coco_POPE_random/2928.pt
2172,2172,coco_POPE_random,coco_POPE_random,1,0,"No,",no,1.7109375,0.7497106481481481,11.9375,5.416318168735197,28,1,/mnt/data/ssz/mr/results/Qwen2.5-VL/pope/base/analysis/coco_POPE_random/2172.pt
1420,1420,coco_POPE_random,coco_POPE_random,1,0,"No,",no,1.6953125,0.7398726851851852,11.9375,5.347849682872603,28,1,/mnt/data/ssz/mr/results/Qwen2.5-VL/pope/base/analysis/coco_POPE_random/1420.pt
2929,2929,coco_POPE_random,coco_POPE_random,0,1,"No,",yes,1.6875,0.7592592592592593,11.9375,5.248005479683595,28,1,/mnt/data/ssz/mr/results/Qwen2.5-VL/pope/base/analysis/coco_POPE_random/2929.pt
677,677,coco_POPE_random,coco_POPE_random,1,0,"Yes,",yes,1.671875,0.7432002314814815,11.9375,5.04829136900412,28,1,/mnt/data/ssz/mr/results/Qwen2.5-VL/pope/base/analysis/coco_POPE_random/677.pt
2173,2173,coco_POPE_random,coco_POPE_random,0,1,"No,",yes,1.703125,0.7280092592592593,11.9375,5.448274704189129,28,1,/mnt/data/ssz/mr/results/Qwen2.5-VL/pope/base/analysis/coco_POPE_random/2173.pt
1421,1421,coco_POPE_random,coco_POPE_random,0,1,"No,",yes,1.6953125,0.7398726851851852,11.9375,5.480081173115717,28,1,/mnt/data/ssz/mr/results/Qwen2.5-VL/pope/base/analysis/coco_POPE_random/1421.pt
2930,2930,coco_POPE_random,coco_POPE_random,1,0,"No,",no,1.6875,0.7592592592592593,11.9375,5.293055101863816,28,1,/mnt/data/ssz/mr/results/Qwen2.5-VL/pope/base/analysis/coco_POPE_random/2930.pt
678,678,coco_POPE_random,coco_POPE_random,1,0,"No,",no,1.671875,0.7432002314814815,11.9375,5.325540832181641,28,1,/mnt/data/ssz/mr/results/Qwen2.5-VL/pope/base/analysis/coco_POPE_random/678.pt
2174,2174,coco_POPE_random,coco_POPE_random,1,0,"No,",no,1.703125,0.7280092592592593,11.9375,5.390053591703503,28,1,/mnt/data/ssz/mr/results/Qwen2.5-VL/pope/base/analysis/coco_POPE_random/2174.pt
1422,1422,coco_POPE_random,coco_POPE_random,1,0,"No,",no,1.6953125,0.7398726851851852,11.9375,5.333396445379675,28,1,/mnt/data/ssz/mr/results/Qwen2.5-VL/pope/base/analysis/coco_POPE_random/1422.pt
2931,2931,coco_POPE_random,coco_POPE_random,0,1,"No,",yes,1.6875,0.7592592592592593,11.9375,5.389694213464808,28,1,/mnt/data/ssz/mr/results/Qwen2.5-VL/pope/base/analysis/coco_POPE_random/2931.pt
1423,1423,coco_POPE_random,coco_POPE_random,0,1,"No,",yes,1.65625,0.7549189814814815,11.9375,5.197975707844308,28,1,/mnt/data/ssz/mr/results/Qwen2.5-VL/pope/base/analysis/coco_POPE_random/1423.pt
679,679,coco_POPE_random,coco_POPE_random,1,0,"Yes,",yes,1.71875,0.7151331018518519,11.9375,4.923836509906136,28,1,/mnt/data/ssz/mr/results/Qwen2.5-VL/pope/base/analysis/coco_POPE_random/679.pt
2932,2932,coco_POPE_random,coco_POPE_random,1,0,"No,",no,1.6875,0.7592592592592593,11.9375,5.245905456011597,28,1,/mnt/data/ssz/mr/results/Qwen2.5-VL/pope/base/analysis/coco_POPE_random/2932.pt
2175,2175,coco_POPE_random,coco_POPE_random,1,0,"Yes,",yes,1.703125,0.7280092592592593,11.9375,4.987456457470156,28,1,/mnt/data/ssz/mr/results/Qwen2.5-VL/pope/base/analysis/coco_POPE_random/2175.pt
1424,1424,coco_POPE_random,coco_POPE_random,1,0,"No,",no,1.65625,0.7549189814814815,11.9375,5.277005745326968,28,1,/mnt/data/ssz/mr/results/Qwen2.5-VL/pope/base/analysis/coco_POPE_random/1424.pt
2933,2933,coco_POPE_random,coco_POPE_random,1,0,"Yes,",yes,1.6875,0.7592592592592593,11.9375,4.80134747690465,28,1,/mnt/data/ssz/mr/results/Qwen2.5-VL/pope/base/analysis/coco_POPE_random/2933.pt
680,680,coco_POPE_random,coco_POPE_random,1,0,"No,",no,1.71875,0.7151331018518519,11.9375,5.515410305929405,28,1,/mnt/data/ssz/mr/results/Qwen2.5-VL/pope/base/analysis/coco_POPE_random/680.pt
2176,2176,coco_POPE_random,coco_POPE_random,1,0,"No,",no,1.703125,0.7280092592592593,11.9375,5.356009000297616,28,1,/mnt/data/ssz/mr/results/Qwen2.5-VL/pope/base/analysis/coco_POPE_random/2176.pt
2934,2934,coco_POPE_random,coco_POPE_random,1,0,"No,",no,1.6875,0.7592592592592593,11.9375,5.219435879952001,28,1,/mnt/data/ssz/mr/results/Qwen2.5-VL/pope/base/analysis/coco_POPE_random/2934.pt
1425,1425,coco_POPE_random,coco_POPE_random,1,0,"Yes,",yes,1.65625,0.7549189814814815,11.9375,4.814764339912636,28,1,/mnt/data/ssz/mr/results/Qwen2.5-VL/pope/base/analysis/coco_POPE_random/1425.pt
681,681,coco_POPE_random,coco_POPE_random,1,0,"Yes,",yes,1.71875,0.7151331018518519,11.9375,4.901614307290938,28,1,/mnt/data/ssz/mr/results/Qwen2.5-VL/pope/base/analysis/coco_POPE_random/681.pt
2177,2177,coco_POPE_random,coco_POPE_random,1,0,"Yes,",yes,1.703125,0.7280092592592593,11.9375,4.902081392051163,28,1,/mnt/data/ssz/mr/results/Qwen2.5-VL/pope/base/analysis/coco_POPE_random/2177.pt
2935,2935,coco_POPE_random,coco_POPE_random,1,0,"Yes,",yes,1.6875,0.7391493055555556,11.9375,4.819861555242449,28,1,/mnt/data/ssz/mr/results/Qwen2.5-VL/pope/base/analysis/coco_POPE_random/2935.pt
1426,1426,coco_POPE_random,coco_POPE_random,1,0,"No,",no,1.65625,0.7549189814814815,11.9375,5.299188007669288,28,1,/mnt/data/ssz/mr/results/Qwen2.5-VL/pope/base/analysis/coco_POPE_random/1426.pt
2178,2178,coco_POPE_random,coco_POPE_random,1,0,"No,",no,1.703125,0.7280092592592593,11.9375,5.292449150809765,28,1,/mnt/data/ssz/mr/results/Qwen2.5-VL/pope/base/analysis/coco_POPE_random/2178.pt
682,682,coco_POPE_random,coco_POPE_random,1,0,"No,",no,1.71875,0.7151331018518519,11.9375,5.381844024895991,28,1,/mnt/data/ssz/mr/results/Qwen2.5-VL/pope/base/analysis/coco_POPE_random/682.pt
2936,2936,coco_POPE_random,coco_POPE_random,1,0,"No,",no,1.6875,0.7391493055555556,11.9375,5.22351393417438,28,1,/mnt/data/ssz/mr/results/Qwen2.5-VL/pope/base/analysis/coco_POPE_random/2936.pt
1427,1427,coco_POPE_random,coco_POPE_random,0,1,"No,",yes,1.65625,0.7549189814814815,11.9375,5.230744416521765,28,1,/mnt/data/ssz/mr/results/Qwen2.5-VL/pope/base/analysis/coco_POPE_random/1427.pt
2179,2179,coco_POPE_random,coco_POPE_random,0,1,"No,",yes,1.6875,0.7439236111111112,11.9375,5.2608823251328,28,1,/mnt/data/ssz/mr/results/Qwen2.5-VL/pope/base/analysis/coco_POPE_random/2179.pt
683,683,coco_POPE_random,coco_POPE_random,1,0,"Yes,",yes,1.71875,0.7151331018518519,11.9375,4.9700287929023546,28,1,/mnt/data/ssz/mr/results/Qwen2.5-VL/pope/base/analysis/coco_POPE_random/683.pt
1428,1428,coco_POPE_random,coco_POPE_random,1,0,"No,",no,1.65625,0.7549189814814815,11.9375,5.176366392027032,28,1,/mnt/data/ssz/mr/results/Qwen2.5-VL/pope/base/analysis/coco_POPE_random/1428.pt
2937,2937,coco_POPE_random,coco_POPE_random,0,1,"No,",yes,1.6875,0.7391493055555556,11.9375,5.401900275411693,28,1,/mnt/data/ssz/mr/results/Qwen2.5-VL/pope/base/analysis/coco_POPE_random/2937.pt
2180,2180,coco_POPE_random,coco_POPE_random,1,0,"No,",no,1.6875,0.7439236111111112,11.9375,5.207738032667011,28,1,/mnt/data/ssz/mr/results/Qwen2.5-VL/pope/base/analysis/coco_POPE_random/2180.pt
684,684,coco_POPE_random,coco_POPE_random,1,0,"No,",no,1.71875,0.7151331018518519,11.9375,5.514252493016981,28,1,/mnt/data/ssz/mr/results/Qwen2.5-VL/pope/base/analysis/coco_POPE_random/684.pt
1429,1429,coco_POPE_random,coco_POPE_random,1,0,"Yes,",yes,1.6875,0.7518807870370371,11.9375,4.806415386072959,28,1,/mnt/data/ssz/mr/results/Qwen2.5-VL/pope/base/analysis/coco_POPE_random/1429.pt
2938,2938,coco_POPE_random,coco_POPE_random,1,0,"No,",no,1.6875,0.7391493055555556,11.9375,5.312971498559223,28,1,/mnt/data/ssz/mr/results/Qwen2.5-VL/pope/base/analysis/coco_POPE_random/2938.pt
2181,2181,coco_POPE_random,coco_POPE_random,1,0,"Yes,",yes,1.6875,0.7439236111111112,11.9375,4.96550824248398,28,1,/mnt/data/ssz/mr/results/Qwen2.5-VL/pope/base/analysis/coco_POPE_random/2181.pt
685,685,coco_POPE_random,coco_POPE_random,1,0,"Yes,",yes,1.671875,0.7541956018518519,11.9375,4.917130967845674,28,1,/mnt/data/ssz/mr/results/Qwen2.5-VL/pope/base/analysis/coco_POPE_random/685.pt
2939,2939,coco_POPE_random,coco_POPE_random,0,1,"No,",yes,1.6875,0.7391493055555556,11.9375,5.229498224017679,28,1,/mnt/data/ssz/mr/results/Qwen2.5-VL/pope/base/analysis/coco_POPE_random/2939.pt
1430,1430,coco_POPE_random,coco_POPE_random,1,0,"No,",no,1.6875,0.7518807870370371,11.9375,5.440360164337677,28,1,/mnt/data/ssz/mr/results/Qwen2.5-VL/pope/base/analysis/coco_POPE_random/1430.pt
2182,2182,coco_POPE_random,coco_POPE_random,1,0,"No,",no,1.6875,0.7439236111111112,11.9375,5.336240085603941,28,1,/mnt/data/ssz/mr/results/Qwen2.5-VL/pope/base/analysis/coco_POPE_random/2182.pt
686,686,coco_POPE_random,coco_POPE_random,1,0,"No,",no,1.671875,0.7541956018518519,11.9375,5.273049433835069,28,1,/mnt/data/ssz/mr/results/Qwen2.5-VL/pope/base/analysis/coco_POPE_random/686.pt
2940,2940,coco_POPE_random,coco_POPE_random,1,0,"No,",no,1.6875,0.7391493055555556,11.9375,5.236252231331963,28,1,/mnt/data/ssz/mr/results/Qwen2.5-VL/pope/base/analysis/coco_POPE_random/2940.pt
1431,1431,coco_POPE_random,coco_POPE_random,1,0,"Yes,",yes,1.6875,0.7518807870370371,11.9375,4.998690690591401,28,1,/mnt/data/ssz/mr/results/Qwen2.5-VL/pope/base/analysis/coco_POPE_random/1431.pt
2183,2183,coco_POPE_random,coco_POPE_random,1,0,"Yes,",yes,1.6875,0.7439236111111112,11.9375,4.842442679460493,28,1,/mnt/data/ssz/mr/results/Qwen2.5-VL/pope/base/analysis/coco_POPE_random/2183.pt
687,687,coco_POPE_random,coco_POPE_random,1,0,"Yes,",yes,1.671875,0.7541956018518519,11.9375,5.083193830621902,28,1,/mnt/data/ssz/mr/results/Qwen2.5-VL/pope/base/analysis/coco_POPE_random/687.pt
2941,2941,coco_POPE_random,coco_POPE_random,1,0,"Yes,",yes,1.734375,0.7507233796296297,11.9375,4.807323208785611,28,1,/mnt/data/ssz/mr/results/Qwen2.5-VL/pope/base/analysis/coco_POPE_random/2941.pt
1432,1432,coco_POPE_random,coco_POPE_random,1,0,"No,",no,1.6875,0.7518807870370371,11.9375,5.421308161167276,28,1,/mnt/data/ssz/mr/results/Qwen2.5-VL/pope/base/analysis/coco_POPE_random/1432.pt
2184,2184,coco_POPE_random,coco_POPE_random,1,0,"No,",no,1.6875,0.7439236111111112,11.9375,5.3496435193775485,28,1,/mnt/data/ssz/mr/results/Qwen2.5-VL/pope/base/analysis/coco_POPE_random/2184.pt
688,688,coco_POPE_random,coco_POPE_random,1,0,"No,",no,1.671875,0.7541956018518519,11.9375,5.405302150929919,28,1,/mnt/data/ssz/mr/results/Qwen2.5-VL/pope/base/analysis/coco_POPE_random/688.pt
2942,2942,coco_POPE_random,coco_POPE_random,1,0,"No,",no,1.734375,0.7507233796296297,11.9375,5.24057837575762,28,1,/mnt/data/ssz/mr/results/Qwen2.5-VL/pope/base/analysis/coco_POPE_random/2942.pt
1433,1433,coco_POPE_random,coco_POPE_random,0,1,"No,",yes,1.6875,0.7518807870370371,11.9375,5.468518041817435,28,1,/mnt/data/ssz/mr/results/Qwen2.5-VL/pope/base/analysis/coco_POPE_random/1433.pt
2185,2185,coco_POPE_random,coco_POPE_random,1,0,"Yes,",yes,1.671875,0.7310474537037037,11.9375,4.9486653529080495,28,1,/mnt/data/ssz/mr/results/Qwen2.5-VL/pope/base/analysis/coco_POPE_random/2185.pt
689,689,coco_POPE_random,coco_POPE_random,1,0,"Yes,",yes,1.671875,0.7541956018518519,11.9375,4.844256397229262,28,1,/mnt/data/ssz/mr/results/Qwen2.5-VL/pope/base/analysis/coco_POPE_random/689.pt
2943,2943,coco_POPE_random,coco_POPE_random,1,0,"Yes,",yes,1.734375,0.7507233796296297,11.9375,4.970136866900837,28,1,/mnt/data/ssz/mr/results/Qwen2.5-VL/pope/base/analysis/coco_POPE_random/2943.pt
1434,1434,coco_POPE_random,coco_POPE_random,1,0,"No,",no,1.6875,0.7518807870370371,11.9375,5.314995366659473,28,1,/mnt/data/ssz/mr/results/Qwen2.5-VL/pope/base/analysis/coco_POPE_random/1434.pt
2186,2186,coco_POPE_random,coco_POPE_random,1,0,"No,",no,1.671875,0.7310474537037037,11.9375,5.443698086228073,28,1,/mnt/data/ssz/mr/results/Qwen2.5-VL/pope/base/analysis/coco_POPE_random/2186.pt
690,690,coco_POPE_random,coco_POPE_random,1,0,"No,",no,1.671875,0.7541956018518519,11.9375,5.274078897823059,28,1,/mnt/data/ssz/mr/results/Qwen2.5-VL/pope/base/analysis/coco_POPE_random/690.pt
2944,2944,coco_POPE_random,coco_POPE_random,1,0,"No,",no,1.734375,0.7507233796296297,11.9375,5.336617720129841,28,1,/mnt/data/ssz/mr/results/Qwen2.5-VL/pope/base/analysis/coco_POPE_random/2944.pt
1435,1435,coco_POPE_random,coco_POPE_random,1,0,"Yes,",yes,1.734375,0.7316261574074074,11.9375,4.941940628626431,28,1,/mnt/data/ssz/mr/results/Qwen2.5-VL/pope/base/analysis/coco_POPE_random/1435.pt
2187,2187,coco_POPE_random,coco_POPE_random,0,1,"No,",yes,1.671875,0.7310474537037037,11.9375,5.375060333169351,28,1,/mnt/data/ssz/mr/results/Qwen2.5-VL/pope/base/analysis/coco_POPE_random/2187.pt
691,691,coco_POPE_random,coco_POPE_random,1,0,"Yes,",yes,1.71875,0.7369791666666666,11.9375,4.764653319366737,28,1,/mnt/data/ssz/mr/results/Qwen2.5-VL/pope/base/analysis/coco_POPE_random/691.pt
2945,2945,coco_POPE_random,coco_POPE_random,0,1,"No,",yes,1.734375,0.7507233796296297,11.9375,5.312149095571315,28,1,/mnt/data/ssz/mr/results/Qwen2.5-VL/pope/base/analysis/coco_POPE_random/2945.pt
1436,1436,coco_POPE_random,coco_POPE_random,1,0,"No,",no,1.734375,0.7316261574074074,11.9375,5.4137255877814905,28,1,/mnt/data/ssz/mr/results/Qwen2.5-VL/pope/base/analysis/coco_POPE_random/1436.pt
2188,2188,coco_POPE_random,coco_POPE_random,1,0,"No,",no,1.671875,0.7310474537037037,11.9375,5.462934059732967,28,1,/mnt/data/ssz/mr/results/Qwen2.5-VL/pope/base/analysis/coco_POPE_random/2188.pt
692,692,coco_POPE_random,coco_POPE_random,1,0,"No,",no,1.71875,0.7369791666666666,11.9375,5.359469258031634,28,1,/mnt/data/ssz/mr/results/Qwen2.5-VL/pope/base/analysis/coco_POPE_random/692.pt
2946,2946,coco_POPE_random,coco_POPE_random,1,0,"No,",no,1.734375,0.7507233796296297,11.9375,5.247338961847014,28,1,/mnt/data/ssz/mr/results/Qwen2.5-VL/pope/base/analysis/coco_POPE_random/2946.pt
1437,1437,coco_POPE_random,coco_POPE_random,0,1,"No,",yes,1.734375,0.7316261574074074,11.9375,5.490738716622783,28,1,/mnt/data/ssz/mr/results/Qwen2.5-VL/pope/base/analysis/coco_POPE_random/1437.pt
2189,2189,coco_POPE_random,coco_POPE_random,0,1,"No,",yes,1.671875,0.7310474537037037,11.9375,5.354097116265997,28,1,/mnt/data/ssz/mr/results/Qwen2.5-VL/pope/base/analysis/coco_POPE_random/2189.pt
2947,2947,coco_POPE_random,coco_POPE_random,1,0,"Yes,",yes,1.734375,0.7233796296296297,11.9375,4.916814027997857,28,1,/mnt/data/ssz/mr/results/Qwen2.5-VL/pope/base/analysis/coco_POPE_random/2947.pt
693,693,coco_POPE_random,coco_POPE_random,1,0,"Yes,",yes,1.71875,0.7369791666666666,11.9375,4.860241814498923,28,1,/mnt/data/ssz/mr/results/Qwen2.5-VL/pope/base/analysis/coco_POPE_random/693.pt
1438,1438,coco_POPE_random,coco_POPE_random,1,0,"No,",no,1.734375,0.7316261574074074,11.9375,5.383272774149724,28,1,/mnt/data/ssz/mr/results/Qwen2.5-VL/pope/base/analysis/coco_POPE_random/1438.pt
2190,2190,coco_POPE_random,coco_POPE_random,1,0,"No,",no,1.671875,0.7310474537037037,11.9375,5.418562064177267,28,1,/mnt/data/ssz/mr/results/Qwen2.5-VL/pope/base/analysis/coco_POPE_random/2190.pt
2948,2948,coco_POPE_random,coco_POPE_random,1,0,"No,",no,1.734375,0.7233796296296297,11.9375,5.274789692750598,28,1,/mnt/data/ssz/mr/results/Qwen2.5-VL/pope/base/analysis/coco_POPE_random/2948.pt
694,694,coco_POPE_random,coco_POPE_random,1,0,"No,",no,1.71875,0.7369791666666666,11.9375,5.253941106475528,28,1,/mnt/data/ssz/mr/results/Qwen2.5-VL/pope/base/analysis/coco_POPE_random/694.pt
1439,1439,coco_POPE_random,coco_POPE_random,1,0,"Yes,",yes,1.734375,0.7316261574074074,11.9375,5.04119181381119,28,1,/mnt/data/ssz/mr/results/Qwen2.5-VL/pope/base/analysis/coco_POPE_random/1439.pt
2191,2191,coco_POPE_random,coco_POPE_random,1,0,"Yes,",yes,1.703125,0.7206307870370371,11.9375,4.921007518126718,28,1,/mnt/data/ssz/mr/results/Qwen2.5-VL/pope/base/analysis/coco_POPE_random/2191.pt
2949,2949,coco_POPE_random,coco_POPE_random,1,0,"Yes,",yes,1.734375,0.7233796296296297,11.9375,4.848378706321395,28,1,/mnt/data/ssz/mr/results/Qwen2.5-VL/pope/base/analysis/coco_POPE_random/2949.pt
695,695,coco_POPE_random,coco_POPE_random,0,1,"No,",yes,1.71875,0.7369791666666666,11.9375,5.281025768447357,28,1,/mnt/data/ssz/mr/results/Qwen2.5-VL/pope/base/analysis/coco_POPE_random/695.pt
1440,1440,coco_POPE_random,coco_POPE_random,1,0,"No,",no,1.734375,0.7316261574074074,11.9375,5.370750170231171,28,1,/mnt/data/ssz/mr/results/Qwen2.5-VL/pope/base/analysis/coco_POPE_random/1440.pt
2192,2192,coco_POPE_random,coco_POPE_random,1,0,"No,",no,1.703125,0.7206307870370371,11.9375,5.203290883691306,28,1,/mnt/data/ssz/mr/results/Qwen2.5-VL/pope/base/analysis/coco_POPE_random/2192.pt
2950,2950,coco_POPE_random,coco_POPE_random,1,0,"No,",no,1.734375,0.7233796296296297,11.9375,5.3970412160288745,28,1,/mnt/data/ssz/mr/results/Qwen2.5-VL/pope/base/analysis/coco_POPE_random/2950.pt
696,696,coco_POPE_random,coco_POPE_random,1,0,"No,",no,1.71875,0.7369791666666666,11.9375,5.354940269575686,28,1,/mnt/data/ssz/mr/results/Qwen2.5-VL/pope/base/analysis/coco_POPE_random/696.pt
1441,1441,coco_POPE_random,coco_POPE_random,0,1,"No,",yes,1.671875,0.7293113425925926,11.9375,5.286604732319419,28,1,/mnt/data/ssz/mr/results/Qwen2.5-VL/pope/base/analysis/coco_POPE_random/1441.pt
2193,2193,coco_POPE_random,coco_POPE_random,1,0,"Yes,",yes,1.703125,0.7206307870370371,11.9375,4.906907988870277,28,1,/mnt/data/ssz/mr/results/Qwen2.5-VL/pope/base/analysis/coco_POPE_random/2193.pt
2951,2951,coco_POPE_random,coco_POPE_random,0,1,"No,",yes,1.734375,0.7233796296296297,11.9375,5.263019011515257,28,1,/mnt/data/ssz/mr/results/Qwen2.5-VL/pope/base/analysis/coco_POPE_random/2951.pt
697,697,coco_POPE_random,coco_POPE_random,1,0,"Yes,",yes,1.71875,0.7186053240740741,11.9375,5.018990525548312,28,1,/mnt/data/ssz/mr/results/Qwen2.5-VL/pope/base/analysis/coco_POPE_random/697.pt
2194,2194,coco_POPE_random,coco_POPE_random,1,0,"No,",no,1.703125,0.7206307870370371,11.9375,5.323781095588903,28,1,/mnt/data/ssz/mr/results/Qwen2.5-VL/pope/base/analysis/coco_POPE_random/2194.pt
1442,1442,coco_POPE_random,coco_POPE_random,1,0,"No,",no,1.671875,0.7293113425925926,11.9375,5.262413566688776,28,1,/mnt/data/ssz/mr/results/Qwen2.5-VL/pope/base/analysis/coco_POPE_random/1442.pt
2952,2952,coco_POPE_random,coco_POPE_random,1,0,"No,",no,1.734375,0.7233796296296297,11.9375,5.405000213932939,28,1,/mnt/data/ssz/mr/results/Qwen2.5-VL/pope/base/analysis/coco_POPE_random/2952.pt
698,698,coco_POPE_random,coco_POPE_random,1,0,"No,",no,1.71875,0.7186053240740741,11.9375,5.4039877674748125,28,1,/mnt/data/ssz/mr/results/Qwen2.5-VL/pope/base/analysis/coco_POPE_random/698.pt
2195,2195,coco_POPE_random,coco_POPE_random,1,0,"Yes,",yes,1.703125,0.7206307870370371,11.9375,4.809900048127663,28,1,/mnt/data/ssz/mr/results/Qwen2.5-VL/pope/base/analysis/coco_POPE_random/2195.pt
1443,1443,coco_POPE_random,coco_POPE_random,0,1,"No,",yes,1.671875,0.7293113425925926,11.9375,5.383873345654014,28,1,/mnt/data/ssz/mr/results/Qwen2.5-VL/pope/base/analysis/coco_POPE_random/1443.pt
2953,2953,coco_POPE_random,coco_POPE_random,1,0,"Yes,",yes,1.7265625,0.7420428240740741,11.9375,4.965941056971635,28,1,/mnt/data/ssz/mr/results/Qwen2.5-VL/pope/base/analysis/coco_POPE_random/2953.pt
699,699,coco_POPE_random,coco_POPE_random,1,0,"Yes,",yes,1.71875,0.7186053240740741,11.9375,4.805523366433686,28,1,/mnt/data/ssz/mr/results/Qwen2.5-VL/pope/base/analysis/coco_POPE_random/699.pt
2196,2196,coco_POPE_random,coco_POPE_random,1,0,"No,",no,1.703125,0.7206307870370371,11.9375,5.3494178433514925,28,1,/mnt/data/ssz/mr/results/Qwen2.5-VL/pope/base/analysis/coco_POPE_random/2196.pt
1444,1444,coco_POPE_random,coco_POPE_random,1,0,"No,",no,1.671875,0.7293113425925926,11.9375,5.394196119659117,28,1,/mnt/data/ssz/mr/results/Qwen2.5-VL/pope/base/analysis/coco_POPE_random/1444.pt
2954,2954,coco_POPE_random,coco_POPE_random,1,0,"No,",no,1.7265625,0.7420428240740741,11.9375,5.277211249658649,28,1,/mnt/data/ssz/mr/results/Qwen2.5-VL/pope/base/analysis/coco_POPE_random/2954.pt
2197,2197,coco_POPE_random,coco_POPE_random,1,0,"Yes,",yes,1.71875,0.7443576388888888,11.9375,4.861701340048034,28,1,/mnt/data/ssz/mr/results/Qwen2.5-VL/pope/base/analysis/coco_POPE_random/2197.pt
700,700,coco_POPE_random,coco_POPE_random,1,0,"No,",no,1.71875,0.7186053240740741,11.9375,5.3520187438194196,28,1,/mnt/data/ssz/mr/results/Qwen2.5-VL/pope/base/analysis/coco_POPE_random/700.pt
1445,1445,coco_POPE_random,coco_POPE_random,0,1,"No,",yes,1.671875,0.7293113425925926,11.9375,5.368366914163025,28,1,/mnt/data/ssz/mr/results/Qwen2.5-VL/pope/base/analysis/coco_POPE_random/1445.pt
2955,2955,coco_POPE_random,coco_POPE_random,0,1,"No,",yes,1.7265625,0.7420428240740741,11.9375,5.344020346775487,28,1,/mnt/data/ssz/mr/results/Qwen2.5-VL/pope/base/analysis/coco_POPE_random/2955.pt
2198,2198,coco_POPE_random,coco_POPE_random,1,0,"No,",no,1.71875,0.7443576388888888,11.9375,5.2924924694203614,28,1,/mnt/data/ssz/mr/results/Qwen2.5-VL/pope/base/analysis/coco_POPE_random/2198.pt
701,701,coco_POPE_random,coco_POPE_random,0,1,"No,",yes,1.71875,0.7186053240740741,11.9375,5.359638408899251,28,1,/mnt/data/ssz/mr/results/Qwen2.5-VL/pope/base/analysis/coco_POPE_random/701.pt
2956,2956,coco_POPE_random,coco_POPE_random,1,0,"No,",no,1.7265625,0.7420428240740741,11.9375,5.3610681114487,28,1,/mnt/data/ssz/mr/results/Qwen2.5-VL/pope/base/analysis/coco_POPE_random/2956.pt
1446,1446,coco_POPE_random,coco_POPE_random,1,0,"No,",no,1.671875,0.7293113425925926,11.9375,5.352755079760441,28,1,/mnt/data/ssz/mr/results/Qwen2.5-VL/pope/base/analysis/coco_POPE_random/1446.pt
2199,2199,coco_POPE_random,coco_POPE_random,1,0,"Yes,",yes,1.71875,0.7443576388888888,11.9375,4.84208471181448,28,1,/mnt/data/ssz/mr/results/Qwen2.5-VL/pope/base/analysis/coco_POPE_random/2199.pt
702,702,coco_POPE_random,coco_POPE_random,1,0,"No,",no,1.71875,0.7186053240740741,11.9375,5.313081354941524,28,1,/mnt/data/ssz/mr/results/Qwen2.5-VL/pope/base/analysis/coco_POPE_random/702.pt
2200,2200,coco_POPE_random,coco_POPE_random,1,0,"No,",no,1.71875,0.7443576388888888,11.9375,5.25392139622756,28,1,/mnt/data/ssz/mr/results/Qwen2.5-VL/pope/base/analysis/coco_POPE_random/2200.pt
2957,2957,coco_POPE_random,coco_POPE_random,1,0,"Yes,",yes,1.7265625,0.7420428240740741,11.9375,4.777269897263915,28,1,/mnt/data/ssz/mr/results/Qwen2.5-VL/pope/base/analysis/coco_POPE_random/2957.pt
1447,1447,coco_POPE_random,coco_POPE_random,0,1,"No,",yes,1.75,0.7203414351851852,11.9375,5.402037104773125,28,1,/mnt/data/ssz/mr/results/Qwen2.5-VL/pope/base/analysis/coco_POPE_random/1447.pt
2201,2201,coco_POPE_random,coco_POPE_random,0,1,"No,",yes,1.71875,0.7443576388888888,11.9375,5.189130515184311,28,1,/mnt/data/ssz/mr/results/Qwen2.5-VL/pope/base/analysis/coco_POPE_random/2201.pt
703,703,coco_POPE_random,coco_POPE_random,1,0,"Yes,",yes,1.640625,0.7430555555555556,11.9375,4.9386069974819415,28,1,/mnt/data/ssz/mr/results/Qwen2.5-VL/pope/base/analysis/coco_POPE_random/703.pt
2958,2958,coco_POPE_random,coco_POPE_random,1,0,"No,",no,1.7265625,0.7420428240740741,11.9375,5.334256397065606,28,1,/mnt/data/ssz/mr/results/Qwen2.5-VL/pope/base/analysis/coco_POPE_random/2958.pt
1448,1448,coco_POPE_random,coco_POPE_random,1,0,"No,",no,1.75,0.7203414351851852,11.9375,5.35065135094819,28,1,/mnt/data/ssz/mr/results/Qwen2.5-VL/pope/base/analysis/coco_POPE_random/1448.pt
2202,2202,coco_POPE_random,coco_POPE_random,1,0,"No,",no,1.71875,0.7443576388888888,11.9375,5.268962530498765,28,1,/mnt/data/ssz/mr/results/Qwen2.5-VL/pope/base/analysis/coco_POPE_random/2202.pt
704,704,coco_POPE_random,coco_POPE_random,1,0,"No,",no,1.640625,0.7430555555555556,11.9375,5.395176367502905,28,1,/mnt/data/ssz/mr/results/Qwen2.5-VL/pope/base/analysis/coco_POPE_random/704.pt
2959,2959,coco_POPE_random,coco_POPE_random,0,1,"No,",yes,1.734375,0.7320601851851852,11.9375,5.290185056406824,28,1,/mnt/data/ssz/mr/results/Qwen2.5-VL/pope/base/analysis/coco_POPE_random/2959.pt
1449,1449,coco_POPE_random,coco_POPE_random,0,1,"No,",yes,1.75,0.7203414351851852,11.9375,5.313475188188774,28,1,/mnt/data/ssz/mr/results/Qwen2.5-VL/pope/base/analysis/coco_POPE_random/1449.pt
2203,2203,coco_POPE_random,coco_POPE_random,1,0,"Yes,",yes,1.6875,0.7445023148148148,11.9375,4.852888293439092,28,1,/mnt/data/ssz/mr/results/Qwen2.5-VL/pope/base/analysis/coco_POPE_random/2203.pt
705,705,coco_POPE_random,coco_POPE_random,0,1,"No,",yes,1.640625,0.7430555555555556,11.9375,5.515887256104062,28,1,/mnt/data/ssz/mr/results/Qwen2.5-VL/pope/base/analysis/coco_POPE_random/705.pt
2960,2960,coco_POPE_random,coco_POPE_random,1,0,"No,",no,1.734375,0.7320601851851852,11.9375,5.300398722705598,28,1,/mnt/data/ssz/mr/results/Qwen2.5-VL/pope/base/analysis/coco_POPE_random/2960.pt
1450,1450,coco_POPE_random,coco_POPE_random,1,0,"No,",no,1.75,0.7203414351851852,11.9375,5.425741379789418,28,1,/mnt/data/ssz/mr/results/Qwen2.5-VL/pope/base/analysis/coco_POPE_random/1450.pt
2204,2204,coco_POPE_random,coco_POPE_random,1,0,"No,",no,1.6875,0.7445023148148148,11.9375,5.206869517671043,28,1,/mnt/data/ssz/mr/results/Qwen2.5-VL/pope/base/analysis/coco_POPE_random/2204.pt
2961,2961,coco_POPE_random,coco_POPE_random,1,0,"Yes,",yes,1.734375,0.7320601851851852,11.9375,4.90287775986508,28,1,/mnt/data/ssz/mr/results/Qwen2.5-VL/pope/base/analysis/coco_POPE_random/2961.pt
706,706,coco_POPE_random,coco_POPE_random,1,0,"No,",no,1.640625,0.7430555555555556,11.9375,5.377668879879797,28,1,/mnt/data/ssz/mr/results/Qwen2.5-VL/pope/base/analysis/coco_POPE_random/706.pt
1451,1451,coco_POPE_random,coco_POPE_random,1,0,"Yes,",yes,1.75,0.7203414351851852,11.9375,4.815503916835514,28,1,/mnt/data/ssz/mr/results/Qwen2.5-VL/pope/base/analysis/coco_POPE_random/1451.pt
2205,2205,coco_POPE_random,coco_POPE_random,0,1,"No,",yes,1.6875,0.7445023148148148,11.9375,5.226273984445063,28,1,/mnt/data/ssz/mr/results/Qwen2.5-VL/pope/base/analysis/coco_POPE_random/2205.pt
2962,2962,coco_POPE_random,coco_POPE_random,1,0,"No,",no,1.734375,0.7320601851851852,11.9375,5.39677921286088,28,1,/mnt/data/ssz/mr/results/Qwen2.5-VL/pope/base/analysis/coco_POPE_random/2962.pt
707,707,coco_POPE_random,coco_POPE_random,1,0,"Yes,",yes,1.640625,0.7430555555555556,11.9375,4.913157485706979,28,1,/mnt/data/ssz/mr/results/Qwen2.5-VL/pope/base/analysis/coco_POPE_random/707.pt
1452,1452,coco_POPE_random,coco_POPE_random,1,0,"No,",no,1.75,0.7203414351851852,11.9375,5.338478186590788,28,1,/mnt/data/ssz/mr/results/Qwen2.5-VL/pope/base/analysis/coco_POPE_random/1452.pt
2206,2206,coco_POPE_random,coco_POPE_random,1,0,"No,",no,1.6875,0.7445023148148148,11.9375,5.208332737497428,28,1,/mnt/data/ssz/mr/results/Qwen2.5-VL/pope/base/analysis/coco_POPE_random/2206.pt
2963,2963,coco_POPE_random,coco_POPE_random,1,0,"Yes,",yes,1.734375,0.7320601851851852,11.9375,4.7875948096723375,28,1,/mnt/data/ssz/mr/results/Qwen2.5-VL/pope/base/analysis/coco_POPE_random/2963.pt
708,708,coco_POPE_random,coco_POPE_random,1,0,"No,",no,1.640625,0.7430555555555556,11.9375,5.396391410223166,28,1,/mnt/data/ssz/mr/results/Qwen2.5-VL/pope/base/analysis/coco_POPE_random/708.pt
2207,2207,coco_POPE_random,coco_POPE_random,1,0,"Yes,",yes,1.6875,0.7445023148148148,11.9375,4.697848330162686,28,1,/mnt/data/ssz/mr/results/Qwen2.5-VL/pope/base/analysis/coco_POPE_random/2207.pt
1453,1453,coco_POPE_random,coco_POPE_random,1,0,"Yes,",yes,1.6796875,0.75,11.9375,4.86251275371072,28,1,/mnt/data/ssz/mr/results/Qwen2.5-VL/pope/base/analysis/coco_POPE_random/1453.pt
2964,2964,coco_POPE_random,coco_POPE_random,1,0,"No,",no,1.734375,0.7320601851851852,11.9375,5.3203444403386975,28,1,/mnt/data/ssz/mr/results/Qwen2.5-VL/pope/base/analysis/coco_POPE_random/2964.pt
709,709,coco_POPE_random,coco_POPE_random,1,0,"Yes,",yes,1.734375,0.7268518518518519,11.9375,4.932845322105379,28,1,/mnt/data/ssz/mr/results/Qwen2.5-VL/pope/base/analysis/coco_POPE_random/709.pt
2208,2208,coco_POPE_random,coco_POPE_random,1,0,"No,",no,1.6875,0.7445023148148148,11.9375,5.15511426834075,28,1,/mnt/data/ssz/mr/results/Qwen2.5-VL/pope/base/analysis/coco_POPE_random/2208.pt
1454,1454,coco_POPE_random,coco_POPE_random,1,0,"No,",no,1.6796875,0.75,11.9375,5.3226499229979805,28,1,/mnt/data/ssz/mr/results/Qwen2.5-VL/pope/base/analysis/coco_POPE_random/1454.pt
2965,2965,coco_POPE_random,coco_POPE_random,1,0,"Yes,",yes,1.71875,0.7659143518518519,11.9375,4.877768231856949,28,1,/mnt/data/ssz/mr/results/Qwen2.5-VL/pope/base/analysis/coco_POPE_random/2965.pt
710,710,coco_POPE_random,coco_POPE_random,1,0,"No,",no,1.734375,0.7268518518518519,11.9375,5.356374510879034,28,1,/mnt/data/ssz/mr/results/Qwen2.5-VL/pope/base/analysis/coco_POPE_random/710.pt
2209,2209,coco_POPE_random,coco_POPE_random,1,0,"Yes,",yes,1.71875,0.7180266203703703,11.9375,4.822011357659119,28,1,/mnt/data/ssz/mr/results/Qwen2.5-VL/pope/base/analysis/coco_POPE_random/2209.pt
1455,1455,coco_POPE_random,coco_POPE_random,1,0,"Yes,",yes,1.6796875,0.75,11.9375,4.860712875653981,28,1,/mnt/data/ssz/mr/results/Qwen2.5-VL/pope/base/analysis/coco_POPE_random/1455.pt
2966,2966,coco_POPE_random,coco_POPE_random,1,0,"No,",no,1.71875,0.7659143518518519,11.9375,5.413553039483368,28,1,/mnt/data/ssz/mr/results/Qwen2.5-VL/pope/base/analysis/coco_POPE_random/2966.pt
711,711,coco_POPE_random,coco_POPE_random,1,0,"Yes,",yes,1.734375,0.7268518518518519,11.9375,4.8563133137787915,28,1,/mnt/data/ssz/mr/results/Qwen2.5-VL/pope/base/analysis/coco_POPE_random/711.pt
2210,2210,coco_POPE_random,coco_POPE_random,1,0,"No,",no,1.71875,0.7180266203703703,11.9375,5.37361883980627,28,1,/mnt/data/ssz/mr/results/Qwen2.5-VL/pope/base/analysis/coco_POPE_random/2210.pt
1456,1456,coco_POPE_random,coco_POPE_random,1,0,"No,",no,1.6796875,0.75,11.9375,5.362210020316055,28,1,/mnt/data/ssz/mr/results/Qwen2.5-VL/pope/base/analysis/coco_POPE_random/1456.pt
2967,2967,coco_POPE_random,coco_POPE_random,1,0,"Yes,",yes,1.71875,0.7659143518518519,11.9375,5.13757207358442,28,1,/mnt/data/ssz/mr/results/Qwen2.5-VL/pope/base/analysis/coco_POPE_random/2967.pt
712,712,coco_POPE_random,coco_POPE_random,1,0,"No,",no,1.734375,0.7268518518518519,11.9375,5.401655192801439,28,1,/mnt/data/ssz/mr/results/Qwen2.5-VL/pope/base/analysis/coco_POPE_random/712.pt
2211,2211,coco_POPE_random,coco_POPE_random,1,0,"Yes,",yes,1.71875,0.7180266203703703,11.9375,4.953577845727713,28,1,/mnt/data/ssz/mr/results/Qwen2.5-VL/pope/base/analysis/coco_POPE_random/2211.pt
2968,2968,coco_POPE_random,coco_POPE_random,1,0,"No,",no,1.71875,0.7659143518518519,11.9375,5.3137978002396915,28,1,/mnt/data/ssz/mr/results/Qwen2.5-VL/pope/base/analysis/coco_POPE_random/2968.pt
1457,1457,coco_POPE_random,coco_POPE_random,1,0,"Yes,",yes,1.6796875,0.75,11.9375,4.842008123361039,28,1,/mnt/data/ssz/mr/results/Qwen2.5-VL/pope/base/analysis/coco_POPE_random/1457.pt
713,713,coco_POPE_random,coco_POPE_random,1,0,"Yes,",yes,1.734375,0.7268518518518519,11.9375,4.88056050443567,28,1,/mnt/data/ssz/mr/results/Qwen2.5-VL/pope/base/analysis/coco_POPE_random/713.pt
2212,2212,coco_POPE_random,coco_POPE_random,1,0,"No,",no,1.71875,0.7180266203703703,11.9375,5.307744303049324,28,1,/mnt/data/ssz/mr/results/Qwen2.5-VL/pope/base/analysis/coco_POPE_random/2212.pt
2969,2969,coco_POPE_random,coco_POPE_random,0,1,"No,",yes,1.71875,0.7659143518518519,11.9375,5.30486245999507,28,1,/mnt/data/ssz/mr/results/Qwen2.5-VL/pope/base/analysis/coco_POPE_random/2969.pt
1458,1458,coco_POPE_random,coco_POPE_random,1,0,"No,",no,1.6796875,0.75,11.9375,5.274806758837791,28,1,/mnt/data/ssz/mr/results/Qwen2.5-VL/pope/base/analysis/coco_POPE_random/1458.pt
714,714,coco_POPE_random,coco_POPE_random,1,0,"No,",no,1.734375,0.7268518518518519,11.9375,5.334184635488538,28,1,/mnt/data/ssz/mr/results/Qwen2.5-VL/pope/base/analysis/coco_POPE_random/714.pt
2213,2213,coco_POPE_random,coco_POPE_random,0,1,"No,",yes,1.71875,0.7180266203703703,11.9375,5.358165851344593,28,1,/mnt/data/ssz/mr/results/Qwen2.5-VL/pope/base/analysis/coco_POPE_random/2213.pt
2970,2970,coco_POPE_random,coco_POPE_random,1,0,"No,",no,1.71875,0.7659143518518519,11.9375,5.466906910242344,28,1,/mnt/data/ssz/mr/results/Qwen2.5-VL/pope/base/analysis/coco_POPE_random/2970.pt
1459,1459,coco_POPE_random,coco_POPE_random,1,0,"Yes,",yes,1.7265625,0.7232349537037037,11.9375,4.937954964575858,28,1,/mnt/data/ssz/mr/results/Qwen2.5-VL/pope/base/analysis/coco_POPE_random/1459.pt
715,715,coco_POPE_random,coco_POPE_random,0,1,"No,",yes,1.7109375,0.7543402777777778,11.9375,5.37071594876504,28,1,/mnt/data/ssz/mr/results/Qwen2.5-VL/pope/base/analysis/coco_POPE_random/715.pt
2214,2214,coco_POPE_random,coco_POPE_random,1,0,"No,",no,1.71875,0.7180266203703703,11.9375,5.350545804179376,28,1,/mnt/data/ssz/mr/results/Qwen2.5-VL/pope/base/analysis/coco_POPE_random/2214.pt
2971,2971,coco_POPE_random,coco_POPE_random,1,0,"Yes,",yes,1.71875,0.7379918981481481,11.9375,5.040293684484292,28,1,/mnt/data/ssz/mr/results/Qwen2.5-VL/pope/base/analysis/coco_POPE_random/2971.pt
1460,1460,coco_POPE_random,coco_POPE_random,1,0,"No,",no,1.7265625,0.7232349537037037,11.9375,5.423273467538319,28,1,/mnt/data/ssz/mr/results/Qwen2.5-VL/pope/base/analysis/coco_POPE_random/1460.pt
716,716,coco_POPE_random,coco_POPE_random,1,0,"No,",no,1.7109375,0.7543402777777778,11.9375,5.294629687763518,28,1,/mnt/data/ssz/mr/results/Qwen2.5-VL/pope/base/analysis/coco_POPE_random/716.pt
2215,2215,coco_POPE_random,coco_POPE_random,1,0,"Yes,",yes,1.7421875,0.7377025462962963,11.9375,4.934325160523305,28,1,/mnt/data/ssz/mr/results/Qwen2.5-VL/pope/base/analysis/coco_POPE_random/2215.pt
2972,2972,coco_POPE_random,coco_POPE_random,1,0,"No,",no,1.71875,0.7379918981481481,11.9375,5.561238488191208,28,1,/mnt/data/ssz/mr/results/Qwen2.5-VL/pope/base/analysis/coco_POPE_random/2972.pt
1461,1461,coco_POPE_random,coco_POPE_random,1,0,"Yes,",yes,1.7265625,0.7232349537037037,11.9375,4.845302046509335,28,1,/mnt/data/ssz/mr/results/Qwen2.5-VL/pope/base/analysis/coco_POPE_random/1461.pt
717,717,coco_POPE_random,coco_POPE_random,0,1,"No,",yes,1.7109375,0.7543402777777778,11.9375,5.262991405459742,28,1,/mnt/data/ssz/mr/results/Qwen2.5-VL/pope/base/analysis/coco_POPE_random/717.pt
2216,2216,coco_POPE_random,coco_POPE_random,1,0,"No,",no,1.7421875,0.7377025462962963,11.9375,5.416403880698869,28,1,/mnt/data/ssz/mr/results/Qwen2.5-VL/pope/base/analysis/coco_POPE_random/2216.pt
2973,2973,coco_POPE_random,coco_POPE_random,1,0,"Yes,",yes,1.71875,0.7379918981481481,11.9375,4.892091646504485,28,1,/mnt/data/ssz/mr/results/Qwen2.5-VL/pope/base/analysis/coco_POPE_random/2973.pt
1462,1462,coco_POPE_random,coco_POPE_random,1,0,"No,",no,1.7265625,0.7232349537037037,11.9375,5.364950221620004,28,1,/mnt/data/ssz/mr/results/Qwen2.5-VL/pope/base/analysis/coco_POPE_random/1462.pt
718,718,coco_POPE_random,coco_POPE_random,1,0,"No,",no,1.7109375,0.7543402777777778,11.9375,5.2968263771156145,28,1,/mnt/data/ssz/mr/results/Qwen2.5-VL/pope/base/analysis/coco_POPE_random/718.pt
2217,2217,coco_POPE_random,coco_POPE_random,1,0,"Yes,",yes,1.7421875,0.7377025462962963,11.9375,5.080643477964085,28,1,/mnt/data/ssz/mr/results/Qwen2.5-VL/pope/base/analysis/coco_POPE_random/2217.pt
2974,2974,coco_POPE_random,coco_POPE_random,1,0,"No,",no,1.71875,0.7379918981481481,11.9375,5.459387142037235,28,1,/mnt/data/ssz/mr/results/Qwen2.5-VL/pope/base/analysis/coco_POPE_random/2974.pt
1463,1463,coco_POPE_random,coco_POPE_random,0,1,"No,",yes,1.7265625,0.7232349537037037,11.9375,5.463496976526036,28,1,/mnt/data/ssz/mr/results/Qwen2.5-VL/pope/base/analysis/coco_POPE_random/1463.pt
719,719,coco_POPE_random,coco_POPE_random,0,1,"No,",yes,1.7109375,0.7543402777777778,11.9375,5.276636117667859,28,1,/mnt/data/ssz/mr/results/Qwen2.5-VL/pope/base/analysis/coco_POPE_random/719.pt
2218,2218,coco_POPE_random,coco_POPE_random,1,0,"No,",no,1.7421875,0.7377025462962963,11.9375,5.342149467696739,28,1,/mnt/data/ssz/mr/results/Qwen2.5-VL/pope/base/analysis/coco_POPE_random/2218.pt
2975,2975,coco_POPE_random,coco_POPE_random,1,0,"Yes,",yes,1.71875,0.7379918981481481,11.9375,4.817980811001885,28,1,/mnt/data/ssz/mr/results/Qwen2.5-VL/pope/base/analysis/coco_POPE_random/2975.pt
1464,1464,coco_POPE_random,coco_POPE_random,1,0,"No,",no,1.7265625,0.7232349537037037,11.9375,5.308452850129611,28,1,/mnt/data/ssz/mr/results/Qwen2.5-VL/pope/base/analysis/coco_POPE_random/1464.pt
720,720,coco_POPE_random,coco_POPE_random,1,0,"No,",no,1.7109375,0.7543402777777778,11.9375,5.293551862524856,28,1,/mnt/data/ssz/mr/results/Qwen2.5-VL/pope/base/analysis/coco_POPE_random/720.pt
2219,2219,coco_POPE_random,coco_POPE_random,1,0,"Yes,",yes,1.7421875,0.7377025462962963,11.9375,4.935549686673562,28,1,/mnt/data/ssz/mr/results/Qwen2.5-VL/pope/base/analysis/coco_POPE_random/2219.pt
2976,2976,coco_POPE_random,coco_POPE_random,1,0,"No,",no,1.71875,0.7379918981481481,11.9375,5.467351962826547,28,1,/mnt/data/ssz/mr/results/Qwen2.5-VL/pope/base/analysis/coco_POPE_random/2976.pt
1465,1465,coco_POPE_random,coco_POPE_random,1,0,"Yes,",yes,1.703125,0.7391493055555556,11.9375,4.836515941841543,28,1,/mnt/data/ssz/mr/results/Qwen2.5-VL/pope/base/analysis/coco_POPE_random/1465.pt
721,721,coco_POPE_random,coco_POPE_random,1,0,"Yes,",yes,1.734375,0.7366898148148148,11.9375,4.968694944277416,28,1,/mnt/data/ssz/mr/results/Qwen2.5-VL/pope/base/analysis/coco_POPE_random/721.pt
2220,2220,coco_POPE_random,coco_POPE_random,1,0,"No,",no,1.7421875,0.7377025462962963,11.9375,5.302442368766261,28,1,/mnt/data/ssz/mr/results/Qwen2.5-VL/pope/base/analysis/coco_POPE_random/2220.pt
2977,2977,coco_POPE_random,coco_POPE_random,1,0,"Yes,",yes,1.71875,0.7355324074074074,11.9375,5.015580147248615,28,1,/mnt/data/ssz/mr/results/Qwen2.5-VL/pope/base/analysis/coco_POPE_random/2977.pt
1466,1466,coco_POPE_random,coco_POPE_random,1,0,"No,",no,1.703125,0.7391493055555556,11.9375,5.387235885234207,28,1,/mnt/data/ssz/mr/results/Qwen2.5-VL/pope/base/analysis/coco_POPE_random/1466.pt
722,722,coco_POPE_random,coco_POPE_random,1,0,"No,",no,1.734375,0.7366898148148148,11.9375,5.552758315298621,28,1,/mnt/data/ssz/mr/results/Qwen2.5-VL/pope/base/analysis/coco_POPE_random/722.pt
2221,2221,coco_POPE_random,coco_POPE_random,1,0,"Yes,",yes,1.734375,0.7547743055555556,11.9375,4.749781289565483,28,1,/mnt/data/ssz/mr/results/Qwen2.5-VL/pope/base/analysis/coco_POPE_random/2221.pt
2978,2978,coco_POPE_random,coco_POPE_random,1,0,"No,",no,1.71875,0.7355324074074074,11.9375,5.481229464426398,28,1,/mnt/data/ssz/mr/results/Qwen2.5-VL/pope/base/analysis/coco_POPE_random/2978.pt
1467,1467,coco_POPE_random,coco_POPE_random,0,1,"No,",yes,1.703125,0.7391493055555556,11.9375,5.452967465295191,28,1,/mnt/data/ssz/mr/results/Qwen2.5-VL/pope/base/analysis/coco_POPE_random/1467.pt
723,723,coco_POPE_random,coco_POPE_random,1,0,"Yes,",yes,1.734375,0.7366898148148148,11.9375,5.105087820405414,28,1,/mnt/data/ssz/mr/results/Qwen2.5-VL/pope/base/analysis/coco_POPE_random/723.pt
2222,2222,coco_POPE_random,coco_POPE_random,1,0,"No,",no,1.734375,0.7547743055555556,11.9375,5.271522155887366,28,1,/mnt/data/ssz/mr/results/Qwen2.5-VL/pope/base/analysis/coco_POPE_random/2222.pt
2979,2979,coco_POPE_random,coco_POPE_random,1,0,"Yes,",yes,1.71875,0.7355324074074074,11.9375,5.07976415466623,28,1,/mnt/data/ssz/mr/results/Qwen2.5-VL/pope/base/analysis/coco_POPE_random/2979.pt
1468,1468,coco_POPE_random,coco_POPE_random,1,0,"No,",no,1.703125,0.7391493055555556,11.9375,5.407102250906549,28,1,/mnt/data/ssz/mr/results/Qwen2.5-VL/pope/base/analysis/coco_POPE_random/1468.pt
724,724,coco_POPE_random,coco_POPE_random,1,0,"No,",no,1.734375,0.7366898148148148,11.9375,5.411171443567708,28,1,/mnt/data/ssz/mr/results/Qwen2.5-VL/pope/base/analysis/coco_POPE_random/724.pt
2223,2223,coco_POPE_random,coco_POPE_random,1,0,"Yes,",yes,1.734375,0.7547743055555556,11.9375,5.0604768681795695,28,1,/mnt/data/ssz/mr/results/Qwen2.5-VL/pope/base/analysis/coco_POPE_random/2223.pt
2980,2980,coco_POPE_random,coco_POPE_random,1,0,"No,",no,1.71875,0.7355324074074074,11.9375,5.452168881679898,28,1,/mnt/data/ssz/mr/results/Qwen2.5-VL/pope/base/analysis/coco_POPE_random/2980.pt
1469,1469,coco_POPE_random,coco_POPE_random,1,0,"Yes,",yes,1.703125,0.7391493055555556,11.9375,5.011536031012571,28,1,/mnt/data/ssz/mr/results/Qwen2.5-VL/pope/base/analysis/coco_POPE_random/1469.pt
725,725,coco_POPE_random,coco_POPE_random,1,0,"Yes,",yes,1.734375,0.7366898148148148,11.9375,5.0127199334412955,28,1,/mnt/data/ssz/mr/results/Qwen2.5-VL/pope/base/analysis/coco_POPE_random/725.pt
2224,2224,coco_POPE_random,coco_POPE_random,1,0,"No,",no,1.734375,0.7547743055555556,11.9375,5.1895841365094695,28,1,/mnt/data/ssz/mr/results/Qwen2.5-VL/pope/base/analysis/coco_POPE_random/2224.pt
2981,2981,coco_POPE_random,coco_POPE_random,1,0,"Yes,",yes,1.71875,0.7355324074074074,11.9375,4.907660628752263,28,1,/mnt/data/ssz/mr/results/Qwen2.5-VL/pope/base/analysis/coco_POPE_random/2981.pt
1470,1470,coco_POPE_random,coco_POPE_random,1,0,"No,",no,1.703125,0.7391493055555556,11.9375,5.341204530763717,28,1,/mnt/data/ssz/mr/results/Qwen2.5-VL/pope/base/analysis/coco_POPE_random/1470.pt
726,726,coco_POPE_random,coco_POPE_random,1,0,"No,",no,1.734375,0.7366898148148148,11.9375,5.406150147882852,28,1,/mnt/data/ssz/mr/results/Qwen2.5-VL/pope/base/analysis/coco_POPE_random/726.pt
2225,2225,coco_POPE_random,coco_POPE_random,1,0,"Yes,",yes,1.734375,0.7547743055555556,11.9375,4.938689414077591,28,1,/mnt/data/ssz/mr/results/Qwen2.5-VL/pope/base/analysis/coco_POPE_random/2225.pt
2982,2982,coco_POPE_random,coco_POPE_random,1,0,"No,",no,1.71875,0.7355324074074074,11.9375,5.472568415314716,28,1,/mnt/data/ssz/mr/results/Qwen2.5-VL/pope/base/analysis/coco_POPE_random/2982.pt
1471,1471,coco_POPE_random,coco_POPE_random,1,0,"Yes,",yes,1.734375,0.7547743055555556,11.9375,4.883995427463419,28,1,/mnt/data/ssz/mr/results/Qwen2.5-VL/pope/base/analysis/coco_POPE_random/1471.pt
727,727,coco_POPE_random,coco_POPE_random,1,0,"Yes,",yes,1.7265625,0.7123842592592593,11.9375,4.894375746155463,28,1,/mnt/data/ssz/mr/results/Qwen2.5-VL/pope/base/analysis/coco_POPE_random/727.pt
2226,2226,coco_POPE_random,coco_POPE_random,1,0,"No,",no,1.734375,0.7547743055555556,11.9375,5.275573616910121,28,1,/mnt/data/ssz/mr/results/Qwen2.5-VL/pope/base/analysis/coco_POPE_random/2226.pt
2983,2983,coco_POPE_random,coco_POPE_random,1,0,"Yes,",yes,1.703125,0.7256944444444444,11.9375,4.85288458345669,28,1,/mnt/data/ssz/mr/results/Qwen2.5-VL/pope/base/analysis/coco_POPE_random/2983.pt
1472,1472,coco_POPE_random,coco_POPE_random,1,0,"No,",no,1.734375,0.7547743055555556,11.9375,5.4013961174877725,28,1,/mnt/data/ssz/mr/results/Qwen2.5-VL/pope/base/analysis/coco_POPE_random/1472.pt
728,728,coco_POPE_random,coco_POPE_random,1,0,"No,",no,1.7265625,0.7123842592592593,11.9375,5.318379048343748,28,1,/mnt/data/ssz/mr/results/Qwen2.5-VL/pope/base/analysis/coco_POPE_random/728.pt
2227,2227,coco_POPE_random,coco_POPE_random,1,0,"Yes,",yes,1.7265625,0.7356770833333334,11.9375,5.003533360665758,28,1,/mnt/data/ssz/mr/results/Qwen2.5-VL/pope/base/analysis/coco_POPE_random/2227.pt
2984,2984,coco_POPE_random,coco_POPE_random,1,0,"No,",no,1.703125,0.7256944444444444,11.9375,5.256166951840739,28,1,/mnt/data/ssz/mr/results/Qwen2.5-VL/pope/base/analysis/coco_POPE_random/2984.pt
1473,1473,coco_POPE_random,coco_POPE_random,1,0,"Yes,",yes,1.734375,0.7547743055555556,11.9375,5.090018283941181,28,1,/mnt/data/ssz/mr/results/Qwen2.5-VL/pope/base/analysis/coco_POPE_random/1473.pt
729,729,coco_POPE_random,coco_POPE_random,1,0,"Yes,",yes,1.7265625,0.7123842592592593,11.9375,4.938015046239953,28,1,/mnt/data/ssz/mr/results/Qwen2.5-VL/pope/base/analysis/coco_POPE_random/729.pt
2228,2228,coco_POPE_random,coco_POPE_random,1,0,"No,",no,1.7265625,0.7356770833333334,11.9375,5.414854628614006,28,1,/mnt/data/ssz/mr/results/Qwen2.5-VL/pope/base/analysis/coco_POPE_random/2228.pt
2985,2985,coco_POPE_random,coco_POPE_random,1,0,"Yes,",yes,1.703125,0.7256944444444444,11.9375,4.982473665030131,28,1,/mnt/data/ssz/mr/results/Qwen2.5-VL/pope/base/analysis/coco_POPE_random/2985.pt
1474,1474,coco_POPE_random,coco_POPE_random,1,0,"No,",no,1.734375,0.7547743055555556,11.9375,5.3536328692154775,28,1,/mnt/data/ssz/mr/results/Qwen2.5-VL/pope/base/analysis/coco_POPE_random/1474.pt
730,730,coco_POPE_random,coco_POPE_random,1,0,"No,",no,1.7265625,0.7123842592592593,11.9375,5.295436919420354,28,1,/mnt/data/ssz/mr/results/Qwen2.5-VL/pope/base/analysis/coco_POPE_random/730.pt
2229,2229,coco_POPE_random,coco_POPE_random,0,1,"No,",yes,1.7265625,0.7356770833333334,11.9375,5.475408194211806,28,1,/mnt/data/ssz/mr/results/Qwen2.5-VL/pope/base/analysis/coco_POPE_random/2229.pt
2986,2986,coco_POPE_random,coco_POPE_random,1,0,"No,",no,1.703125,0.7256944444444444,11.9375,5.360286294975909,28,1,/mnt/data/ssz/mr/results/Qwen2.5-VL/pope/base/analysis/coco_POPE_random/2986.pt
1475,1475,coco_POPE_random,coco_POPE_random,0,1,"No,",yes,1.734375,0.7547743055555556,11.9375,5.393284126007262,28,1,/mnt/data/ssz/mr/results/Qwen2.5-VL/pope/base/analysis/coco_POPE_random/1475.pt
731,731,coco_POPE_random,coco_POPE_random,1,0,"Yes,",yes,1.7265625,0.7123842592592593,11.9375,4.974792384497867,28,1,/mnt/data/ssz/mr/results/Qwen2.5-VL/pope/base/analysis/coco_POPE_random/731.pt
2230,2230,coco_POPE_random,coco_POPE_random,1,0,"No,",no,1.7265625,0.7356770833333334,11.9375,5.391625217163296,28,1,/mnt/data/ssz/mr/results/Qwen2.5-VL/pope/base/analysis/coco_POPE_random/2230.pt
2987,2987,coco_POPE_random,coco_POPE_random,0,1,"No,",yes,1.703125,0.7256944444444444,11.9375,5.323226976222452,28,1,/mnt/data/ssz/mr/results/Qwen2.5-VL/pope/base/analysis/coco_POPE_random/2987.pt
1476,1476,coco_POPE_random,coco_POPE_random,1,0,"No,",no,1.734375,0.7547743055555556,11.9375,5.363115513043042,28,1,/mnt/data/ssz/mr/results/Qwen2.5-VL/pope/base/analysis/coco_POPE_random/1476.pt
732,732,coco_POPE_random,coco_POPE_random,1,0,"No,",no,1.7265625,0.7123842592592593,11.9375,5.320149718007283,28,1,/mnt/data/ssz/mr/results/Qwen2.5-VL/pope/base/analysis/coco_POPE_random/732.pt
2231,2231,coco_POPE_random,coco_POPE_random,0,1,"No,",yes,1.7265625,0.7356770833333334,11.9375,5.335699868470768,28,1,/mnt/data/ssz/mr/results/Qwen2.5-VL/pope/base/analysis/coco_POPE_random/2231.pt
2988,2988,coco_POPE_random,coco_POPE_random,1,0,"No,",no,1.703125,0.7256944444444444,11.9375,5.269406798823591,28,1,/mnt/data/ssz/mr/results/Qwen2.5-VL/pope/base/analysis/coco_POPE_random/2988.pt
1477,1477,coco_POPE_random,coco_POPE_random,0,1,"No,",yes,1.6796875,0.7547743055555556,11.9375,5.27823344772032,28,1,/mnt/data/ssz/mr/results/Qwen2.5-VL/pope/base/analysis/coco_POPE_random/1477.pt
733,733,coco_POPE_random,coco_POPE_random,1,0,"Yes,",yes,1.7265625,0.7385706018518519,11.9375,4.829727044088586,28,1,/mnt/data/ssz/mr/results/Qwen2.5-VL/pope/base/analysis/coco_POPE_random/733.pt
2232,2232,coco_POPE_random,coco_POPE_random,1,0,"No,",no,1.7265625,0.7356770833333334,11.9375,5.3376893609464755,28,1,/mnt/data/ssz/mr/results/Qwen2.5-VL/pope/base/analysis/coco_POPE_random/2232.pt
2989,2989,coco_POPE_random,coco_POPE_random,0,1,"No,",yes,1.71875,0.7466724537037037,11.9375,5.328767915867941,28,1,/mnt/data/ssz/mr/results/Qwen2.5-VL/pope/base/analysis/coco_POPE_random/2989.pt
1478,1478,coco_POPE_random,coco_POPE_random,1,0,"No,",no,1.6796875,0.7547743055555556,11.9375,5.326645062209883,28,1,/mnt/data/ssz/mr/results/Qwen2.5-VL/pope/base/analysis/coco_POPE_random/1478.pt
2233,2233,coco_POPE_random,coco_POPE_random,1,0,"Yes,",yes,1.75,0.7287326388888888,11.9375,5.112426949870262,28,1,/mnt/data/ssz/mr/results/Qwen2.5-VL/pope/base/analysis/coco_POPE_random/2233.pt
734,734,coco_POPE_random,coco_POPE_random,1,0,"No,",no,1.7265625,0.7385706018518519,11.9375,5.351122995926839,28,1,/mnt/data/ssz/mr/results/Qwen2.5-VL/pope/base/analysis/coco_POPE_random/734.pt
2990,2990,coco_POPE_random,coco_POPE_random,1,0,"No,",no,1.71875,0.7466724537037037,11.9375,5.390213368039283,28,1,/mnt/data/ssz/mr/results/Qwen2.5-VL/pope/base/analysis/coco_POPE_random/2990.pt
1479,1479,coco_POPE_random,coco_POPE_random,1,0,"Yes,",yes,1.6796875,0.7547743055555556,11.9375,4.846363564559428,28,1,/mnt/data/ssz/mr/results/Qwen2.5-VL/pope/base/analysis/coco_POPE_random/1479.pt
2234,2234,coco_POPE_random,coco_POPE_random,1,0,"No,",no,1.75,0.7287326388888888,11.9375,5.434186651044254,28,1,/mnt/data/ssz/mr/results/Qwen2.5-VL/pope/base/analysis/coco_POPE_random/2234.pt
735,735,coco_POPE_random,coco_POPE_random,1,0,"Yes,",yes,1.7265625,0.7385706018518519,11.9375,4.745013991854946,28,1,/mnt/data/ssz/mr/results/Qwen2.5-VL/pope/base/analysis/coco_POPE_random/735.pt
2991,2991,coco_POPE_random,coco_POPE_random,1,0,"Yes,",yes,1.71875,0.7466724537037037,11.9375,4.927111737159138,28,1,/mnt/data/ssz/mr/results/Qwen2.5-VL/pope/base/analysis/coco_POPE_random/2991.pt
1480,1480,coco_POPE_random,coco_POPE_random,1,0,"No,",no,1.6796875,0.7547743055555556,11.9375,5.270331363672399,28,1,/mnt/data/ssz/mr/results/Qwen2.5-VL/pope/base/analysis/coco_POPE_random/1480.pt
2235,2235,coco_POPE_random,coco_POPE_random,1,0,"Yes,",yes,1.75,0.7287326388888888,11.9375,4.930190892119451,28,1,/mnt/data/ssz/mr/results/Qwen2.5-VL/pope/base/analysis/coco_POPE_random/2235.pt
736,736,coco_POPE_random,coco_POPE_random,1,0,"No,",no,1.7265625,0.7385706018518519,11.9375,5.2982638721828,28,1,/mnt/data/ssz/mr/results/Qwen2.5-VL/pope/base/analysis/coco_POPE_random/736.pt
2992,2992,coco_POPE_random,coco_POPE_random,1,0,"No,",no,1.71875,0.7466724537037037,11.9375,5.325033978125782,28,1,/mnt/data/ssz/mr/results/Qwen2.5-VL/pope/base/analysis/coco_POPE_random/2992.pt
1481,1481,coco_POPE_random,coco_POPE_random,1,0,"Yes,",yes,1.6796875,0.7547743055555556,11.9375,4.9981370909333185,28,1,/mnt/data/ssz/mr/results/Qwen2.5-VL/pope/base/analysis/coco_POPE_random/1481.pt
2236,2236,coco_POPE_random,coco_POPE_random,1,0,"No,",no,1.75,0.7287326388888888,11.9375,5.460418019468087,28,1,/mnt/data/ssz/mr/results/Qwen2.5-VL/pope/base/analysis/coco_POPE_random/2236.pt
737,737,coco_POPE_random,coco_POPE_random,1,0,"Yes,",yes,1.7265625,0.7385706018518519,11.9375,4.799644938395119,28,1,/mnt/data/ssz/mr/results/Qwen2.5-VL/pope/base/analysis/coco_POPE_random/737.pt
2993,2993,coco_POPE_random,coco_POPE_random,0,1,"No,",yes,1.71875,0.7466724537037037,11.9375,5.340877084083394,28,1,/mnt/data/ssz/mr/results/Qwen2.5-VL/pope/base/analysis/coco_POPE_random/2993.pt
1482,1482,coco_POPE_random,coco_POPE_random,1,0,"No,",no,1.6796875,0.7547743055555556,11.9375,5.333586024362063,28,1,/mnt/data/ssz/mr/results/Qwen2.5-VL/pope/base/analysis/coco_POPE_random/1482.pt
2237,2237,coco_POPE_random,coco_POPE_random,0,1,"No,",yes,1.75,0.7287326388888888,11.9375,5.631487082498332,28,1,/mnt/data/ssz/mr/results/Qwen2.5-VL/pope/base/analysis/coco_POPE_random/2237.pt
738,738,coco_POPE_random,coco_POPE_random,1,0,"No,",no,1.7265625,0.7385706018518519,11.9375,5.292500359866295,28,1,/mnt/data/ssz/mr/results/Qwen2.5-VL/pope/base/analysis/coco_POPE_random/738.pt
2994,2994,coco_POPE_random,coco_POPE_random,1,0,"No,",no,1.71875,0.7466724537037037,11.9375,5.282810907074047,28,1,/mnt/data/ssz/mr/results/Qwen2.5-VL/pope/base/analysis/coco_POPE_random/2994.pt
1483,1483,coco_POPE_random,coco_POPE_random,1,0,"Yes,",yes,1.7109375,0.7528935185185185,11.9375,5.024464976710908,28,1,/mnt/data/ssz/mr/results/Qwen2.5-VL/pope/base/analysis/coco_POPE_random/1483.pt
2238,2238,coco_POPE_random,coco_POPE_random,1,0,"No,",no,1.75,0.7287326388888888,11.9375,5.40956381506363,28,1,/mnt/data/ssz/mr/results/Qwen2.5-VL/pope/base/analysis/coco_POPE_random/2238.pt
739,739,coco_POPE_random,coco_POPE_random,1,0,"Yes,",yes,1.71875,0.7411747685185185,11.9375,5.037747725523629,28,1,/mnt/data/ssz/mr/results/Qwen2.5-VL/pope/base/analysis/coco_POPE_random/739.pt
2995,2995,coco_POPE_random,coco_POPE_random,1,0,"Yes,",yes,1.734375,0.7335069444444444,11.9375,4.832427684290327,28,1,/mnt/data/ssz/mr/results/Qwen2.5-VL/pope/base/analysis/coco_POPE_random/2995.pt
1484,1484,coco_POPE_random,coco_POPE_random,1,0,"No,",no,1.7109375,0.7528935185185185,11.9375,5.319699635713137,28,1,/mnt/data/ssz/mr/results/Qwen2.5-VL/pope/base/analysis/coco_POPE_random/1484.pt
2239,2239,coco_POPE_random,coco_POPE_random,1,0,"Yes,",yes,1.71875,0.7223668981481481,11.9375,4.779360262011701,28,1,/mnt/data/ssz/mr/results/Qwen2.5-VL/pope/base/analysis/coco_POPE_random/2239.pt
740,740,coco_POPE_random,coco_POPE_random,1,0,"No,",no,1.71875,0.7411747685185185,11.9375,5.329997419144313,28,1,/mnt/data/ssz/mr/results/Qwen2.5-VL/pope/base/analysis/coco_POPE_random/740.pt
2996,2996,coco_POPE_random,coco_POPE_random,1,0,"No,",no,1.734375,0.7335069444444444,11.9375,5.388435524177864,28,1,/mnt/data/ssz/mr/results/Qwen2.5-VL/pope/base/analysis/coco_POPE_random/2996.pt
1485,1485,coco_POPE_random,coco_POPE_random,1,0,"Yes,",yes,1.7109375,0.7528935185185185,11.9375,4.885388054495632,28,1,/mnt/data/ssz/mr/results/Qwen2.5-VL/pope/base/analysis/coco_POPE_random/1485.pt
2240,2240,coco_POPE_random,coco_POPE_random,0,1,"Yes,",no,1.71875,0.7223668981481481,11.9375,4.938340060382664,28,1,/mnt/data/ssz/mr/results/Qwen2.5-VL/pope/base/analysis/coco_POPE_random/2240.pt
741,741,coco_POPE_random,coco_POPE_random,1,0,"Yes,",yes,1.71875,0.7411747685185185,11.9375,4.88357803650639,28,1,/mnt/data/ssz/mr/results/Qwen2.5-VL/pope/base/analysis/coco_POPE_random/741.pt
2997,2997,coco_POPE_random,coco_POPE_random,0,1,"No,",yes,1.734375,0.7335069444444444,11.9375,5.345828923662465,28,1,/mnt/data/ssz/mr/results/Qwen2.5-VL/pope/base/analysis/coco_POPE_random/2997.pt
1486,1486,coco_POPE_random,coco_POPE_random,1,0,"No,",no,1.7109375,0.7528935185185185,11.9375,5.421652560759592,28,1,/mnt/data/ssz/mr/results/Qwen2.5-VL/pope/base/analysis/coco_POPE_random/1486.pt
2241,2241,coco_POPE_random,coco_POPE_random,1,0,"Yes,",yes,1.71875,0.7223668981481481,11.9375,4.848525877767158,28,1,/mnt/data/ssz/mr/results/Qwen2.5-VL/pope/base/analysis/coco_POPE_random/2241.pt
742,742,coco_POPE_random,coco_POPE_random,1,0,"No,",no,1.71875,0.7411747685185185,11.9375,5.302958959328713,28,1,/mnt/data/ssz/mr/results/Qwen2.5-VL/pope/base/analysis/coco_POPE_random/742.pt
2998,2998,coco_POPE_random,coco_POPE_random,1,0,"No,",no,1.734375,0.7335069444444444,11.9375,5.46779577934624,28,1,/mnt/data/ssz/mr/results/Qwen2.5-VL/pope/base/analysis/coco_POPE_random/2998.pt
1487,1487,coco_POPE_random,coco_POPE_random,1,0,"Yes,",yes,1.7109375,0.7528935185185185,11.9375,4.922997068633944,28,1,/mnt/data/ssz/mr/results/Qwen2.5-VL/pope/base/analysis/coco_POPE_random/1487.pt
2242,2242,coco_POPE_random,coco_POPE_random,1,0,"No,",no,1.71875,0.7223668981481481,11.9375,5.396307054649923,28,1,/mnt/data/ssz/mr/results/Qwen2.5-VL/pope/base/analysis/coco_POPE_random/2242.pt
743,743,coco_POPE_random,coco_POPE_random,1,0,"Yes,",yes,1.71875,0.7411747685185185,11.9375,4.887247546299373,28,1,/mnt/data/ssz/mr/results/Qwen2.5-VL/pope/base/analysis/coco_POPE_random/743.pt
2999,2999,coco_POPE_random,coco_POPE_random,1,0,"Yes,",yes,1.734375,0.7335069444444444,11.9375,4.9344487747311545,28,1,/mnt/data/ssz/mr/results/Qwen2.5-VL/pope/base/analysis/coco_POPE_random/2999.pt
1488,1488,coco_POPE_random,coco_POPE_random,1,0,"No,",no,1.7109375,0.7528935185185185,11.9375,5.346789347690557,28,1,/mnt/data/ssz/mr/results/Qwen2.5-VL/pope/base/analysis/coco_POPE_random/1488.pt
2243,2243,coco_POPE_random,coco_POPE_random,0,1,"No,",yes,1.71875,0.7223668981481481,11.9375,5.305744920383529,28,1,/mnt/data/ssz/mr/results/Qwen2.5-VL/pope/base/analysis/coco_POPE_random/2243.pt
744,744,coco_POPE_random,coco_POPE_random,1,0,"No,",no,1.71875,0.7411747685185185,11.9375,5.338008650115922,28,1,/mnt/data/ssz/mr/results/Qwen2.5-VL/pope/base/analysis/coco_POPE_random/744.pt
1489,1489,coco_POPE_random,coco_POPE_random,1,0,"Yes,",yes,1.7109375,0.7488425925925926,11.9375,4.807679632640542,28,1,/mnt/data/ssz/mr/results/Qwen2.5-VL/pope/base/analysis/coco_POPE_random/1489.pt
3000,3000,coco_POPE_random,coco_POPE_random,1,0,"No,",no,1.734375,0.7335069444444444,11.9375,5.4202749745457215,28,1,/mnt/data/ssz/mr/results/Qwen2.5-VL/pope/base/analysis/coco_POPE_random/3000.pt
2244,2244,coco_POPE_random,coco_POPE_random,1,0,"No,",no,1.71875,0.7223668981481481,11.9375,5.384771864857737,28,1,/mnt/data/ssz/mr/results/Qwen2.5-VL/pope/base/analysis/coco_POPE_random/2244.pt
745,745,coco_POPE_random,coco_POPE_random,1,0,"Yes,",yes,1.75,0.7269965277777778,11.9375,5.081432508631896,28,1,/mnt/data/ssz/mr/results/Qwen2.5-VL/pope/base/analysis/coco_POPE_random/745.pt
1490,1490,coco_POPE_random,coco_POPE_random,1,0,"No,",no,1.7109375,0.7488425925925926,11.9375,5.297148617186331,28,1,/mnt/data/ssz/mr/results/Qwen2.5-VL/pope/base/analysis/coco_POPE_random/1490.pt
2245,2245,coco_POPE_random,coco_POPE_random,0,1,"No,",yes,1.734375,0.7281539351851852,11.9375,5.255271173047181,28,1,/mnt/data/ssz/mr/results/Qwen2.5-VL/pope/base/analysis/coco_POPE_random/2245.pt
746,746,coco_POPE_random,coco_POPE_random,1,0,"No,",no,1.75,0.7269965277777778,11.9375,5.337417637969967,28,1,/mnt/data/ssz/mr/results/Qwen2.5-VL/pope/base/analysis/coco_POPE_random/746.pt
1491,1491,coco_POPE_random,coco_POPE_random,1,0,"Yes,",yes,1.7109375,0.7488425925925926,11.9375,4.840093803754606,28,1,/mnt/data/ssz/mr/results/Qwen2.5-VL/pope/base/analysis/coco_POPE_random/1491.pt
2246,2246,coco_POPE_random,coco_POPE_random,1,0,"No,",no,1.734375,0.7281539351851852,11.9375,5.394833904460845,28,1,/mnt/data/ssz/mr/results/Qwen2.5-VL/pope/base/analysis/coco_POPE_random/2246.pt
1492,1492,coco_POPE_random,coco_POPE_random,1,0,"No,",no,1.7109375,0.7488425925925926,11.9375,5.352818005525666,28,1,/mnt/data/ssz/mr/results/Qwen2.5-VL/pope/base/analysis/coco_POPE_random/1492.pt
747,747,coco_POPE_random,coco_POPE_random,1,0,"Yes,",yes,1.75,0.7269965277777778,11.9375,4.791249690468507,28,1,/mnt/data/ssz/mr/results/Qwen2.5-VL/pope/base/analysis/coco_POPE_random/747.pt
2247,2247,coco_POPE_random,coco_POPE_random,0,1,"No,",yes,1.734375,0.7281539351851852,11.9375,5.3984581760400605,28,1,/mnt/data/ssz/mr/results/Qwen2.5-VL/pope/base/analysis/coco_POPE_random/2247.pt
1493,1493,coco_POPE_random,coco_POPE_random,1,0,"Yes,",yes,1.7109375,0.7488425925925926,11.9375,4.9245532173758795,28,1,/mnt/data/ssz/mr/results/Qwen2.5-VL/pope/base/analysis/coco_POPE_random/1493.pt
748,748,coco_POPE_random,coco_POPE_random,1,0,"No,",no,1.75,0.7269965277777778,11.9375,5.430187461826979,28,1,/mnt/data/ssz/mr/results/Qwen2.5-VL/pope/base/analysis/coco_POPE_random/748.pt
2248,2248,coco_POPE_random,coco_POPE_random,1,0,"No,",no,1.734375,0.7281539351851852,11.9375,5.3060531596320475,28,1,/mnt/data/ssz/mr/results/Qwen2.5-VL/pope/base/analysis/coco_POPE_random/2248.pt
1494,1494,coco_POPE_random,coco_POPE_random,1,0,"No,",no,1.7109375,0.7488425925925926,11.9375,5.257471166516992,28,1,/mnt/data/ssz/mr/results/Qwen2.5-VL/pope/base/analysis/coco_POPE_random/1494.pt
749,749,coco_POPE_random,coco_POPE_random,1,0,"Yes,",yes,1.75,0.7269965277777778,11.9375,4.892694161759335,28,1,/mnt/data/ssz/mr/results/Qwen2.5-VL/pope/base/analysis/coco_POPE_random/749.pt
2249,2249,coco_POPE_random,coco_POPE_random,0,1,"No,",yes,1.734375,0.7281539351851852,11.9375,5.37904734705207,28,1,/mnt/data/ssz/mr/results/Qwen2.5-VL/pope/base/analysis/coco_POPE_random/2249.pt
1495,1495,coco_POPE_random,coco_POPE_random,1,0,"Yes,",yes,1.734375,0.7398726851851852,11.9375,4.789946421569397,28,1,/mnt/data/ssz/mr/results/Qwen2.5-VL/pope/base/analysis/coco_POPE_random/1495.pt
750,750,coco_POPE_random,coco_POPE_random,1,0,"No,",no,1.75,0.7269965277777778,11.9375,5.207923512129943,28,1,/mnt/data/ssz/mr/results/Qwen2.5-VL/pope/base/analysis/coco_POPE_random/750.pt
2250,2250,coco_POPE_random,coco_POPE_random,1,0,"No,",no,1.734375,0.7281539351851852,11.9375,5.399708208741153,28,1,/mnt/data/ssz/mr/results/Qwen2.5-VL/pope/base/analysis/coco_POPE_random/2250.pt
1496,1496,coco_POPE_random,coco_POPE_random,1,0,"No,",no,1.734375,0.7398726851851852,11.9375,5.3053891668103725,28,1,/mnt/data/ssz/mr/results/Qwen2.5-VL/pope/base/analysis/coco_POPE_random/1496.pt
1497,1497,coco_POPE_random,coco_POPE_random,1,0,"Yes,",yes,1.734375,0.7398726851851852,11.9375,5.028464100034601,28,1,/mnt/data/ssz/mr/results/Qwen2.5-VL/pope/base/analysis/coco_POPE_random/1497.pt
1498,1498,coco_POPE_random,coco_POPE_random,1,0,"No,",no,1.734375,0.7398726851851852,11.9375,5.364901955600921,28,1,/mnt/data/ssz/mr/results/Qwen2.5-VL/pope/base/analysis/coco_POPE_random/1498.pt
1499,1499,coco_POPE_random,coco_POPE_random,0,1,"No,",yes,1.734375,0.7398726851851852,11.9375,5.29071940028848,28,1,/mnt/data/ssz/mr/results/Qwen2.5-VL/pope/base/analysis/coco_POPE_random/1499.pt
1500,1500,coco_POPE_random,coco_POPE_random,1,0,"No,",no,1.734375,0.7398726851851852,11.9375,5.3615342688765315,28,1,/mnt/data/ssz/mr/results/Qwen2.5-VL/pope/base/analysis/coco_POPE_random/1500.pt
