sample_id,question_id,dataset_name,split_name,correct_or_not,hallucinated_or_not,generated_answer,ground_truth_answer,max_r,mean_r,max_entropy,mean_entropy,trigger_layer,trigger_step,pt_path
2251,2251,coco_POPE_random,coco_POPE_random,0,1,"No,",yes,1.71875,0.7379918981481481,11.9375,5.118985317998962,28,1,/mnt/data/ssz/mr/results/Qwen2.5-VL/pope/evo/analysis/coco_POPE_random/2251.pt
2252,2252,coco_POPE_random,coco_POPE_random,1,0,"No,",no,1.71875,0.7375578703703703,11.9375,5.108059000690353,28,1,/mnt/data/ssz/mr/results/Qwen2.5-VL/pope/evo/analysis/coco_POPE_random/2252.pt
1,1,coco_POPE_random,coco_POPE_random,1,0,"Yes,",yes,1.6875,0.7501446759259259,11.9375,4.675223362963285,28,1,/mnt/data/ssz/mr/results/Qwen2.5-VL/pope/evo/analysis/coco_POPE_random/1.pt
1501,1501,coco_POPE_random,coco_POPE_random,0,1,"No,",yes,1.734375,0.7369791666666666,11.9375,5.307883355569959,28,1,/mnt/data/ssz/mr/results/Qwen2.5-VL/pope/evo/analysis/coco_POPE_random/1501.pt
2253,2253,coco_POPE_random,coco_POPE_random,1,0,"Yes,",yes,1.71875,0.7384259259259259,11.9375,4.758943145216556,28,1,/mnt/data/ssz/mr/results/Qwen2.5-VL/pope/evo/analysis/coco_POPE_random/2253.pt
2,2,coco_POPE_random,coco_POPE_random,1,0,"No,",no,1.6875,0.7501446759259259,11.9375,5.148661695439498,28,1,/mnt/data/ssz/mr/results/Qwen2.5-VL/pope/evo/analysis/coco_POPE_random/2.pt
1502,1502,coco_POPE_random,coco_POPE_random,1,0,"No,",no,1.734375,0.7366174768518519,11.9375,5.367087835070661,28,1,/mnt/data/ssz/mr/results/Qwen2.5-VL/pope/evo/analysis/coco_POPE_random/1502.pt
2254,2254,coco_POPE_random,coco_POPE_random,1,0,"No,",no,1.71875,0.7378472222222222,11.9375,5.2054117890747245,28,1,/mnt/data/ssz/mr/results/Qwen2.5-VL/pope/evo/analysis/coco_POPE_random/2254.pt
751,751,coco_POPE_random,coco_POPE_random,1,0,"Yes,",yes,1.734375,0.7536168981481481,11.9375,4.670702478449232,28,1,/mnt/data/ssz/mr/results/Qwen2.5-VL/pope/evo/analysis/coco_POPE_random/751.pt
3,3,coco_POPE_random,coco_POPE_random,1,0,"Yes,",yes,1.6875,0.7501446759259259,11.9375,4.749767051800252,28,1,/mnt/data/ssz/mr/results/Qwen2.5-VL/pope/evo/analysis/coco_POPE_random/3.pt
1503,1503,coco_POPE_random,coco_POPE_random,1,0,"Yes,",yes,1.734375,0.7362557870370371,11.9375,4.836597851117281,28,1,/mnt/data/ssz/mr/results/Qwen2.5-VL/pope/evo/analysis/coco_POPE_random/1503.pt
2255,2255,coco_POPE_random,coco_POPE_random,1,0,"Yes,",yes,1.71875,0.7384259259259259,11.9375,4.750629723487691,28,1,/mnt/data/ssz/mr/results/Qwen2.5-VL/pope/evo/analysis/coco_POPE_random/2255.pt
752,752,coco_POPE_random,coco_POPE_random,1,0,"No,",no,1.734375,0.7536168981481481,11.9375,5.213204652663614,28,1,/mnt/data/ssz/mr/results/Qwen2.5-VL/pope/evo/analysis/coco_POPE_random/752.pt
4,4,coco_POPE_random,coco_POPE_random,1,0,"No,",no,1.6875,0.7509403935185185,11.9375,5.131345660561896,28,1,/mnt/data/ssz/mr/results/Qwen2.5-VL/pope/evo/analysis/coco_POPE_random/4.pt
2256,2256,coco_POPE_random,coco_POPE_random,1,0,"No,",no,1.71875,0.7379918981481481,11.9375,5.176525537566876,28,1,/mnt/data/ssz/mr/results/Qwen2.5-VL/pope/evo/analysis/coco_POPE_random/2256.pt
1504,1504,coco_POPE_random,coco_POPE_random,1,0,"No,",no,1.734375,0.7369791666666666,11.9375,5.307000841618244,28,1,/mnt/data/ssz/mr/results/Qwen2.5-VL/pope/evo/analysis/coco_POPE_random/1504.pt
753,753,coco_POPE_random,coco_POPE_random,1,0,"Yes,",yes,1.734375,0.7526041666666666,11.9375,4.822390108631233,28,2,/mnt/data/ssz/mr/results/Qwen2.5-VL/pope/evo/analysis/coco_POPE_random/753.pt
5,5,coco_POPE_random,coco_POPE_random,0,1,"No,",yes,1.6875,0.7515914351851852,11.9375,5.178738917232578,28,1,/mnt/data/ssz/mr/results/Qwen2.5-VL/pope/evo/analysis/coco_POPE_random/5.pt
2257,2257,coco_POPE_random,coco_POPE_random,0,1,"No,",yes,1.765625,0.7436342592592593,11.9375,5.157528285418361,28,1,/mnt/data/ssz/mr/results/Qwen2.5-VL/pope/evo/analysis/coco_POPE_random/2257.pt
1505,1505,coco_POPE_random,coco_POPE_random,0,1,"No,",yes,1.734375,0.7375578703703703,11.9375,5.303347099190685,28,1,/mnt/data/ssz/mr/results/Qwen2.5-VL/pope/evo/analysis/coco_POPE_random/1505.pt
754,754,coco_POPE_random,coco_POPE_random,1,0,"No,",no,1.734375,0.7526041666666666,11.9375,5.321464410988547,28,2,/mnt/data/ssz/mr/results/Qwen2.5-VL/pope/evo/analysis/coco_POPE_random/754.pt
6,6,coco_POPE_random,coco_POPE_random,1,0,"No,",no,1.6875,0.7515914351851852,11.9375,5.15336830361236,28,1,/mnt/data/ssz/mr/results/Qwen2.5-VL/pope/evo/analysis/coco_POPE_random/6.pt
2258,2258,coco_POPE_random,coco_POPE_random,1,0,"No,",no,1.765625,0.7436342592592593,11.9375,5.295208627992092,28,1,/mnt/data/ssz/mr/results/Qwen2.5-VL/pope/evo/analysis/coco_POPE_random/2258.pt
755,755,coco_POPE_random,coco_POPE_random,1,0,"Yes,",yes,1.734375,0.7536168981481481,11.9375,4.849613947616772,28,1,/mnt/data/ssz/mr/results/Qwen2.5-VL/pope/evo/analysis/coco_POPE_random/755.pt
1506,1506,coco_POPE_random,coco_POPE_random,1,0,"No,",no,1.734375,0.7366174768518519,11.9375,5.358179733507282,28,1,/mnt/data/ssz/mr/results/Qwen2.5-VL/pope/evo/analysis/coco_POPE_random/1506.pt
7,7,coco_POPE_random,coco_POPE_random,1,0,"Yes,",yes,1.71875,0.7248263888888888,11.9375,4.745409912736862,28,1,/mnt/data/ssz/mr/results/Qwen2.5-VL/pope/evo/analysis/coco_POPE_random/7.pt
756,756,coco_POPE_random,coco_POPE_random,1,0,"No,",no,1.734375,0.7536168981481481,11.9375,5.231027470571432,28,1,/mnt/data/ssz/mr/results/Qwen2.5-VL/pope/evo/analysis/coco_POPE_random/756.pt
2259,2259,coco_POPE_random,coco_POPE_random,1,0,"Yes,",yes,1.765625,0.7436342592592593,11.9375,4.893525403226298,28,1,/mnt/data/ssz/mr/results/Qwen2.5-VL/pope/evo/analysis/coco_POPE_random/2259.pt
1507,1507,coco_POPE_random,coco_POPE_random,1,0,"Yes,",yes,1.75,0.7364004629629629,11.9375,4.692035312533587,28,1,/mnt/data/ssz/mr/results/Qwen2.5-VL/pope/evo/analysis/coco_POPE_random/1507.pt
8,8,coco_POPE_random,coco_POPE_random,1,0,"No,",no,1.71875,0.7248263888888888,11.9375,5.111914260861591,28,1,/mnt/data/ssz/mr/results/Qwen2.5-VL/pope/evo/analysis/coco_POPE_random/8.pt
757,757,coco_POPE_random,coco_POPE_random,0,1,"No,",yes,1.671875,0.7537615740740741,11.9375,5.0969388518354055,28,1,/mnt/data/ssz/mr/results/Qwen2.5-VL/pope/evo/analysis/coco_POPE_random/757.pt
2260,2260,coco_POPE_random,coco_POPE_random,1,0,"No,",no,1.765625,0.7436342592592593,11.9375,5.174716517481265,28,1,/mnt/data/ssz/mr/results/Qwen2.5-VL/pope/evo/analysis/coco_POPE_random/2260.pt
1508,1508,coco_POPE_random,coco_POPE_random,1,0,"No,",no,1.75,0.7362557870370371,11.9375,5.1952636496543825,28,1,/mnt/data/ssz/mr/results/Qwen2.5-VL/pope/evo/analysis/coco_POPE_random/1508.pt
9,9,coco_POPE_random,coco_POPE_random,1,0,"Yes,",yes,1.71875,0.7248263888888888,11.9375,4.798111342474872,28,1,/mnt/data/ssz/mr/results/Qwen2.5-VL/pope/evo/analysis/coco_POPE_random/9.pt
758,758,coco_POPE_random,coco_POPE_random,1,0,"No,",no,1.671875,0.7544849537037037,11.9375,5.182579555056722,28,1,/mnt/data/ssz/mr/results/Qwen2.5-VL/pope/evo/analysis/coco_POPE_random/758.pt
2261,2261,coco_POPE_random,coco_POPE_random,1,0,"Yes,",yes,1.765625,0.7436342592592593,11.9375,4.786724733889296,28,1,/mnt/data/ssz/mr/results/Qwen2.5-VL/pope/evo/analysis/coco_POPE_random/2261.pt
1509,1509,coco_POPE_random,coco_POPE_random,1,0,"Yes,",yes,1.75,0.7364004629629629,11.9375,4.765639478726806,28,1,/mnt/data/ssz/mr/results/Qwen2.5-VL/pope/evo/analysis/coco_POPE_random/1509.pt
10,10,coco_POPE_random,coco_POPE_random,1,0,"No,",no,1.71875,0.7248263888888888,11.9375,5.1760286340024075,28,1,/mnt/data/ssz/mr/results/Qwen2.5-VL/pope/evo/analysis/coco_POPE_random/10.pt
759,759,coco_POPE_random,coco_POPE_random,0,1,"No,",yes,1.671875,0.7537615740740741,11.9375,5.220226320203299,28,1,/mnt/data/ssz/mr/results/Qwen2.5-VL/pope/evo/analysis/coco_POPE_random/759.pt
1510,1510,coco_POPE_random,coco_POPE_random,1,0,"No,",no,1.75,0.7362557870370371,11.9375,5.1467257551000865,28,1,/mnt/data/ssz/mr/results/Qwen2.5-VL/pope/evo/analysis/coco_POPE_random/1510.pt
2262,2262,coco_POPE_random,coco_POPE_random,1,0,"No,",no,1.765625,0.7440682870370371,11.9375,5.219275695869752,28,1,/mnt/data/ssz/mr/results/Qwen2.5-VL/pope/evo/analysis/coco_POPE_random/2262.pt
11,11,coco_POPE_random,coco_POPE_random,1,0,"Yes,",yes,1.71875,0.7248263888888888,11.9375,4.5986980466177165,28,1,/mnt/data/ssz/mr/results/Qwen2.5-VL/pope/evo/analysis/coco_POPE_random/11.pt
760,760,coco_POPE_random,coco_POPE_random,1,0,"No,",no,1.671875,0.7541232638888888,11.9375,5.232542592400494,28,1,/mnt/data/ssz/mr/results/Qwen2.5-VL/pope/evo/analysis/coco_POPE_random/760.pt
1511,1511,coco_POPE_random,coco_POPE_random,1,0,"Yes,",yes,1.75,0.7354600694444444,11.9375,4.757152312275265,28,1,/mnt/data/ssz/mr/results/Qwen2.5-VL/pope/evo/analysis/coco_POPE_random/1511.pt
2263,2263,coco_POPE_random,coco_POPE_random,0,1,"No,",yes,1.703125,0.7278645833333334,11.9375,5.292944013584427,28,1,/mnt/data/ssz/mr/results/Qwen2.5-VL/pope/evo/analysis/coco_POPE_random/2263.pt
12,12,coco_POPE_random,coco_POPE_random,1,0,"No,",no,1.71875,0.7242476851851852,11.9375,5.103639787629023,28,1,/mnt/data/ssz/mr/results/Qwen2.5-VL/pope/evo/analysis/coco_POPE_random/12.pt
761,761,coco_POPE_random,coco_POPE_random,1,0,"Yes,",yes,1.671875,0.7537615740740741,11.9375,4.7407508437464845,28,1,/mnt/data/ssz/mr/results/Qwen2.5-VL/pope/evo/analysis/coco_POPE_random/761.pt
1512,1512,coco_POPE_random,coco_POPE_random,1,0,"No,",no,1.75,0.7362557870370371,11.9375,5.194517546435863,28,1,/mnt/data/ssz/mr/results/Qwen2.5-VL/pope/evo/analysis/coco_POPE_random/1512.pt
2264,2264,coco_POPE_random,coco_POPE_random,1,0,"No,",no,1.703125,0.7271412037037037,11.9375,5.338826899544199,28,2,/mnt/data/ssz/mr/results/Qwen2.5-VL/pope/evo/analysis/coco_POPE_random/2264.pt
13,13,coco_POPE_random,coco_POPE_random,1,0,"Yes,",yes,1.7265625,0.7430555555555556,11.9375,4.874976273204977,28,1,/mnt/data/ssz/mr/results/Qwen2.5-VL/pope/evo/analysis/coco_POPE_random/13.pt
762,762,coco_POPE_random,coco_POPE_random,1,0,"No,",no,1.671875,0.7541232638888888,11.9375,5.164102158942084,28,1,/mnt/data/ssz/mr/results/Qwen2.5-VL/pope/evo/analysis/coco_POPE_random/762.pt
2265,2265,coco_POPE_random,coco_POPE_random,1,0,"Yes,",yes,1.703125,0.7271412037037037,11.9375,4.909246242261426,28,2,/mnt/data/ssz/mr/results/Qwen2.5-VL/pope/evo/analysis/coco_POPE_random/2265.pt
1513,1513,coco_POPE_random,coco_POPE_random,1,0,"Yes,",yes,1.734375,0.7408854166666666,11.9375,4.962820443982657,28,1,/mnt/data/ssz/mr/results/Qwen2.5-VL/pope/evo/analysis/coco_POPE_random/1513.pt
14,14,coco_POPE_random,coco_POPE_random,1,0,"No,",no,1.7265625,0.7430555555555556,11.9375,5.264456339432619,28,1,/mnt/data/ssz/mr/results/Qwen2.5-VL/pope/evo/analysis/coco_POPE_random/14.pt
763,763,coco_POPE_random,coco_POPE_random,0,1,"No,",yes,1.6875,0.7413194444444444,11.9375,5.287107452682715,28,1,/mnt/data/ssz/mr/results/Qwen2.5-VL/pope/evo/analysis/coco_POPE_random/763.pt
2266,2266,coco_POPE_random,coco_POPE_random,1,0,"No,",no,1.703125,0.7278645833333334,11.9375,5.296932575800447,28,1,/mnt/data/ssz/mr/results/Qwen2.5-VL/pope/evo/analysis/coco_POPE_random/2266.pt
15,15,coco_POPE_random,coco_POPE_random,1,0,"Yes,",yes,1.7265625,0.7430555555555556,11.9375,4.814684030321289,28,1,/mnt/data/ssz/mr/results/Qwen2.5-VL/pope/evo/analysis/coco_POPE_random/15.pt
1514,1514,coco_POPE_random,coco_POPE_random,1,0,"No,",no,1.734375,0.7408854166666666,11.9375,5.2983913936681395,28,1,/mnt/data/ssz/mr/results/Qwen2.5-VL/pope/evo/analysis/coco_POPE_random/1514.pt
764,764,coco_POPE_random,coco_POPE_random,1,0,"No,",no,1.6875,0.7416811342592593,11.9375,5.240330638922294,28,1,/mnt/data/ssz/mr/results/Qwen2.5-VL/pope/evo/analysis/coco_POPE_random/764.pt
2267,2267,coco_POPE_random,coco_POPE_random,1,0,"Yes,",yes,1.703125,0.7271412037037037,11.9375,4.687757714648326,28,2,/mnt/data/ssz/mr/results/Qwen2.5-VL/pope/evo/analysis/coco_POPE_random/2267.pt
16,16,coco_POPE_random,coco_POPE_random,1,0,"No,",no,1.7265625,0.7430555555555556,11.9375,5.237491726838173,28,1,/mnt/data/ssz/mr/results/Qwen2.5-VL/pope/evo/analysis/coco_POPE_random/16.pt
1515,1515,coco_POPE_random,coco_POPE_random,1,0,"Yes,",yes,1.734375,0.7408854166666666,11.9375,4.762901054700173,28,1,/mnt/data/ssz/mr/results/Qwen2.5-VL/pope/evo/analysis/coco_POPE_random/1515.pt
765,765,coco_POPE_random,coco_POPE_random,0,1,"No,",yes,1.6875,0.7418981481481481,11.9375,5.370821378734569,28,1,/mnt/data/ssz/mr/results/Qwen2.5-VL/pope/evo/analysis/coco_POPE_random/765.pt
2268,2268,coco_POPE_random,coco_POPE_random,1,0,"No,",no,1.703125,0.7271412037037037,11.9375,5.348431089141929,28,2,/mnt/data/ssz/mr/results/Qwen2.5-VL/pope/evo/analysis/coco_POPE_random/2268.pt
17,17,coco_POPE_random,coco_POPE_random,0,1,"No,",yes,1.7265625,0.7430555555555556,11.9375,5.257254490922394,28,1,/mnt/data/ssz/mr/results/Qwen2.5-VL/pope/evo/analysis/coco_POPE_random/17.pt
766,766,coco_POPE_random,coco_POPE_random,1,0,"No,",no,1.6875,0.7417534722222222,11.9375,5.255690408681529,28,1,/mnt/data/ssz/mr/results/Qwen2.5-VL/pope/evo/analysis/coco_POPE_random/766.pt
1516,1516,coco_POPE_random,coco_POPE_random,1,0,"No,",no,1.734375,0.7408854166666666,11.9375,5.31842938061879,28,1,/mnt/data/ssz/mr/results/Qwen2.5-VL/pope/evo/analysis/coco_POPE_random/1516.pt
18,18,coco_POPE_random,coco_POPE_random,1,0,"No,",no,1.7265625,0.7430555555555556,11.9375,5.248971074502936,28,1,/mnt/data/ssz/mr/results/Qwen2.5-VL/pope/evo/analysis/coco_POPE_random/18.pt
2269,2269,coco_POPE_random,coco_POPE_random,0,1,"No,",yes,1.65625,0.7479745370370371,11.9375,5.129191857687993,28,1,/mnt/data/ssz/mr/results/Qwen2.5-VL/pope/evo/analysis/coco_POPE_random/2269.pt
767,767,coco_POPE_random,coco_POPE_random,0,1,"No,",yes,1.6875,0.7415364583333334,11.9375,5.267694237042102,28,1,/mnt/data/ssz/mr/results/Qwen2.5-VL/pope/evo/analysis/coco_POPE_random/767.pt
1517,1517,coco_POPE_random,coco_POPE_random,1,0,"Yes,",yes,1.734375,0.7408854166666666,11.9375,4.805543235570881,28,1,/mnt/data/ssz/mr/results/Qwen2.5-VL/pope/evo/analysis/coco_POPE_random/1517.pt
19,19,coco_POPE_random,coco_POPE_random,1,0,"Yes,",yes,1.7265625,0.7502893518518519,11.9375,4.957417935506327,28,1,/mnt/data/ssz/mr/results/Qwen2.5-VL/pope/evo/analysis/coco_POPE_random/19.pt
2270,2270,coco_POPE_random,coco_POPE_random,1,0,"No,",no,1.65625,0.7479021990740741,11.9375,5.1505467231450766,28,1,/mnt/data/ssz/mr/results/Qwen2.5-VL/pope/evo/analysis/coco_POPE_random/2270.pt
768,768,coco_POPE_random,coco_POPE_random,1,0,"No,",no,1.6875,0.7418981481481481,11.9375,5.27021959831485,28,1,/mnt/data/ssz/mr/results/Qwen2.5-VL/pope/evo/analysis/coco_POPE_random/768.pt
1518,1518,coco_POPE_random,coco_POPE_random,1,0,"No,",no,1.734375,0.7408854166666666,11.9375,5.239762805775117,28,1,/mnt/data/ssz/mr/results/Qwen2.5-VL/pope/evo/analysis/coco_POPE_random/1518.pt
20,20,coco_POPE_random,coco_POPE_random,1,0,"No,",no,1.7265625,0.7514467592592593,11.9375,5.1873504585867,28,1,/mnt/data/ssz/mr/results/Qwen2.5-VL/pope/evo/analysis/coco_POPE_random/20.pt
2271,2271,coco_POPE_random,coco_POPE_random,1,0,"Yes,",yes,1.65625,0.7479745370370371,11.9375,4.702341211139685,28,1,/mnt/data/ssz/mr/results/Qwen2.5-VL/pope/evo/analysis/coco_POPE_random/2271.pt
769,769,coco_POPE_random,coco_POPE_random,1,0,"Yes,",yes,1.6875,0.7569444444444444,11.9375,4.80193115169495,28,1,/mnt/data/ssz/mr/results/Qwen2.5-VL/pope/evo/analysis/coco_POPE_random/769.pt
1519,1519,coco_POPE_random,coco_POPE_random,0,1,"No,",yes,1.71875,0.7541232638888888,11.9375,5.225026021778206,28,1,/mnt/data/ssz/mr/results/Qwen2.5-VL/pope/evo/analysis/coco_POPE_random/1519.pt
21,21,coco_POPE_random,coco_POPE_random,0,1,"No,",yes,1.7265625,0.7514467592592593,11.9375,5.233225237796307,28,1,/mnt/data/ssz/mr/results/Qwen2.5-VL/pope/evo/analysis/coco_POPE_random/21.pt
770,770,coco_POPE_random,coco_POPE_random,1,0,"No,",no,1.6875,0.7569444444444444,11.9375,5.259665470866821,28,1,/mnt/data/ssz/mr/results/Qwen2.5-VL/pope/evo/analysis/coco_POPE_random/770.pt
2272,2272,coco_POPE_random,coco_POPE_random,1,0,"No,",no,1.65625,0.7479021990740741,11.9375,5.13204949317992,28,1,/mnt/data/ssz/mr/results/Qwen2.5-VL/pope/evo/analysis/coco_POPE_random/2272.pt
1520,1520,coco_POPE_random,coco_POPE_random,1,0,"No,",no,1.71875,0.75390625,11.9375,5.2599941380994455,28,1,/mnt/data/ssz/mr/results/Qwen2.5-VL/pope/evo/analysis/coco_POPE_random/1520.pt
22,22,coco_POPE_random,coco_POPE_random,1,0,"No,",no,1.7265625,0.7514467592592593,11.9375,5.283666169499062,28,1,/mnt/data/ssz/mr/results/Qwen2.5-VL/pope/evo/analysis/coco_POPE_random/22.pt
771,771,coco_POPE_random,coco_POPE_random,1,0,"Yes,",yes,1.6875,0.7569444444444444,11.9375,4.784031791041344,28,1,/mnt/data/ssz/mr/results/Qwen2.5-VL/pope/evo/analysis/coco_POPE_random/771.pt
2273,2273,coco_POPE_random,coco_POPE_random,0,1,"No,",yes,1.65625,0.7479745370370371,11.9375,5.219240762584378,28,1,/mnt/data/ssz/mr/results/Qwen2.5-VL/pope/evo/analysis/coco_POPE_random/2273.pt
1521,1521,coco_POPE_random,coco_POPE_random,1,0,"Yes,",yes,1.71875,0.75390625,11.9375,4.780311225375699,28,1,/mnt/data/ssz/mr/results/Qwen2.5-VL/pope/evo/analysis/coco_POPE_random/1521.pt
23,23,coco_POPE_random,coco_POPE_random,0,1,"No,",yes,1.7265625,0.7508680555555556,11.9375,5.274726918926625,28,1,/mnt/data/ssz/mr/results/Qwen2.5-VL/pope/evo/analysis/coco_POPE_random/23.pt
772,772,coco_POPE_random,coco_POPE_random,1,0,"No,",no,1.6875,0.7569444444444444,11.9375,5.188739451011975,28,1,/mnt/data/ssz/mr/results/Qwen2.5-VL/pope/evo/analysis/coco_POPE_random/772.pt
2274,2274,coco_POPE_random,coco_POPE_random,1,0,"No,",no,1.65625,0.7479021990740741,11.9375,5.113692426191517,28,1,/mnt/data/ssz/mr/results/Qwen2.5-VL/pope/evo/analysis/coco_POPE_random/2274.pt
1522,1522,coco_POPE_random,coco_POPE_random,1,0,"No,",no,1.71875,0.75390625,11.9375,5.234510963190618,28,1,/mnt/data/ssz/mr/results/Qwen2.5-VL/pope/evo/analysis/coco_POPE_random/1522.pt
773,773,coco_POPE_random,coco_POPE_random,0,1,"No,",yes,1.6875,0.7573061342592593,11.9375,5.1692086904543535,28,1,/mnt/data/ssz/mr/results/Qwen2.5-VL/pope/evo/analysis/coco_POPE_random/773.pt
24,24,coco_POPE_random,coco_POPE_random,1,0,"No,",no,1.7265625,0.7514467592592593,11.9375,5.262467065587144,28,1,/mnt/data/ssz/mr/results/Qwen2.5-VL/pope/evo/analysis/coco_POPE_random/24.pt
2275,2275,coco_POPE_random,coco_POPE_random,0,1,"No,",yes,1.7109375,0.75390625,11.9375,5.222318951219201,28,1,/mnt/data/ssz/mr/results/Qwen2.5-VL/pope/evo/analysis/coco_POPE_random/2275.pt
25,25,coco_POPE_random,coco_POPE_random,1,0,"Yes,",yes,1.7109375,0.7664930555555556,11.9375,4.694712150986818,28,1,/mnt/data/ssz/mr/results/Qwen2.5-VL/pope/evo/analysis/coco_POPE_random/25.pt
1523,1523,coco_POPE_random,coco_POPE_random,1,0,"Yes,",yes,1.71875,0.75390625,11.9375,4.834977052539832,28,1,/mnt/data/ssz/mr/results/Qwen2.5-VL/pope/evo/analysis/coco_POPE_random/1523.pt
774,774,coco_POPE_random,coco_POPE_random,1,0,"No,",no,1.6875,0.7569444444444444,11.9375,5.218512297845305,28,1,/mnt/data/ssz/mr/results/Qwen2.5-VL/pope/evo/analysis/coco_POPE_random/774.pt
2276,2276,coco_POPE_random,coco_POPE_random,1,0,"No,",no,1.7109375,0.7533275462962963,11.9375,5.280007393111285,28,1,/mnt/data/ssz/mr/results/Qwen2.5-VL/pope/evo/analysis/coco_POPE_random/2276.pt
26,26,coco_POPE_random,coco_POPE_random,1,0,"No,",no,1.7109375,0.7664930555555556,11.9375,5.2401834427076,28,1,/mnt/data/ssz/mr/results/Qwen2.5-VL/pope/evo/analysis/coco_POPE_random/26.pt
1524,1524,coco_POPE_random,coco_POPE_random,1,0,"No,",no,1.71875,0.75390625,11.9375,5.266857486904538,28,1,/mnt/data/ssz/mr/results/Qwen2.5-VL/pope/evo/analysis/coco_POPE_random/1524.pt
775,775,coco_POPE_random,coco_POPE_random,1,0,"Yes,",yes,1.71875,0.7579571759259259,11.9375,4.763615232550124,28,2,/mnt/data/ssz/mr/results/Qwen2.5-VL/pope/evo/analysis/coco_POPE_random/775.pt
27,27,coco_POPE_random,coco_POPE_random,1,0,"Yes,",yes,1.7109375,0.7664930555555556,11.9375,4.8822184672654005,28,1,/mnt/data/ssz/mr/results/Qwen2.5-VL/pope/evo/analysis/coco_POPE_random/27.pt
2277,2277,coco_POPE_random,coco_POPE_random,1,0,"Yes,",yes,1.7109375,0.7544849537037037,11.9375,4.841771827609316,28,1,/mnt/data/ssz/mr/results/Qwen2.5-VL/pope/evo/analysis/coco_POPE_random/2277.pt
1525,1525,coco_POPE_random,coco_POPE_random,1,0,"Yes,",yes,1.71875,0.7411024305555556,11.9375,4.749893418726012,28,1,/mnt/data/ssz/mr/results/Qwen2.5-VL/pope/evo/analysis/coco_POPE_random/1525.pt
776,776,coco_POPE_random,coco_POPE_random,1,0,"No,",no,1.71875,0.7579571759259259,11.9375,5.165098738227871,28,2,/mnt/data/ssz/mr/results/Qwen2.5-VL/pope/evo/analysis/coco_POPE_random/776.pt
28,28,coco_POPE_random,coco_POPE_random,1,0,"No,",no,1.7109375,0.7664207175925926,11.9375,5.163316755094431,28,1,/mnt/data/ssz/mr/results/Qwen2.5-VL/pope/evo/analysis/coco_POPE_random/28.pt
2278,2278,coco_POPE_random,coco_POPE_random,1,0,"No,",no,1.7109375,0.7533275462962963,11.9375,5.215727339210436,28,1,/mnt/data/ssz/mr/results/Qwen2.5-VL/pope/evo/analysis/coco_POPE_random/2278.pt
1526,1526,coco_POPE_random,coco_POPE_random,1,0,"No,",no,1.71875,0.7410300925925926,11.9375,5.2338200289338195,28,1,/mnt/data/ssz/mr/results/Qwen2.5-VL/pope/evo/analysis/coco_POPE_random/1526.pt
777,777,coco_POPE_random,coco_POPE_random,1,0,"Yes,",yes,1.71875,0.7579571759259259,11.9375,4.715640847528545,28,2,/mnt/data/ssz/mr/results/Qwen2.5-VL/pope/evo/analysis/coco_POPE_random/777.pt
29,29,coco_POPE_random,coco_POPE_random,1,0,"Yes,",yes,1.7109375,0.7664930555555556,11.9375,4.8204198035287185,28,1,/mnt/data/ssz/mr/results/Qwen2.5-VL/pope/evo/analysis/coco_POPE_random/29.pt
2279,2279,coco_POPE_random,coco_POPE_random,1,0,"Yes,",yes,1.7109375,0.75390625,11.9375,4.94994518838439,28,1,/mnt/data/ssz/mr/results/Qwen2.5-VL/pope/evo/analysis/coco_POPE_random/2279.pt
1527,1527,coco_POPE_random,coco_POPE_random,1,0,"Yes,",yes,1.71875,0.7411747685185185,11.9375,4.844915272885218,28,1,/mnt/data/ssz/mr/results/Qwen2.5-VL/pope/evo/analysis/coco_POPE_random/1527.pt
30,30,coco_POPE_random,coco_POPE_random,1,0,"No,",no,1.7109375,0.7664930555555556,11.9375,5.167531572975286,28,1,/mnt/data/ssz/mr/results/Qwen2.5-VL/pope/evo/analysis/coco_POPE_random/30.pt
778,778,coco_POPE_random,coco_POPE_random,1,0,"No,",no,1.7109375,0.7581018518518519,11.9375,5.145745842297684,28,1,/mnt/data/ssz/mr/results/Qwen2.5-VL/pope/evo/analysis/coco_POPE_random/778.pt
2280,2280,coco_POPE_random,coco_POPE_random,1,0,"No,",no,1.7109375,0.75390625,11.9375,5.285119401447571,28,1,/mnt/data/ssz/mr/results/Qwen2.5-VL/pope/evo/analysis/coco_POPE_random/2280.pt
1528,1528,coco_POPE_random,coco_POPE_random,1,0,"No,",no,1.71875,0.7410300925925926,11.9375,5.360526754579544,28,1,/mnt/data/ssz/mr/results/Qwen2.5-VL/pope/evo/analysis/coco_POPE_random/1528.pt
31,31,coco_POPE_random,coco_POPE_random,1,0,"Yes,",yes,1.7421875,0.7462384259259259,11.9375,4.865567092505319,28,1,/mnt/data/ssz/mr/results/Qwen2.5-VL/pope/evo/analysis/coco_POPE_random/31.pt
779,779,coco_POPE_random,coco_POPE_random,0,1,"No,",yes,1.7109375,0.7581018518518519,11.9375,5.196083246115082,28,1,/mnt/data/ssz/mr/results/Qwen2.5-VL/pope/evo/analysis/coco_POPE_random/779.pt
1529,1529,coco_POPE_random,coco_POPE_random,1,0,"Yes,",yes,1.71875,0.7410300925925926,11.9375,4.7350998717993225,28,1,/mnt/data/ssz/mr/results/Qwen2.5-VL/pope/evo/analysis/coco_POPE_random/1529.pt
2281,2281,coco_POPE_random,coco_POPE_random,1,0,"Yes,",yes,1.6875,0.7362557870370371,11.9375,4.856671625583697,28,1,/mnt/data/ssz/mr/results/Qwen2.5-VL/pope/evo/analysis/coco_POPE_random/2281.pt
32,32,coco_POPE_random,coco_POPE_random,1,0,"No,",no,1.734375,0.7456597222222222,11.9375,5.3036389510861826,28,1,/mnt/data/ssz/mr/results/Qwen2.5-VL/pope/evo/analysis/coco_POPE_random/32.pt
780,780,coco_POPE_random,coco_POPE_random,1,0,"No,",no,1.7109375,0.7581018518518519,11.9375,5.173085254389976,28,1,/mnt/data/ssz/mr/results/Qwen2.5-VL/pope/evo/analysis/coco_POPE_random/780.pt
1530,1530,coco_POPE_random,coco_POPE_random,1,0,"No,",no,1.71875,0.7410300925925926,11.9375,5.223973393063653,28,1,/mnt/data/ssz/mr/results/Qwen2.5-VL/pope/evo/analysis/coco_POPE_random/1530.pt
2282,2282,coco_POPE_random,coco_POPE_random,1,0,"No,",no,1.6875,0.7362557870370371,11.9375,5.22143205063097,28,1,/mnt/data/ssz/mr/results/Qwen2.5-VL/pope/evo/analysis/coco_POPE_random/2282.pt
33,33,coco_POPE_random,coco_POPE_random,1,0,"Yes,",yes,1.734375,0.7449363425925926,11.9375,4.793682893697061,28,1,/mnt/data/ssz/mr/results/Qwen2.5-VL/pope/evo/analysis/coco_POPE_random/33.pt
781,781,coco_POPE_random,coco_POPE_random,1,0,"Yes,",yes,1.71875,0.7428385416666666,11.9375,4.772535444482668,28,1,/mnt/data/ssz/mr/results/Qwen2.5-VL/pope/evo/analysis/coco_POPE_random/781.pt
1531,1531,coco_POPE_random,coco_POPE_random,1,0,"Yes,",yes,1.703125,0.7468171296296297,11.9375,4.773567443508927,28,1,/mnt/data/ssz/mr/results/Qwen2.5-VL/pope/evo/analysis/coco_POPE_random/1531.pt
2283,2283,coco_POPE_random,coco_POPE_random,0,1,"No,",yes,1.6875,0.7362557870370371,11.9375,5.303346797274948,28,1,/mnt/data/ssz/mr/results/Qwen2.5-VL/pope/evo/analysis/coco_POPE_random/2283.pt
34,34,coco_POPE_random,coco_POPE_random,1,0,"No,",no,1.734375,0.7449363425925926,11.9375,5.2292643765640925,28,1,/mnt/data/ssz/mr/results/Qwen2.5-VL/pope/evo/analysis/coco_POPE_random/34.pt
782,782,coco_POPE_random,coco_POPE_random,1,0,"No,",no,1.703125,0.7429108796296297,11.9375,5.112041447718341,28,1,/mnt/data/ssz/mr/results/Qwen2.5-VL/pope/evo/analysis/coco_POPE_random/782.pt
1532,1532,coco_POPE_random,coco_POPE_random,1,0,"No,",no,1.703125,0.7462384259259259,11.9375,5.230819464083683,28,1,/mnt/data/ssz/mr/results/Qwen2.5-VL/pope/evo/analysis/coco_POPE_random/1532.pt
2284,2284,coco_POPE_random,coco_POPE_random,1,0,"No,",no,1.6875,0.7362557870370371,11.9375,5.17577844448621,28,1,/mnt/data/ssz/mr/results/Qwen2.5-VL/pope/evo/analysis/coco_POPE_random/2284.pt
783,783,coco_POPE_random,coco_POPE_random,1,0,"Yes,",yes,1.71875,0.7429108796296297,11.9375,4.806757684502018,28,1,/mnt/data/ssz/mr/results/Qwen2.5-VL/pope/evo/analysis/coco_POPE_random/783.pt
35,35,coco_POPE_random,coco_POPE_random,0,1,"No,",yes,1.734375,0.7456597222222222,11.9375,5.333091229556648,28,1,/mnt/data/ssz/mr/results/Qwen2.5-VL/pope/evo/analysis/coco_POPE_random/35.pt
1533,1533,coco_POPE_random,coco_POPE_random,1,0,"Yes,",yes,1.703125,0.7462384259259259,11.9375,4.722490541526551,28,1,/mnt/data/ssz/mr/results/Qwen2.5-VL/pope/evo/analysis/coco_POPE_random/1533.pt
784,784,coco_POPE_random,coco_POPE_random,1,0,"No,",no,1.71875,0.7429108796296297,11.9375,5.129840111749656,28,1,/mnt/data/ssz/mr/results/Qwen2.5-VL/pope/evo/analysis/coco_POPE_random/784.pt
2285,2285,coco_POPE_random,coco_POPE_random,1,0,"Yes,",yes,1.6875,0.7362557870370371,11.9375,4.701290052554511,28,1,/mnt/data/ssz/mr/results/Qwen2.5-VL/pope/evo/analysis/coco_POPE_random/2285.pt
36,36,coco_POPE_random,coco_POPE_random,1,0,"No,",no,1.7421875,0.7462384259259259,11.9375,5.255474144831357,28,1,/mnt/data/ssz/mr/results/Qwen2.5-VL/pope/evo/analysis/coco_POPE_random/36.pt
785,785,coco_POPE_random,coco_POPE_random,1,0,"Yes,",yes,1.71875,0.7429108796296297,11.9375,4.61967475184772,28,2,/mnt/data/ssz/mr/results/Qwen2.5-VL/pope/evo/analysis/coco_POPE_random/785.pt
1534,1534,coco_POPE_random,coco_POPE_random,1,0,"No,",no,1.703125,0.7462384259259259,11.9375,5.1720282272307765,28,1,/mnt/data/ssz/mr/results/Qwen2.5-VL/pope/evo/analysis/coco_POPE_random/1534.pt
37,37,coco_POPE_random,coco_POPE_random,1,0,"Yes,",yes,1.7421875,0.7492766203703703,11.9375,4.90986069749251,28,1,/mnt/data/ssz/mr/results/Qwen2.5-VL/pope/evo/analysis/coco_POPE_random/37.pt
2286,2286,coco_POPE_random,coco_POPE_random,1,0,"No,",no,1.6875,0.7362557870370371,11.9375,5.248995381870342,28,1,/mnt/data/ssz/mr/results/Qwen2.5-VL/pope/evo/analysis/coco_POPE_random/2286.pt
786,786,coco_POPE_random,coco_POPE_random,1,0,"No,",no,1.71875,0.7429108796296297,11.9375,5.08155049679797,28,2,/mnt/data/ssz/mr/results/Qwen2.5-VL/pope/evo/analysis/coco_POPE_random/786.pt
1535,1535,coco_POPE_random,coco_POPE_random,0,1,"No,",yes,1.703125,0.7462384259259259,11.9375,5.186041701862795,28,1,/mnt/data/ssz/mr/results/Qwen2.5-VL/pope/evo/analysis/coco_POPE_random/1535.pt
38,38,coco_POPE_random,coco_POPE_random,1,0,"No,",no,1.7421875,0.7485532407407407,11.9375,5.255482650233505,28,1,/mnt/data/ssz/mr/results/Qwen2.5-VL/pope/evo/analysis/coco_POPE_random/38.pt
2287,2287,coco_POPE_random,coco_POPE_random,1,0,"Yes,",yes,1.765625,0.7297453703703703,11.9375,4.758460442566697,28,1,/mnt/data/ssz/mr/results/Qwen2.5-VL/pope/evo/analysis/coco_POPE_random/2287.pt
787,787,coco_POPE_random,coco_POPE_random,0,1,"No,",yes,1.71875,0.7551359953703703,11.9375,5.204286201788795,28,1,/mnt/data/ssz/mr/results/Qwen2.5-VL/pope/evo/analysis/coco_POPE_random/787.pt
1536,1536,coco_POPE_random,coco_POPE_random,1,0,"No,",no,1.703125,0.7462384259259259,11.9375,5.15232792063486,28,1,/mnt/data/ssz/mr/results/Qwen2.5-VL/pope/evo/analysis/coco_POPE_random/1536.pt
39,39,coco_POPE_random,coco_POPE_random,0,1,"No,",yes,1.7421875,0.7485532407407407,11.9375,5.227571408183049,28,1,/mnt/data/ssz/mr/results/Qwen2.5-VL/pope/evo/analysis/coco_POPE_random/39.pt
2288,2288,coco_POPE_random,coco_POPE_random,1,0,"No,",no,1.765625,0.7303964120370371,11.9375,5.2348059737163775,28,1,/mnt/data/ssz/mr/results/Qwen2.5-VL/pope/evo/analysis/coco_POPE_random/2288.pt
788,788,coco_POPE_random,coco_POPE_random,1,0,"No,",no,1.703125,0.7543402777777778,11.9375,5.258984653970527,28,1,/mnt/data/ssz/mr/results/Qwen2.5-VL/pope/evo/analysis/coco_POPE_random/788.pt
1537,1537,coco_POPE_random,coco_POPE_random,1,0,"Yes,",yes,1.734375,0.73828125,11.9375,4.771056324905415,28,1,/mnt/data/ssz/mr/results/Qwen2.5-VL/pope/evo/analysis/coco_POPE_random/1537.pt
40,40,coco_POPE_random,coco_POPE_random,1,0,"No,",no,1.7421875,0.7489149305555556,11.9375,5.281596368061809,28,1,/mnt/data/ssz/mr/results/Qwen2.5-VL/pope/evo/analysis/coco_POPE_random/40.pt
2289,2289,coco_POPE_random,coco_POPE_random,1,0,"Yes,",yes,1.765625,0.7297453703703703,11.9375,4.799518842335164,28,1,/mnt/data/ssz/mr/results/Qwen2.5-VL/pope/evo/analysis/coco_POPE_random/2289.pt
789,789,coco_POPE_random,coco_POPE_random,1,0,"Yes,",yes,1.71875,0.7559317129629629,11.9375,4.833454814842832,28,1,/mnt/data/ssz/mr/results/Qwen2.5-VL/pope/evo/analysis/coco_POPE_random/789.pt
1538,1538,coco_POPE_random,coco_POPE_random,1,0,"No,",no,1.734375,0.73828125,11.9375,5.220836288931487,28,1,/mnt/data/ssz/mr/results/Qwen2.5-VL/pope/evo/analysis/coco_POPE_random/1538.pt
41,41,coco_POPE_random,coco_POPE_random,1,0,"Yes,",yes,1.7421875,0.7485532407407407,11.9375,4.723601613837053,28,1,/mnt/data/ssz/mr/results/Qwen2.5-VL/pope/evo/analysis/coco_POPE_random/41.pt
2290,2290,coco_POPE_random,coco_POPE_random,1,0,"No,",no,1.765625,0.7297453703703703,11.9375,5.239723004624656,28,1,/mnt/data/ssz/mr/results/Qwen2.5-VL/pope/evo/analysis/coco_POPE_random/2290.pt
790,790,coco_POPE_random,coco_POPE_random,1,0,"No,",no,1.7109375,0.7547743055555556,11.9375,5.251256930092057,28,2,/mnt/data/ssz/mr/results/Qwen2.5-VL/pope/evo/analysis/coco_POPE_random/790.pt
1539,1539,coco_POPE_random,coco_POPE_random,1,0,"Yes,",yes,1.734375,0.73828125,11.9375,4.692743488707938,28,1,/mnt/data/ssz/mr/results/Qwen2.5-VL/pope/evo/analysis/coco_POPE_random/1539.pt
42,42,coco_POPE_random,coco_POPE_random,1,0,"No,",no,1.7421875,0.7485532407407407,11.9375,5.302457763284047,28,1,/mnt/data/ssz/mr/results/Qwen2.5-VL/pope/evo/analysis/coco_POPE_random/42.pt
2291,2291,coco_POPE_random,coco_POPE_random,1,0,"Yes,",yes,1.765625,0.7303964120370371,11.9375,4.830304627953074,28,1,/mnt/data/ssz/mr/results/Qwen2.5-VL/pope/evo/analysis/coco_POPE_random/2291.pt
791,791,coco_POPE_random,coco_POPE_random,0,1,"No,",yes,1.71875,0.7559317129629629,11.9375,5.278114754068353,28,1,/mnt/data/ssz/mr/results/Qwen2.5-VL/pope/evo/analysis/coco_POPE_random/791.pt
1540,1540,coco_POPE_random,coco_POPE_random,1,0,"No,",no,1.734375,0.7381365740740741,11.9375,5.307502680415979,28,1,/mnt/data/ssz/mr/results/Qwen2.5-VL/pope/evo/analysis/coco_POPE_random/1540.pt
43,43,coco_POPE_random,coco_POPE_random,0,1,"No,",yes,1.671875,0.7146990740740741,11.9375,5.144695907986747,28,1,/mnt/data/ssz/mr/results/Qwen2.5-VL/pope/evo/analysis/coco_POPE_random/43.pt
2292,2292,coco_POPE_random,coco_POPE_random,1,0,"No,",no,1.765625,0.7303964120370371,11.9375,5.305534637060694,28,1,/mnt/data/ssz/mr/results/Qwen2.5-VL/pope/evo/analysis/coco_POPE_random/2292.pt
792,792,coco_POPE_random,coco_POPE_random,1,0,"No,",no,1.703125,0.7543402777777778,11.9375,5.304193891904137,28,1,/mnt/data/ssz/mr/results/Qwen2.5-VL/pope/evo/analysis/coco_POPE_random/792.pt
1541,1541,coco_POPE_random,coco_POPE_random,0,1,"No,",yes,1.734375,0.7381365740740741,11.9375,5.2720143688263175,28,1,/mnt/data/ssz/mr/results/Qwen2.5-VL/pope/evo/analysis/coco_POPE_random/1541.pt
44,44,coco_POPE_random,coco_POPE_random,1,0,"No,",no,1.671875,0.7146990740740741,11.9375,5.107889486773086,28,1,/mnt/data/ssz/mr/results/Qwen2.5-VL/pope/evo/analysis/coco_POPE_random/44.pt
2293,2293,coco_POPE_random,coco_POPE_random,1,0,"Yes,",yes,1.7265625,0.7384259259259259,11.9375,4.759909972004168,28,1,/mnt/data/ssz/mr/results/Qwen2.5-VL/pope/evo/analysis/coco_POPE_random/2293.pt
793,793,coco_POPE_random,coco_POPE_random,0,1,"No,",yes,1.71875,0.7876157407407407,11.9375,5.212863798840334,28,1,/mnt/data/ssz/mr/results/Qwen2.5-VL/pope/evo/analysis/coco_POPE_random/793.pt
1542,1542,coco_POPE_random,coco_POPE_random,1,0,"No,",no,1.734375,0.73828125,11.9375,5.251435188456212,28,1,/mnt/data/ssz/mr/results/Qwen2.5-VL/pope/evo/analysis/coco_POPE_random/1542.pt
45,45,coco_POPE_random,coco_POPE_random,0,1,"No,",yes,1.671875,0.7146990740740741,11.9375,5.211722945302458,28,1,/mnt/data/ssz/mr/results/Qwen2.5-VL/pope/evo/analysis/coco_POPE_random/45.pt
2294,2294,coco_POPE_random,coco_POPE_random,1,0,"No,",no,1.7265625,0.7385706018518519,11.9375,5.308081121445867,28,1,/mnt/data/ssz/mr/results/Qwen2.5-VL/pope/evo/analysis/coco_POPE_random/2294.pt
794,794,coco_POPE_random,coco_POPE_random,1,0,"No,",no,1.71875,0.7881944444444444,11.9375,5.272630898882261,28,1,/mnt/data/ssz/mr/results/Qwen2.5-VL/pope/evo/analysis/coco_POPE_random/794.pt
1543,1543,coco_POPE_random,coco_POPE_random,0,1,"No,",yes,1.734375,0.7469618055555556,11.9375,5.197086287348274,28,1,/mnt/data/ssz/mr/results/Qwen2.5-VL/pope/evo/analysis/coco_POPE_random/1543.pt
46,46,coco_POPE_random,coco_POPE_random,1,0,"No,",no,1.671875,0.7143373842592593,11.9375,5.103160067261672,28,1,/mnt/data/ssz/mr/results/Qwen2.5-VL/pope/evo/analysis/coco_POPE_random/46.pt
2295,2295,coco_POPE_random,coco_POPE_random,1,0,"Yes,",yes,1.7265625,0.7384982638888888,11.9375,4.958404200025678,28,1,/mnt/data/ssz/mr/results/Qwen2.5-VL/pope/evo/analysis/coco_POPE_random/2295.pt
795,795,coco_POPE_random,coco_POPE_random,1,0,"Yes,",yes,1.71875,0.7870370370370371,11.9375,4.814685840968792,28,1,/mnt/data/ssz/mr/results/Qwen2.5-VL/pope/evo/analysis/coco_POPE_random/795.pt
1544,1544,coco_POPE_random,coco_POPE_random,1,0,"No,",no,1.734375,0.7469618055555556,11.9375,5.243064099653066,28,1,/mnt/data/ssz/mr/results/Qwen2.5-VL/pope/evo/analysis/coco_POPE_random/1544.pt
47,47,coco_POPE_random,coco_POPE_random,1,0,"Yes,",yes,1.671875,0.7146990740740741,11.9375,4.681952790226597,28,1,/mnt/data/ssz/mr/results/Qwen2.5-VL/pope/evo/analysis/coco_POPE_random/47.pt
2296,2296,coco_POPE_random,coco_POPE_random,1,0,"No,",no,1.7265625,0.7384259259259259,11.9375,5.209051898033821,28,1,/mnt/data/ssz/mr/results/Qwen2.5-VL/pope/evo/analysis/coco_POPE_random/2296.pt
796,796,coco_POPE_random,coco_POPE_random,1,0,"No,",no,1.71875,0.7881944444444444,11.9375,5.252562294324324,28,1,/mnt/data/ssz/mr/results/Qwen2.5-VL/pope/evo/analysis/coco_POPE_random/796.pt
1545,1545,coco_POPE_random,coco_POPE_random,1,0,"Yes,",yes,1.734375,0.7469618055555556,11.9375,4.748894339809717,28,1,/mnt/data/ssz/mr/results/Qwen2.5-VL/pope/evo/analysis/coco_POPE_random/1545.pt
48,48,coco_POPE_random,coco_POPE_random,1,0,"No,",no,1.671875,0.7146990740740741,11.9375,5.114309689578319,28,1,/mnt/data/ssz/mr/results/Qwen2.5-VL/pope/evo/analysis/coco_POPE_random/48.pt
2297,2297,coco_POPE_random,coco_POPE_random,1,0,"Yes,",yes,1.7265625,0.7384259259259259,11.9375,4.803632843885224,28,1,/mnt/data/ssz/mr/results/Qwen2.5-VL/pope/evo/analysis/coco_POPE_random/2297.pt
797,797,coco_POPE_random,coco_POPE_random,1,0,"Yes,",yes,1.71875,0.7870370370370371,11.9375,4.795837710380072,28,1,/mnt/data/ssz/mr/results/Qwen2.5-VL/pope/evo/analysis/coco_POPE_random/797.pt
1546,1546,coco_POPE_random,coco_POPE_random,1,0,"No,",no,1.734375,0.7469618055555556,11.9375,5.14682813640684,28,1,/mnt/data/ssz/mr/results/Qwen2.5-VL/pope/evo/analysis/coco_POPE_random/1546.pt
49,49,coco_POPE_random,coco_POPE_random,1,0,"Yes,",yes,1.703125,0.7550636574074074,11.9375,4.656062176038004,28,1,/mnt/data/ssz/mr/results/Qwen2.5-VL/pope/evo/analysis/coco_POPE_random/49.pt
798,798,coco_POPE_random,coco_POPE_random,1,0,"No,",no,1.71875,0.7881944444444444,11.9375,5.319395125094726,28,1,/mnt/data/ssz/mr/results/Qwen2.5-VL/pope/evo/analysis/coco_POPE_random/798.pt
2298,2298,coco_POPE_random,coco_POPE_random,1,0,"No,",no,1.7265625,0.7385706018518519,11.9375,5.363027403349916,28,1,/mnt/data/ssz/mr/results/Qwen2.5-VL/pope/evo/analysis/coco_POPE_random/2298.pt
1547,1547,coco_POPE_random,coco_POPE_random,1,0,"Yes,",yes,1.734375,0.7469618055555556,11.9375,4.958604591930241,28,1,/mnt/data/ssz/mr/results/Qwen2.5-VL/pope/evo/analysis/coco_POPE_random/1547.pt
50,50,coco_POPE_random,coco_POPE_random,1,0,"No,",no,1.703125,0.7549913194444444,11.9375,5.087999775914678,28,1,/mnt/data/ssz/mr/results/Qwen2.5-VL/pope/evo/analysis/coco_POPE_random/50.pt
2299,2299,coco_POPE_random,coco_POPE_random,1,0,"Yes,",yes,1.7578125,0.7498553240740741,11.9375,4.908287883946759,28,1,/mnt/data/ssz/mr/results/Qwen2.5-VL/pope/evo/analysis/coco_POPE_random/2299.pt
799,799,coco_POPE_random,coco_POPE_random,1,0,"Yes,",yes,1.6875,0.7436342592592593,11.9375,4.620247917830747,28,1,/mnt/data/ssz/mr/results/Qwen2.5-VL/pope/evo/analysis/coco_POPE_random/799.pt
1548,1548,coco_POPE_random,coco_POPE_random,1,0,"No,",no,1.734375,0.7469618055555556,11.9375,5.16929876413764,28,1,/mnt/data/ssz/mr/results/Qwen2.5-VL/pope/evo/analysis/coco_POPE_random/1548.pt
51,51,coco_POPE_random,coco_POPE_random,1,0,"Yes,",yes,1.703125,0.7550636574074074,11.9375,4.838211061371754,28,1,/mnt/data/ssz/mr/results/Qwen2.5-VL/pope/evo/analysis/coco_POPE_random/51.pt
2300,2300,coco_POPE_random,coco_POPE_random,1,0,"No,",no,1.7578125,0.7498553240740741,11.9375,5.351651283683553,28,1,/mnt/data/ssz/mr/results/Qwen2.5-VL/pope/evo/analysis/coco_POPE_random/2300.pt
800,800,coco_POPE_random,coco_POPE_random,1,0,"No,",no,1.6875,0.7436342592592593,11.9375,5.145905444808987,28,1,/mnt/data/ssz/mr/results/Qwen2.5-VL/pope/evo/analysis/coco_POPE_random/800.pt
1549,1549,coco_POPE_random,coco_POPE_random,0,1,"No,",yes,1.703125,0.7515914351851852,11.9375,5.194179775402582,28,1,/mnt/data/ssz/mr/results/Qwen2.5-VL/pope/evo/analysis/coco_POPE_random/1549.pt
52,52,coco_POPE_random,coco_POPE_random,1,0,"No,",no,1.703125,0.7550636574074074,11.9375,5.190176122873804,28,1,/mnt/data/ssz/mr/results/Qwen2.5-VL/pope/evo/analysis/coco_POPE_random/52.pt
2301,2301,coco_POPE_random,coco_POPE_random,1,0,"Yes,",yes,1.7578125,0.7498553240740741,11.9375,4.778952826916417,28,1,/mnt/data/ssz/mr/results/Qwen2.5-VL/pope/evo/analysis/coco_POPE_random/2301.pt
801,801,coco_POPE_random,coco_POPE_random,1,0,"Yes,",yes,1.6875,0.7436342592592593,11.9375,4.730659454205917,28,1,/mnt/data/ssz/mr/results/Qwen2.5-VL/pope/evo/analysis/coco_POPE_random/801.pt
1550,1550,coco_POPE_random,coco_POPE_random,1,0,"No,",no,1.703125,0.7516637731481481,11.9375,5.244194696530533,28,1,/mnt/data/ssz/mr/results/Qwen2.5-VL/pope/evo/analysis/coco_POPE_random/1550.pt
53,53,coco_POPE_random,coco_POPE_random,1,0,"Yes,",yes,1.703125,0.7550636574074074,11.9375,4.71968125281558,28,1,/mnt/data/ssz/mr/results/Qwen2.5-VL/pope/evo/analysis/coco_POPE_random/53.pt
2302,2302,coco_POPE_random,coco_POPE_random,1,0,"No,",no,1.7578125,0.7498553240740741,11.9375,5.292695219361311,28,1,/mnt/data/ssz/mr/results/Qwen2.5-VL/pope/evo/analysis/coco_POPE_random/2302.pt
1551,1551,coco_POPE_random,coco_POPE_random,0,1,"No,",yes,1.703125,0.7515914351851852,11.9375,5.398750934037397,28,1,/mnt/data/ssz/mr/results/Qwen2.5-VL/pope/evo/analysis/coco_POPE_random/1551.pt
54,54,coco_POPE_random,coco_POPE_random,1,0,"No,",no,1.703125,0.7549913194444444,11.9375,5.170618764692335,28,1,/mnt/data/ssz/mr/results/Qwen2.5-VL/pope/evo/analysis/coco_POPE_random/54.pt
802,802,coco_POPE_random,coco_POPE_random,1,0,"No,",no,1.6875,0.7440682870370371,11.9375,5.129455747470463,28,1,/mnt/data/ssz/mr/results/Qwen2.5-VL/pope/evo/analysis/coco_POPE_random/802.pt
2303,2303,coco_POPE_random,coco_POPE_random,1,0,"Yes,",yes,1.7578125,0.7498553240740741,11.9375,4.731507173283749,28,1,/mnt/data/ssz/mr/results/Qwen2.5-VL/pope/evo/analysis/coco_POPE_random/2303.pt
1552,1552,coco_POPE_random,coco_POPE_random,1,0,"No,",no,1.703125,0.7516637731481481,11.9375,5.269786950872693,28,1,/mnt/data/ssz/mr/results/Qwen2.5-VL/pope/evo/analysis/coco_POPE_random/1552.pt
55,55,coco_POPE_random,coco_POPE_random,1,0,"Yes,",yes,1.7109375,0.7371238425925926,11.9375,4.75413735373477,28,1,/mnt/data/ssz/mr/results/Qwen2.5-VL/pope/evo/analysis/coco_POPE_random/55.pt
803,803,coco_POPE_random,coco_POPE_random,0,1,"No,",yes,1.6875,0.7436342592592593,11.9375,5.0849315081938835,28,1,/mnt/data/ssz/mr/results/Qwen2.5-VL/pope/evo/analysis/coco_POPE_random/803.pt
2304,2304,coco_POPE_random,coco_POPE_random,1,0,"No,",no,1.7578125,0.7492042824074074,11.9375,5.319856383524644,28,1,/mnt/data/ssz/mr/results/Qwen2.5-VL/pope/evo/analysis/coco_POPE_random/2304.pt
1553,1553,coco_POPE_random,coco_POPE_random,0,1,"No,",yes,1.703125,0.7515914351851852,11.9375,5.216699889055681,28,1,/mnt/data/ssz/mr/results/Qwen2.5-VL/pope/evo/analysis/coco_POPE_random/1553.pt
56,56,coco_POPE_random,coco_POPE_random,1,0,"No,",no,1.7109375,0.7371238425925926,11.9375,5.1744257775554345,28,1,/mnt/data/ssz/mr/results/Qwen2.5-VL/pope/evo/analysis/coco_POPE_random/56.pt
2305,2305,coco_POPE_random,coco_POPE_random,1,0,"Yes,",yes,1.6875,0.7664930555555556,11.9375,4.88709145551008,28,1,/mnt/data/ssz/mr/results/Qwen2.5-VL/pope/evo/analysis/coco_POPE_random/2305.pt
804,804,coco_POPE_random,coco_POPE_random,1,0,"No,",no,1.6875,0.7438512731481481,11.9375,5.160089651433611,28,1,/mnt/data/ssz/mr/results/Qwen2.5-VL/pope/evo/analysis/coco_POPE_random/804.pt
1554,1554,coco_POPE_random,coco_POPE_random,1,0,"No,",no,1.703125,0.7515914351851852,11.9375,5.259993190688467,28,1,/mnt/data/ssz/mr/results/Qwen2.5-VL/pope/evo/analysis/coco_POPE_random/1554.pt
57,57,coco_POPE_random,coco_POPE_random,1,0,"Yes,",yes,1.7109375,0.7371238425925926,11.9375,4.796828711305425,28,1,/mnt/data/ssz/mr/results/Qwen2.5-VL/pope/evo/analysis/coco_POPE_random/57.pt
2306,2306,coco_POPE_random,coco_POPE_random,1,0,"No,",no,1.6875,0.7664930555555556,11.9375,5.142514576525275,28,1,/mnt/data/ssz/mr/results/Qwen2.5-VL/pope/evo/analysis/coco_POPE_random/2306.pt
805,805,coco_POPE_random,coco_POPE_random,1,0,"Yes,",yes,1.671875,0.7599826388888888,11.9375,4.71960944994696,28,1,/mnt/data/ssz/mr/results/Qwen2.5-VL/pope/evo/analysis/coco_POPE_random/805.pt
1555,1555,coco_POPE_random,coco_POPE_random,1,0,"Yes,",yes,1.71875,0.7352430555555556,11.9375,4.768666647473326,28,1,/mnt/data/ssz/mr/results/Qwen2.5-VL/pope/evo/analysis/coco_POPE_random/1555.pt
58,58,coco_POPE_random,coco_POPE_random,1,0,"No,",no,1.7109375,0.7371238425925926,11.9375,5.264823862899307,28,1,/mnt/data/ssz/mr/results/Qwen2.5-VL/pope/evo/analysis/coco_POPE_random/58.pt
806,806,coco_POPE_random,coco_POPE_random,1,0,"No,",no,1.671875,0.7599826388888888,11.9375,5.220372214206754,28,1,/mnt/data/ssz/mr/results/Qwen2.5-VL/pope/evo/analysis/coco_POPE_random/806.pt
2307,2307,coco_POPE_random,coco_POPE_random,1,0,"Yes,",yes,1.6875,0.7664930555555556,11.9375,4.796233342015113,28,1,/mnt/data/ssz/mr/results/Qwen2.5-VL/pope/evo/analysis/coco_POPE_random/2307.pt
1556,1556,coco_POPE_random,coco_POPE_random,1,0,"No,",no,1.71875,0.7352430555555556,11.9375,5.253022313231778,28,1,/mnt/data/ssz/mr/results/Qwen2.5-VL/pope/evo/analysis/coco_POPE_random/1556.pt
59,59,coco_POPE_random,coco_POPE_random,1,0,"Yes,",yes,1.7109375,0.7371238425925926,11.9375,4.707763042232747,28,1,/mnt/data/ssz/mr/results/Qwen2.5-VL/pope/evo/analysis/coco_POPE_random/59.pt
807,807,coco_POPE_random,coco_POPE_random,0,1,"No,",yes,1.671875,0.7599826388888888,11.9375,5.329726062104376,28,1,/mnt/data/ssz/mr/results/Qwen2.5-VL/pope/evo/analysis/coco_POPE_random/807.pt
2308,2308,coco_POPE_random,coco_POPE_random,1,0,"No,",no,1.6875,0.7670717592592593,11.9375,5.236763034632142,28,1,/mnt/data/ssz/mr/results/Qwen2.5-VL/pope/evo/analysis/coco_POPE_random/2308.pt
1557,1557,coco_POPE_random,coco_POPE_random,1,0,"Yes,",yes,1.71875,0.7352430555555556,11.9375,4.88417906212072,28,1,/mnt/data/ssz/mr/results/Qwen2.5-VL/pope/evo/analysis/coco_POPE_random/1557.pt
60,60,coco_POPE_random,coco_POPE_random,1,0,"No,",no,1.7109375,0.7371238425925926,11.9375,5.236263394798862,28,1,/mnt/data/ssz/mr/results/Qwen2.5-VL/pope/evo/analysis/coco_POPE_random/60.pt
808,808,coco_POPE_random,coco_POPE_random,1,0,"No,",no,1.671875,0.759765625,11.9375,5.265643527370638,28,1,/mnt/data/ssz/mr/results/Qwen2.5-VL/pope/evo/analysis/coco_POPE_random/808.pt
2309,2309,coco_POPE_random,coco_POPE_random,1,0,"Yes,",yes,1.6875,0.7664930555555556,11.9375,4.906298804861717,28,1,/mnt/data/ssz/mr/results/Qwen2.5-VL/pope/evo/analysis/coco_POPE_random/2309.pt
1558,1558,coco_POPE_random,coco_POPE_random,1,0,"No,",no,1.71875,0.7352430555555556,11.9375,5.25702395273941,28,1,/mnt/data/ssz/mr/results/Qwen2.5-VL/pope/evo/analysis/coco_POPE_random/1558.pt
61,61,coco_POPE_random,coco_POPE_random,1,0,"Yes,",yes,1.671875,0.7719907407407407,11.9375,5.030612271321303,28,1,/mnt/data/ssz/mr/results/Qwen2.5-VL/pope/evo/analysis/coco_POPE_random/61.pt
809,809,coco_POPE_random,coco_POPE_random,1,0,"Yes,",yes,1.6796875,0.7600549768518519,11.9375,4.7122966278016545,28,1,/mnt/data/ssz/mr/results/Qwen2.5-VL/pope/evo/analysis/coco_POPE_random/809.pt
2310,2310,coco_POPE_random,coco_POPE_random,1,0,"No,",no,1.6875,0.7670717592592593,11.9375,5.1739229644505285,28,1,/mnt/data/ssz/mr/results/Qwen2.5-VL/pope/evo/analysis/coco_POPE_random/2310.pt
1559,1559,coco_POPE_random,coco_POPE_random,1,0,"Yes,",yes,1.71875,0.7352430555555556,11.9375,4.853665928486377,28,1,/mnt/data/ssz/mr/results/Qwen2.5-VL/pope/evo/analysis/coco_POPE_random/1559.pt
810,810,coco_POPE_random,coco_POPE_random,1,0,"No,",no,1.671875,0.7599826388888888,11.9375,5.252391626792439,28,1,/mnt/data/ssz/mr/results/Qwen2.5-VL/pope/evo/analysis/coco_POPE_random/810.pt
62,62,coco_POPE_random,coco_POPE_random,1,0,"No,",no,1.671875,0.7719907407407407,11.9375,5.260974719818353,28,1,/mnt/data/ssz/mr/results/Qwen2.5-VL/pope/evo/analysis/coco_POPE_random/62.pt
2311,2311,coco_POPE_random,coco_POPE_random,1,0,"Yes,",yes,1.765625,0.7596932870370371,11.9375,5.118272712493444,28,1,/mnt/data/ssz/mr/results/Qwen2.5-VL/pope/evo/analysis/coco_POPE_random/2311.pt
1560,1560,coco_POPE_random,coco_POPE_random,1,0,"No,",no,1.71875,0.7352430555555556,11.9375,5.2628989026508615,28,1,/mnt/data/ssz/mr/results/Qwen2.5-VL/pope/evo/analysis/coco_POPE_random/1560.pt
63,63,coco_POPE_random,coco_POPE_random,1,0,"Yes,",yes,1.671875,0.7722800925925926,11.9375,4.9793132878009585,28,1,/mnt/data/ssz/mr/results/Qwen2.5-VL/pope/evo/analysis/coco_POPE_random/63.pt
811,811,coco_POPE_random,coco_POPE_random,1,0,"Yes,",yes,1.7265625,0.7306134259259259,11.9375,4.795688569346042,28,1,/mnt/data/ssz/mr/results/Qwen2.5-VL/pope/evo/analysis/coco_POPE_random/811.pt
2312,2312,coco_POPE_random,coco_POPE_random,1,0,"No,",no,1.765625,0.7589699074074074,11.9375,5.375977252416463,28,1,/mnt/data/ssz/mr/results/Qwen2.5-VL/pope/evo/analysis/coco_POPE_random/2312.pt
1561,1561,coco_POPE_random,coco_POPE_random,1,0,"Yes,",yes,1.71875,0.7397280092592593,11.9375,4.841943238584879,28,1,/mnt/data/ssz/mr/results/Qwen2.5-VL/pope/evo/analysis/coco_POPE_random/1561.pt
64,64,coco_POPE_random,coco_POPE_random,1,0,"No,",no,1.671875,0.7719907407407407,11.9375,5.260684156437335,28,1,/mnt/data/ssz/mr/results/Qwen2.5-VL/pope/evo/analysis/coco_POPE_random/64.pt
812,812,coco_POPE_random,coco_POPE_random,1,0,"No,",no,1.734375,0.7316261574074074,11.9375,5.307356243128167,28,1,/mnt/data/ssz/mr/results/Qwen2.5-VL/pope/evo/analysis/coco_POPE_random/812.pt
2313,2313,coco_POPE_random,coco_POPE_random,0,1,"No,",yes,1.765625,0.7589699074074074,11.9375,5.256727700937111,28,1,/mnt/data/ssz/mr/results/Qwen2.5-VL/pope/evo/analysis/coco_POPE_random/2313.pt
1562,1562,coco_POPE_random,coco_POPE_random,1,0,"No,",no,1.71875,0.7395833333333334,11.9375,5.1820373938398605,28,1,/mnt/data/ssz/mr/results/Qwen2.5-VL/pope/evo/analysis/coco_POPE_random/1562.pt
65,65,coco_POPE_random,coco_POPE_random,1,0,"Yes,",yes,1.671875,0.7719907407407407,11.9375,4.850651855676909,28,1,/mnt/data/ssz/mr/results/Qwen2.5-VL/pope/evo/analysis/coco_POPE_random/65.pt
813,813,coco_POPE_random,coco_POPE_random,1,0,"Yes,",yes,1.734375,0.7311197916666666,11.9375,4.8833578305242895,28,2,/mnt/data/ssz/mr/results/Qwen2.5-VL/pope/evo/analysis/coco_POPE_random/813.pt
2314,2314,coco_POPE_random,coco_POPE_random,1,0,"No,",no,1.75,0.7582465277777778,11.9375,5.344654493032381,28,1,/mnt/data/ssz/mr/results/Qwen2.5-VL/pope/evo/analysis/coco_POPE_random/2314.pt
1563,1563,coco_POPE_random,coco_POPE_random,1,0,"Yes,",yes,1.71875,0.7397280092592593,11.9375,4.689332377616987,28,1,/mnt/data/ssz/mr/results/Qwen2.5-VL/pope/evo/analysis/coco_POPE_random/1563.pt
66,66,coco_POPE_random,coco_POPE_random,1,0,"No,",no,1.671875,0.7719907407407407,11.9375,5.363498289844851,28,1,/mnt/data/ssz/mr/results/Qwen2.5-VL/pope/evo/analysis/coco_POPE_random/66.pt
814,814,coco_POPE_random,coco_POPE_random,1,0,"No,",no,1.7265625,0.7306134259259259,11.9375,5.2761604074355635,28,1,/mnt/data/ssz/mr/results/Qwen2.5-VL/pope/evo/analysis/coco_POPE_random/814.pt
2315,2315,coco_POPE_random,coco_POPE_random,1,0,"Yes,",yes,1.765625,0.7596932870370371,11.9375,4.810979301939246,28,1,/mnt/data/ssz/mr/results/Qwen2.5-VL/pope/evo/analysis/coco_POPE_random/2315.pt
1564,1564,coco_POPE_random,coco_POPE_random,1,0,"No,",no,1.71875,0.7395833333333334,11.9375,5.1963551256126745,28,1,/mnt/data/ssz/mr/results/Qwen2.5-VL/pope/evo/analysis/coco_POPE_random/1564.pt
67,67,coco_POPE_random,coco_POPE_random,1,0,"Yes,",yes,1.6875,0.7385706018518519,11.9375,4.62615342047834,28,1,/mnt/data/ssz/mr/results/Qwen2.5-VL/pope/evo/analysis/coco_POPE_random/67.pt
815,815,coco_POPE_random,coco_POPE_random,1,0,"Yes,",yes,1.734375,0.7311197916666666,11.9375,4.807977809848221,28,2,/mnt/data/ssz/mr/results/Qwen2.5-VL/pope/evo/analysis/coco_POPE_random/815.pt
2316,2316,coco_POPE_random,coco_POPE_random,1,0,"No,",no,1.75,0.7582465277777778,11.9375,5.313585968012094,28,1,/mnt/data/ssz/mr/results/Qwen2.5-VL/pope/evo/analysis/coco_POPE_random/2316.pt
1565,1565,coco_POPE_random,coco_POPE_random,0,1,"No,",yes,1.71875,0.7397280092592593,11.9375,5.190741421120414,28,1,/mnt/data/ssz/mr/results/Qwen2.5-VL/pope/evo/analysis/coco_POPE_random/1565.pt
68,68,coco_POPE_random,coco_POPE_random,1,0,"No,",no,1.6875,0.7387152777777778,11.9375,5.063895066054101,28,1,/mnt/data/ssz/mr/results/Qwen2.5-VL/pope/evo/analysis/coco_POPE_random/68.pt
2317,2317,coco_POPE_random,coco_POPE_random,1,0,"Yes,",yes,1.640625,0.7719907407407407,11.9375,4.627421042476492,28,1,/mnt/data/ssz/mr/results/Qwen2.5-VL/pope/evo/analysis/coco_POPE_random/2317.pt
816,816,coco_POPE_random,coco_POPE_random,1,0,"No,",no,1.734375,0.7316261574074074,11.9375,5.326789476235843,28,1,/mnt/data/ssz/mr/results/Qwen2.5-VL/pope/evo/analysis/coco_POPE_random/816.pt
1566,1566,coco_POPE_random,coco_POPE_random,1,0,"No,",no,1.71875,0.7395833333333334,11.9375,5.279788717326452,28,1,/mnt/data/ssz/mr/results/Qwen2.5-VL/pope/evo/analysis/coco_POPE_random/1566.pt
69,69,coco_POPE_random,coco_POPE_random,1,0,"Yes,",yes,1.6875,0.7385706018518519,11.9375,4.787186749707276,28,1,/mnt/data/ssz/mr/results/Qwen2.5-VL/pope/evo/analysis/coco_POPE_random/69.pt
2318,2318,coco_POPE_random,coco_POPE_random,1,0,"No,",no,1.640625,0.7720630787037037,11.9375,5.091284777963227,28,1,/mnt/data/ssz/mr/results/Qwen2.5-VL/pope/evo/analysis/coco_POPE_random/2318.pt
817,817,coco_POPE_random,coco_POPE_random,1,0,"Yes,",yes,1.7109375,0.7486255787037037,11.9375,4.9770948748581825,28,1,/mnt/data/ssz/mr/results/Qwen2.5-VL/pope/evo/analysis/coco_POPE_random/817.pt
1567,1567,coco_POPE_random,coco_POPE_random,1,0,"Yes,",yes,1.7421875,0.744140625,11.9375,4.898938123249593,28,2,/mnt/data/ssz/mr/results/Qwen2.5-VL/pope/evo/analysis/coco_POPE_random/1567.pt
70,70,coco_POPE_random,coco_POPE_random,1,0,"No,",no,1.6875,0.7387152777777778,11.9375,5.071339337609437,28,1,/mnt/data/ssz/mr/results/Qwen2.5-VL/pope/evo/analysis/coco_POPE_random/70.pt
2319,2319,coco_POPE_random,coco_POPE_random,1,0,"Yes,",yes,1.640625,0.7720630787037037,11.9375,4.798528163196885,28,1,/mnt/data/ssz/mr/results/Qwen2.5-VL/pope/evo/analysis/coco_POPE_random/2319.pt
818,818,coco_POPE_random,coco_POPE_random,1,0,"No,",no,1.7109375,0.7489872685185185,11.9375,5.351830851069885,28,1,/mnt/data/ssz/mr/results/Qwen2.5-VL/pope/evo/analysis/coco_POPE_random/818.pt
1568,1568,coco_POPE_random,coco_POPE_random,1,0,"No,",no,1.7421875,0.7439236111111112,11.9375,5.267861421889032,28,1,/mnt/data/ssz/mr/results/Qwen2.5-VL/pope/evo/analysis/coco_POPE_random/1568.pt
71,71,coco_POPE_random,coco_POPE_random,1,0,"Yes,",yes,1.6875,0.7385706018518519,11.9375,4.640619042180263,28,1,/mnt/data/ssz/mr/results/Qwen2.5-VL/pope/evo/analysis/coco_POPE_random/71.pt
2320,2320,coco_POPE_random,coco_POPE_random,1,0,"No,",no,1.640625,0.7720630787037037,11.9375,5.17371549004308,28,1,/mnt/data/ssz/mr/results/Qwen2.5-VL/pope/evo/analysis/coco_POPE_random/2320.pt
819,819,coco_POPE_random,coco_POPE_random,0,1,"No,",yes,1.7109375,0.7489872685185185,11.9375,5.306235422929236,28,1,/mnt/data/ssz/mr/results/Qwen2.5-VL/pope/evo/analysis/coco_POPE_random/819.pt
1569,1569,coco_POPE_random,coco_POPE_random,1,0,"Yes,",yes,1.7421875,0.7442129629629629,11.9375,4.84619257422491,28,1,/mnt/data/ssz/mr/results/Qwen2.5-VL/pope/evo/analysis/coco_POPE_random/1569.pt
72,72,coco_POPE_random,coco_POPE_random,1,0,"No,",no,1.6875,0.7387152777777778,11.9375,5.167134196347402,28,1,/mnt/data/ssz/mr/results/Qwen2.5-VL/pope/evo/analysis/coco_POPE_random/72.pt
2321,2321,coco_POPE_random,coco_POPE_random,1,0,"Yes,",yes,1.65625,0.7730034722222222,11.9375,4.634356121233602,28,1,/mnt/data/ssz/mr/results/Qwen2.5-VL/pope/evo/analysis/coco_POPE_random/2321.pt
820,820,coco_POPE_random,coco_POPE_random,1,0,"No,",no,1.7109375,0.7486255787037037,11.9375,5.192859764323845,28,1,/mnt/data/ssz/mr/results/Qwen2.5-VL/pope/evo/analysis/coco_POPE_random/820.pt
1570,1570,coco_POPE_random,coco_POPE_random,1,0,"No,",no,1.7421875,0.744140625,11.9375,5.287999711640718,28,2,/mnt/data/ssz/mr/results/Qwen2.5-VL/pope/evo/analysis/coco_POPE_random/1570.pt
73,73,coco_POPE_random,coco_POPE_random,1,0,"Yes,",yes,1.734375,0.7528935185185185,11.9375,4.861834610591641,28,1,/mnt/data/ssz/mr/results/Qwen2.5-VL/pope/evo/analysis/coco_POPE_random/73.pt
2322,2322,coco_POPE_random,coco_POPE_random,1,0,"No,",no,1.640625,0.7720630787037037,11.9375,5.134289912642591,28,1,/mnt/data/ssz/mr/results/Qwen2.5-VL/pope/evo/analysis/coco_POPE_random/2322.pt
821,821,coco_POPE_random,coco_POPE_random,1,0,"Yes,",yes,1.7109375,0.7486255787037037,11.9375,4.829157620879164,28,1,/mnt/data/ssz/mr/results/Qwen2.5-VL/pope/evo/analysis/coco_POPE_random/821.pt
1571,1571,coco_POPE_random,coco_POPE_random,1,0,"Yes,",yes,1.7421875,0.7442129629629629,11.9375,4.767032432148105,28,2,/mnt/data/ssz/mr/results/Qwen2.5-VL/pope/evo/analysis/coco_POPE_random/1571.pt
74,74,coco_POPE_random,coco_POPE_random,1,0,"No,",no,1.734375,0.7528935185185185,11.9375,5.266780682712563,28,1,/mnt/data/ssz/mr/results/Qwen2.5-VL/pope/evo/analysis/coco_POPE_random/74.pt
2323,2323,coco_POPE_random,coco_POPE_random,1,0,"Yes,",yes,1.703125,0.7432002314814815,11.9375,4.704713351141908,28,1,/mnt/data/ssz/mr/results/Qwen2.5-VL/pope/evo/analysis/coco_POPE_random/2323.pt
822,822,coco_POPE_random,coco_POPE_random,1,0,"No,",no,1.7109375,0.7486255787037037,11.9375,5.250815123729464,28,1,/mnt/data/ssz/mr/results/Qwen2.5-VL/pope/evo/analysis/coco_POPE_random/822.pt
1572,1572,coco_POPE_random,coco_POPE_random,1,0,"No,",no,1.7421875,0.7444299768518519,11.9375,5.2143444244407124,28,1,/mnt/data/ssz/mr/results/Qwen2.5-VL/pope/evo/analysis/coco_POPE_random/1572.pt
75,75,coco_POPE_random,coco_POPE_random,1,0,"Yes,",yes,1.734375,0.7528935185185185,11.9375,4.7677504728103015,28,1,/mnt/data/ssz/mr/results/Qwen2.5-VL/pope/evo/analysis/coco_POPE_random/75.pt
2324,2324,coco_POPE_random,coco_POPE_random,1,0,"No,",no,1.703125,0.7432002314814815,11.9375,5.166481427478897,28,1,/mnt/data/ssz/mr/results/Qwen2.5-VL/pope/evo/analysis/coco_POPE_random/2324.pt
1573,1573,coco_POPE_random,coco_POPE_random,1,0,"Yes,",yes,1.7265625,0.7494212962962963,11.9375,4.8836351613374225,28,1,/mnt/data/ssz/mr/results/Qwen2.5-VL/pope/evo/analysis/coco_POPE_random/1573.pt
823,823,coco_POPE_random,coco_POPE_random,1,0,"Yes,",yes,1.71875,0.7761863425925926,11.9375,4.767910191524382,28,1,/mnt/data/ssz/mr/results/Qwen2.5-VL/pope/evo/analysis/coco_POPE_random/823.pt
76,76,coco_POPE_random,coco_POPE_random,1,0,"No,",no,1.734375,0.7531828703703703,11.9375,5.156024808734497,28,1,/mnt/data/ssz/mr/results/Qwen2.5-VL/pope/evo/analysis/coco_POPE_random/76.pt
2325,2325,coco_POPE_random,coco_POPE_random,1,0,"Yes,",yes,1.703125,0.7432725694444444,11.9375,4.789286293621546,28,1,/mnt/data/ssz/mr/results/Qwen2.5-VL/pope/evo/analysis/coco_POPE_random/2325.pt
1574,1574,coco_POPE_random,coco_POPE_random,1,0,"No,",no,1.7265625,0.7493489583333334,11.9375,5.2620620200075425,28,1,/mnt/data/ssz/mr/results/Qwen2.5-VL/pope/evo/analysis/coco_POPE_random/1574.pt
824,824,coco_POPE_random,coco_POPE_random,1,0,"No,",no,1.71875,0.7761863425925926,11.9375,5.228042565257432,28,1,/mnt/data/ssz/mr/results/Qwen2.5-VL/pope/evo/analysis/coco_POPE_random/824.pt
77,77,coco_POPE_random,coco_POPE_random,1,0,"Yes,",yes,1.734375,0.7531828703703703,11.9375,4.834413017435713,28,1,/mnt/data/ssz/mr/results/Qwen2.5-VL/pope/evo/analysis/coco_POPE_random/77.pt
1575,1575,coco_POPE_random,coco_POPE_random,1,0,"Yes,",yes,1.7265625,0.7494212962962963,11.9375,4.852866432663836,28,1,/mnt/data/ssz/mr/results/Qwen2.5-VL/pope/evo/analysis/coco_POPE_random/1575.pt
2326,2326,coco_POPE_random,coco_POPE_random,1,0,"No,",no,1.703125,0.7432002314814815,11.9375,5.218985071562587,28,1,/mnt/data/ssz/mr/results/Qwen2.5-VL/pope/evo/analysis/coco_POPE_random/2326.pt
825,825,coco_POPE_random,coco_POPE_random,1,0,"Yes,",yes,1.71875,0.7761863425925926,11.9375,4.910522588871932,28,1,/mnt/data/ssz/mr/results/Qwen2.5-VL/pope/evo/analysis/coco_POPE_random/825.pt
1576,1576,coco_POPE_random,coco_POPE_random,1,0,"No,",no,1.7265625,0.7494212962962963,11.9375,5.304860470688537,28,1,/mnt/data/ssz/mr/results/Qwen2.5-VL/pope/evo/analysis/coco_POPE_random/1576.pt
78,78,coco_POPE_random,coco_POPE_random,1,0,"No,",no,1.734375,0.7528935185185185,11.9375,5.207319472871013,28,1,/mnt/data/ssz/mr/results/Qwen2.5-VL/pope/evo/analysis/coco_POPE_random/78.pt
2327,2327,coco_POPE_random,coco_POPE_random,1,0,"Yes,",yes,1.703125,0.7432002314814815,11.9375,4.752056321257168,28,1,/mnt/data/ssz/mr/results/Qwen2.5-VL/pope/evo/analysis/coco_POPE_random/2327.pt
826,826,coco_POPE_random,coco_POPE_random,1,0,"No,",no,1.71875,0.7761863425925926,11.9375,5.166115450739048,28,1,/mnt/data/ssz/mr/results/Qwen2.5-VL/pope/evo/analysis/coco_POPE_random/826.pt
1577,1577,coco_POPE_random,coco_POPE_random,1,0,"Yes,",yes,1.7265625,0.7494212962962963,11.9375,4.797236974142991,28,1,/mnt/data/ssz/mr/results/Qwen2.5-VL/pope/evo/analysis/coco_POPE_random/1577.pt
79,79,coco_POPE_random,coco_POPE_random,1,0,"Yes,",yes,1.734375,0.7530381944444444,11.9375,4.824881865257716,28,2,/mnt/data/ssz/mr/results/Qwen2.5-VL/pope/evo/analysis/coco_POPE_random/79.pt
2328,2328,coco_POPE_random,coco_POPE_random,1,0,"No,",no,1.703125,0.7432002314814815,11.9375,5.243185224688017,28,1,/mnt/data/ssz/mr/results/Qwen2.5-VL/pope/evo/analysis/coco_POPE_random/2328.pt
827,827,coco_POPE_random,coco_POPE_random,1,0,"Yes,",yes,1.71875,0.7761863425925926,11.9375,4.750582559879293,28,1,/mnt/data/ssz/mr/results/Qwen2.5-VL/pope/evo/analysis/coco_POPE_random/827.pt
1578,1578,coco_POPE_random,coco_POPE_random,1,0,"No,",no,1.7265625,0.7494212962962963,11.9375,5.22175324120878,28,1,/mnt/data/ssz/mr/results/Qwen2.5-VL/pope/evo/analysis/coco_POPE_random/1578.pt
80,80,coco_POPE_random,coco_POPE_random,1,0,"No,",no,1.734375,0.7530381944444444,11.9375,5.310695374874269,28,1,/mnt/data/ssz/mr/results/Qwen2.5-VL/pope/evo/analysis/coco_POPE_random/80.pt
2329,2329,coco_POPE_random,coco_POPE_random,1,0,"Yes,",yes,1.703125,0.7486979166666666,11.9375,4.73676364594764,28,1,/mnt/data/ssz/mr/results/Qwen2.5-VL/pope/evo/analysis/coco_POPE_random/2329.pt
1579,1579,coco_POPE_random,coco_POPE_random,1,0,"Yes,",yes,1.703125,0.7624421296296297,11.9375,4.807758986589324,28,1,/mnt/data/ssz/mr/results/Qwen2.5-VL/pope/evo/analysis/coco_POPE_random/1579.pt
828,828,coco_POPE_random,coco_POPE_random,1,0,"No,",no,1.71875,0.7761863425925926,11.9375,5.174546566595632,28,1,/mnt/data/ssz/mr/results/Qwen2.5-VL/pope/evo/analysis/coco_POPE_random/828.pt
81,81,coco_POPE_random,coco_POPE_random,0,1,"No,",yes,1.734375,0.7528935185185185,11.9375,5.231611638503048,28,1,/mnt/data/ssz/mr/results/Qwen2.5-VL/pope/evo/analysis/coco_POPE_random/81.pt
2330,2330,coco_POPE_random,coco_POPE_random,1,0,"No,",no,1.703125,0.7486979166666666,11.9375,5.289498411022013,28,1,/mnt/data/ssz/mr/results/Qwen2.5-VL/pope/evo/analysis/coco_POPE_random/2330.pt
82,82,coco_POPE_random,coco_POPE_random,1,0,"No,",no,1.734375,0.7530381944444444,11.9375,5.097449898637118,28,1,/mnt/data/ssz/mr/results/Qwen2.5-VL/pope/evo/analysis/coco_POPE_random/82.pt
1580,1580,coco_POPE_random,coco_POPE_random,1,0,"No,",no,1.703125,0.7633101851851852,11.9375,5.198085817183937,28,1,/mnt/data/ssz/mr/results/Qwen2.5-VL/pope/evo/analysis/coco_POPE_random/1580.pt
829,829,coco_POPE_random,coco_POPE_random,0,1,"No,",yes,1.71875,0.7515914351851852,11.9375,5.254299069163673,28,1,/mnt/data/ssz/mr/results/Qwen2.5-VL/pope/evo/analysis/coco_POPE_random/829.pt
83,83,coco_POPE_random,coco_POPE_random,0,1,"No,",yes,1.734375,0.7530381944444444,11.9375,5.200388845942464,28,1,/mnt/data/ssz/mr/results/Qwen2.5-VL/pope/evo/analysis/coco_POPE_random/83.pt
2331,2331,coco_POPE_random,coco_POPE_random,1,0,"Yes,",yes,1.703125,0.7486979166666666,11.9375,4.904924687589151,28,1,/mnt/data/ssz/mr/results/Qwen2.5-VL/pope/evo/analysis/coco_POPE_random/2331.pt
1581,1581,coco_POPE_random,coco_POPE_random,1,0,"Yes,",yes,1.703125,0.7628038194444444,11.9375,4.701113155240138,28,1,/mnt/data/ssz/mr/results/Qwen2.5-VL/pope/evo/analysis/coco_POPE_random/1581.pt
830,830,coco_POPE_random,coco_POPE_random,1,0,"No,",no,1.71875,0.7515914351851852,11.9375,5.254420673030711,28,1,/mnt/data/ssz/mr/results/Qwen2.5-VL/pope/evo/analysis/coco_POPE_random/830.pt
84,84,coco_POPE_random,coco_POPE_random,1,0,"No,",no,1.7265625,0.7531828703703703,11.9375,5.194335298998716,28,1,/mnt/data/ssz/mr/results/Qwen2.5-VL/pope/evo/analysis/coco_POPE_random/84.pt
2332,2332,coco_POPE_random,coco_POPE_random,1,0,"No,",no,1.703125,0.7486979166666666,11.9375,5.27298838393522,28,1,/mnt/data/ssz/mr/results/Qwen2.5-VL/pope/evo/analysis/coco_POPE_random/2332.pt
1582,1582,coco_POPE_random,coco_POPE_random,1,0,"No,",no,1.703125,0.7633101851851852,11.9375,5.264344579556252,28,1,/mnt/data/ssz/mr/results/Qwen2.5-VL/pope/evo/analysis/coco_POPE_random/1582.pt
831,831,coco_POPE_random,coco_POPE_random,1,0,"Yes,",yes,1.71875,0.7515914351851852,11.9375,4.880991539136362,28,1,/mnt/data/ssz/mr/results/Qwen2.5-VL/pope/evo/analysis/coco_POPE_random/831.pt
85,85,coco_POPE_random,coco_POPE_random,1,0,"Yes,",yes,1.71875,0.7649739583333334,11.9375,4.7892174315822,28,1,/mnt/data/ssz/mr/results/Qwen2.5-VL/pope/evo/analysis/coco_POPE_random/85.pt
2333,2333,coco_POPE_random,coco_POPE_random,1,0,"Yes,",yes,1.703125,0.7486979166666666,11.9375,4.708362069723081,28,1,/mnt/data/ssz/mr/results/Qwen2.5-VL/pope/evo/analysis/coco_POPE_random/2333.pt
1583,1583,coco_POPE_random,coco_POPE_random,1,0,"Yes,",yes,1.703125,0.7624421296296297,11.9375,4.653232052823904,28,1,/mnt/data/ssz/mr/results/Qwen2.5-VL/pope/evo/analysis/coco_POPE_random/1583.pt
832,832,coco_POPE_random,coco_POPE_random,1,0,"No,",no,1.71875,0.7515914351851852,11.9375,5.167249685632074,28,1,/mnt/data/ssz/mr/results/Qwen2.5-VL/pope/evo/analysis/coco_POPE_random/832.pt
86,86,coco_POPE_random,coco_POPE_random,1,0,"No,",no,1.703125,0.7646122685185185,11.9375,5.2362060886823425,28,1,/mnt/data/ssz/mr/results/Qwen2.5-VL/pope/evo/analysis/coco_POPE_random/86.pt
2334,2334,coco_POPE_random,coco_POPE_random,1,0,"No,",no,1.703125,0.7486979166666666,11.9375,5.208813003105552,28,1,/mnt/data/ssz/mr/results/Qwen2.5-VL/pope/evo/analysis/coco_POPE_random/2334.pt
1584,1584,coco_POPE_random,coco_POPE_random,1,0,"No,",no,1.703125,0.7634548611111112,11.9375,5.168369601743162,28,1,/mnt/data/ssz/mr/results/Qwen2.5-VL/pope/evo/analysis/coco_POPE_random/1584.pt
87,87,coco_POPE_random,coco_POPE_random,1,0,"Yes,",yes,1.71875,0.7649739583333334,11.9375,4.75773327916309,28,1,/mnt/data/ssz/mr/results/Qwen2.5-VL/pope/evo/analysis/coco_POPE_random/87.pt
833,833,coco_POPE_random,coco_POPE_random,1,0,"Yes,",yes,1.71875,0.7510127314814815,11.9375,4.704937197121537,28,1,/mnt/data/ssz/mr/results/Qwen2.5-VL/pope/evo/analysis/coco_POPE_random/833.pt
2335,2335,coco_POPE_random,coco_POPE_random,1,0,"Yes,",yes,1.75,0.7436342592592593,11.9375,4.848248577887716,28,1,/mnt/data/ssz/mr/results/Qwen2.5-VL/pope/evo/analysis/coco_POPE_random/2335.pt
88,88,coco_POPE_random,coco_POPE_random,1,0,"No,",no,1.71875,0.7647569444444444,11.9375,5.149640188066582,28,1,/mnt/data/ssz/mr/results/Qwen2.5-VL/pope/evo/analysis/coco_POPE_random/88.pt
1585,1585,coco_POPE_random,coco_POPE_random,0,1,"No,",yes,1.703125,0.7531828703703703,11.9375,5.20617466047218,28,1,/mnt/data/ssz/mr/results/Qwen2.5-VL/pope/evo/analysis/coco_POPE_random/1585.pt
834,834,coco_POPE_random,coco_POPE_random,1,0,"No,",no,1.7109375,0.7521701388888888,11.9375,5.301249543407752,28,1,/mnt/data/ssz/mr/results/Qwen2.5-VL/pope/evo/analysis/coco_POPE_random/834.pt
89,89,coco_POPE_random,coco_POPE_random,1,0,"Yes,",yes,1.71875,0.7647569444444444,11.9375,4.601687448278521,28,1,/mnt/data/ssz/mr/results/Qwen2.5-VL/pope/evo/analysis/coco_POPE_random/89.pt
2336,2336,coco_POPE_random,coco_POPE_random,1,0,"No,",no,1.75,0.7436342592592593,11.9375,5.2504670782140686,28,1,/mnt/data/ssz/mr/results/Qwen2.5-VL/pope/evo/analysis/coco_POPE_random/2336.pt
1586,1586,coco_POPE_random,coco_POPE_random,1,0,"No,",no,1.703125,0.7531828703703703,11.9375,5.3333425692649925,28,1,/mnt/data/ssz/mr/results/Qwen2.5-VL/pope/evo/analysis/coco_POPE_random/1586.pt
835,835,coco_POPE_random,coco_POPE_random,1,0,"Yes,",yes,1.765625,0.74609375,11.9375,5.013284358775034,28,1,/mnt/data/ssz/mr/results/Qwen2.5-VL/pope/evo/analysis/coco_POPE_random/835.pt
90,90,coco_POPE_random,coco_POPE_random,1,0,"No,",no,1.71875,0.7649739583333334,11.9375,5.208577604437748,28,1,/mnt/data/ssz/mr/results/Qwen2.5-VL/pope/evo/analysis/coco_POPE_random/90.pt
2337,2337,coco_POPE_random,coco_POPE_random,0,1,"No,",yes,1.75,0.7436342592592593,11.9375,5.231119684925943,28,1,/mnt/data/ssz/mr/results/Qwen2.5-VL/pope/evo/analysis/coco_POPE_random/2337.pt
1587,1587,coco_POPE_random,coco_POPE_random,1,0,"Yes,",yes,1.703125,0.7531828703703703,11.9375,4.806771661584516,28,1,/mnt/data/ssz/mr/results/Qwen2.5-VL/pope/evo/analysis/coco_POPE_random/1587.pt
836,836,coco_POPE_random,coco_POPE_random,1,0,"No,",no,1.765625,0.74609375,11.9375,5.37439706427028,28,1,/mnt/data/ssz/mr/results/Qwen2.5-VL/pope/evo/analysis/coco_POPE_random/836.pt
91,91,coco_POPE_random,coco_POPE_random,1,0,"Yes,",yes,1.6875,0.7430555555555556,11.9375,4.663948821381108,28,1,/mnt/data/ssz/mr/results/Qwen2.5-VL/pope/evo/analysis/coco_POPE_random/91.pt
2338,2338,coco_POPE_random,coco_POPE_random,1,0,"No,",no,1.75,0.7436342592592593,11.9375,5.322932247194581,28,1,/mnt/data/ssz/mr/results/Qwen2.5-VL/pope/evo/analysis/coco_POPE_random/2338.pt
1588,1588,coco_POPE_random,coco_POPE_random,1,0,"No,",no,1.703125,0.7531828703703703,11.9375,5.197757495703191,28,1,/mnt/data/ssz/mr/results/Qwen2.5-VL/pope/evo/analysis/coco_POPE_random/1588.pt
92,92,coco_POPE_random,coco_POPE_random,1,0,"No,",no,1.6875,0.7429108796296297,11.9375,5.241029062258695,28,1,/mnt/data/ssz/mr/results/Qwen2.5-VL/pope/evo/analysis/coco_POPE_random/92.pt
837,837,coco_POPE_random,coco_POPE_random,0,1,"No,",yes,1.765625,0.74609375,11.9375,5.393902851230764,28,1,/mnt/data/ssz/mr/results/Qwen2.5-VL/pope/evo/analysis/coco_POPE_random/837.pt
2339,2339,coco_POPE_random,coco_POPE_random,1,0,"Yes,",yes,1.75,0.7436342592592593,11.9375,4.780845567392864,28,1,/mnt/data/ssz/mr/results/Qwen2.5-VL/pope/evo/analysis/coco_POPE_random/2339.pt
1589,1589,coco_POPE_random,coco_POPE_random,0,1,"No,",yes,1.703125,0.7531828703703703,11.9375,5.195007240040313,28,1,/mnt/data/ssz/mr/results/Qwen2.5-VL/pope/evo/analysis/coco_POPE_random/1589.pt
93,93,coco_POPE_random,coco_POPE_random,1,0,"Yes,",yes,1.6875,0.7430555555555556,11.9375,4.9293161134076575,28,1,/mnt/data/ssz/mr/results/Qwen2.5-VL/pope/evo/analysis/coco_POPE_random/93.pt
2340,2340,coco_POPE_random,coco_POPE_random,1,0,"No,",no,1.75,0.7436342592592593,11.9375,5.241860923749206,28,1,/mnt/data/ssz/mr/results/Qwen2.5-VL/pope/evo/analysis/coco_POPE_random/2340.pt
838,838,coco_POPE_random,coco_POPE_random,1,0,"No,",no,1.765625,0.7462384259259259,11.9375,5.392405346309942,28,1,/mnt/data/ssz/mr/results/Qwen2.5-VL/pope/evo/analysis/coco_POPE_random/838.pt
1590,1590,coco_POPE_random,coco_POPE_random,1,0,"No,",no,1.703125,0.7531828703703703,11.9375,5.241962562435408,28,1,/mnt/data/ssz/mr/results/Qwen2.5-VL/pope/evo/analysis/coco_POPE_random/1590.pt
94,94,coco_POPE_random,coco_POPE_random,1,0,"No,",no,1.6875,0.7421875,11.9375,5.221821579509636,28,1,/mnt/data/ssz/mr/results/Qwen2.5-VL/pope/evo/analysis/coco_POPE_random/94.pt
2341,2341,coco_POPE_random,coco_POPE_random,0,1,"No,",yes,1.71875,0.7379195601851852,11.9375,5.117867938486229,28,1,/mnt/data/ssz/mr/results/Qwen2.5-VL/pope/evo/analysis/coco_POPE_random/2341.pt
839,839,coco_POPE_random,coco_POPE_random,0,1,"No,",yes,1.765625,0.74609375,11.9375,5.276598707444998,28,1,/mnt/data/ssz/mr/results/Qwen2.5-VL/pope/evo/analysis/coco_POPE_random/839.pt
1591,1591,coco_POPE_random,coco_POPE_random,0,1,"No,",yes,1.71875,0.7440682870370371,11.9375,5.309618087651539,28,1,/mnt/data/ssz/mr/results/Qwen2.5-VL/pope/evo/analysis/coco_POPE_random/1591.pt
95,95,coco_POPE_random,coco_POPE_random,1,0,"Yes,",yes,1.6875,0.7430555555555556,11.9375,4.706909584384667,28,1,/mnt/data/ssz/mr/results/Qwen2.5-VL/pope/evo/analysis/coco_POPE_random/95.pt
2342,2342,coco_POPE_random,coco_POPE_random,1,0,"No,",no,1.71875,0.7379195601851852,11.9375,5.139792631740373,28,1,/mnt/data/ssz/mr/results/Qwen2.5-VL/pope/evo/analysis/coco_POPE_random/2342.pt
1592,1592,coco_POPE_random,coco_POPE_random,1,0,"No,",no,1.71875,0.7440682870370371,11.9375,5.223611884797093,28,1,/mnt/data/ssz/mr/results/Qwen2.5-VL/pope/evo/analysis/coco_POPE_random/1592.pt
840,840,coco_POPE_random,coco_POPE_random,1,0,"No,",no,1.765625,0.7463831018518519,11.9375,5.305570938409175,28,1,/mnt/data/ssz/mr/results/Qwen2.5-VL/pope/evo/analysis/coco_POPE_random/840.pt
96,96,coco_POPE_random,coco_POPE_random,0,1,"Yes,",no,1.6875,0.7430555555555556,11.9375,4.6950428664146395,28,1,/mnt/data/ssz/mr/results/Qwen2.5-VL/pope/evo/analysis/coco_POPE_random/96.pt
2343,2343,coco_POPE_random,coco_POPE_random,0,1,"No,",yes,1.71875,0.7378472222222222,11.9375,5.175404896102105,28,1,/mnt/data/ssz/mr/results/Qwen2.5-VL/pope/evo/analysis/coco_POPE_random/2343.pt
1593,1593,coco_POPE_random,coco_POPE_random,0,1,"No,",yes,1.71875,0.7440682870370371,11.9375,5.238073439391508,28,1,/mnt/data/ssz/mr/results/Qwen2.5-VL/pope/evo/analysis/coco_POPE_random/1593.pt
841,841,coco_POPE_random,coco_POPE_random,1,0,"Yes,",yes,1.6796875,0.7317708333333334,11.9375,4.747878620581425,28,1,/mnt/data/ssz/mr/results/Qwen2.5-VL/pope/evo/analysis/coco_POPE_random/841.pt
97,97,coco_POPE_random,coco_POPE_random,1,0,"Yes,",yes,1.7265625,0.7362557870370371,11.9375,4.8569986273946135,28,1,/mnt/data/ssz/mr/results/Qwen2.5-VL/pope/evo/analysis/coco_POPE_random/97.pt
2344,2344,coco_POPE_random,coco_POPE_random,1,0,"No,",no,1.71875,0.7379195601851852,11.9375,5.162010054996778,28,1,/mnt/data/ssz/mr/results/Qwen2.5-VL/pope/evo/analysis/coco_POPE_random/2344.pt
1594,1594,coco_POPE_random,coco_POPE_random,1,0,"No,",no,1.71875,0.7440682870370371,11.9375,5.189585275820342,28,1,/mnt/data/ssz/mr/results/Qwen2.5-VL/pope/evo/analysis/coco_POPE_random/1594.pt
842,842,coco_POPE_random,coco_POPE_random,1,0,"No,",no,1.671875,0.7322048611111112,11.9375,5.250072691810133,28,1,/mnt/data/ssz/mr/results/Qwen2.5-VL/pope/evo/analysis/coco_POPE_random/842.pt
98,98,coco_POPE_random,coco_POPE_random,1,0,"No,",no,1.7265625,0.7362557870370371,11.9375,5.180270502086983,28,1,/mnt/data/ssz/mr/results/Qwen2.5-VL/pope/evo/analysis/coco_POPE_random/98.pt
2345,2345,coco_POPE_random,coco_POPE_random,1,0,"Yes,",yes,1.71875,0.7379918981481481,11.9375,4.657409240332874,28,1,/mnt/data/ssz/mr/results/Qwen2.5-VL/pope/evo/analysis/coco_POPE_random/2345.pt
1595,1595,coco_POPE_random,coco_POPE_random,1,0,"Yes,",yes,1.71875,0.7432725694444444,11.9375,4.91675835187149,28,1,/mnt/data/ssz/mr/results/Qwen2.5-VL/pope/evo/analysis/coco_POPE_random/1595.pt
843,843,coco_POPE_random,coco_POPE_random,0,1,"No,",yes,1.6796875,0.7317708333333334,11.9375,5.241464074072331,28,1,/mnt/data/ssz/mr/results/Qwen2.5-VL/pope/evo/analysis/coco_POPE_random/843.pt
2346,2346,coco_POPE_random,coco_POPE_random,1,0,"No,",no,1.71875,0.7379195601851852,11.9375,5.225212304209921,28,1,/mnt/data/ssz/mr/results/Qwen2.5-VL/pope/evo/analysis/coco_POPE_random/2346.pt
99,99,coco_POPE_random,coco_POPE_random,0,1,"No,",yes,1.7265625,0.7362557870370371,11.9375,5.227644970016816,28,1,/mnt/data/ssz/mr/results/Qwen2.5-VL/pope/evo/analysis/coco_POPE_random/99.pt
1596,1596,coco_POPE_random,coco_POPE_random,1,0,"No,",no,1.71875,0.7440682870370371,11.9375,5.212453480726631,28,1,/mnt/data/ssz/mr/results/Qwen2.5-VL/pope/evo/analysis/coco_POPE_random/1596.pt
844,844,coco_POPE_random,coco_POPE_random,1,0,"No,",no,1.671875,0.7322048611111112,11.9375,5.2004638234552845,28,1,/mnt/data/ssz/mr/results/Qwen2.5-VL/pope/evo/analysis/coco_POPE_random/844.pt
2347,2347,coco_POPE_random,coco_POPE_random,1,0,"Yes,",yes,1.71875,0.7361111111111112,11.9375,4.815056150806727,28,1,/mnt/data/ssz/mr/results/Qwen2.5-VL/pope/evo/analysis/coco_POPE_random/2347.pt
100,100,coco_POPE_random,coco_POPE_random,1,0,"No,",no,1.7265625,0.7358217592592593,11.9375,5.198325861657741,28,1,/mnt/data/ssz/mr/results/Qwen2.5-VL/pope/evo/analysis/coco_POPE_random/100.pt
1597,1597,coco_POPE_random,coco_POPE_random,1,0,"Yes,",yes,1.71875,0.7323495370370371,11.9375,4.714694801461191,28,1,/mnt/data/ssz/mr/results/Qwen2.5-VL/pope/evo/analysis/coco_POPE_random/1597.pt
845,845,coco_POPE_random,coco_POPE_random,1,0,"Yes,",yes,1.6796875,0.7317708333333334,11.9375,4.797700403833014,28,1,/mnt/data/ssz/mr/results/Qwen2.5-VL/pope/evo/analysis/coco_POPE_random/845.pt
2348,2348,coco_POPE_random,coco_POPE_random,1,0,"No,",no,1.71875,0.7358217592592593,11.9375,5.227590683238555,28,1,/mnt/data/ssz/mr/results/Qwen2.5-VL/pope/evo/analysis/coco_POPE_random/2348.pt
101,101,coco_POPE_random,coco_POPE_random,1,0,"Yes,",yes,1.7265625,0.7362557870370371,11.9375,4.766621057462607,28,1,/mnt/data/ssz/mr/results/Qwen2.5-VL/pope/evo/analysis/coco_POPE_random/101.pt
1598,1598,coco_POPE_random,coco_POPE_random,1,0,"No,",no,1.71875,0.7323495370370371,11.9375,5.257841084858855,28,1,/mnt/data/ssz/mr/results/Qwen2.5-VL/pope/evo/analysis/coco_POPE_random/1598.pt
846,846,coco_POPE_random,coco_POPE_random,1,0,"No,",no,1.671875,0.7322048611111112,11.9375,5.335508654155597,28,1,/mnt/data/ssz/mr/results/Qwen2.5-VL/pope/evo/analysis/coco_POPE_random/846.pt
2349,2349,coco_POPE_random,coco_POPE_random,1,0,"Yes,",yes,1.71875,0.7358940972222222,11.9375,4.8197766402817575,28,1,/mnt/data/ssz/mr/results/Qwen2.5-VL/pope/evo/analysis/coco_POPE_random/2349.pt
102,102,coco_POPE_random,coco_POPE_random,1,0,"No,",no,1.7265625,0.7358217592592593,11.9375,5.262139481071935,28,1,/mnt/data/ssz/mr/results/Qwen2.5-VL/pope/evo/analysis/coco_POPE_random/102.pt
847,847,coco_POPE_random,coco_POPE_random,0,1,"No,",yes,1.71875,0.7269965277777778,11.9375,5.232742700619665,28,1,/mnt/data/ssz/mr/results/Qwen2.5-VL/pope/evo/analysis/coco_POPE_random/847.pt
2350,2350,coco_POPE_random,coco_POPE_random,1,0,"No,",no,1.71875,0.7361111111111112,11.9375,5.152461814724277,28,1,/mnt/data/ssz/mr/results/Qwen2.5-VL/pope/evo/analysis/coco_POPE_random/2350.pt
1599,1599,coco_POPE_random,coco_POPE_random,1,0,"Yes,",yes,1.71875,0.7323495370370371,11.9375,4.875010785719002,28,1,/mnt/data/ssz/mr/results/Qwen2.5-VL/pope/evo/analysis/coco_POPE_random/1599.pt
103,103,coco_POPE_random,coco_POPE_random,1,0,"Yes,",yes,1.71875,0.7752459490740741,11.9375,4.779317633124423,28,1,/mnt/data/ssz/mr/results/Qwen2.5-VL/pope/evo/analysis/coco_POPE_random/103.pt
848,848,coco_POPE_random,coco_POPE_random,1,0,"No,",no,1.71875,0.7269965277777778,11.9375,5.288612273005081,28,1,/mnt/data/ssz/mr/results/Qwen2.5-VL/pope/evo/analysis/coco_POPE_random/848.pt
2351,2351,coco_POPE_random,coco_POPE_random,1,0,"Yes,",yes,1.71875,0.7356770833333334,11.9375,4.682504349878683,28,1,/mnt/data/ssz/mr/results/Qwen2.5-VL/pope/evo/analysis/coco_POPE_random/2351.pt
1600,1600,coco_POPE_random,coco_POPE_random,1,0,"No,",no,1.71875,0.7323495370370371,11.9375,5.142628036130073,28,1,/mnt/data/ssz/mr/results/Qwen2.5-VL/pope/evo/analysis/coco_POPE_random/1600.pt
104,104,coco_POPE_random,coco_POPE_random,1,0,"No,",no,1.71875,0.7748842592592593,11.9375,5.358566443653124,28,1,/mnt/data/ssz/mr/results/Qwen2.5-VL/pope/evo/analysis/coco_POPE_random/104.pt
2352,2352,coco_POPE_random,coco_POPE_random,1,0,"No,",no,1.71875,0.7356770833333334,11.9375,5.179522420445775,28,1,/mnt/data/ssz/mr/results/Qwen2.5-VL/pope/evo/analysis/coco_POPE_random/2352.pt
1601,1601,coco_POPE_random,coco_POPE_random,1,0,"Yes,",yes,1.71875,0.7323495370370371,11.9375,4.777665098893994,28,1,/mnt/data/ssz/mr/results/Qwen2.5-VL/pope/evo/analysis/coco_POPE_random/1601.pt
105,105,coco_POPE_random,coco_POPE_random,1,0,"Yes,",yes,1.71875,0.7748842592592593,11.9375,4.96452359588224,28,1,/mnt/data/ssz/mr/results/Qwen2.5-VL/pope/evo/analysis/coco_POPE_random/105.pt
849,849,coco_POPE_random,coco_POPE_random,1,0,"Yes,",yes,1.71875,0.7269965277777778,11.9375,4.8950388642509335,28,1,/mnt/data/ssz/mr/results/Qwen2.5-VL/pope/evo/analysis/coco_POPE_random/849.pt
2353,2353,coco_POPE_random,coco_POPE_random,1,0,"Yes,",yes,1.71875,0.7486979166666666,11.9375,4.903752009013115,28,1,/mnt/data/ssz/mr/results/Qwen2.5-VL/pope/evo/analysis/coco_POPE_random/2353.pt
1602,1602,coco_POPE_random,coco_POPE_random,1,0,"No,",no,1.71875,0.7323495370370371,11.9375,5.209937529719324,28,1,/mnt/data/ssz/mr/results/Qwen2.5-VL/pope/evo/analysis/coco_POPE_random/1602.pt
106,106,coco_POPE_random,coco_POPE_random,1,0,"No,",no,1.71875,0.7748842592592593,11.9375,5.300194067458255,28,1,/mnt/data/ssz/mr/results/Qwen2.5-VL/pope/evo/analysis/coco_POPE_random/106.pt
850,850,coco_POPE_random,coco_POPE_random,1,0,"No,",no,1.71875,0.7271412037037037,11.9375,5.176194403686952,28,1,/mnt/data/ssz/mr/results/Qwen2.5-VL/pope/evo/analysis/coco_POPE_random/850.pt
2354,2354,coco_POPE_random,coco_POPE_random,1,0,"No,",no,1.71875,0.7486979166666666,11.9375,5.309806129335027,28,1,/mnt/data/ssz/mr/results/Qwen2.5-VL/pope/evo/analysis/coco_POPE_random/2354.pt
107,107,coco_POPE_random,coco_POPE_random,1,0,"Yes,",yes,1.71875,0.7748842592592593,11.9375,4.7463297787479215,28,1,/mnt/data/ssz/mr/results/Qwen2.5-VL/pope/evo/analysis/coco_POPE_random/107.pt
1603,1603,coco_POPE_random,coco_POPE_random,1,0,"Yes,",yes,1.734375,0.7485532407407407,11.9375,4.792468114860859,28,1,/mnt/data/ssz/mr/results/Qwen2.5-VL/pope/evo/analysis/coco_POPE_random/1603.pt
851,851,coco_POPE_random,coco_POPE_random,1,0,"Yes,",yes,1.71875,0.7269965277777778,11.9375,4.6507252579530345,28,1,/mnt/data/ssz/mr/results/Qwen2.5-VL/pope/evo/analysis/coco_POPE_random/851.pt
2355,2355,coco_POPE_random,coco_POPE_random,0,1,It is,yes,1.71875,0.7486979166666666,11.9375,5.829213842492679,28,1,/mnt/data/ssz/mr/results/Qwen2.5-VL/pope/evo/analysis/coco_POPE_random/2355.pt
108,108,coco_POPE_random,coco_POPE_random,1,0,"No,",no,1.71875,0.7748842592592593,11.9375,5.264408337331188,28,1,/mnt/data/ssz/mr/results/Qwen2.5-VL/pope/evo/analysis/coco_POPE_random/108.pt
852,852,coco_POPE_random,coco_POPE_random,1,0,"No,",no,1.71875,0.7269965277777778,11.9375,5.237511629373206,28,1,/mnt/data/ssz/mr/results/Qwen2.5-VL/pope/evo/analysis/coco_POPE_random/852.pt
2356,2356,coco_POPE_random,coco_POPE_random,1,0,"No,",no,1.71875,0.7486979166666666,11.9375,5.290823703858694,28,1,/mnt/data/ssz/mr/results/Qwen2.5-VL/pope/evo/analysis/coco_POPE_random/2356.pt
1604,1604,coco_POPE_random,coco_POPE_random,1,0,"No,",no,1.734375,0.7486979166666666,11.9375,5.19960914736971,28,1,/mnt/data/ssz/mr/results/Qwen2.5-VL/pope/evo/analysis/coco_POPE_random/1604.pt
109,109,coco_POPE_random,coco_POPE_random,1,0,"Yes,",yes,1.703125,0.7436342592592593,11.9375,4.846614124502288,28,1,/mnt/data/ssz/mr/results/Qwen2.5-VL/pope/evo/analysis/coco_POPE_random/109.pt
853,853,coco_POPE_random,coco_POPE_random,1,0,"Yes,",yes,1.7578125,0.7439236111111112,11.9375,4.848611547543537,28,1,/mnt/data/ssz/mr/results/Qwen2.5-VL/pope/evo/analysis/coco_POPE_random/853.pt
2357,2357,coco_POPE_random,coco_POPE_random,1,0,"Yes,",yes,1.71875,0.7486979166666666,11.9375,4.905884739332736,28,1,/mnt/data/ssz/mr/results/Qwen2.5-VL/pope/evo/analysis/coco_POPE_random/2357.pt
1605,1605,coco_POPE_random,coco_POPE_random,1,0,"Yes,",yes,1.734375,0.7485532407407407,11.9375,4.945738384068621,28,1,/mnt/data/ssz/mr/results/Qwen2.5-VL/pope/evo/analysis/coco_POPE_random/1605.pt
110,110,coco_POPE_random,coco_POPE_random,1,0,"No,",no,1.703125,0.7436342592592593,11.9375,5.223183096323988,28,1,/mnt/data/ssz/mr/results/Qwen2.5-VL/pope/evo/analysis/coco_POPE_random/110.pt
854,854,coco_POPE_random,coco_POPE_random,1,0,"No,",no,1.7578125,0.7439236111111112,11.9375,5.24233911054812,28,1,/mnt/data/ssz/mr/results/Qwen2.5-VL/pope/evo/analysis/coco_POPE_random/854.pt
2358,2358,coco_POPE_random,coco_POPE_random,1,0,"No,",no,1.71875,0.7486979166666666,11.9375,5.25633527804003,28,1,/mnt/data/ssz/mr/results/Qwen2.5-VL/pope/evo/analysis/coco_POPE_random/2358.pt
1606,1606,coco_POPE_random,coco_POPE_random,0,1,"Yes,",no,1.734375,0.7484809027777778,11.9375,4.758435774434694,28,1,/mnt/data/ssz/mr/results/Qwen2.5-VL/pope/evo/analysis/coco_POPE_random/1606.pt
111,111,coco_POPE_random,coco_POPE_random,1,0,"Yes,",yes,1.703125,0.7436342592592593,11.9375,4.902968237565942,28,1,/mnt/data/ssz/mr/results/Qwen2.5-VL/pope/evo/analysis/coco_POPE_random/111.pt
2359,2359,coco_POPE_random,coco_POPE_random,1,0,"Yes,",yes,1.71875,0.7560763888888888,11.9375,4.827686100511748,28,1,/mnt/data/ssz/mr/results/Qwen2.5-VL/pope/evo/analysis/coco_POPE_random/2359.pt
855,855,coco_POPE_random,coco_POPE_random,1,0,"Yes,",yes,1.7578125,0.7439236111111112,11.9375,4.744830553279891,28,1,/mnt/data/ssz/mr/results/Qwen2.5-VL/pope/evo/analysis/coco_POPE_random/855.pt
112,112,coco_POPE_random,coco_POPE_random,1,0,"No,",no,1.703125,0.7437789351851852,11.9375,5.351411911332528,28,1,/mnt/data/ssz/mr/results/Qwen2.5-VL/pope/evo/analysis/coco_POPE_random/112.pt
1607,1607,coco_POPE_random,coco_POPE_random,1,0,"Yes,",yes,1.734375,0.7485532407407407,11.9375,4.79111235137619,28,1,/mnt/data/ssz/mr/results/Qwen2.5-VL/pope/evo/analysis/coco_POPE_random/1607.pt
2360,2360,coco_POPE_random,coco_POPE_random,1,0,"No,",no,1.71875,0.7565104166666666,11.9375,5.289016890603809,28,1,/mnt/data/ssz/mr/results/Qwen2.5-VL/pope/evo/analysis/coco_POPE_random/2360.pt
856,856,coco_POPE_random,coco_POPE_random,1,0,"No,",no,1.7578125,0.7439236111111112,11.9375,5.237974677636948,28,1,/mnt/data/ssz/mr/results/Qwen2.5-VL/pope/evo/analysis/coco_POPE_random/856.pt
2361,2361,coco_POPE_random,coco_POPE_random,1,0,"Yes,",yes,1.71875,0.7560763888888888,11.9375,4.8844516969441845,28,1,/mnt/data/ssz/mr/results/Qwen2.5-VL/pope/evo/analysis/coco_POPE_random/2361.pt
113,113,coco_POPE_random,coco_POPE_random,1,0,"Yes,",yes,1.703125,0.7437789351851852,11.9375,4.866839162049965,28,1,/mnt/data/ssz/mr/results/Qwen2.5-VL/pope/evo/analysis/coco_POPE_random/113.pt
1608,1608,coco_POPE_random,coco_POPE_random,1,0,"No,",no,1.734375,0.7484809027777778,11.9375,5.207761106077293,28,1,/mnt/data/ssz/mr/results/Qwen2.5-VL/pope/evo/analysis/coco_POPE_random/1608.pt
857,857,coco_POPE_random,coco_POPE_random,1,0,"Yes,",yes,1.7578125,0.7439236111111112,11.9375,4.797956405715348,28,1,/mnt/data/ssz/mr/results/Qwen2.5-VL/pope/evo/analysis/coco_POPE_random/857.pt
2362,2362,coco_POPE_random,coco_POPE_random,1,0,"No,",no,1.71875,0.7560040509259259,11.9375,5.244193291770867,28,1,/mnt/data/ssz/mr/results/Qwen2.5-VL/pope/evo/analysis/coco_POPE_random/2362.pt
114,114,coco_POPE_random,coco_POPE_random,1,0,"No,",no,1.703125,0.7436342592592593,11.9375,5.268073616560663,28,1,/mnt/data/ssz/mr/results/Qwen2.5-VL/pope/evo/analysis/coco_POPE_random/114.pt
1609,1609,coco_POPE_random,coco_POPE_random,1,0,"Yes,",yes,1.71875,0.7709056712962963,11.9375,4.883610051670735,28,1,/mnt/data/ssz/mr/results/Qwen2.5-VL/pope/evo/analysis/coco_POPE_random/1609.pt
858,858,coco_POPE_random,coco_POPE_random,1,0,"No,",no,1.7578125,0.7439236111111112,11.9375,5.213808506749674,28,1,/mnt/data/ssz/mr/results/Qwen2.5-VL/pope/evo/analysis/coco_POPE_random/858.pt
2363,2363,coco_POPE_random,coco_POPE_random,1,0,"Yes,",yes,1.71875,0.7563657407407407,11.9375,4.855024716670329,28,1,/mnt/data/ssz/mr/results/Qwen2.5-VL/pope/evo/analysis/coco_POPE_random/2363.pt
115,115,coco_POPE_random,coco_POPE_random,1,0,"Yes,",yes,1.7109375,0.7329282407407407,11.9375,4.878679731659415,28,1,/mnt/data/ssz/mr/results/Qwen2.5-VL/pope/evo/analysis/coco_POPE_random/115.pt
1610,1610,coco_POPE_random,coco_POPE_random,1,0,"No,",no,1.71875,0.7711226851851852,11.9375,5.2251669623204595,28,1,/mnt/data/ssz/mr/results/Qwen2.5-VL/pope/evo/analysis/coco_POPE_random/1610.pt
859,859,coco_POPE_random,coco_POPE_random,1,0,"Yes,",yes,1.65625,0.7602719907407407,11.9375,4.728624165107453,28,1,/mnt/data/ssz/mr/results/Qwen2.5-VL/pope/evo/analysis/coco_POPE_random/859.pt
2364,2364,coco_POPE_random,coco_POPE_random,1,0,"No,",no,1.71875,0.7565104166666666,11.9375,5.311091369668278,28,1,/mnt/data/ssz/mr/results/Qwen2.5-VL/pope/evo/analysis/coco_POPE_random/2364.pt
116,116,coco_POPE_random,coco_POPE_random,1,0,"No,",no,1.7109375,0.7329282407407407,11.9375,5.238648091108314,28,1,/mnt/data/ssz/mr/results/Qwen2.5-VL/pope/evo/analysis/coco_POPE_random/116.pt
1611,1611,coco_POPE_random,coco_POPE_random,1,0,"Yes,",yes,1.71875,0.7709056712962963,11.9375,4.678480822416395,28,1,/mnt/data/ssz/mr/results/Qwen2.5-VL/pope/evo/analysis/coco_POPE_random/1611.pt
860,860,coco_POPE_random,coco_POPE_random,1,0,"No,",no,1.65625,0.7601996527777778,11.9375,5.267089591149262,28,1,/mnt/data/ssz/mr/results/Qwen2.5-VL/pope/evo/analysis/coco_POPE_random/860.pt
2365,2365,coco_POPE_random,coco_POPE_random,1,0,"Yes,",yes,1.71875,0.7458043981481481,11.9375,4.791836647151538,28,1,/mnt/data/ssz/mr/results/Qwen2.5-VL/pope/evo/analysis/coco_POPE_random/2365.pt
117,117,coco_POPE_random,coco_POPE_random,1,0,"Yes,",yes,1.7109375,0.7330729166666666,11.9375,4.775454920160852,28,1,/mnt/data/ssz/mr/results/Qwen2.5-VL/pope/evo/analysis/coco_POPE_random/117.pt
1612,1612,coco_POPE_random,coco_POPE_random,1,0,"No,",no,1.71875,0.7709056712962963,11.9375,5.211530841394491,28,1,/mnt/data/ssz/mr/results/Qwen2.5-VL/pope/evo/analysis/coco_POPE_random/1612.pt
861,861,coco_POPE_random,coco_POPE_random,1,0,"Yes,",yes,1.65625,0.7601996527777778,11.9375,4.844719681710495,28,1,/mnt/data/ssz/mr/results/Qwen2.5-VL/pope/evo/analysis/coco_POPE_random/861.pt
118,118,coco_POPE_random,coco_POPE_random,1,0,"No,",no,1.7109375,0.7329282407407407,11.9375,5.2077976480282695,28,1,/mnt/data/ssz/mr/results/Qwen2.5-VL/pope/evo/analysis/coco_POPE_random/118.pt
2366,2366,coco_POPE_random,coco_POPE_random,1,0,"No,",no,1.71875,0.7458043981481481,11.9375,5.291520332614176,28,1,/mnt/data/ssz/mr/results/Qwen2.5-VL/pope/evo/analysis/coco_POPE_random/2366.pt
1613,1613,coco_POPE_random,coco_POPE_random,1,0,"Yes,",yes,1.71875,0.7706886574074074,11.9375,4.7490396720381405,28,1,/mnt/data/ssz/mr/results/Qwen2.5-VL/pope/evo/analysis/coco_POPE_random/1613.pt
119,119,coco_POPE_random,coco_POPE_random,1,0,"Yes,",yes,1.7109375,0.7329282407407407,11.9375,4.830745079922807,28,1,/mnt/data/ssz/mr/results/Qwen2.5-VL/pope/evo/analysis/coco_POPE_random/119.pt
862,862,coco_POPE_random,coco_POPE_random,1,0,"No,",no,1.65625,0.7601996527777778,11.9375,5.221561397747101,28,1,/mnt/data/ssz/mr/results/Qwen2.5-VL/pope/evo/analysis/coco_POPE_random/862.pt
2367,2367,coco_POPE_random,coco_POPE_random,0,1,"No,",yes,1.71875,0.7453703703703703,11.9375,5.302226502647539,28,1,/mnt/data/ssz/mr/results/Qwen2.5-VL/pope/evo/analysis/coco_POPE_random/2367.pt
1614,1614,coco_POPE_random,coco_POPE_random,1,0,"No,",no,1.71875,0.7709056712962963,11.9375,5.218333077321436,28,1,/mnt/data/ssz/mr/results/Qwen2.5-VL/pope/evo/analysis/coco_POPE_random/1614.pt
120,120,coco_POPE_random,coco_POPE_random,1,0,"No,",no,1.7109375,0.7329282407407407,11.9375,5.237585232257924,28,1,/mnt/data/ssz/mr/results/Qwen2.5-VL/pope/evo/analysis/coco_POPE_random/120.pt
863,863,coco_POPE_random,coco_POPE_random,0,1,"No,",yes,1.65625,0.7602719907407407,11.9375,5.188430161623446,28,1,/mnt/data/ssz/mr/results/Qwen2.5-VL/pope/evo/analysis/coco_POPE_random/863.pt
2368,2368,coco_POPE_random,coco_POPE_random,1,0,"No,",no,1.71875,0.7458043981481481,11.9375,5.252177287580081,28,1,/mnt/data/ssz/mr/results/Qwen2.5-VL/pope/evo/analysis/coco_POPE_random/2368.pt
1615,1615,coco_POPE_random,coco_POPE_random,0,1,"No,",yes,1.703125,0.7412471064814815,11.9375,5.116525430004725,28,1,/mnt/data/ssz/mr/results/Qwen2.5-VL/pope/evo/analysis/coco_POPE_random/1615.pt
121,121,coco_POPE_random,coco_POPE_random,0,1,"No,",yes,1.703125,0.7443576388888888,11.9375,5.128861921881629,28,1,/mnt/data/ssz/mr/results/Qwen2.5-VL/pope/evo/analysis/coco_POPE_random/121.pt
864,864,coco_POPE_random,coco_POPE_random,1,0,"No,",no,1.65625,0.7602719907407407,11.9375,5.142011578651678,28,1,/mnt/data/ssz/mr/results/Qwen2.5-VL/pope/evo/analysis/coco_POPE_random/864.pt
2369,2369,coco_POPE_random,coco_POPE_random,1,0,"Yes,",yes,1.71875,0.7458043981481481,11.9375,4.81531368686749,28,1,/mnt/data/ssz/mr/results/Qwen2.5-VL/pope/evo/analysis/coco_POPE_random/2369.pt
1616,1616,coco_POPE_random,coco_POPE_random,1,0,"No,",no,1.703125,0.7410300925925926,11.9375,5.206821844649375,28,1,/mnt/data/ssz/mr/results/Qwen2.5-VL/pope/evo/analysis/coco_POPE_random/1616.pt
122,122,coco_POPE_random,coco_POPE_random,1,0,"No,",no,1.703125,0.7445023148148148,11.9375,5.277489592102506,28,1,/mnt/data/ssz/mr/results/Qwen2.5-VL/pope/evo/analysis/coco_POPE_random/122.pt
865,865,coco_POPE_random,coco_POPE_random,1,0,"Yes,",yes,1.71875,0.7194733796296297,11.9375,5.001313193037247,28,1,/mnt/data/ssz/mr/results/Qwen2.5-VL/pope/evo/analysis/coco_POPE_random/865.pt
2370,2370,coco_POPE_random,coco_POPE_random,1,0,"No,",no,1.71875,0.7458043981481481,11.9375,5.282407190600774,28,1,/mnt/data/ssz/mr/results/Qwen2.5-VL/pope/evo/analysis/coco_POPE_random/2370.pt
1617,1617,coco_POPE_random,coco_POPE_random,1,0,"Yes,",yes,1.703125,0.7410300925925926,11.9375,4.761313054337359,28,1,/mnt/data/ssz/mr/results/Qwen2.5-VL/pope/evo/analysis/coco_POPE_random/1617.pt
123,123,coco_POPE_random,coco_POPE_random,0,1,"No,",yes,1.703125,0.7443576388888888,11.9375,5.1950941449001125,28,1,/mnt/data/ssz/mr/results/Qwen2.5-VL/pope/evo/analysis/coco_POPE_random/123.pt
866,866,coco_POPE_random,coco_POPE_random,1,0,"No,",no,1.71875,0.7195457175925926,11.9375,5.393557400628827,28,1,/mnt/data/ssz/mr/results/Qwen2.5-VL/pope/evo/analysis/coco_POPE_random/866.pt
2371,2371,coco_POPE_random,coco_POPE_random,1,0,"Yes,",yes,1.703125,0.7581741898148148,11.9375,4.74205922670141,28,1,/mnt/data/ssz/mr/results/Qwen2.5-VL/pope/evo/analysis/coco_POPE_random/2371.pt
1618,1618,coco_POPE_random,coco_POPE_random,1,0,"No,",no,1.703125,0.7410300925925926,11.9375,5.153077521580443,28,1,/mnt/data/ssz/mr/results/Qwen2.5-VL/pope/evo/analysis/coco_POPE_random/1618.pt
124,124,coco_POPE_random,coco_POPE_random,1,0,"No,",no,1.703125,0.7443576388888888,11.9375,5.279671669603102,28,1,/mnt/data/ssz/mr/results/Qwen2.5-VL/pope/evo/analysis/coco_POPE_random/124.pt
867,867,coco_POPE_random,coco_POPE_random,1,0,"Yes,",yes,1.71875,0.7194733796296297,11.9375,4.87298981794006,28,1,/mnt/data/ssz/mr/results/Qwen2.5-VL/pope/evo/analysis/coco_POPE_random/867.pt
2372,2372,coco_POPE_random,coco_POPE_random,1,0,"No,",no,1.703125,0.7586805555555556,11.9375,5.241163227694227,28,1,/mnt/data/ssz/mr/results/Qwen2.5-VL/pope/evo/analysis/coco_POPE_random/2372.pt
1619,1619,coco_POPE_random,coco_POPE_random,1,0,"Yes,",yes,1.703125,0.7412471064814815,11.9375,4.726771372018716,28,1,/mnt/data/ssz/mr/results/Qwen2.5-VL/pope/evo/analysis/coco_POPE_random/1619.pt
125,125,coco_POPE_random,coco_POPE_random,1,0,"Yes,",yes,1.703125,0.7443576388888888,11.9375,4.776271615412233,28,1,/mnt/data/ssz/mr/results/Qwen2.5-VL/pope/evo/analysis/coco_POPE_random/125.pt
868,868,coco_POPE_random,coco_POPE_random,1,0,"No,",no,1.71875,0.7194733796296297,11.9375,5.373458207898536,28,1,/mnt/data/ssz/mr/results/Qwen2.5-VL/pope/evo/analysis/coco_POPE_random/868.pt
2373,2373,coco_POPE_random,coco_POPE_random,1,0,"Yes,",yes,1.703125,0.7581741898148148,11.9375,4.835915887544053,28,1,/mnt/data/ssz/mr/results/Qwen2.5-VL/pope/evo/analysis/coco_POPE_random/2373.pt
1620,1620,coco_POPE_random,coco_POPE_random,1,0,"No,",no,1.703125,0.7410300925925926,11.9375,5.177633732584268,28,1,/mnt/data/ssz/mr/results/Qwen2.5-VL/pope/evo/analysis/coco_POPE_random/1620.pt
126,126,coco_POPE_random,coco_POPE_random,1,0,"No,",no,1.703125,0.7443576388888888,11.9375,5.307514252135222,28,1,/mnt/data/ssz/mr/results/Qwen2.5-VL/pope/evo/analysis/coco_POPE_random/126.pt
2374,2374,coco_POPE_random,coco_POPE_random,1,0,"No,",no,1.703125,0.7583912037037037,11.9375,5.131412508648596,28,1,/mnt/data/ssz/mr/results/Qwen2.5-VL/pope/evo/analysis/coco_POPE_random/2374.pt
869,869,coco_POPE_random,coco_POPE_random,1,0,"Yes,",yes,1.71875,0.7194733796296297,11.9375,4.76482823383112,28,1,/mnt/data/ssz/mr/results/Qwen2.5-VL/pope/evo/analysis/coco_POPE_random/869.pt
1621,1621,coco_POPE_random,coco_POPE_random,1,0,"Yes,",yes,1.71875,0.7575231481481481,11.9375,4.889461085106271,28,1,/mnt/data/ssz/mr/results/Qwen2.5-VL/pope/evo/analysis/coco_POPE_random/1621.pt
2375,2375,coco_POPE_random,coco_POPE_random,0,1,"No,",yes,1.703125,0.7581741898148148,11.9375,5.211742944987331,28,1,/mnt/data/ssz/mr/results/Qwen2.5-VL/pope/evo/analysis/coco_POPE_random/2375.pt
870,870,coco_POPE_random,coco_POPE_random,1,0,"No,",no,1.71875,0.7195457175925926,11.9375,5.348584900917887,28,1,/mnt/data/ssz/mr/results/Qwen2.5-VL/pope/evo/analysis/coco_POPE_random/870.pt
127,127,coco_POPE_random,coco_POPE_random,1,0,"Yes,",yes,1.6875,0.7520254629629629,11.9375,4.838481767099069,28,1,/mnt/data/ssz/mr/results/Qwen2.5-VL/pope/evo/analysis/coco_POPE_random/127.pt
1622,1622,coco_POPE_random,coco_POPE_random,1,0,"No,",no,1.71875,0.7578848379629629,11.9375,5.362811480866593,28,1,/mnt/data/ssz/mr/results/Qwen2.5-VL/pope/evo/analysis/coco_POPE_random/1622.pt
2376,2376,coco_POPE_random,coco_POPE_random,1,0,"No,",no,1.703125,0.7581018518518519,11.9375,5.196945515889795,28,1,/mnt/data/ssz/mr/results/Qwen2.5-VL/pope/evo/analysis/coco_POPE_random/2376.pt
871,871,coco_POPE_random,coco_POPE_random,1,0,"Yes,",yes,1.703125,0.7526765046296297,11.9375,4.792055482440291,28,1,/mnt/data/ssz/mr/results/Qwen2.5-VL/pope/evo/analysis/coco_POPE_random/871.pt
1623,1623,coco_POPE_random,coco_POPE_random,1,0,"Yes,",yes,1.71875,0.7575231481481481,11.9375,5.051235449215464,28,1,/mnt/data/ssz/mr/results/Qwen2.5-VL/pope/evo/analysis/coco_POPE_random/1623.pt
128,128,coco_POPE_random,coco_POPE_random,1,0,"No,",no,1.6875,0.7520254629629629,11.9375,5.30651155676781,28,1,/mnt/data/ssz/mr/results/Qwen2.5-VL/pope/evo/analysis/coco_POPE_random/128.pt
2377,2377,coco_POPE_random,coco_POPE_random,0,1,"No,",yes,1.734375,0.7405960648148148,11.9375,5.19174334086611,28,1,/mnt/data/ssz/mr/results/Qwen2.5-VL/pope/evo/analysis/coco_POPE_random/2377.pt
872,872,coco_POPE_random,coco_POPE_random,1,0,"No,",no,1.703125,0.7526765046296297,11.9375,5.249985935724971,28,1,/mnt/data/ssz/mr/results/Qwen2.5-VL/pope/evo/analysis/coco_POPE_random/872.pt
1624,1624,coco_POPE_random,coco_POPE_random,1,0,"No,",no,1.71875,0.7575231481481481,11.9375,5.388378035245015,28,1,/mnt/data/ssz/mr/results/Qwen2.5-VL/pope/evo/analysis/coco_POPE_random/1624.pt
129,129,coco_POPE_random,coco_POPE_random,1,0,"Yes,",yes,1.6875,0.7520254629629629,11.9375,4.882722487024872,28,1,/mnt/data/ssz/mr/results/Qwen2.5-VL/pope/evo/analysis/coco_POPE_random/129.pt
873,873,coco_POPE_random,coco_POPE_random,0,1,"No,",yes,1.703125,0.7526765046296297,11.9375,5.138442447605108,28,1,/mnt/data/ssz/mr/results/Qwen2.5-VL/pope/evo/analysis/coco_POPE_random/873.pt
2378,2378,coco_POPE_random,coco_POPE_random,1,0,"No,",no,1.734375,0.7413194444444444,11.9375,5.263230456835902,28,1,/mnt/data/ssz/mr/results/Qwen2.5-VL/pope/evo/analysis/coco_POPE_random/2378.pt
1625,1625,coco_POPE_random,coco_POPE_random,1,0,"Yes,",yes,1.71875,0.7578848379629629,11.9375,4.852398441135251,28,1,/mnt/data/ssz/mr/results/Qwen2.5-VL/pope/evo/analysis/coco_POPE_random/1625.pt
130,130,coco_POPE_random,coco_POPE_random,1,0,"No,",no,1.6875,0.7520254629629629,11.9375,5.245520609607601,28,1,/mnt/data/ssz/mr/results/Qwen2.5-VL/pope/evo/analysis/coco_POPE_random/130.pt
874,874,coco_POPE_random,coco_POPE_random,1,0,"No,",no,1.703125,0.7530381944444444,11.9375,5.165415581526006,28,1,/mnt/data/ssz/mr/results/Qwen2.5-VL/pope/evo/analysis/coco_POPE_random/874.pt
2379,2379,coco_POPE_random,coco_POPE_random,1,0,"Yes,",yes,1.734375,0.7405960648148148,11.9375,4.95674373306633,28,1,/mnt/data/ssz/mr/results/Qwen2.5-VL/pope/evo/analysis/coco_POPE_random/2379.pt
1626,1626,coco_POPE_random,coco_POPE_random,1,0,"No,",no,1.71875,0.7588252314814815,11.9375,5.368018924650054,28,1,/mnt/data/ssz/mr/results/Qwen2.5-VL/pope/evo/analysis/coco_POPE_random/1626.pt
875,875,coco_POPE_random,coco_POPE_random,1,0,"Yes,",yes,1.703125,0.7530381944444444,11.9375,4.633398215378813,28,1,/mnt/data/ssz/mr/results/Qwen2.5-VL/pope/evo/analysis/coco_POPE_random/875.pt
2380,2380,coco_POPE_random,coco_POPE_random,1,0,"No,",no,1.734375,0.7405960648148148,11.9375,5.199089618453181,28,1,/mnt/data/ssz/mr/results/Qwen2.5-VL/pope/evo/analysis/coco_POPE_random/2380.pt
131,131,coco_POPE_random,coco_POPE_random,1,0,"Yes,",yes,1.6875,0.7520254629629629,11.9375,4.7941409033779285,28,1,/mnt/data/ssz/mr/results/Qwen2.5-VL/pope/evo/analysis/coco_POPE_random/131.pt
1627,1627,coco_POPE_random,coco_POPE_random,0,1,"No,",yes,1.75,0.7151331018518519,11.9375,5.223297321805148,28,1,/mnt/data/ssz/mr/results/Qwen2.5-VL/pope/evo/analysis/coco_POPE_random/1627.pt
876,876,coco_POPE_random,coco_POPE_random,1,0,"No,",no,1.703125,0.7530381944444444,11.9375,5.162328659913391,28,1,/mnt/data/ssz/mr/results/Qwen2.5-VL/pope/evo/analysis/coco_POPE_random/876.pt
2381,2381,coco_POPE_random,coco_POPE_random,0,1,"No,",yes,1.734375,0.7405960648148148,11.9375,5.166237721444964,28,1,/mnt/data/ssz/mr/results/Qwen2.5-VL/pope/evo/analysis/coco_POPE_random/2381.pt
132,132,coco_POPE_random,coco_POPE_random,1,0,"No,",no,1.6875,0.7520254629629629,11.9375,5.3221376045873106,28,1,/mnt/data/ssz/mr/results/Qwen2.5-VL/pope/evo/analysis/coco_POPE_random/132.pt
1628,1628,coco_POPE_random,coco_POPE_random,1,0,"No,",no,1.75,0.7151331018518519,11.9375,5.268951305184726,28,1,/mnt/data/ssz/mr/results/Qwen2.5-VL/pope/evo/analysis/coco_POPE_random/1628.pt
877,877,coco_POPE_random,coco_POPE_random,1,0,"Yes,",yes,1.6953125,0.7676504629629629,11.9375,4.6896109428479615,28,1,/mnt/data/ssz/mr/results/Qwen2.5-VL/pope/evo/analysis/coco_POPE_random/877.pt
2382,2382,coco_POPE_random,coco_POPE_random,1,0,"No,",no,1.734375,0.7413194444444444,11.9375,5.222256123684937,28,1,/mnt/data/ssz/mr/results/Qwen2.5-VL/pope/evo/analysis/coco_POPE_random/2382.pt
133,133,coco_POPE_random,coco_POPE_random,0,1,"No,",yes,1.703125,0.7676504629629629,11.9375,5.197695637212629,28,1,/mnt/data/ssz/mr/results/Qwen2.5-VL/pope/evo/analysis/coco_POPE_random/133.pt
1629,1629,coco_POPE_random,coco_POPE_random,0,1,"No,",yes,1.75,0.7151331018518519,11.9375,5.248004952456172,28,1,/mnt/data/ssz/mr/results/Qwen2.5-VL/pope/evo/analysis/coco_POPE_random/1629.pt
878,878,coco_POPE_random,coco_POPE_random,1,0,"No,",no,1.6953125,0.7676504629629629,11.9375,5.220245579250582,28,1,/mnt/data/ssz/mr/results/Qwen2.5-VL/pope/evo/analysis/coco_POPE_random/878.pt
2383,2383,coco_POPE_random,coco_POPE_random,1,0,"Yes,",yes,1.7265625,0.7651909722222222,11.9375,4.955929754247811,28,2,/mnt/data/ssz/mr/results/Qwen2.5-VL/pope/evo/analysis/coco_POPE_random/2383.pt
134,134,coco_POPE_random,coco_POPE_random,1,0,"No,",no,1.703125,0.7676504629629629,11.9375,5.241834350349659,28,1,/mnt/data/ssz/mr/results/Qwen2.5-VL/pope/evo/analysis/coco_POPE_random/134.pt
1630,1630,coco_POPE_random,coco_POPE_random,1,0,"No,",no,1.75,0.7151331018518519,11.9375,5.301865269054141,28,1,/mnt/data/ssz/mr/results/Qwen2.5-VL/pope/evo/analysis/coco_POPE_random/1630.pt
879,879,coco_POPE_random,coco_POPE_random,1,0,"Yes,",yes,1.6953125,0.7676504629629629,11.9375,4.984558090796922,28,1,/mnt/data/ssz/mr/results/Qwen2.5-VL/pope/evo/analysis/coco_POPE_random/879.pt
2384,2384,coco_POPE_random,coco_POPE_random,1,0,"No,",no,1.7265625,0.7654803240740741,11.9375,5.253885909251604,28,1,/mnt/data/ssz/mr/results/Qwen2.5-VL/pope/evo/analysis/coco_POPE_random/2384.pt
135,135,coco_POPE_random,coco_POPE_random,1,0,"Yes,",yes,1.703125,0.7676504629629629,11.9375,4.78893890394704,28,1,/mnt/data/ssz/mr/results/Qwen2.5-VL/pope/evo/analysis/coco_POPE_random/135.pt
1631,1631,coco_POPE_random,coco_POPE_random,0,1,"No,",yes,1.75,0.7151331018518519,11.9375,5.278593917168548,28,1,/mnt/data/ssz/mr/results/Qwen2.5-VL/pope/evo/analysis/coco_POPE_random/1631.pt
880,880,coco_POPE_random,coco_POPE_random,1,0,"No,",no,1.6953125,0.7676504629629629,11.9375,5.3110010213201635,28,1,/mnt/data/ssz/mr/results/Qwen2.5-VL/pope/evo/analysis/coco_POPE_random/880.pt
2385,2385,coco_POPE_random,coco_POPE_random,0,1,"No,",yes,1.7265625,0.7651909722222222,11.9375,5.248479612271011,28,2,/mnt/data/ssz/mr/results/Qwen2.5-VL/pope/evo/analysis/coco_POPE_random/2385.pt
136,136,coco_POPE_random,coco_POPE_random,1,0,"No,",no,1.703125,0.7676504629629629,11.9375,5.2860857527677965,28,1,/mnt/data/ssz/mr/results/Qwen2.5-VL/pope/evo/analysis/coco_POPE_random/136.pt
1632,1632,coco_POPE_random,coco_POPE_random,1,0,"No,",no,1.75,0.7151331018518519,11.9375,5.366163352683386,28,1,/mnt/data/ssz/mr/results/Qwen2.5-VL/pope/evo/analysis/coco_POPE_random/1632.pt
881,881,coco_POPE_random,coco_POPE_random,1,0,"Yes,",yes,1.6953125,0.7676504629629629,11.9375,4.81979991748522,28,1,/mnt/data/ssz/mr/results/Qwen2.5-VL/pope/evo/analysis/coco_POPE_random/881.pt
2386,2386,coco_POPE_random,coco_POPE_random,1,0,"No,",no,1.7265625,0.7654803240740741,11.9375,5.199389853760609,28,1,/mnt/data/ssz/mr/results/Qwen2.5-VL/pope/evo/analysis/coco_POPE_random/2386.pt
1633,1633,coco_POPE_random,coco_POPE_random,1,0,"Yes,",yes,1.7265625,0.7618634259259259,11.9375,4.798375503372944,28,1,/mnt/data/ssz/mr/results/Qwen2.5-VL/pope/evo/analysis/coco_POPE_random/1633.pt
137,137,coco_POPE_random,coco_POPE_random,1,0,"Yes,",yes,1.703125,0.7676504629629629,11.9375,4.770092866922291,28,1,/mnt/data/ssz/mr/results/Qwen2.5-VL/pope/evo/analysis/coco_POPE_random/137.pt
882,882,coco_POPE_random,coco_POPE_random,1,0,"No,",no,1.6953125,0.7676504629629629,11.9375,5.352552586134811,28,1,/mnt/data/ssz/mr/results/Qwen2.5-VL/pope/evo/analysis/coco_POPE_random/882.pt
2387,2387,coco_POPE_random,coco_POPE_random,0,1,"No,",yes,1.7265625,0.7651909722222222,11.9375,5.319161388974519,28,2,/mnt/data/ssz/mr/results/Qwen2.5-VL/pope/evo/analysis/coco_POPE_random/2387.pt
1634,1634,coco_POPE_random,coco_POPE_random,1,0,"No,",no,1.7265625,0.7618634259259259,11.9375,5.15930934762231,28,1,/mnt/data/ssz/mr/results/Qwen2.5-VL/pope/evo/analysis/coco_POPE_random/1634.pt
138,138,coco_POPE_random,coco_POPE_random,1,0,"No,",no,1.703125,0.7676504629629629,11.9375,5.204501775785347,28,1,/mnt/data/ssz/mr/results/Qwen2.5-VL/pope/evo/analysis/coco_POPE_random/138.pt
883,883,coco_POPE_random,coco_POPE_random,1,0,"Yes,",yes,1.703125,0.7305410879629629,11.9375,4.745141006821908,28,1,/mnt/data/ssz/mr/results/Qwen2.5-VL/pope/evo/analysis/coco_POPE_random/883.pt
2388,2388,coco_POPE_random,coco_POPE_random,1,0,"No,",no,1.7265625,0.7654803240740741,11.9375,5.236064636228642,28,1,/mnt/data/ssz/mr/results/Qwen2.5-VL/pope/evo/analysis/coco_POPE_random/2388.pt
1635,1635,coco_POPE_random,coco_POPE_random,1,0,"Yes,",yes,1.7265625,0.7618634259259259,11.9375,4.6962026451787855,28,1,/mnt/data/ssz/mr/results/Qwen2.5-VL/pope/evo/analysis/coco_POPE_random/1635.pt
139,139,coco_POPE_random,coco_POPE_random,1,0,"Yes,",yes,1.6796875,0.7560763888888888,11.9375,4.765694050191345,28,1,/mnt/data/ssz/mr/results/Qwen2.5-VL/pope/evo/analysis/coco_POPE_random/139.pt
884,884,coco_POPE_random,coco_POPE_random,1,0,"No,",no,1.703125,0.7303240740740741,11.9375,5.125805873750857,28,1,/mnt/data/ssz/mr/results/Qwen2.5-VL/pope/evo/analysis/coco_POPE_random/884.pt
1636,1636,coco_POPE_random,coco_POPE_random,1,0,"No,",no,1.7265625,0.7618634259259259,11.9375,5.12015853939876,28,1,/mnt/data/ssz/mr/results/Qwen2.5-VL/pope/evo/analysis/coco_POPE_random/1636.pt
2389,2389,coco_POPE_random,coco_POPE_random,0,1,"No,",yes,1.640625,0.7239583333333334,11.9375,5.081398474419859,28,1,/mnt/data/ssz/mr/results/Qwen2.5-VL/pope/evo/analysis/coco_POPE_random/2389.pt
140,140,coco_POPE_random,coco_POPE_random,1,0,"No,",no,1.6796875,0.7556423611111112,11.9375,5.253356770049165,28,1,/mnt/data/ssz/mr/results/Qwen2.5-VL/pope/evo/analysis/coco_POPE_random/140.pt
885,885,coco_POPE_random,coco_POPE_random,0,1,"No,",yes,1.703125,0.7303240740740741,11.9375,5.251551151233562,28,1,/mnt/data/ssz/mr/results/Qwen2.5-VL/pope/evo/analysis/coco_POPE_random/885.pt
1637,1637,coco_POPE_random,coco_POPE_random,1,0,"Yes,",yes,1.7265625,0.7618634259259259,11.9375,4.680890959496858,28,1,/mnt/data/ssz/mr/results/Qwen2.5-VL/pope/evo/analysis/coco_POPE_random/1637.pt
141,141,coco_POPE_random,coco_POPE_random,0,1,"No,",yes,1.6796875,0.755859375,11.9375,5.204729798869111,28,1,/mnt/data/ssz/mr/results/Qwen2.5-VL/pope/evo/analysis/coco_POPE_random/141.pt
2390,2390,coco_POPE_random,coco_POPE_random,1,0,"No,",no,1.640625,0.7231626157407407,11.9375,5.102000450926301,28,1,/mnt/data/ssz/mr/results/Qwen2.5-VL/pope/evo/analysis/coco_POPE_random/2390.pt
886,886,coco_POPE_random,coco_POPE_random,1,0,"No,",no,1.703125,0.7303240740740741,11.9375,5.086777860145018,28,1,/mnt/data/ssz/mr/results/Qwen2.5-VL/pope/evo/analysis/coco_POPE_random/886.pt
1638,1638,coco_POPE_random,coco_POPE_random,1,0,"No,",no,1.7265625,0.7620804398148148,11.9375,5.153122955878518,28,1,/mnt/data/ssz/mr/results/Qwen2.5-VL/pope/evo/analysis/coco_POPE_random/1638.pt
142,142,coco_POPE_random,coco_POPE_random,1,0,"No,",no,1.6796875,0.755859375,11.9375,5.2900054182697405,28,1,/mnt/data/ssz/mr/results/Qwen2.5-VL/pope/evo/analysis/coco_POPE_random/142.pt
2391,2391,coco_POPE_random,coco_POPE_random,0,1,"No,",yes,1.640625,0.7231626157407407,11.9375,5.112311927773311,28,1,/mnt/data/ssz/mr/results/Qwen2.5-VL/pope/evo/analysis/coco_POPE_random/2391.pt
887,887,coco_POPE_random,coco_POPE_random,0,1,"No,",yes,1.703125,0.7303240740740741,11.9375,5.204148009073208,28,1,/mnt/data/ssz/mr/results/Qwen2.5-VL/pope/evo/analysis/coco_POPE_random/887.pt
1639,1639,coco_POPE_random,coco_POPE_random,1,0,"Yes,",yes,1.6953125,0.7681568287037037,11.9375,4.670544701552166,28,1,/mnt/data/ssz/mr/results/Qwen2.5-VL/pope/evo/analysis/coco_POPE_random/1639.pt
143,143,coco_POPE_random,coco_POPE_random,1,0,"Yes,",yes,1.6796875,0.755859375,11.9375,4.750103196018819,28,1,/mnt/data/ssz/mr/results/Qwen2.5-VL/pope/evo/analysis/coco_POPE_random/143.pt
2392,2392,coco_POPE_random,coco_POPE_random,1,0,"No,",no,1.640625,0.7223668981481481,11.9375,5.091912635793742,28,1,/mnt/data/ssz/mr/results/Qwen2.5-VL/pope/evo/analysis/coco_POPE_random/2392.pt
888,888,coco_POPE_random,coco_POPE_random,1,0,"No,",no,1.703125,0.7303240740740741,11.9375,5.049524454805013,28,1,/mnt/data/ssz/mr/results/Qwen2.5-VL/pope/evo/analysis/coco_POPE_random/888.pt
1640,1640,coco_POPE_random,coco_POPE_random,1,0,"No,",no,1.6953125,0.7681568287037037,11.9375,5.163919966655849,28,1,/mnt/data/ssz/mr/results/Qwen2.5-VL/pope/evo/analysis/coco_POPE_random/1640.pt
144,144,coco_POPE_random,coco_POPE_random,1,0,"No,",no,1.6796875,0.755859375,11.9375,5.16671727834992,28,1,/mnt/data/ssz/mr/results/Qwen2.5-VL/pope/evo/analysis/coco_POPE_random/144.pt
889,889,coco_POPE_random,coco_POPE_random,1,0,"Yes,",yes,1.6796875,0.7650462962962963,11.9375,4.755588378554391,28,1,/mnt/data/ssz/mr/results/Qwen2.5-VL/pope/evo/analysis/coco_POPE_random/889.pt
2393,2393,coco_POPE_random,coco_POPE_random,1,0,"Yes,",yes,1.640625,0.7239583333333334,11.9375,4.730402347533452,28,1,/mnt/data/ssz/mr/results/Qwen2.5-VL/pope/evo/analysis/coco_POPE_random/2393.pt
1641,1641,coco_POPE_random,coco_POPE_random,1,0,"Yes,",yes,1.6953125,0.7681568287037037,11.9375,4.87753412118464,28,1,/mnt/data/ssz/mr/results/Qwen2.5-VL/pope/evo/analysis/coco_POPE_random/1641.pt
145,145,coco_POPE_random,coco_POPE_random,0,1,"No,",yes,1.671875,0.7384259259259259,11.9375,5.144940310977009,28,1,/mnt/data/ssz/mr/results/Qwen2.5-VL/pope/evo/analysis/coco_POPE_random/145.pt
890,890,coco_POPE_random,coco_POPE_random,1,0,"No,",no,1.6796875,0.7650462962962963,11.9375,5.223756361075333,28,1,/mnt/data/ssz/mr/results/Qwen2.5-VL/pope/evo/analysis/coco_POPE_random/890.pt
2394,2394,coco_POPE_random,coco_POPE_random,1,0,"No,",no,1.640625,0.7239583333333334,11.9375,5.127289435972451,28,1,/mnt/data/ssz/mr/results/Qwen2.5-VL/pope/evo/analysis/coco_POPE_random/2394.pt
1642,1642,coco_POPE_random,coco_POPE_random,1,0,"No,",no,1.6953125,0.7683738425925926,11.9375,5.171255715305584,28,1,/mnt/data/ssz/mr/results/Qwen2.5-VL/pope/evo/analysis/coco_POPE_random/1642.pt
146,146,coco_POPE_random,coco_POPE_random,1,0,"No,",no,1.671875,0.7385706018518519,11.9375,5.218275907298731,28,1,/mnt/data/ssz/mr/results/Qwen2.5-VL/pope/evo/analysis/coco_POPE_random/146.pt
891,891,coco_POPE_random,coco_POPE_random,1,0,"Yes,",yes,1.6796875,0.7653356481481481,11.9375,4.737098961358901,28,1,/mnt/data/ssz/mr/results/Qwen2.5-VL/pope/evo/analysis/coco_POPE_random/891.pt
2395,2395,coco_POPE_random,coco_POPE_random,1,0,"Yes,",yes,1.703125,0.7345196759259259,11.9375,4.749622562050499,28,1,/mnt/data/ssz/mr/results/Qwen2.5-VL/pope/evo/analysis/coco_POPE_random/2395.pt
1643,1643,coco_POPE_random,coco_POPE_random,0,1,"No,",yes,1.6953125,0.7683738425925926,11.9375,5.1830299800780795,28,1,/mnt/data/ssz/mr/results/Qwen2.5-VL/pope/evo/analysis/coco_POPE_random/1643.pt
147,147,coco_POPE_random,coco_POPE_random,1,0,"Yes,",yes,1.671875,0.7385706018518519,11.9375,4.731442638509202,28,1,/mnt/data/ssz/mr/results/Qwen2.5-VL/pope/evo/analysis/coco_POPE_random/147.pt
892,892,coco_POPE_random,coco_POPE_random,1,0,"No,",no,1.6796875,0.7650462962962963,11.9375,5.22670238899403,28,1,/mnt/data/ssz/mr/results/Qwen2.5-VL/pope/evo/analysis/coco_POPE_random/892.pt
2396,2396,coco_POPE_random,coco_POPE_random,1,0,"No,",no,1.703125,0.7345196759259259,11.9375,5.165379075179929,28,1,/mnt/data/ssz/mr/results/Qwen2.5-VL/pope/evo/analysis/coco_POPE_random/2396.pt
1644,1644,coco_POPE_random,coco_POPE_random,1,0,"No,",no,1.6953125,0.7683738425925926,11.9375,5.20844975306782,28,1,/mnt/data/ssz/mr/results/Qwen2.5-VL/pope/evo/analysis/coco_POPE_random/1644.pt
148,148,coco_POPE_random,coco_POPE_random,1,0,"No,",no,1.671875,0.7387152777777778,11.9375,5.125245223793675,28,1,/mnt/data/ssz/mr/results/Qwen2.5-VL/pope/evo/analysis/coco_POPE_random/148.pt
893,893,coco_POPE_random,coco_POPE_random,1,0,"Yes,",yes,1.6796875,0.7650462962962963,11.9375,4.7826667278120185,28,1,/mnt/data/ssz/mr/results/Qwen2.5-VL/pope/evo/analysis/coco_POPE_random/893.pt
2397,2397,coco_POPE_random,coco_POPE_random,1,0,"Yes,",yes,1.703125,0.7345196759259259,11.9375,4.741000806340748,28,1,/mnt/data/ssz/mr/results/Qwen2.5-VL/pope/evo/analysis/coco_POPE_random/2397.pt
1645,1645,coco_POPE_random,coco_POPE_random,1,0,"Yes,",yes,1.6484375,0.7715567129629629,11.9375,4.7924331447124136,28,1,/mnt/data/ssz/mr/results/Qwen2.5-VL/pope/evo/analysis/coco_POPE_random/1645.pt
149,149,coco_POPE_random,coco_POPE_random,0,1,"No,",yes,1.671875,0.7384259259259259,11.9375,5.1928764789146085,28,1,/mnt/data/ssz/mr/results/Qwen2.5-VL/pope/evo/analysis/coco_POPE_random/149.pt
894,894,coco_POPE_random,coco_POPE_random,1,0,"No,",no,1.6875,0.7656973379629629,11.9375,5.247193868798698,28,2,/mnt/data/ssz/mr/results/Qwen2.5-VL/pope/evo/analysis/coco_POPE_random/894.pt
2398,2398,coco_POPE_random,coco_POPE_random,1,0,"No,",no,1.703125,0.7345196759259259,11.9375,5.20895244625392,28,1,/mnt/data/ssz/mr/results/Qwen2.5-VL/pope/evo/analysis/coco_POPE_random/2398.pt
150,150,coco_POPE_random,coco_POPE_random,1,0,"No,",no,1.671875,0.7384259259259259,11.9375,5.18701618455766,28,1,/mnt/data/ssz/mr/results/Qwen2.5-VL/pope/evo/analysis/coco_POPE_random/150.pt
1646,1646,coco_POPE_random,coco_POPE_random,1,0,"No,",no,1.6484375,0.7716290509259259,11.9375,5.166242469755978,28,1,/mnt/data/ssz/mr/results/Qwen2.5-VL/pope/evo/analysis/coco_POPE_random/1646.pt
895,895,coco_POPE_random,coco_POPE_random,1,0,"Yes,",yes,1.6875,0.7383535879629629,11.9375,4.714920092772385,28,1,/mnt/data/ssz/mr/results/Qwen2.5-VL/pope/evo/analysis/coco_POPE_random/895.pt
2399,2399,coco_POPE_random,coco_POPE_random,1,0,"Yes,",yes,1.703125,0.7345196759259259,11.9375,4.578432713080914,28,1,/mnt/data/ssz/mr/results/Qwen2.5-VL/pope/evo/analysis/coco_POPE_random/2399.pt
151,151,coco_POPE_random,coco_POPE_random,1,0,"Yes,",yes,1.734375,0.7529658564814815,11.9375,4.703506520682359,28,1,/mnt/data/ssz/mr/results/Qwen2.5-VL/pope/evo/analysis/coco_POPE_random/151.pt
1647,1647,coco_POPE_random,coco_POPE_random,0,1,"No,",yes,1.6484375,0.7716290509259259,11.9375,5.254330918206751,28,1,/mnt/data/ssz/mr/results/Qwen2.5-VL/pope/evo/analysis/coco_POPE_random/1647.pt
896,896,coco_POPE_random,coco_POPE_random,1,0,"No,",no,1.6875,0.7378472222222222,11.9375,5.194008605357622,28,1,/mnt/data/ssz/mr/results/Qwen2.5-VL/pope/evo/analysis/coco_POPE_random/896.pt
2400,2400,coco_POPE_random,coco_POPE_random,1,0,"No,",no,1.703125,0.7345196759259259,11.9375,5.062298912393153,28,1,/mnt/data/ssz/mr/results/Qwen2.5-VL/pope/evo/analysis/coco_POPE_random/2400.pt
152,152,coco_POPE_random,coco_POPE_random,1,0,"No,",no,1.734375,0.7530381944444444,11.9375,5.180570060217023,28,1,/mnt/data/ssz/mr/results/Qwen2.5-VL/pope/evo/analysis/coco_POPE_random/152.pt
1648,1648,coco_POPE_random,coco_POPE_random,1,0,"No,",no,1.6484375,0.7717013888888888,11.9375,5.140520590015011,28,1,/mnt/data/ssz/mr/results/Qwen2.5-VL/pope/evo/analysis/coco_POPE_random/1648.pt
897,897,coco_POPE_random,coco_POPE_random,1,0,"Yes,",yes,1.6875,0.7388599537037037,11.9375,4.747391779467291,28,1,/mnt/data/ssz/mr/results/Qwen2.5-VL/pope/evo/analysis/coco_POPE_random/897.pt
2401,2401,coco_POPE_random,coco_POPE_random,1,0,"Yes,",yes,1.71875,0.7242476851851852,11.9375,4.801699473765853,28,1,/mnt/data/ssz/mr/results/Qwen2.5-VL/pope/evo/analysis/coco_POPE_random/2401.pt
153,153,coco_POPE_random,coco_POPE_random,1,0,"Yes,",yes,1.734375,0.7528935185185185,11.9375,4.792349960232279,28,1,/mnt/data/ssz/mr/results/Qwen2.5-VL/pope/evo/analysis/coco_POPE_random/153.pt
1649,1649,coco_POPE_random,coco_POPE_random,1,0,"Yes,",yes,1.6484375,0.7716290509259259,11.9375,4.792317277182219,28,1,/mnt/data/ssz/mr/results/Qwen2.5-VL/pope/evo/analysis/coco_POPE_random/1649.pt
898,898,coco_POPE_random,coco_POPE_random,1,0,"No,",no,1.6875,0.7378472222222222,11.9375,5.1555049827217365,28,1,/mnt/data/ssz/mr/results/Qwen2.5-VL/pope/evo/analysis/coco_POPE_random/898.pt
2402,2402,coco_POPE_random,coco_POPE_random,1,0,"No,",no,1.71875,0.7235243055555556,11.9375,5.240874055935099,28,1,/mnt/data/ssz/mr/results/Qwen2.5-VL/pope/evo/analysis/coco_POPE_random/2402.pt
154,154,coco_POPE_random,coco_POPE_random,1,0,"No,",no,1.734375,0.7530381944444444,11.9375,5.136671921447551,28,1,/mnt/data/ssz/mr/results/Qwen2.5-VL/pope/evo/analysis/coco_POPE_random/154.pt
1650,1650,coco_POPE_random,coco_POPE_random,1,0,"No,",no,1.6484375,0.7716290509259259,11.9375,5.090239915375825,28,1,/mnt/data/ssz/mr/results/Qwen2.5-VL/pope/evo/analysis/coco_POPE_random/1650.pt
899,899,coco_POPE_random,coco_POPE_random,1,0,"Yes,",yes,1.6875,0.7378472222222222,11.9375,4.7469841729828754,28,1,/mnt/data/ssz/mr/results/Qwen2.5-VL/pope/evo/analysis/coco_POPE_random/899.pt
2403,2403,coco_POPE_random,coco_POPE_random,1,0,"Yes,",yes,1.71875,0.7242476851851852,11.9375,4.792664264268688,28,1,/mnt/data/ssz/mr/results/Qwen2.5-VL/pope/evo/analysis/coco_POPE_random/2403.pt
155,155,coco_POPE_random,coco_POPE_random,1,0,"Yes,",yes,1.734375,0.7529658564814815,11.9375,4.7586314101468865,28,1,/mnt/data/ssz/mr/results/Qwen2.5-VL/pope/evo/analysis/coco_POPE_random/155.pt
1651,1651,coco_POPE_random,coco_POPE_random,1,0,"Yes,",yes,1.7109375,0.78125,11.9375,4.668383532528901,28,1,/mnt/data/ssz/mr/results/Qwen2.5-VL/pope/evo/analysis/coco_POPE_random/1651.pt
900,900,coco_POPE_random,coco_POPE_random,1,0,"No,",no,1.6875,0.7378472222222222,11.9375,5.179572015480769,28,1,/mnt/data/ssz/mr/results/Qwen2.5-VL/pope/evo/analysis/coco_POPE_random/900.pt
2404,2404,coco_POPE_random,coco_POPE_random,1,0,"No,",no,1.71875,0.7242476851851852,11.9375,5.200099847173117,28,1,/mnt/data/ssz/mr/results/Qwen2.5-VL/pope/evo/analysis/coco_POPE_random/2404.pt
156,156,coco_POPE_random,coco_POPE_random,1,0,"No,",no,1.734375,0.7530381944444444,11.9375,5.181744423247155,28,1,/mnt/data/ssz/mr/results/Qwen2.5-VL/pope/evo/analysis/coco_POPE_random/156.pt
1652,1652,coco_POPE_random,coco_POPE_random,1,0,"No,",no,1.7109375,0.78125,11.9375,5.141398048270464,28,1,/mnt/data/ssz/mr/results/Qwen2.5-VL/pope/evo/analysis/coco_POPE_random/1652.pt
901,901,coco_POPE_random,coco_POPE_random,1,0,"Yes,",yes,1.703125,0.7232349537037037,11.9375,4.703268337861918,28,1,/mnt/data/ssz/mr/results/Qwen2.5-VL/pope/evo/analysis/coco_POPE_random/901.pt
2405,2405,coco_POPE_random,coco_POPE_random,1,0,"Yes,",yes,1.71875,0.7235243055555556,11.9375,4.773585687703595,28,1,/mnt/data/ssz/mr/results/Qwen2.5-VL/pope/evo/analysis/coco_POPE_random/2405.pt
157,157,coco_POPE_random,coco_POPE_random,1,0,"Yes,",yes,1.734375,0.7596932870370371,11.9375,4.734034655592857,28,1,/mnt/data/ssz/mr/results/Qwen2.5-VL/pope/evo/analysis/coco_POPE_random/157.pt
1653,1653,coco_POPE_random,coco_POPE_random,1,0,"Yes,",yes,1.7109375,0.78125,11.9375,4.85019686048779,28,1,/mnt/data/ssz/mr/results/Qwen2.5-VL/pope/evo/analysis/coco_POPE_random/1653.pt
902,902,coco_POPE_random,coco_POPE_random,1,0,"No,",no,1.703125,0.7280092592592593,11.9375,5.237062057735753,28,1,/mnt/data/ssz/mr/results/Qwen2.5-VL/pope/evo/analysis/coco_POPE_random/902.pt
158,158,coco_POPE_random,coco_POPE_random,1,0,"No,",no,1.734375,0.7596932870370371,11.9375,5.246340705878162,28,1,/mnt/data/ssz/mr/results/Qwen2.5-VL/pope/evo/analysis/coco_POPE_random/158.pt
2406,2406,coco_POPE_random,coco_POPE_random,1,0,"No,",no,1.71875,0.7242476851851852,11.9375,5.2170806813310575,28,1,/mnt/data/ssz/mr/results/Qwen2.5-VL/pope/evo/analysis/coco_POPE_random/2406.pt
1654,1654,coco_POPE_random,coco_POPE_random,1,0,"No,",no,1.7109375,0.78125,11.9375,5.147359553584904,28,1,/mnt/data/ssz/mr/results/Qwen2.5-VL/pope/evo/analysis/coco_POPE_random/1654.pt
903,903,coco_POPE_random,coco_POPE_random,0,1,"No,",yes,1.703125,0.7232349537037037,11.9375,5.2262817071881225,28,1,/mnt/data/ssz/mr/results/Qwen2.5-VL/pope/evo/analysis/coco_POPE_random/903.pt
159,159,coco_POPE_random,coco_POPE_random,1,0,"Yes,",yes,1.734375,0.7596932870370371,11.9375,4.915505392509709,28,1,/mnt/data/ssz/mr/results/Qwen2.5-VL/pope/evo/analysis/coco_POPE_random/159.pt
2407,2407,coco_POPE_random,coco_POPE_random,1,0,"Yes,",yes,1.671875,0.7388599537037037,11.9375,4.747493144223614,28,1,/mnt/data/ssz/mr/results/Qwen2.5-VL/pope/evo/analysis/coco_POPE_random/2407.pt
1655,1655,coco_POPE_random,coco_POPE_random,0,1,"No,",yes,1.7109375,0.78125,11.9375,5.139708474196415,28,1,/mnt/data/ssz/mr/results/Qwen2.5-VL/pope/evo/analysis/coco_POPE_random/1655.pt
160,160,coco_POPE_random,coco_POPE_random,1,0,"No,",no,1.734375,0.7596932870370371,11.9375,5.253454608023809,28,1,/mnt/data/ssz/mr/results/Qwen2.5-VL/pope/evo/analysis/coco_POPE_random/160.pt
904,904,coco_POPE_random,coco_POPE_random,1,0,"No,",no,1.703125,0.7239583333333334,11.9375,5.198416878660478,28,1,/mnt/data/ssz/mr/results/Qwen2.5-VL/pope/evo/analysis/coco_POPE_random/904.pt
2408,2408,coco_POPE_random,coco_POPE_random,1,0,"No,",no,1.671875,0.7388599537037037,11.9375,5.222743009477263,28,1,/mnt/data/ssz/mr/results/Qwen2.5-VL/pope/evo/analysis/coco_POPE_random/2408.pt
1656,1656,coco_POPE_random,coco_POPE_random,1,0,"No,",no,1.7109375,0.78125,11.9375,5.150017867296341,28,1,/mnt/data/ssz/mr/results/Qwen2.5-VL/pope/evo/analysis/coco_POPE_random/1656.pt
161,161,coco_POPE_random,coco_POPE_random,1,0,"Yes,",yes,1.734375,0.7596932870370371,11.9375,4.825447673701251,28,1,/mnt/data/ssz/mr/results/Qwen2.5-VL/pope/evo/analysis/coco_POPE_random/161.pt
905,905,coco_POPE_random,coco_POPE_random,1,0,"Yes,",yes,1.703125,0.7232349537037037,11.9375,4.778432667983752,28,1,/mnt/data/ssz/mr/results/Qwen2.5-VL/pope/evo/analysis/coco_POPE_random/905.pt
2409,2409,coco_POPE_random,coco_POPE_random,0,1,"No,",yes,1.671875,0.7388599537037037,11.9375,5.28485937502874,28,1,/mnt/data/ssz/mr/results/Qwen2.5-VL/pope/evo/analysis/coco_POPE_random/2409.pt
1657,1657,coco_POPE_random,coco_POPE_random,0,1,"No,",yes,1.6640625,0.7453703703703703,11.9375,5.215201214258961,28,1,/mnt/data/ssz/mr/results/Qwen2.5-VL/pope/evo/analysis/coco_POPE_random/1657.pt
162,162,coco_POPE_random,coco_POPE_random,1,0,"No,",no,1.734375,0.7596932870370371,11.9375,5.297068161144754,28,1,/mnt/data/ssz/mr/results/Qwen2.5-VL/pope/evo/analysis/coco_POPE_random/162.pt
906,906,coco_POPE_random,coco_POPE_random,1,0,"No,",no,1.703125,0.7235966435185185,11.9375,5.152218817312759,28,1,/mnt/data/ssz/mr/results/Qwen2.5-VL/pope/evo/analysis/coco_POPE_random/906.pt
2410,2410,coco_POPE_random,coco_POPE_random,1,0,"No,",no,1.671875,0.7388599537037037,11.9375,5.189447796069011,28,1,/mnt/data/ssz/mr/results/Qwen2.5-VL/pope/evo/analysis/coco_POPE_random/2410.pt
1658,1658,coco_POPE_random,coco_POPE_random,1,0,"No,",no,1.6640625,0.7453703703703703,11.9375,5.291762896064656,28,1,/mnt/data/ssz/mr/results/Qwen2.5-VL/pope/evo/analysis/coco_POPE_random/1658.pt
163,163,coco_POPE_random,coco_POPE_random,0,1,"No,",yes,1.703125,0.7233796296296297,11.9375,5.175569787871398,28,1,/mnt/data/ssz/mr/results/Qwen2.5-VL/pope/evo/analysis/coco_POPE_random/163.pt
907,907,coco_POPE_random,coco_POPE_random,1,0,"Yes,",yes,1.6875,0.7567997685185185,11.9375,4.781792243924054,28,1,/mnt/data/ssz/mr/results/Qwen2.5-VL/pope/evo/analysis/coco_POPE_random/907.pt
2411,2411,coco_POPE_random,coco_POPE_random,0,1,"No,",yes,1.671875,0.7388599537037037,11.9375,5.101639486622249,28,1,/mnt/data/ssz/mr/results/Qwen2.5-VL/pope/evo/analysis/coco_POPE_random/2411.pt
1659,1659,coco_POPE_random,coco_POPE_random,1,0,"Yes,",yes,1.6640625,0.7453703703703703,11.9375,4.845314043012414,28,1,/mnt/data/ssz/mr/results/Qwen2.5-VL/pope/evo/analysis/coco_POPE_random/1659.pt
908,908,coco_POPE_random,coco_POPE_random,1,0,"No,",no,1.6875,0.7567997685185185,11.9375,5.249543745356968,28,1,/mnt/data/ssz/mr/results/Qwen2.5-VL/pope/evo/analysis/coco_POPE_random/908.pt
164,164,coco_POPE_random,coco_POPE_random,1,0,"No,",no,1.703125,0.7233796296296297,11.9375,5.24819057471083,28,1,/mnt/data/ssz/mr/results/Qwen2.5-VL/pope/evo/analysis/coco_POPE_random/164.pt
1660,1660,coco_POPE_random,coco_POPE_random,1,0,"No,",no,1.6640625,0.7453703703703703,11.9375,5.280433186621442,28,1,/mnt/data/ssz/mr/results/Qwen2.5-VL/pope/evo/analysis/coco_POPE_random/1660.pt
909,909,coco_POPE_random,coco_POPE_random,1,0,"Yes,",yes,1.6875,0.7567997685185185,11.9375,4.877941009381816,28,1,/mnt/data/ssz/mr/results/Qwen2.5-VL/pope/evo/analysis/coco_POPE_random/909.pt
2412,2412,coco_POPE_random,coco_POPE_random,1,0,"No,",no,1.671875,0.7387152777777778,11.9375,5.1320608220317085,28,1,/mnt/data/ssz/mr/results/Qwen2.5-VL/pope/evo/analysis/coco_POPE_random/2412.pt
165,165,coco_POPE_random,coco_POPE_random,1,0,"Yes,",yes,1.703125,0.7233796296296297,11.9375,4.840709826824804,28,1,/mnt/data/ssz/mr/results/Qwen2.5-VL/pope/evo/analysis/coco_POPE_random/165.pt
1661,1661,coco_POPE_random,coco_POPE_random,0,1,"No,",yes,1.6640625,0.7453703703703703,11.9375,5.31673046103017,28,1,/mnt/data/ssz/mr/results/Qwen2.5-VL/pope/evo/analysis/coco_POPE_random/1661.pt
910,910,coco_POPE_random,coco_POPE_random,1,0,"No,",no,1.6875,0.7567997685185185,11.9375,5.157692783271943,28,1,/mnt/data/ssz/mr/results/Qwen2.5-VL/pope/evo/analysis/coco_POPE_random/910.pt
2413,2413,coco_POPE_random,coco_POPE_random,1,0,"Yes,",yes,1.71875,0.7395833333333334,11.9375,4.745034644765838,28,1,/mnt/data/ssz/mr/results/Qwen2.5-VL/pope/evo/analysis/coco_POPE_random/2413.pt
166,166,coco_POPE_random,coco_POPE_random,1,0,"No,",no,1.703125,0.7233796296296297,11.9375,5.19863292380565,28,1,/mnt/data/ssz/mr/results/Qwen2.5-VL/pope/evo/analysis/coco_POPE_random/166.pt
911,911,coco_POPE_random,coco_POPE_random,1,0,"Yes,",yes,1.6875,0.7567997685185185,11.9375,4.776970676885433,28,1,/mnt/data/ssz/mr/results/Qwen2.5-VL/pope/evo/analysis/coco_POPE_random/911.pt
1662,1662,coco_POPE_random,coco_POPE_random,1,0,"No,",no,1.6640625,0.7453703703703703,11.9375,5.297288790796176,28,1,/mnt/data/ssz/mr/results/Qwen2.5-VL/pope/evo/analysis/coco_POPE_random/1662.pt
2414,2414,coco_POPE_random,coco_POPE_random,1,0,"No,",no,1.71875,0.7395833333333334,11.9375,5.304241567968662,28,1,/mnt/data/ssz/mr/results/Qwen2.5-VL/pope/evo/analysis/coco_POPE_random/2414.pt
167,167,coco_POPE_random,coco_POPE_random,0,1,"No,",yes,1.703125,0.7233796296296297,11.9375,5.224674320121394,28,1,/mnt/data/ssz/mr/results/Qwen2.5-VL/pope/evo/analysis/coco_POPE_random/167.pt
912,912,coco_POPE_random,coco_POPE_random,1,0,"No,",no,1.6875,0.7567997685185185,11.9375,5.170599024058965,28,1,/mnt/data/ssz/mr/results/Qwen2.5-VL/pope/evo/analysis/coco_POPE_random/912.pt
1663,1663,coco_POPE_random,coco_POPE_random,1,0,"Yes,",yes,1.734375,0.7434895833333334,11.9375,4.8840846897654,28,1,/mnt/data/ssz/mr/results/Qwen2.5-VL/pope/evo/analysis/coco_POPE_random/1663.pt
2415,2415,coco_POPE_random,coco_POPE_random,1,0,"Yes,",yes,1.71875,0.7395833333333334,11.9375,4.8288005524536235,28,1,/mnt/data/ssz/mr/results/Qwen2.5-VL/pope/evo/analysis/coco_POPE_random/2415.pt
168,168,coco_POPE_random,coco_POPE_random,1,0,"No,",no,1.703125,0.7232349537037037,11.9375,5.221591695688153,28,1,/mnt/data/ssz/mr/results/Qwen2.5-VL/pope/evo/analysis/coco_POPE_random/168.pt
913,913,coco_POPE_random,coco_POPE_random,1,0,"Yes,",yes,1.671875,0.7592592592592593,11.9375,4.741719426983388,28,1,/mnt/data/ssz/mr/results/Qwen2.5-VL/pope/evo/analysis/coco_POPE_random/913.pt
1664,1664,coco_POPE_random,coco_POPE_random,1,0,"No,",no,1.734375,0.7434895833333334,11.9375,5.278596912954402,28,1,/mnt/data/ssz/mr/results/Qwen2.5-VL/pope/evo/analysis/coco_POPE_random/1664.pt
2416,2416,coco_POPE_random,coco_POPE_random,1,0,"No,",no,1.71875,0.7395833333333334,11.9375,5.253843940555679,28,1,/mnt/data/ssz/mr/results/Qwen2.5-VL/pope/evo/analysis/coco_POPE_random/2416.pt
169,169,coco_POPE_random,coco_POPE_random,1,0,"Yes,",yes,1.6875,0.7456597222222222,11.9375,4.769399429366386,28,1,/mnt/data/ssz/mr/results/Qwen2.5-VL/pope/evo/analysis/coco_POPE_random/169.pt
914,914,coco_POPE_random,coco_POPE_random,1,0,"No,",no,1.671875,0.7594039351851852,11.9375,5.176914512981543,28,1,/mnt/data/ssz/mr/results/Qwen2.5-VL/pope/evo/analysis/coco_POPE_random/914.pt
1665,1665,coco_POPE_random,coco_POPE_random,1,0,"Yes,",yes,1.734375,0.7434895833333334,11.9375,4.751007968575041,28,1,/mnt/data/ssz/mr/results/Qwen2.5-VL/pope/evo/analysis/coco_POPE_random/1665.pt
2417,2417,coco_POPE_random,coco_POPE_random,0,1,"No,",yes,1.734375,0.7401620370370371,11.9375,5.277302638808241,28,1,/mnt/data/ssz/mr/results/Qwen2.5-VL/pope/evo/analysis/coco_POPE_random/2417.pt
170,170,coco_POPE_random,coco_POPE_random,1,0,"No,",no,1.6875,0.7456597222222222,11.9375,5.193834399146689,28,1,/mnt/data/ssz/mr/results/Qwen2.5-VL/pope/evo/analysis/coco_POPE_random/170.pt
915,915,coco_POPE_random,coco_POPE_random,1,0,"Yes,",yes,1.671875,0.7593315972222222,11.9375,4.7996933783350855,28,1,/mnt/data/ssz/mr/results/Qwen2.5-VL/pope/evo/analysis/coco_POPE_random/915.pt
1666,1666,coco_POPE_random,coco_POPE_random,1,0,"No,",no,1.734375,0.7434895833333334,11.9375,5.245840184130123,28,1,/mnt/data/ssz/mr/results/Qwen2.5-VL/pope/evo/analysis/coco_POPE_random/1666.pt
171,171,coco_POPE_random,coco_POPE_random,0,1,"No,",yes,1.6875,0.7456597222222222,11.9375,5.154698207344939,28,1,/mnt/data/ssz/mr/results/Qwen2.5-VL/pope/evo/analysis/coco_POPE_random/171.pt
2418,2418,coco_POPE_random,coco_POPE_random,1,0,"No,",no,1.734375,0.7411747685185185,11.9375,5.312532983685459,28,1,/mnt/data/ssz/mr/results/Qwen2.5-VL/pope/evo/analysis/coco_POPE_random/2418.pt
916,916,coco_POPE_random,coco_POPE_random,1,0,"No,",no,1.671875,0.7594039351851852,11.9375,5.156562014251841,28,1,/mnt/data/ssz/mr/results/Qwen2.5-VL/pope/evo/analysis/coco_POPE_random/916.pt
1667,1667,coco_POPE_random,coco_POPE_random,1,0,"Yes,",yes,1.734375,0.7434895833333334,11.9375,4.705736280504495,28,1,/mnt/data/ssz/mr/results/Qwen2.5-VL/pope/evo/analysis/coco_POPE_random/1667.pt
172,172,coco_POPE_random,coco_POPE_random,1,0,"No,",no,1.6875,0.7456597222222222,11.9375,5.138626814487194,28,1,/mnt/data/ssz/mr/results/Qwen2.5-VL/pope/evo/analysis/coco_POPE_random/172.pt
2419,2419,coco_POPE_random,coco_POPE_random,1,0,"Yes,",yes,1.734375,0.7659143518518519,11.9375,4.783680254671896,28,1,/mnt/data/ssz/mr/results/Qwen2.5-VL/pope/evo/analysis/coco_POPE_random/2419.pt
917,917,coco_POPE_random,coco_POPE_random,1,0,"Yes,",yes,1.671875,0.7594039351851852,11.9375,4.710485389351832,28,1,/mnt/data/ssz/mr/results/Qwen2.5-VL/pope/evo/analysis/coco_POPE_random/917.pt
173,173,coco_POPE_random,coco_POPE_random,1,0,"Yes,",yes,1.6875,0.7456597222222222,11.9375,4.770857925185637,28,1,/mnt/data/ssz/mr/results/Qwen2.5-VL/pope/evo/analysis/coco_POPE_random/173.pt
1668,1668,coco_POPE_random,coco_POPE_random,1,0,"No,",no,1.734375,0.7434895833333334,11.9375,5.1470083881805335,28,1,/mnt/data/ssz/mr/results/Qwen2.5-VL/pope/evo/analysis/coco_POPE_random/1668.pt
2420,2420,coco_POPE_random,coco_POPE_random,1,0,"No,",no,1.734375,0.7655526620370371,11.9375,5.288265520934844,28,1,/mnt/data/ssz/mr/results/Qwen2.5-VL/pope/evo/analysis/coco_POPE_random/2420.pt
918,918,coco_POPE_random,coco_POPE_random,1,0,"No,",no,1.671875,0.7594039351851852,11.9375,5.231974404362957,28,1,/mnt/data/ssz/mr/results/Qwen2.5-VL/pope/evo/analysis/coco_POPE_random/918.pt
174,174,coco_POPE_random,coco_POPE_random,1,0,"No,",no,1.6875,0.7456597222222222,11.9375,5.118278820700026,28,1,/mnt/data/ssz/mr/results/Qwen2.5-VL/pope/evo/analysis/coco_POPE_random/174.pt
2421,2421,coco_POPE_random,coco_POPE_random,1,0,"Yes,",yes,1.734375,0.7659143518518519,11.9375,4.9347687405859215,28,1,/mnt/data/ssz/mr/results/Qwen2.5-VL/pope/evo/analysis/coco_POPE_random/2421.pt
1669,1669,coco_POPE_random,coco_POPE_random,1,0,"Yes,",yes,1.71875,0.7598379629629629,11.9375,4.749949243517881,28,1,/mnt/data/ssz/mr/results/Qwen2.5-VL/pope/evo/analysis/coco_POPE_random/1669.pt
919,919,coco_POPE_random,coco_POPE_random,1,0,"Yes,",yes,1.703125,0.7582465277777778,11.9375,4.93087438114213,28,1,/mnt/data/ssz/mr/results/Qwen2.5-VL/pope/evo/analysis/coco_POPE_random/919.pt
175,175,coco_POPE_random,coco_POPE_random,1,0,"Yes,",yes,1.703125,0.7511574074074074,11.9375,4.774912673773262,28,1,/mnt/data/ssz/mr/results/Qwen2.5-VL/pope/evo/analysis/coco_POPE_random/175.pt
2422,2422,coco_POPE_random,coco_POPE_random,1,0,"No,",no,1.734375,0.7659143518518519,11.9375,5.345243036364239,28,1,/mnt/data/ssz/mr/results/Qwen2.5-VL/pope/evo/analysis/coco_POPE_random/2422.pt
1670,1670,coco_POPE_random,coco_POPE_random,1,0,"No,",no,1.71875,0.7598379629629629,11.9375,5.242638537500674,28,1,/mnt/data/ssz/mr/results/Qwen2.5-VL/pope/evo/analysis/coco_POPE_random/1670.pt
920,920,coco_POPE_random,coco_POPE_random,1,0,"No,",no,1.703125,0.7586082175925926,11.9375,5.349024821066858,28,1,/mnt/data/ssz/mr/results/Qwen2.5-VL/pope/evo/analysis/coco_POPE_random/920.pt
176,176,coco_POPE_random,coco_POPE_random,1,0,"No,",no,1.703125,0.7511574074074074,11.9375,5.223025235916982,28,1,/mnt/data/ssz/mr/results/Qwen2.5-VL/pope/evo/analysis/coco_POPE_random/176.pt
2423,2423,coco_POPE_random,coco_POPE_random,1,0,"Yes,",yes,1.734375,0.7655526620370371,11.9375,4.807202044039507,28,1,/mnt/data/ssz/mr/results/Qwen2.5-VL/pope/evo/analysis/coco_POPE_random/2423.pt
1671,1671,coco_POPE_random,coco_POPE_random,1,0,"Yes,",yes,1.71875,0.7595486111111112,11.9375,4.822268305962827,28,1,/mnt/data/ssz/mr/results/Qwen2.5-VL/pope/evo/analysis/coco_POPE_random/1671.pt
921,921,coco_POPE_random,coco_POPE_random,1,0,"Yes,",yes,1.703125,0.7582465277777778,11.9375,4.93145352866183,28,1,/mnt/data/ssz/mr/results/Qwen2.5-VL/pope/evo/analysis/coco_POPE_random/921.pt
177,177,coco_POPE_random,coco_POPE_random,0,1,"No,",yes,1.703125,0.7511574074074074,11.9375,5.217876380679786,28,1,/mnt/data/ssz/mr/results/Qwen2.5-VL/pope/evo/analysis/coco_POPE_random/177.pt
2424,2424,coco_POPE_random,coco_POPE_random,1,0,"No,",no,1.734375,0.7655526620370371,11.9375,5.154290543748708,28,1,/mnt/data/ssz/mr/results/Qwen2.5-VL/pope/evo/analysis/coco_POPE_random/2424.pt
1672,1672,coco_POPE_random,coco_POPE_random,1,0,"No,",no,1.71875,0.7598379629629629,11.9375,5.192395551833717,28,1,/mnt/data/ssz/mr/results/Qwen2.5-VL/pope/evo/analysis/coco_POPE_random/1672.pt
922,922,coco_POPE_random,coco_POPE_random,1,0,"No,",no,1.703125,0.7586805555555556,11.9375,5.359553357179063,28,1,/mnt/data/ssz/mr/results/Qwen2.5-VL/pope/evo/analysis/coco_POPE_random/922.pt
178,178,coco_POPE_random,coco_POPE_random,1,0,"No,",no,1.703125,0.7510127314814815,11.9375,5.162772685104225,28,1,/mnt/data/ssz/mr/results/Qwen2.5-VL/pope/evo/analysis/coco_POPE_random/178.pt
1673,1673,coco_POPE_random,coco_POPE_random,0,1,"No,",yes,1.71875,0.7598379629629629,11.9375,5.237806372663891,28,1,/mnt/data/ssz/mr/results/Qwen2.5-VL/pope/evo/analysis/coco_POPE_random/1673.pt
2425,2425,coco_POPE_random,coco_POPE_random,1,0,"Yes,",yes,1.71875,0.7375578703703703,11.9375,4.7744866100649,28,1,/mnt/data/ssz/mr/results/Qwen2.5-VL/pope/evo/analysis/coco_POPE_random/2425.pt
923,923,coco_POPE_random,coco_POPE_random,0,1,"No,",yes,1.703125,0.7583912037037037,11.9375,5.400844638926706,28,1,/mnt/data/ssz/mr/results/Qwen2.5-VL/pope/evo/analysis/coco_POPE_random/923.pt
1674,1674,coco_POPE_random,coco_POPE_random,1,0,"No,",no,1.71875,0.7598379629629629,11.9375,5.2413666749349,28,1,/mnt/data/ssz/mr/results/Qwen2.5-VL/pope/evo/analysis/coco_POPE_random/1674.pt
179,179,coco_POPE_random,coco_POPE_random,0,1,"No,",yes,1.703125,0.7511574074074074,11.9375,5.172072714489458,28,1,/mnt/data/ssz/mr/results/Qwen2.5-VL/pope/evo/analysis/coco_POPE_random/179.pt
2426,2426,coco_POPE_random,coco_POPE_random,1,0,"No,",no,1.71875,0.7377025462962963,11.9375,5.205782440247464,28,1,/mnt/data/ssz/mr/results/Qwen2.5-VL/pope/evo/analysis/coco_POPE_random/2426.pt
924,924,coco_POPE_random,coco_POPE_random,1,0,"No,",no,1.703125,0.7583912037037037,11.9375,5.360553539071369,28,1,/mnt/data/ssz/mr/results/Qwen2.5-VL/pope/evo/analysis/coco_POPE_random/924.pt
1675,1675,coco_POPE_random,coco_POPE_random,1,0,"Yes,",yes,1.71875,0.7633101851851852,11.9375,4.673046221416692,28,1,/mnt/data/ssz/mr/results/Qwen2.5-VL/pope/evo/analysis/coco_POPE_random/1675.pt
180,180,coco_POPE_random,coco_POPE_random,1,0,"No,",no,1.703125,0.7511574074074074,11.9375,5.189098490807925,28,1,/mnt/data/ssz/mr/results/Qwen2.5-VL/pope/evo/analysis/coco_POPE_random/180.pt
2427,2427,coco_POPE_random,coco_POPE_random,1,0,"Yes,",yes,1.71875,0.7375578703703703,11.9375,4.71792902560001,28,1,/mnt/data/ssz/mr/results/Qwen2.5-VL/pope/evo/analysis/coco_POPE_random/2427.pt
925,925,coco_POPE_random,coco_POPE_random,1,0,"Yes,",yes,1.71875,0.7651909722222222,11.9375,4.723100604545992,28,1,/mnt/data/ssz/mr/results/Qwen2.5-VL/pope/evo/analysis/coco_POPE_random/925.pt
1676,1676,coco_POPE_random,coco_POPE_random,1,0,"No,",no,1.71875,0.7634548611111112,11.9375,5.262587622685935,28,1,/mnt/data/ssz/mr/results/Qwen2.5-VL/pope/evo/analysis/coco_POPE_random/1676.pt
181,181,coco_POPE_random,coco_POPE_random,1,0,"Yes,",yes,1.71875,0.748046875,11.9375,4.879101853317933,28,2,/mnt/data/ssz/mr/results/Qwen2.5-VL/pope/evo/analysis/coco_POPE_random/181.pt
926,926,coco_POPE_random,coco_POPE_random,1,0,"No,",no,1.71875,0.7651909722222222,11.9375,5.261621783563912,28,1,/mnt/data/ssz/mr/results/Qwen2.5-VL/pope/evo/analysis/coco_POPE_random/926.pt
2428,2428,coco_POPE_random,coco_POPE_random,1,0,"No,",no,1.71875,0.7378472222222222,11.9375,5.117856976192092,28,1,/mnt/data/ssz/mr/results/Qwen2.5-VL/pope/evo/analysis/coco_POPE_random/2428.pt
1677,1677,coco_POPE_random,coco_POPE_random,0,1,"No,",yes,1.71875,0.7633101851851852,11.9375,5.167045729421482,28,1,/mnt/data/ssz/mr/results/Qwen2.5-VL/pope/evo/analysis/coco_POPE_random/1677.pt
182,182,coco_POPE_random,coco_POPE_random,1,0,"No,",no,1.71875,0.748046875,11.9375,5.230735124615455,28,2,/mnt/data/ssz/mr/results/Qwen2.5-VL/pope/evo/analysis/coco_POPE_random/182.pt
927,927,coco_POPE_random,coco_POPE_random,0,1,"No,",yes,1.71875,0.7651909722222222,11.9375,5.2559600137014115,28,1,/mnt/data/ssz/mr/results/Qwen2.5-VL/pope/evo/analysis/coco_POPE_random/927.pt
2429,2429,coco_POPE_random,coco_POPE_random,0,1,"No,",yes,1.71875,0.7378472222222222,11.9375,5.104334428050512,28,1,/mnt/data/ssz/mr/results/Qwen2.5-VL/pope/evo/analysis/coco_POPE_random/2429.pt
1678,1678,coco_POPE_random,coco_POPE_random,1,0,"No,",no,1.71875,0.7633101851851852,11.9375,5.292740208157018,28,1,/mnt/data/ssz/mr/results/Qwen2.5-VL/pope/evo/analysis/coco_POPE_random/1678.pt
183,183,coco_POPE_random,coco_POPE_random,1,0,"Yes,",yes,1.71875,0.748046875,11.9375,4.765179088977836,28,2,/mnt/data/ssz/mr/results/Qwen2.5-VL/pope/evo/analysis/coco_POPE_random/183.pt
928,928,coco_POPE_random,coco_POPE_random,1,0,"No,",no,1.71875,0.7651909722222222,11.9375,5.247655938629107,28,1,/mnt/data/ssz/mr/results/Qwen2.5-VL/pope/evo/analysis/coco_POPE_random/928.pt
2430,2430,coco_POPE_random,coco_POPE_random,1,0,"No,",no,1.71875,0.7378472222222222,11.9375,5.168175159294198,28,1,/mnt/data/ssz/mr/results/Qwen2.5-VL/pope/evo/analysis/coco_POPE_random/2430.pt
1679,1679,coco_POPE_random,coco_POPE_random,0,1,"No,",yes,1.71875,0.7633101851851852,11.9375,5.290578866725215,28,1,/mnt/data/ssz/mr/results/Qwen2.5-VL/pope/evo/analysis/coco_POPE_random/1679.pt
929,929,coco_POPE_random,coco_POPE_random,1,0,"Yes,",yes,1.71875,0.7651909722222222,11.9375,4.831500945790143,28,1,/mnt/data/ssz/mr/results/Qwen2.5-VL/pope/evo/analysis/coco_POPE_random/929.pt
184,184,coco_POPE_random,coco_POPE_random,1,0,"No,",no,1.71875,0.748046875,11.9375,5.206299784454445,28,2,/mnt/data/ssz/mr/results/Qwen2.5-VL/pope/evo/analysis/coco_POPE_random/184.pt
2431,2431,coco_POPE_random,coco_POPE_random,1,0,"Yes,",yes,1.734375,0.7445023148148148,11.9375,4.932535681375547,28,1,/mnt/data/ssz/mr/results/Qwen2.5-VL/pope/evo/analysis/coco_POPE_random/2431.pt
1680,1680,coco_POPE_random,coco_POPE_random,1,0,"No,",no,1.71875,0.7634548611111112,11.9375,5.252542234140813,28,1,/mnt/data/ssz/mr/results/Qwen2.5-VL/pope/evo/analysis/coco_POPE_random/1680.pt
930,930,coco_POPE_random,coco_POPE_random,1,0,"No,",no,1.71875,0.7651909722222222,11.9375,5.228075127783776,28,1,/mnt/data/ssz/mr/results/Qwen2.5-VL/pope/evo/analysis/coco_POPE_random/930.pt
185,185,coco_POPE_random,coco_POPE_random,1,0,"Yes,",yes,1.7109375,0.7476851851851852,11.9375,4.634668881462325,28,1,/mnt/data/ssz/mr/results/Qwen2.5-VL/pope/evo/analysis/coco_POPE_random/185.pt
2432,2432,coco_POPE_random,coco_POPE_random,1,0,"No,",no,1.734375,0.7442129629629629,11.9375,5.3154831264802445,28,1,/mnt/data/ssz/mr/results/Qwen2.5-VL/pope/evo/analysis/coco_POPE_random/2432.pt
1681,1681,coco_POPE_random,coco_POPE_random,1,0,"Yes,",yes,1.734375,0.7505787037037037,11.9375,4.674548532638711,28,1,/mnt/data/ssz/mr/results/Qwen2.5-VL/pope/evo/analysis/coco_POPE_random/1681.pt
931,931,coco_POPE_random,coco_POPE_random,1,0,"Yes,",yes,1.71875,0.7554976851851852,11.9375,4.629367093707328,28,1,/mnt/data/ssz/mr/results/Qwen2.5-VL/pope/evo/analysis/coco_POPE_random/931.pt
186,186,coco_POPE_random,coco_POPE_random,1,0,"No,",no,1.71875,0.748046875,11.9375,5.223633053549975,28,2,/mnt/data/ssz/mr/results/Qwen2.5-VL/pope/evo/analysis/coco_POPE_random/186.pt
2433,2433,coco_POPE_random,coco_POPE_random,1,0,"Yes,",yes,1.734375,0.7445023148148148,11.9375,4.76377448829991,28,1,/mnt/data/ssz/mr/results/Qwen2.5-VL/pope/evo/analysis/coco_POPE_random/2433.pt
1682,1682,coco_POPE_random,coco_POPE_random,1,0,"No,",no,1.734375,0.7505787037037037,11.9375,5.226839689141908,28,1,/mnt/data/ssz/mr/results/Qwen2.5-VL/pope/evo/analysis/coco_POPE_random/1682.pt
187,187,coco_POPE_random,coco_POPE_random,1,0,"Yes,",yes,1.703125,0.7760416666666666,11.9375,4.891832160393136,28,1,/mnt/data/ssz/mr/results/Qwen2.5-VL/pope/evo/analysis/coco_POPE_random/187.pt
932,932,coco_POPE_random,coco_POPE_random,1,0,"No,",no,1.71875,0.7560040509259259,11.9375,5.170283154506565,28,1,/mnt/data/ssz/mr/results/Qwen2.5-VL/pope/evo/analysis/coco_POPE_random/932.pt
2434,2434,coco_POPE_random,coco_POPE_random,1,0,"No,",no,1.734375,0.7442129629629629,11.9375,5.222947870240487,28,1,/mnt/data/ssz/mr/results/Qwen2.5-VL/pope/evo/analysis/coco_POPE_random/2434.pt
1683,1683,coco_POPE_random,coco_POPE_random,1,0,"Yes,",yes,1.734375,0.7505787037037037,11.9375,4.713558274477874,28,1,/mnt/data/ssz/mr/results/Qwen2.5-VL/pope/evo/analysis/coco_POPE_random/1683.pt
188,188,coco_POPE_random,coco_POPE_random,1,0,"No,",no,1.703125,0.7760416666666666,11.9375,5.132662569626425,28,1,/mnt/data/ssz/mr/results/Qwen2.5-VL/pope/evo/analysis/coco_POPE_random/188.pt
933,933,coco_POPE_random,coco_POPE_random,1,0,"Yes,",yes,1.71875,0.7562210648148148,11.9375,4.757210118943901,28,1,/mnt/data/ssz/mr/results/Qwen2.5-VL/pope/evo/analysis/coco_POPE_random/933.pt
2435,2435,coco_POPE_random,coco_POPE_random,1,0,"Yes,",yes,1.734375,0.7445023148148148,11.9375,4.819845119165107,28,1,/mnt/data/ssz/mr/results/Qwen2.5-VL/pope/evo/analysis/coco_POPE_random/2435.pt
1684,1684,coco_POPE_random,coco_POPE_random,1,0,"No,",no,1.734375,0.7502893518518519,11.9375,5.150597870187304,28,1,/mnt/data/ssz/mr/results/Qwen2.5-VL/pope/evo/analysis/coco_POPE_random/1684.pt
189,189,coco_POPE_random,coco_POPE_random,1,0,"Yes,",yes,1.703125,0.7760416666666666,11.9375,4.79371597728695,28,1,/mnt/data/ssz/mr/results/Qwen2.5-VL/pope/evo/analysis/coco_POPE_random/189.pt
934,934,coco_POPE_random,coco_POPE_random,1,0,"No,",no,1.71875,0.7560040509259259,11.9375,5.192593633665297,28,1,/mnt/data/ssz/mr/results/Qwen2.5-VL/pope/evo/analysis/coco_POPE_random/934.pt
2436,2436,coco_POPE_random,coco_POPE_random,1,0,"No,",no,1.7265625,0.7439236111111112,11.9375,5.289185906594522,28,1,/mnt/data/ssz/mr/results/Qwen2.5-VL/pope/evo/analysis/coco_POPE_random/2436.pt
1685,1685,coco_POPE_random,coco_POPE_random,1,0,"Yes,",yes,1.734375,0.75,11.9375,4.789092608397981,28,1,/mnt/data/ssz/mr/results/Qwen2.5-VL/pope/evo/analysis/coco_POPE_random/1685.pt
190,190,coco_POPE_random,coco_POPE_random,1,0,"No,",no,1.703125,0.7760416666666666,11.9375,5.214778894028282,28,1,/mnt/data/ssz/mr/results/Qwen2.5-VL/pope/evo/analysis/coco_POPE_random/190.pt
935,935,coco_POPE_random,coco_POPE_random,0,1,"No,",yes,1.71875,0.7556423611111112,11.9375,5.158963538250552,28,1,/mnt/data/ssz/mr/results/Qwen2.5-VL/pope/evo/analysis/coco_POPE_random/935.pt
2437,2437,coco_POPE_random,coco_POPE_random,1,0,"Yes,",yes,1.734375,0.7557870370370371,11.9375,4.723582587991779,28,1,/mnt/data/ssz/mr/results/Qwen2.5-VL/pope/evo/analysis/coco_POPE_random/2437.pt
1686,1686,coco_POPE_random,coco_POPE_random,1,0,"No,",no,1.734375,0.7505787037037037,11.9375,5.092062928290354,28,1,/mnt/data/ssz/mr/results/Qwen2.5-VL/pope/evo/analysis/coco_POPE_random/1686.pt
191,191,coco_POPE_random,coco_POPE_random,1,0,"Yes,",yes,1.703125,0.7760416666666666,11.9375,4.681755151394916,28,1,/mnt/data/ssz/mr/results/Qwen2.5-VL/pope/evo/analysis/coco_POPE_random/191.pt
936,936,coco_POPE_random,coco_POPE_random,1,0,"No,",no,1.71875,0.7556423611111112,11.9375,5.10170373283821,28,1,/mnt/data/ssz/mr/results/Qwen2.5-VL/pope/evo/analysis/coco_POPE_random/936.pt
192,192,coco_POPE_random,coco_POPE_random,1,0,"No,",no,1.703125,0.7758969907407407,11.9375,5.31216365813907,28,1,/mnt/data/ssz/mr/results/Qwen2.5-VL/pope/evo/analysis/coco_POPE_random/192.pt
2438,2438,coco_POPE_random,coco_POPE_random,1,0,"No,",no,1.734375,0.7557146990740741,11.9375,5.196528302786873,28,1,/mnt/data/ssz/mr/results/Qwen2.5-VL/pope/evo/analysis/coco_POPE_random/2438.pt
1687,1687,coco_POPE_random,coco_POPE_random,0,1,"No,",yes,1.734375,0.7465277777777778,11.9375,5.199058104675024,28,1,/mnt/data/ssz/mr/results/Qwen2.5-VL/pope/evo/analysis/coco_POPE_random/1687.pt
937,937,coco_POPE_random,coco_POPE_random,1,0,"Yes,",yes,1.734375,0.7446469907407407,11.9375,4.766607105833515,28,1,/mnt/data/ssz/mr/results/Qwen2.5-VL/pope/evo/analysis/coco_POPE_random/937.pt
193,193,coco_POPE_random,coco_POPE_random,1,0,"Yes,",yes,1.65625,0.7674334490740741,11.9375,4.761004439863162,28,1,/mnt/data/ssz/mr/results/Qwen2.5-VL/pope/evo/analysis/coco_POPE_random/193.pt
2439,2439,coco_POPE_random,coco_POPE_random,1,0,"Yes,",yes,1.734375,0.7557870370370371,11.9375,4.796572341411068,28,1,/mnt/data/ssz/mr/results/Qwen2.5-VL/pope/evo/analysis/coco_POPE_random/2439.pt
1688,1688,coco_POPE_random,coco_POPE_random,1,0,"No,",no,1.734375,0.7465277777777778,11.9375,5.19767962895351,28,1,/mnt/data/ssz/mr/results/Qwen2.5-VL/pope/evo/analysis/coco_POPE_random/1688.pt
194,194,coco_POPE_random,coco_POPE_random,1,0,"No,",no,1.65625,0.7674334490740741,11.9375,5.199985969421912,28,1,/mnt/data/ssz/mr/results/Qwen2.5-VL/pope/evo/analysis/coco_POPE_random/194.pt
938,938,coco_POPE_random,coco_POPE_random,1,0,"No,",no,1.734375,0.7446469907407407,11.9375,5.194440754559404,28,1,/mnt/data/ssz/mr/results/Qwen2.5-VL/pope/evo/analysis/coco_POPE_random/938.pt
2440,2440,coco_POPE_random,coco_POPE_random,1,0,"No,",no,1.734375,0.7557146990740741,11.9375,5.245538543690005,28,1,/mnt/data/ssz/mr/results/Qwen2.5-VL/pope/evo/analysis/coco_POPE_random/2440.pt
1689,1689,coco_POPE_random,coco_POPE_random,1,0,"Yes,",yes,1.734375,0.74609375,11.9375,4.847026711856963,28,1,/mnt/data/ssz/mr/results/Qwen2.5-VL/pope/evo/analysis/coco_POPE_random/1689.pt
195,195,coco_POPE_random,coco_POPE_random,0,1,"No,",yes,1.65625,0.7670717592592593,11.9375,5.213351145620281,28,1,/mnt/data/ssz/mr/results/Qwen2.5-VL/pope/evo/analysis/coco_POPE_random/195.pt
939,939,coco_POPE_random,coco_POPE_random,0,1,"No,",yes,1.734375,0.7445023148148148,11.9375,5.368652460282749,28,1,/mnt/data/ssz/mr/results/Qwen2.5-VL/pope/evo/analysis/coco_POPE_random/939.pt
2441,2441,coco_POPE_random,coco_POPE_random,1,0,"Yes,",yes,1.734375,0.7557870370370371,11.9375,4.765348178784468,28,1,/mnt/data/ssz/mr/results/Qwen2.5-VL/pope/evo/analysis/coco_POPE_random/2441.pt
1690,1690,coco_POPE_random,coco_POPE_random,1,0,"No,",no,1.734375,0.74609375,11.9375,5.186594809964312,28,1,/mnt/data/ssz/mr/results/Qwen2.5-VL/pope/evo/analysis/coco_POPE_random/1690.pt
196,196,coco_POPE_random,coco_POPE_random,1,0,"No,",no,1.65625,0.7672164351851852,11.9375,5.155515132549132,28,1,/mnt/data/ssz/mr/results/Qwen2.5-VL/pope/evo/analysis/coco_POPE_random/196.pt
940,940,coco_POPE_random,coco_POPE_random,1,0,"No,",no,1.734375,0.7446469907407407,11.9375,5.22466581693729,28,1,/mnt/data/ssz/mr/results/Qwen2.5-VL/pope/evo/analysis/coco_POPE_random/940.pt
197,197,coco_POPE_random,coco_POPE_random,0,1,"No,",yes,1.65625,0.7672164351851852,11.9375,5.2080543431993345,28,1,/mnt/data/ssz/mr/results/Qwen2.5-VL/pope/evo/analysis/coco_POPE_random/197.pt
2442,2442,coco_POPE_random,coco_POPE_random,1,0,"No,",no,1.734375,0.7557146990740741,11.9375,5.193378038604226,28,1,/mnt/data/ssz/mr/results/Qwen2.5-VL/pope/evo/analysis/coco_POPE_random/2442.pt
1691,1691,coco_POPE_random,coco_POPE_random,1,0,"Yes,",yes,1.734375,0.7465277777777778,11.9375,4.767268518333516,28,1,/mnt/data/ssz/mr/results/Qwen2.5-VL/pope/evo/analysis/coco_POPE_random/1691.pt
941,941,coco_POPE_random,coco_POPE_random,1,0,"Yes,",yes,1.734375,0.7445023148148148,11.9375,4.792701422584155,28,1,/mnt/data/ssz/mr/results/Qwen2.5-VL/pope/evo/analysis/coco_POPE_random/941.pt
198,198,coco_POPE_random,coco_POPE_random,1,0,"No,",no,1.65625,0.7671440972222222,11.9375,5.134957113532374,28,1,/mnt/data/ssz/mr/results/Qwen2.5-VL/pope/evo/analysis/coco_POPE_random/198.pt
2443,2443,coco_POPE_random,coco_POPE_random,0,1,"No,",yes,1.7109375,0.7421875,11.9375,5.3315483668100585,28,1,/mnt/data/ssz/mr/results/Qwen2.5-VL/pope/evo/analysis/coco_POPE_random/2443.pt
1692,1692,coco_POPE_random,coco_POPE_random,1,0,"No,",no,1.734375,0.7465277777777778,11.9375,5.182179882145711,28,1,/mnt/data/ssz/mr/results/Qwen2.5-VL/pope/evo/analysis/coco_POPE_random/1692.pt
942,942,coco_POPE_random,coco_POPE_random,1,0,"No,",no,1.734375,0.7446469907407407,11.9375,5.160340381240467,28,1,/mnt/data/ssz/mr/results/Qwen2.5-VL/pope/evo/analysis/coco_POPE_random/942.pt
199,199,coco_POPE_random,coco_POPE_random,0,1,"No,",yes,1.6875,0.7397280092592593,11.9375,5.176116431723068,28,1,/mnt/data/ssz/mr/results/Qwen2.5-VL/pope/evo/analysis/coco_POPE_random/199.pt
2444,2444,coco_POPE_random,coco_POPE_random,1,0,"No,",no,1.7109375,0.7421875,11.9375,5.198090342300619,28,1,/mnt/data/ssz/mr/results/Qwen2.5-VL/pope/evo/analysis/coco_POPE_random/2444.pt
1693,1693,coco_POPE_random,coco_POPE_random,1,0,"Yes,",yes,1.7265625,0.7527488425925926,11.9375,4.73893692304289,28,1,/mnt/data/ssz/mr/results/Qwen2.5-VL/pope/evo/analysis/coco_POPE_random/1693.pt
943,943,coco_POPE_random,coco_POPE_random,0,1,"No,",yes,1.6875,0.7494212962962963,11.9375,5.3782362807980855,28,1,/mnt/data/ssz/mr/results/Qwen2.5-VL/pope/evo/analysis/coco_POPE_random/943.pt
200,200,coco_POPE_random,coco_POPE_random,1,0,"No,",no,1.6875,0.7397280092592593,11.9375,5.2247853257809025,28,1,/mnt/data/ssz/mr/results/Qwen2.5-VL/pope/evo/analysis/coco_POPE_random/200.pt
2445,2445,coco_POPE_random,coco_POPE_random,1,0,"Yes,",yes,1.7109375,0.7423321759259259,11.9375,4.632912063129913,28,1,/mnt/data/ssz/mr/results/Qwen2.5-VL/pope/evo/analysis/coco_POPE_random/2445.pt
1694,1694,coco_POPE_random,coco_POPE_random,1,0,"No,",no,1.7265625,0.7527488425925926,11.9375,5.19545096679526,28,1,/mnt/data/ssz/mr/results/Qwen2.5-VL/pope/evo/analysis/coco_POPE_random/1694.pt
944,944,coco_POPE_random,coco_POPE_random,1,0,"No,",no,1.6875,0.7494212962962963,11.9375,5.265795998878761,28,1,/mnt/data/ssz/mr/results/Qwen2.5-VL/pope/evo/analysis/coco_POPE_random/944.pt
201,201,coco_POPE_random,coco_POPE_random,1,0,"Yes,",yes,1.6875,0.7397280092592593,11.9375,4.822996754881889,28,1,/mnt/data/ssz/mr/results/Qwen2.5-VL/pope/evo/analysis/coco_POPE_random/201.pt
2446,2446,coco_POPE_random,coco_POPE_random,1,0,"No,",no,1.7109375,0.7423321759259259,11.9375,5.17791228987962,28,1,/mnt/data/ssz/mr/results/Qwen2.5-VL/pope/evo/analysis/coco_POPE_random/2446.pt
1695,1695,coco_POPE_random,coco_POPE_random,1,0,"Yes,",yes,1.7265625,0.7527488425925926,11.9375,4.852232403889141,28,1,/mnt/data/ssz/mr/results/Qwen2.5-VL/pope/evo/analysis/coco_POPE_random/1695.pt
945,945,coco_POPE_random,coco_POPE_random,0,1,"No,",yes,1.6875,0.7494212962962963,11.9375,5.304852488963159,28,1,/mnt/data/ssz/mr/results/Qwen2.5-VL/pope/evo/analysis/coco_POPE_random/945.pt
202,202,coco_POPE_random,coco_POPE_random,1,0,"No,",no,1.6875,0.7397280092592593,11.9375,5.236980089411723,28,1,/mnt/data/ssz/mr/results/Qwen2.5-VL/pope/evo/analysis/coco_POPE_random/202.pt
2447,2447,coco_POPE_random,coco_POPE_random,1,0,"Yes,",yes,1.7109375,0.7423321759259259,11.9375,4.69598308623145,28,1,/mnt/data/ssz/mr/results/Qwen2.5-VL/pope/evo/analysis/coco_POPE_random/2447.pt
1696,1696,coco_POPE_random,coco_POPE_random,1,0,"No,",no,1.7265625,0.7527488425925926,11.9375,5.214456562497021,28,1,/mnt/data/ssz/mr/results/Qwen2.5-VL/pope/evo/analysis/coco_POPE_random/1696.pt
946,946,coco_POPE_random,coco_POPE_random,1,0,"No,",no,1.6875,0.7494212962962963,11.9375,5.3851406033419815,28,1,/mnt/data/ssz/mr/results/Qwen2.5-VL/pope/evo/analysis/coco_POPE_random/946.pt
203,203,coco_POPE_random,coco_POPE_random,0,1,"No,",yes,1.6875,0.7405237268518519,11.9375,5.205312287040076,28,1,/mnt/data/ssz/mr/results/Qwen2.5-VL/pope/evo/analysis/coco_POPE_random/203.pt
2448,2448,coco_POPE_random,coco_POPE_random,1,0,"No,",no,1.7109375,0.7423321759259259,11.9375,5.10800963227064,28,1,/mnt/data/ssz/mr/results/Qwen2.5-VL/pope/evo/analysis/coco_POPE_random/2448.pt
1697,1697,coco_POPE_random,coco_POPE_random,0,1,"No,",yes,1.7265625,0.7527488425925926,11.9375,5.2454621322902115,28,1,/mnt/data/ssz/mr/results/Qwen2.5-VL/pope/evo/analysis/coco_POPE_random/1697.pt
947,947,coco_POPE_random,coco_POPE_random,1,0,"Yes,",yes,1.6875,0.7494212962962963,11.9375,4.796684243064476,28,1,/mnt/data/ssz/mr/results/Qwen2.5-VL/pope/evo/analysis/coco_POPE_random/947.pt
204,204,coco_POPE_random,coco_POPE_random,1,0,"No,",no,1.6875,0.7397280092592593,11.9375,5.172624366339482,28,1,/mnt/data/ssz/mr/results/Qwen2.5-VL/pope/evo/analysis/coco_POPE_random/204.pt
1698,1698,coco_POPE_random,coco_POPE_random,1,0,"No,",no,1.7265625,0.7527488425925926,11.9375,5.159570107927025,28,1,/mnt/data/ssz/mr/results/Qwen2.5-VL/pope/evo/analysis/coco_POPE_random/1698.pt
2449,2449,coco_POPE_random,coco_POPE_random,0,1,"No,",yes,1.703125,0.7229456018518519,11.9375,5.145128901166982,28,1,/mnt/data/ssz/mr/results/Qwen2.5-VL/pope/evo/analysis/coco_POPE_random/2449.pt
205,205,coco_POPE_random,coco_POPE_random,1,0,"Yes,",yes,1.75,0.7408130787037037,11.9375,4.782330806660502,28,1,/mnt/data/ssz/mr/results/Qwen2.5-VL/pope/evo/analysis/coco_POPE_random/205.pt
948,948,coco_POPE_random,coco_POPE_random,1,0,"No,",no,1.6875,0.7494212962962963,11.9375,5.298133166803005,28,1,/mnt/data/ssz/mr/results/Qwen2.5-VL/pope/evo/analysis/coco_POPE_random/948.pt
206,206,coco_POPE_random,coco_POPE_random,1,0,"No,",no,1.75,0.7411747685185185,11.9375,5.12785923887839,28,1,/mnt/data/ssz/mr/results/Qwen2.5-VL/pope/evo/analysis/coco_POPE_random/206.pt
1699,1699,coco_POPE_random,coco_POPE_random,1,0,"Yes,",yes,1.734375,0.7358217592592593,11.9375,4.732772850815881,28,1,/mnt/data/ssz/mr/results/Qwen2.5-VL/pope/evo/analysis/coco_POPE_random/1699.pt
2450,2450,coco_POPE_random,coco_POPE_random,1,0,"No,",no,1.703125,0.7229456018518519,11.9375,5.170009628464149,28,1,/mnt/data/ssz/mr/results/Qwen2.5-VL/pope/evo/analysis/coco_POPE_random/2450.pt
949,949,coco_POPE_random,coco_POPE_random,1,0,"Yes,",yes,1.703125,0.7621527777777778,11.9375,4.911001985718534,28,1,/mnt/data/ssz/mr/results/Qwen2.5-VL/pope/evo/analysis/coco_POPE_random/949.pt
207,207,coco_POPE_random,coco_POPE_random,1,0,"Yes,",yes,1.75,0.7413917824074074,11.9375,4.8374070904703395,28,1,/mnt/data/ssz/mr/results/Qwen2.5-VL/pope/evo/analysis/coco_POPE_random/207.pt
1700,1700,coco_POPE_random,coco_POPE_random,1,0,"No,",no,1.734375,0.7358217592592593,11.9375,5.242213411788068,28,1,/mnt/data/ssz/mr/results/Qwen2.5-VL/pope/evo/analysis/coco_POPE_random/1700.pt
2451,2451,coco_POPE_random,coco_POPE_random,1,0,"Yes,",yes,1.7109375,0.7245370370370371,11.9375,4.673741155854543,28,1,/mnt/data/ssz/mr/results/Qwen2.5-VL/pope/evo/analysis/coco_POPE_random/2451.pt
950,950,coco_POPE_random,coco_POPE_random,1,0,"No,",no,1.703125,0.7621527777777778,11.9375,5.339988142084372,28,1,/mnt/data/ssz/mr/results/Qwen2.5-VL/pope/evo/analysis/coco_POPE_random/950.pt
208,208,coco_POPE_random,coco_POPE_random,1,0,"No,",no,1.75,0.7411747685185185,11.9375,5.125611949222417,28,1,/mnt/data/ssz/mr/results/Qwen2.5-VL/pope/evo/analysis/coco_POPE_random/208.pt
1701,1701,coco_POPE_random,coco_POPE_random,1,0,"Yes,",yes,1.734375,0.7358217592592593,11.9375,4.697142569982983,28,1,/mnt/data/ssz/mr/results/Qwen2.5-VL/pope/evo/analysis/coco_POPE_random/1701.pt
951,951,coco_POPE_random,coco_POPE_random,0,1,"No,",yes,1.703125,0.7621527777777778,11.9375,5.300311391607166,28,1,/mnt/data/ssz/mr/results/Qwen2.5-VL/pope/evo/analysis/coco_POPE_random/951.pt
2452,2452,coco_POPE_random,coco_POPE_random,1,0,"No,",no,1.703125,0.7229456018518519,11.9375,5.214774160464004,28,1,/mnt/data/ssz/mr/results/Qwen2.5-VL/pope/evo/analysis/coco_POPE_random/2452.pt
209,209,coco_POPE_random,coco_POPE_random,1,0,"Yes,",yes,1.75,0.7408130787037037,11.9375,4.736383981628408,28,1,/mnt/data/ssz/mr/results/Qwen2.5-VL/pope/evo/analysis/coco_POPE_random/209.pt
1702,1702,coco_POPE_random,coco_POPE_random,1,0,"No,",no,1.734375,0.7358217592592593,11.9375,5.281110971393809,28,1,/mnt/data/ssz/mr/results/Qwen2.5-VL/pope/evo/analysis/coco_POPE_random/1702.pt
952,952,coco_POPE_random,coco_POPE_random,1,0,"No,",no,1.703125,0.7621527777777778,11.9375,5.327738668510675,28,1,/mnt/data/ssz/mr/results/Qwen2.5-VL/pope/evo/analysis/coco_POPE_random/952.pt
2453,2453,coco_POPE_random,coco_POPE_random,1,0,"Yes,",yes,1.7109375,0.7245370370370371,11.9375,4.690709076230822,28,1,/mnt/data/ssz/mr/results/Qwen2.5-VL/pope/evo/analysis/coco_POPE_random/2453.pt
210,210,coco_POPE_random,coco_POPE_random,1,0,"No,",no,1.7578125,0.7404513888888888,11.9375,5.153664536270989,28,2,/mnt/data/ssz/mr/results/Qwen2.5-VL/pope/evo/analysis/coco_POPE_random/210.pt
1703,1703,coco_POPE_random,coco_POPE_random,1,0,"Yes,",yes,1.734375,0.7358217592592593,11.9375,4.763892674053921,28,1,/mnt/data/ssz/mr/results/Qwen2.5-VL/pope/evo/analysis/coco_POPE_random/1703.pt
953,953,coco_POPE_random,coco_POPE_random,1,0,"Yes,",yes,1.703125,0.7621527777777778,11.9375,4.803342967316238,28,1,/mnt/data/ssz/mr/results/Qwen2.5-VL/pope/evo/analysis/coco_POPE_random/953.pt
211,211,coco_POPE_random,coco_POPE_random,1,0,"Yes,",yes,1.734375,0.73046875,11.9375,4.791323257360068,28,1,/mnt/data/ssz/mr/results/Qwen2.5-VL/pope/evo/analysis/coco_POPE_random/211.pt
2454,2454,coco_POPE_random,coco_POPE_random,1,0,"No,",no,1.7109375,0.7245370370370371,11.9375,5.192379169347987,28,1,/mnt/data/ssz/mr/results/Qwen2.5-VL/pope/evo/analysis/coco_POPE_random/2454.pt
212,212,coco_POPE_random,coco_POPE_random,1,0,"No,",no,1.734375,0.7288773148148148,11.9375,5.210219346935791,28,1,/mnt/data/ssz/mr/results/Qwen2.5-VL/pope/evo/analysis/coco_POPE_random/212.pt
1704,1704,coco_POPE_random,coco_POPE_random,1,0,"No,",no,1.734375,0.7358217592592593,11.9375,5.226183744437427,28,1,/mnt/data/ssz/mr/results/Qwen2.5-VL/pope/evo/analysis/coco_POPE_random/1704.pt
954,954,coco_POPE_random,coco_POPE_random,1,0,"No,",no,1.703125,0.7621527777777778,11.9375,5.335846370658742,28,1,/mnt/data/ssz/mr/results/Qwen2.5-VL/pope/evo/analysis/coco_POPE_random/954.pt
2455,2455,coco_POPE_random,coco_POPE_random,1,0,"Yes,",yes,1.71875,0.7434172453703703,11.9375,4.813276392838596,28,1,/mnt/data/ssz/mr/results/Qwen2.5-VL/pope/evo/analysis/coco_POPE_random/2455.pt
213,213,coco_POPE_random,coco_POPE_random,1,0,"Yes,",yes,1.734375,0.73046875,11.9375,4.7776696304906725,28,1,/mnt/data/ssz/mr/results/Qwen2.5-VL/pope/evo/analysis/coco_POPE_random/213.pt
955,955,coco_POPE_random,coco_POPE_random,1,0,"Yes,",yes,1.6875,0.7420428240740741,11.9375,4.797206943436575,28,1,/mnt/data/ssz/mr/results/Qwen2.5-VL/pope/evo/analysis/coco_POPE_random/955.pt
1705,1705,coco_POPE_random,coco_POPE_random,1,0,"Yes,",yes,1.6953125,0.7598379629629629,11.9375,4.723499880573494,28,1,/mnt/data/ssz/mr/results/Qwen2.5-VL/pope/evo/analysis/coco_POPE_random/1705.pt
2456,2456,coco_POPE_random,coco_POPE_random,1,0,"No,",no,1.71875,0.7434172453703703,11.9375,5.1329084688364555,28,1,/mnt/data/ssz/mr/results/Qwen2.5-VL/pope/evo/analysis/coco_POPE_random/2456.pt
214,214,coco_POPE_random,coco_POPE_random,1,0,"No,",no,1.734375,0.73046875,11.9375,5.1582517683689675,28,1,/mnt/data/ssz/mr/results/Qwen2.5-VL/pope/evo/analysis/coco_POPE_random/214.pt
956,956,coco_POPE_random,coco_POPE_random,1,0,"No,",no,1.6875,0.7420428240740741,11.9375,5.128704777573527,28,1,/mnt/data/ssz/mr/results/Qwen2.5-VL/pope/evo/analysis/coco_POPE_random/956.pt
2457,2457,coco_POPE_random,coco_POPE_random,1,0,"Yes,",yes,1.71875,0.7434172453703703,11.9375,4.712277053876278,28,1,/mnt/data/ssz/mr/results/Qwen2.5-VL/pope/evo/analysis/coco_POPE_random/2457.pt
1706,1706,coco_POPE_random,coco_POPE_random,1,0,"No,",no,1.6953125,0.7603443287037037,11.9375,5.232016167046759,28,1,/mnt/data/ssz/mr/results/Qwen2.5-VL/pope/evo/analysis/coco_POPE_random/1706.pt
215,215,coco_POPE_random,coco_POPE_random,0,1,"No,",yes,1.734375,0.73046875,11.9375,5.163934797345755,28,1,/mnt/data/ssz/mr/results/Qwen2.5-VL/pope/evo/analysis/coco_POPE_random/215.pt
957,957,coco_POPE_random,coco_POPE_random,0,1,"No,",yes,1.6875,0.7420428240740741,11.9375,5.3206708314890605,28,1,/mnt/data/ssz/mr/results/Qwen2.5-VL/pope/evo/analysis/coco_POPE_random/957.pt
216,216,coco_POPE_random,coco_POPE_random,1,0,"No,",no,1.734375,0.7284432870370371,11.9375,5.179366809539637,28,1,/mnt/data/ssz/mr/results/Qwen2.5-VL/pope/evo/analysis/coco_POPE_random/216.pt
2458,2458,coco_POPE_random,coco_POPE_random,1,0,"No,",no,1.71875,0.7439236111111112,11.9375,5.1647572845752086,28,1,/mnt/data/ssz/mr/results/Qwen2.5-VL/pope/evo/analysis/coco_POPE_random/2458.pt
1707,1707,coco_POPE_random,coco_POPE_random,0,1,"No,",yes,1.6953125,0.7598379629629629,11.9375,5.30274363447399,28,1,/mnt/data/ssz/mr/results/Qwen2.5-VL/pope/evo/analysis/coco_POPE_random/1707.pt
958,958,coco_POPE_random,coco_POPE_random,1,0,"No,",no,1.6875,0.7420428240740741,11.9375,5.18253910097676,28,1,/mnt/data/ssz/mr/results/Qwen2.5-VL/pope/evo/analysis/coco_POPE_random/958.pt
217,217,coco_POPE_random,coco_POPE_random,1,0,"Yes,",yes,1.71875,0.7242476851851852,11.9375,4.814235553051128,28,1,/mnt/data/ssz/mr/results/Qwen2.5-VL/pope/evo/analysis/coco_POPE_random/217.pt
2459,2459,coco_POPE_random,coco_POPE_random,1,0,"Yes,",yes,1.71875,0.7434172453703703,11.9375,4.719545544285763,28,1,/mnt/data/ssz/mr/results/Qwen2.5-VL/pope/evo/analysis/coco_POPE_random/2459.pt
1708,1708,coco_POPE_random,coco_POPE_random,1,0,"No,",no,1.6953125,0.7606336805555556,11.9375,5.208226515470572,28,1,/mnt/data/ssz/mr/results/Qwen2.5-VL/pope/evo/analysis/coco_POPE_random/1708.pt
218,218,coco_POPE_random,coco_POPE_random,1,0,"No,",no,1.71875,0.7242476851851852,11.9375,5.175206412854285,28,1,/mnt/data/ssz/mr/results/Qwen2.5-VL/pope/evo/analysis/coco_POPE_random/218.pt
2460,2460,coco_POPE_random,coco_POPE_random,1,0,"No,",no,1.71875,0.7445023148148148,11.9375,5.179722651642617,28,1,/mnt/data/ssz/mr/results/Qwen2.5-VL/pope/evo/analysis/coco_POPE_random/2460.pt
959,959,coco_POPE_random,coco_POPE_random,1,0,"Yes,",yes,1.6875,0.7420428240740741,11.9375,4.745050543412648,28,1,/mnt/data/ssz/mr/results/Qwen2.5-VL/pope/evo/analysis/coco_POPE_random/959.pt
1709,1709,coco_POPE_random,coco_POPE_random,0,1,"No,",yes,1.6953125,0.7598379629629629,11.9375,5.312841187128634,28,1,/mnt/data/ssz/mr/results/Qwen2.5-VL/pope/evo/analysis/coco_POPE_random/1709.pt
219,219,coco_POPE_random,coco_POPE_random,1,0,"Yes,",yes,1.71875,0.7242476851851852,11.9375,4.677241247676466,28,1,/mnt/data/ssz/mr/results/Qwen2.5-VL/pope/evo/analysis/coco_POPE_random/219.pt
2461,2461,coco_POPE_random,coco_POPE_random,1,0,"Yes,",yes,1.7421875,0.7463831018518519,11.9375,4.90973700452704,28,1,/mnt/data/ssz/mr/results/Qwen2.5-VL/pope/evo/analysis/coco_POPE_random/2461.pt
960,960,coco_POPE_random,coco_POPE_random,1,0,"No,",no,1.6875,0.7420428240740741,11.9375,5.272684038752327,28,1,/mnt/data/ssz/mr/results/Qwen2.5-VL/pope/evo/analysis/coco_POPE_random/960.pt
1710,1710,coco_POPE_random,coco_POPE_random,1,0,"No,",no,1.6953125,0.7598379629629629,11.9375,5.152467094989647,28,1,/mnt/data/ssz/mr/results/Qwen2.5-VL/pope/evo/analysis/coco_POPE_random/1710.pt
1711,1711,coco_POPE_random,coco_POPE_random,1,0,"Yes,",yes,1.71875,0.7566550925925926,11.9375,4.677013377099534,28,1,/mnt/data/ssz/mr/results/Qwen2.5-VL/pope/evo/analysis/coco_POPE_random/1711.pt
220,220,coco_POPE_random,coco_POPE_random,1,0,"No,",no,1.71875,0.7249710648148148,11.9375,5.127326106234627,28,1,/mnt/data/ssz/mr/results/Qwen2.5-VL/pope/evo/analysis/coco_POPE_random/220.pt
2462,2462,coco_POPE_random,coco_POPE_random,1,0,"No,",no,1.7421875,0.7459490740740741,11.9375,5.369945902345441,28,1,/mnt/data/ssz/mr/results/Qwen2.5-VL/pope/evo/analysis/coco_POPE_random/2462.pt
961,961,coco_POPE_random,coco_POPE_random,1,0,"Yes,",yes,1.734375,0.7552083333333334,11.9375,4.826807172540456,28,1,/mnt/data/ssz/mr/results/Qwen2.5-VL/pope/evo/analysis/coco_POPE_random/961.pt
1712,1712,coco_POPE_random,coco_POPE_random,1,0,"No,",no,1.71875,0.7566550925925926,11.9375,5.131162502704307,28,1,/mnt/data/ssz/mr/results/Qwen2.5-VL/pope/evo/analysis/coco_POPE_random/1712.pt
221,221,coco_POPE_random,coco_POPE_random,1,0,"Yes,",yes,1.71875,0.7242476851851852,11.9375,4.759530862531784,28,1,/mnt/data/ssz/mr/results/Qwen2.5-VL/pope/evo/analysis/coco_POPE_random/221.pt
2463,2463,coco_POPE_random,coco_POPE_random,0,1,"No,",yes,1.7421875,0.7463831018518519,11.9375,5.240259759915466,28,1,/mnt/data/ssz/mr/results/Qwen2.5-VL/pope/evo/analysis/coco_POPE_random/2463.pt
962,962,coco_POPE_random,coco_POPE_random,1,0,"No,",no,1.734375,0.7546296296296297,11.9375,5.139243124730236,28,2,/mnt/data/ssz/mr/results/Qwen2.5-VL/pope/evo/analysis/coco_POPE_random/962.pt
1713,1713,coco_POPE_random,coco_POPE_random,1,0,"Yes,",yes,1.71875,0.7566550925925926,11.9375,4.803229611138549,28,1,/mnt/data/ssz/mr/results/Qwen2.5-VL/pope/evo/analysis/coco_POPE_random/1713.pt
222,222,coco_POPE_random,coco_POPE_random,1,0,"No,",no,1.71875,0.7249710648148148,11.9375,5.1351079779388815,28,1,/mnt/data/ssz/mr/results/Qwen2.5-VL/pope/evo/analysis/coco_POPE_random/222.pt
2464,2464,coco_POPE_random,coco_POPE_random,1,0,"No,",no,1.7421875,0.7461660879629629,11.9375,5.27354616037036,28,1,/mnt/data/ssz/mr/results/Qwen2.5-VL/pope/evo/analysis/coco_POPE_random/2464.pt
963,963,coco_POPE_random,coco_POPE_random,1,0,"Yes,",yes,1.734375,0.7552083333333334,11.9375,4.677295620567498,28,1,/mnt/data/ssz/mr/results/Qwen2.5-VL/pope/evo/analysis/coco_POPE_random/963.pt
1714,1714,coco_POPE_random,coco_POPE_random,1,0,"No,",no,1.71875,0.7566550925925926,11.9375,5.144847569456283,28,1,/mnt/data/ssz/mr/results/Qwen2.5-VL/pope/evo/analysis/coco_POPE_random/1714.pt
223,223,coco_POPE_random,coco_POPE_random,1,0,"Yes,",yes,1.734375,0.7348090277777778,11.9375,4.867681758820269,28,1,/mnt/data/ssz/mr/results/Qwen2.5-VL/pope/evo/analysis/coco_POPE_random/223.pt
2465,2465,coco_POPE_random,coco_POPE_random,0,1,"No,",yes,1.7421875,0.7463831018518519,11.9375,5.210898942690682,28,1,/mnt/data/ssz/mr/results/Qwen2.5-VL/pope/evo/analysis/coco_POPE_random/2465.pt
964,964,coco_POPE_random,coco_POPE_random,1,0,"No,",no,1.734375,0.7552083333333334,11.9375,5.084822573672901,28,1,/mnt/data/ssz/mr/results/Qwen2.5-VL/pope/evo/analysis/coco_POPE_random/964.pt
1715,1715,coco_POPE_random,coco_POPE_random,1,0,"Yes,",yes,1.71875,0.7566550925925926,11.9375,4.686834555362269,28,1,/mnt/data/ssz/mr/results/Qwen2.5-VL/pope/evo/analysis/coco_POPE_random/1715.pt
1716,1716,coco_POPE_random,coco_POPE_random,1,0,"No,",no,1.71875,0.7566550925925926,11.9375,5.161561618016549,28,1,/mnt/data/ssz/mr/results/Qwen2.5-VL/pope/evo/analysis/coco_POPE_random/1716.pt
2466,2466,coco_POPE_random,coco_POPE_random,1,0,"No,",no,1.7421875,0.7461660879629629,11.9375,5.360965389582221,28,1,/mnt/data/ssz/mr/results/Qwen2.5-VL/pope/evo/analysis/coco_POPE_random/2466.pt
965,965,coco_POPE_random,coco_POPE_random,1,0,"Yes,",yes,1.734375,0.7552083333333334,11.9375,4.597579405347934,28,1,/mnt/data/ssz/mr/results/Qwen2.5-VL/pope/evo/analysis/coco_POPE_random/965.pt
224,224,coco_POPE_random,coco_POPE_random,1,0,"No,",no,1.734375,0.7348090277777778,11.9375,5.353074845537777,28,1,/mnt/data/ssz/mr/results/Qwen2.5-VL/pope/evo/analysis/coco_POPE_random/224.pt
1717,1717,coco_POPE_random,coco_POPE_random,1,0,"Yes,",yes,1.71875,0.7557870370370371,11.9375,4.892535822449472,28,1,/mnt/data/ssz/mr/results/Qwen2.5-VL/pope/evo/analysis/coco_POPE_random/1717.pt
2467,2467,coco_POPE_random,coco_POPE_random,1,0,"Yes,",yes,1.71875,0.7641782407407407,11.9375,4.846323941595469,28,1,/mnt/data/ssz/mr/results/Qwen2.5-VL/pope/evo/analysis/coco_POPE_random/2467.pt
966,966,coco_POPE_random,coco_POPE_random,1,0,"No,",no,1.71875,0.7540509259259259,11.9375,5.131217221315355,28,1,/mnt/data/ssz/mr/results/Qwen2.5-VL/pope/evo/analysis/coco_POPE_random/966.pt
225,225,coco_POPE_random,coco_POPE_random,1,0,"Yes,",yes,1.734375,0.7348090277777778,11.9375,4.722111575064661,28,1,/mnt/data/ssz/mr/results/Qwen2.5-VL/pope/evo/analysis/coco_POPE_random/225.pt
967,967,coco_POPE_random,coco_POPE_random,1,0,"Yes,",yes,1.671875,0.7583188657407407,11.9375,4.75350239839013,28,1,/mnt/data/ssz/mr/results/Qwen2.5-VL/pope/evo/analysis/coco_POPE_random/967.pt
1718,1718,coco_POPE_random,coco_POPE_random,1,0,"No,",no,1.71875,0.7557870370370371,11.9375,5.326618919489005,28,1,/mnt/data/ssz/mr/results/Qwen2.5-VL/pope/evo/analysis/coco_POPE_random/1718.pt
2468,2468,coco_POPE_random,coco_POPE_random,1,0,"No,",no,1.71875,0.7641782407407407,11.9375,5.3086131871045685,28,1,/mnt/data/ssz/mr/results/Qwen2.5-VL/pope/evo/analysis/coco_POPE_random/2468.pt
226,226,coco_POPE_random,coco_POPE_random,1,0,"No,",no,1.734375,0.7348090277777778,11.9375,5.35270085776599,28,1,/mnt/data/ssz/mr/results/Qwen2.5-VL/pope/evo/analysis/coco_POPE_random/226.pt
968,968,coco_POPE_random,coco_POPE_random,1,0,"No,",no,1.671875,0.7583188657407407,11.9375,5.255870898176062,28,1,/mnt/data/ssz/mr/results/Qwen2.5-VL/pope/evo/analysis/coco_POPE_random/968.pt
1719,1719,coco_POPE_random,coco_POPE_random,0,1,"No,",yes,1.71875,0.7557870370370371,11.9375,5.192420741591347,28,1,/mnt/data/ssz/mr/results/Qwen2.5-VL/pope/evo/analysis/coco_POPE_random/1719.pt
2469,2469,coco_POPE_random,coco_POPE_random,1,0,"Yes,",yes,1.71875,0.7641782407407407,11.9375,4.663152801511544,28,1,/mnt/data/ssz/mr/results/Qwen2.5-VL/pope/evo/analysis/coco_POPE_random/2469.pt
227,227,coco_POPE_random,coco_POPE_random,1,0,"Yes,",yes,1.734375,0.7348090277777778,11.9375,4.6820298823626425,28,1,/mnt/data/ssz/mr/results/Qwen2.5-VL/pope/evo/analysis/coco_POPE_random/227.pt
969,969,coco_POPE_random,coco_POPE_random,0,1,"No,",yes,1.671875,0.7585358796296297,11.9375,5.322913598101252,28,1,/mnt/data/ssz/mr/results/Qwen2.5-VL/pope/evo/analysis/coco_POPE_random/969.pt
1720,1720,coco_POPE_random,coco_POPE_random,1,0,"No,",no,1.71875,0.7557870370370371,11.9375,5.220660894825634,28,1,/mnt/data/ssz/mr/results/Qwen2.5-VL/pope/evo/analysis/coco_POPE_random/1720.pt
2470,2470,coco_POPE_random,coco_POPE_random,1,0,"No,",no,1.71875,0.7641782407407407,11.9375,5.151214057184275,28,1,/mnt/data/ssz/mr/results/Qwen2.5-VL/pope/evo/analysis/coco_POPE_random/2470.pt
228,228,coco_POPE_random,coco_POPE_random,1,0,"No,",no,1.734375,0.734375,11.9375,5.222509292983762,28,1,/mnt/data/ssz/mr/results/Qwen2.5-VL/pope/evo/analysis/coco_POPE_random/228.pt
970,970,coco_POPE_random,coco_POPE_random,1,0,"No,",no,1.671875,0.7585358796296297,11.9375,5.221265975897793,28,1,/mnt/data/ssz/mr/results/Qwen2.5-VL/pope/evo/analysis/coco_POPE_random/970.pt
1721,1721,coco_POPE_random,coco_POPE_random,1,0,"Yes,",yes,1.71875,0.7557870370370371,11.9375,4.798268172479736,28,1,/mnt/data/ssz/mr/results/Qwen2.5-VL/pope/evo/analysis/coco_POPE_random/1721.pt
2471,2471,coco_POPE_random,coco_POPE_random,1,0,"Yes,",yes,1.71875,0.7641782407407407,11.9375,4.882964872362724,28,1,/mnt/data/ssz/mr/results/Qwen2.5-VL/pope/evo/analysis/coco_POPE_random/2471.pt
971,971,coco_POPE_random,coco_POPE_random,1,0,"Yes,",yes,1.671875,0.7583912037037037,11.9375,4.752041595096804,28,1,/mnt/data/ssz/mr/results/Qwen2.5-VL/pope/evo/analysis/coco_POPE_random/971.pt
229,229,coco_POPE_random,coco_POPE_random,0,1,"No,",yes,1.703125,0.7567997685185185,11.9375,5.08804250719788,28,1,/mnt/data/ssz/mr/results/Qwen2.5-VL/pope/evo/analysis/coco_POPE_random/229.pt
972,972,coco_POPE_random,coco_POPE_random,1,0,"No,",no,1.671875,0.7585358796296297,11.9375,5.191484844862536,28,1,/mnt/data/ssz/mr/results/Qwen2.5-VL/pope/evo/analysis/coco_POPE_random/972.pt
1722,1722,coco_POPE_random,coco_POPE_random,1,0,"No,",no,1.71875,0.7557870370370371,11.9375,5.310692337797484,28,1,/mnt/data/ssz/mr/results/Qwen2.5-VL/pope/evo/analysis/coco_POPE_random/1722.pt
2472,2472,coco_POPE_random,coco_POPE_random,1,0,"No,",no,1.71875,0.7641782407407407,11.9375,5.273633682984931,28,1,/mnt/data/ssz/mr/results/Qwen2.5-VL/pope/evo/analysis/coco_POPE_random/2472.pt
230,230,coco_POPE_random,coco_POPE_random,1,0,"No,",no,1.703125,0.7567997685185185,11.9375,5.166000405197031,28,1,/mnt/data/ssz/mr/results/Qwen2.5-VL/pope/evo/analysis/coco_POPE_random/230.pt
973,973,coco_POPE_random,coco_POPE_random,1,0,"Yes,",yes,1.7109375,0.7686631944444444,11.9375,4.73913538676268,28,1,/mnt/data/ssz/mr/results/Qwen2.5-VL/pope/evo/analysis/coco_POPE_random/973.pt
2473,2473,coco_POPE_random,coco_POPE_random,0,1,"No,",yes,1.7421875,0.7410300925925926,11.9375,5.345844125205549,28,1,/mnt/data/ssz/mr/results/Qwen2.5-VL/pope/evo/analysis/coco_POPE_random/2473.pt
1723,1723,coco_POPE_random,coco_POPE_random,1,0,"Yes,",yes,1.75,0.7462384259259259,11.9375,4.9335554563561805,28,1,/mnt/data/ssz/mr/results/Qwen2.5-VL/pope/evo/analysis/coco_POPE_random/1723.pt
231,231,coco_POPE_random,coco_POPE_random,1,0,"Yes,",yes,1.703125,0.7567997685185185,11.9375,4.774266963842798,28,1,/mnt/data/ssz/mr/results/Qwen2.5-VL/pope/evo/analysis/coco_POPE_random/231.pt
974,974,coco_POPE_random,coco_POPE_random,1,0,"No,",no,1.7109375,0.7685185185185185,11.9375,5.1747623019485935,28,1,/mnt/data/ssz/mr/results/Qwen2.5-VL/pope/evo/analysis/coco_POPE_random/974.pt
2474,2474,coco_POPE_random,coco_POPE_random,1,0,"No,",no,1.7421875,0.7410300925925926,11.9375,5.288966008424942,28,1,/mnt/data/ssz/mr/results/Qwen2.5-VL/pope/evo/analysis/coco_POPE_random/2474.pt
1724,1724,coco_POPE_random,coco_POPE_random,1,0,"No,",no,1.75,0.7462384259259259,11.9375,5.271659934450491,28,1,/mnt/data/ssz/mr/results/Qwen2.5-VL/pope/evo/analysis/coco_POPE_random/1724.pt
232,232,coco_POPE_random,coco_POPE_random,1,0,"No,",no,1.7109375,0.7570891203703703,11.9375,5.251383387573822,28,1,/mnt/data/ssz/mr/results/Qwen2.5-VL/pope/evo/analysis/coco_POPE_random/232.pt
975,975,coco_POPE_random,coco_POPE_random,1,0,"Yes,",yes,1.703125,0.7682291666666666,11.9375,4.81140250439472,28,1,/mnt/data/ssz/mr/results/Qwen2.5-VL/pope/evo/analysis/coco_POPE_random/975.pt
2475,2475,coco_POPE_random,coco_POPE_random,1,0,"Yes,",yes,1.75,0.7423321759259259,11.9375,4.913738109041943,28,1,/mnt/data/ssz/mr/results/Qwen2.5-VL/pope/evo/analysis/coco_POPE_random/2475.pt
1725,1725,coco_POPE_random,coco_POPE_random,1,0,"Yes,",yes,1.75,0.7462384259259259,11.9375,4.835013043459279,28,1,/mnt/data/ssz/mr/results/Qwen2.5-VL/pope/evo/analysis/coco_POPE_random/1725.pt
233,233,coco_POPE_random,coco_POPE_random,1,0,"Yes,",yes,1.703125,0.7567997685185185,11.9375,4.732442954419451,28,1,/mnt/data/ssz/mr/results/Qwen2.5-VL/pope/evo/analysis/coco_POPE_random/233.pt
976,976,coco_POPE_random,coco_POPE_random,1,0,"No,",no,1.7109375,0.7685185185185185,11.9375,5.13963319334477,28,1,/mnt/data/ssz/mr/results/Qwen2.5-VL/pope/evo/analysis/coco_POPE_random/976.pt
2476,2476,coco_POPE_random,coco_POPE_random,1,0,"No,",no,1.7421875,0.7410300925925926,11.9375,5.235557440273484,28,1,/mnt/data/ssz/mr/results/Qwen2.5-VL/pope/evo/analysis/coco_POPE_random/2476.pt
1726,1726,coco_POPE_random,coco_POPE_random,1,0,"No,",no,1.75,0.7455873842592593,11.9375,5.19860518230969,28,1,/mnt/data/ssz/mr/results/Qwen2.5-VL/pope/evo/analysis/coco_POPE_random/1726.pt
234,234,coco_POPE_random,coco_POPE_random,1,0,"No,",no,1.703125,0.7567997685185185,11.9375,5.103651292885781,28,1,/mnt/data/ssz/mr/results/Qwen2.5-VL/pope/evo/analysis/coco_POPE_random/234.pt
977,977,coco_POPE_random,coco_POPE_random,0,1,"No,",yes,1.7109375,0.7683738425925926,11.9375,5.168295683443988,28,1,/mnt/data/ssz/mr/results/Qwen2.5-VL/pope/evo/analysis/coco_POPE_random/977.pt
2477,2477,coco_POPE_random,coco_POPE_random,1,0,"Yes,",yes,1.7421875,0.7410300925925926,11.9375,4.755636203284297,28,1,/mnt/data/ssz/mr/results/Qwen2.5-VL/pope/evo/analysis/coco_POPE_random/2477.pt
1727,1727,coco_POPE_random,coco_POPE_random,1,0,"Yes,",yes,1.75,0.7462384259259259,11.9375,4.877565250881594,28,1,/mnt/data/ssz/mr/results/Qwen2.5-VL/pope/evo/analysis/coco_POPE_random/1727.pt
235,235,coco_POPE_random,coco_POPE_random,1,0,"Yes,",yes,1.625,0.7641059027777778,11.9375,4.678415367610615,28,1,/mnt/data/ssz/mr/results/Qwen2.5-VL/pope/evo/analysis/coco_POPE_random/235.pt
978,978,coco_POPE_random,coco_POPE_random,1,0,"No,",no,1.7109375,0.7685185185185185,11.9375,5.191753282071157,28,1,/mnt/data/ssz/mr/results/Qwen2.5-VL/pope/evo/analysis/coco_POPE_random/978.pt
2478,2478,coco_POPE_random,coco_POPE_random,1,0,"No,",no,1.7421875,0.7410300925925926,11.9375,5.275336572829576,28,1,/mnt/data/ssz/mr/results/Qwen2.5-VL/pope/evo/analysis/coco_POPE_random/2478.pt
1728,1728,coco_POPE_random,coco_POPE_random,1,0,"No,",no,1.75,0.7462384259259259,11.9375,5.336665958529434,28,1,/mnt/data/ssz/mr/results/Qwen2.5-VL/pope/evo/analysis/coco_POPE_random/1728.pt
236,236,coco_POPE_random,coco_POPE_random,1,0,"No,",no,1.625,0.7630208333333334,11.9375,5.148004945157834,28,1,/mnt/data/ssz/mr/results/Qwen2.5-VL/pope/evo/analysis/coco_POPE_random/236.pt
979,979,coco_POPE_random,coco_POPE_random,1,0,"Yes,",yes,1.703125,0.7349537037037037,11.9375,4.814569191110391,28,1,/mnt/data/ssz/mr/results/Qwen2.5-VL/pope/evo/analysis/coco_POPE_random/979.pt
2479,2479,coco_POPE_random,coco_POPE_random,1,0,"Yes,",yes,1.71875,0.7235243055555556,11.9375,4.777373337107026,28,1,/mnt/data/ssz/mr/results/Qwen2.5-VL/pope/evo/analysis/coco_POPE_random/2479.pt
237,237,coco_POPE_random,coco_POPE_random,0,1,"No,",yes,1.625,0.7641059027777778,11.9375,5.119786149775008,28,1,/mnt/data/ssz/mr/results/Qwen2.5-VL/pope/evo/analysis/coco_POPE_random/237.pt
1729,1729,coco_POPE_random,coco_POPE_random,0,1,"No,",yes,1.703125,0.7452256944444444,11.9375,5.155931140630542,28,1,/mnt/data/ssz/mr/results/Qwen2.5-VL/pope/evo/analysis/coco_POPE_random/1729.pt
980,980,coco_POPE_random,coco_POPE_random,1,0,"No,",no,1.703125,0.7348090277777778,11.9375,5.160082934664638,28,1,/mnt/data/ssz/mr/results/Qwen2.5-VL/pope/evo/analysis/coco_POPE_random/980.pt
2480,2480,coco_POPE_random,coco_POPE_random,1,0,"No,",no,1.71875,0.7235243055555556,11.9375,5.207296398033954,28,1,/mnt/data/ssz/mr/results/Qwen2.5-VL/pope/evo/analysis/coco_POPE_random/2480.pt
238,238,coco_POPE_random,coco_POPE_random,1,0,"No,",no,1.625,0.7637442129629629,11.9375,5.19150200951694,28,1,/mnt/data/ssz/mr/results/Qwen2.5-VL/pope/evo/analysis/coco_POPE_random/238.pt
1730,1730,coco_POPE_random,coco_POPE_random,1,0,"No,",no,1.703125,0.7452256944444444,11.9375,5.202722372910902,28,1,/mnt/data/ssz/mr/results/Qwen2.5-VL/pope/evo/analysis/coco_POPE_random/1730.pt
981,981,coco_POPE_random,coco_POPE_random,0,1,"No,",yes,1.703125,0.7348090277777778,11.9375,5.131885325654562,28,1,/mnt/data/ssz/mr/results/Qwen2.5-VL/pope/evo/analysis/coco_POPE_random/981.pt
239,239,coco_POPE_random,coco_POPE_random,1,0,"Yes,",yes,1.625,0.7637442129629629,11.9375,4.863993720774709,28,1,/mnt/data/ssz/mr/results/Qwen2.5-VL/pope/evo/analysis/coco_POPE_random/239.pt
2481,2481,coco_POPE_random,coco_POPE_random,0,1,"No,",yes,1.71875,0.7235243055555556,11.9375,5.13336392020693,28,1,/mnt/data/ssz/mr/results/Qwen2.5-VL/pope/evo/analysis/coco_POPE_random/2481.pt
1731,1731,coco_POPE_random,coco_POPE_random,1,0,"Yes,",yes,1.703125,0.7456597222222222,11.9375,4.780685148793745,28,1,/mnt/data/ssz/mr/results/Qwen2.5-VL/pope/evo/analysis/coco_POPE_random/1731.pt
982,982,coco_POPE_random,coco_POPE_random,1,0,"No,",no,1.703125,0.7348090277777778,11.9375,5.185017114548953,28,1,/mnt/data/ssz/mr/results/Qwen2.5-VL/pope/evo/analysis/coco_POPE_random/982.pt
240,240,coco_POPE_random,coco_POPE_random,1,0,"No,",no,1.625,0.7630208333333334,11.9375,5.253711777894351,28,1,/mnt/data/ssz/mr/results/Qwen2.5-VL/pope/evo/analysis/coco_POPE_random/240.pt
2482,2482,coco_POPE_random,coco_POPE_random,1,0,"No,",no,1.71875,0.7235243055555556,11.9375,5.18951159084275,28,1,/mnt/data/ssz/mr/results/Qwen2.5-VL/pope/evo/analysis/coco_POPE_random/2482.pt
983,983,coco_POPE_random,coco_POPE_random,1,0,"Yes,",yes,1.703125,0.7348090277777778,11.9375,4.655786215029053,28,1,/mnt/data/ssz/mr/results/Qwen2.5-VL/pope/evo/analysis/coco_POPE_random/983.pt
1732,1732,coco_POPE_random,coco_POPE_random,1,0,"No,",no,1.703125,0.7447916666666666,11.9375,5.181513254156707,28,1,/mnt/data/ssz/mr/results/Qwen2.5-VL/pope/evo/analysis/coco_POPE_random/1732.pt
241,241,coco_POPE_random,coco_POPE_random,0,1,"No,",yes,1.6640625,0.7504340277777778,11.9375,5.2434991522278676,28,1,/mnt/data/ssz/mr/results/Qwen2.5-VL/pope/evo/analysis/coco_POPE_random/241.pt
2483,2483,coco_POPE_random,coco_POPE_random,0,1,"No,",yes,1.71875,0.7235243055555556,11.9375,5.179875494871121,28,1,/mnt/data/ssz/mr/results/Qwen2.5-VL/pope/evo/analysis/coco_POPE_random/2483.pt
984,984,coco_POPE_random,coco_POPE_random,1,0,"No,",no,1.703125,0.7348090277777778,11.9375,5.091290343488034,28,1,/mnt/data/ssz/mr/results/Qwen2.5-VL/pope/evo/analysis/coco_POPE_random/984.pt
1733,1733,coco_POPE_random,coco_POPE_random,0,1,"No,",yes,1.703125,0.74609375,11.9375,5.370327982686361,28,1,/mnt/data/ssz/mr/results/Qwen2.5-VL/pope/evo/analysis/coco_POPE_random/1733.pt
242,242,coco_POPE_random,coco_POPE_random,1,0,"No,",no,1.6640625,0.7504340277777778,11.9375,5.26919646480182,28,1,/mnt/data/ssz/mr/results/Qwen2.5-VL/pope/evo/analysis/coco_POPE_random/242.pt
2484,2484,coco_POPE_random,coco_POPE_random,1,0,"No,",no,1.71875,0.7235243055555556,11.9375,5.131762033846701,28,1,/mnt/data/ssz/mr/results/Qwen2.5-VL/pope/evo/analysis/coco_POPE_random/2484.pt
985,985,coco_POPE_random,coco_POPE_random,1,0,"Yes,",yes,1.6484375,0.7923900462962963,11.9375,4.813253573171605,28,1,/mnt/data/ssz/mr/results/Qwen2.5-VL/pope/evo/analysis/coco_POPE_random/985.pt
1734,1734,coco_POPE_random,coco_POPE_random,1,0,"No,",no,1.703125,0.7456597222222222,11.9375,5.22895877306122,28,1,/mnt/data/ssz/mr/results/Qwen2.5-VL/pope/evo/analysis/coco_POPE_random/1734.pt
243,243,coco_POPE_random,coco_POPE_random,1,0,"Yes,",yes,1.6640625,0.7504340277777778,11.9375,4.828224398453044,28,1,/mnt/data/ssz/mr/results/Qwen2.5-VL/pope/evo/analysis/coco_POPE_random/243.pt
2485,2485,coco_POPE_random,coco_POPE_random,1,0,"Yes,",yes,1.7578125,0.7482638888888888,11.9375,4.82819318139113,28,1,/mnt/data/ssz/mr/results/Qwen2.5-VL/pope/evo/analysis/coco_POPE_random/2485.pt
1735,1735,coco_POPE_random,coco_POPE_random,1,0,"Yes,",yes,1.6875,0.7113715277777778,11.9375,4.8332260910960105,28,1,/mnt/data/ssz/mr/results/Qwen2.5-VL/pope/evo/analysis/coco_POPE_random/1735.pt
986,986,coco_POPE_random,coco_POPE_random,1,0,"No,",no,1.6484375,0.7923900462962963,11.9375,5.1474431921973345,28,1,/mnt/data/ssz/mr/results/Qwen2.5-VL/pope/evo/analysis/coco_POPE_random/986.pt
244,244,coco_POPE_random,coco_POPE_random,1,0,"No,",no,1.6640625,0.7504340277777778,11.9375,5.136519224411046,28,1,/mnt/data/ssz/mr/results/Qwen2.5-VL/pope/evo/analysis/coco_POPE_random/244.pt
2486,2486,coco_POPE_random,coco_POPE_random,1,0,"No,",no,1.75,0.7456597222222222,11.9375,5.301665389927911,28,1,/mnt/data/ssz/mr/results/Qwen2.5-VL/pope/evo/analysis/coco_POPE_random/2486.pt
1736,1736,coco_POPE_random,coco_POPE_random,1,0,"No,",no,1.6875,0.7100694444444444,11.9375,5.233842673720637,28,1,/mnt/data/ssz/mr/results/Qwen2.5-VL/pope/evo/analysis/coco_POPE_random/1736.pt
987,987,coco_POPE_random,coco_POPE_random,0,1,"No,",yes,1.6484375,0.7923900462962963,11.9375,5.083167464529565,28,1,/mnt/data/ssz/mr/results/Qwen2.5-VL/pope/evo/analysis/coco_POPE_random/987.pt
245,245,coco_POPE_random,coco_POPE_random,1,0,"Yes,",yes,1.6640625,0.7504340277777778,11.9375,4.734922454618034,28,1,/mnt/data/ssz/mr/results/Qwen2.5-VL/pope/evo/analysis/coco_POPE_random/245.pt
2487,2487,coco_POPE_random,coco_POPE_random,1,0,"Yes,",yes,1.7578125,0.7482638888888888,11.9375,4.897581053533949,28,1,/mnt/data/ssz/mr/results/Qwen2.5-VL/pope/evo/analysis/coco_POPE_random/2487.pt
1737,1737,coco_POPE_random,coco_POPE_random,1,0,"Yes,",yes,1.6875,0.7113715277777778,11.9375,4.837865843212323,28,1,/mnt/data/ssz/mr/results/Qwen2.5-VL/pope/evo/analysis/coco_POPE_random/1737.pt
988,988,coco_POPE_random,coco_POPE_random,1,0,"No,",no,1.6484375,0.7923900462962963,11.9375,5.135206603937761,28,1,/mnt/data/ssz/mr/results/Qwen2.5-VL/pope/evo/analysis/coco_POPE_random/988.pt
246,246,coco_POPE_random,coco_POPE_random,1,0,"No,",no,1.6640625,0.7504340277777778,11.9375,5.198410167383404,28,1,/mnt/data/ssz/mr/results/Qwen2.5-VL/pope/evo/analysis/coco_POPE_random/246.pt
2488,2488,coco_POPE_random,coco_POPE_random,1,0,"No,",no,1.7578125,0.7482638888888888,11.9375,5.306754519961471,28,1,/mnt/data/ssz/mr/results/Qwen2.5-VL/pope/evo/analysis/coco_POPE_random/2488.pt
1738,1738,coco_POPE_random,coco_POPE_random,1,0,"No,",no,1.6875,0.7107204861111112,11.9375,5.163889546549462,28,1,/mnt/data/ssz/mr/results/Qwen2.5-VL/pope/evo/analysis/coco_POPE_random/1738.pt
989,989,coco_POPE_random,coco_POPE_random,0,1,"No,",yes,1.6484375,0.7923900462962963,11.9375,5.247705834508014,28,1,/mnt/data/ssz/mr/results/Qwen2.5-VL/pope/evo/analysis/coco_POPE_random/989.pt
247,247,coco_POPE_random,coco_POPE_random,0,1,"No,",yes,1.7265625,0.7579571759259259,11.9375,5.171104899069186,28,1,/mnt/data/ssz/mr/results/Qwen2.5-VL/pope/evo/analysis/coco_POPE_random/247.pt
2489,2489,coco_POPE_random,coco_POPE_random,0,1,"No,",yes,1.7578125,0.7482638888888888,11.9375,5.219457668846911,28,1,/mnt/data/ssz/mr/results/Qwen2.5-VL/pope/evo/analysis/coco_POPE_random/2489.pt
1739,1739,coco_POPE_random,coco_POPE_random,1,0,"Yes,",yes,1.6875,0.7113715277777778,11.9375,4.749189406620714,28,1,/mnt/data/ssz/mr/results/Qwen2.5-VL/pope/evo/analysis/coco_POPE_random/1739.pt
990,990,coco_POPE_random,coco_POPE_random,1,0,"No,",no,1.6484375,0.7923900462962963,11.9375,5.164844355047221,28,1,/mnt/data/ssz/mr/results/Qwen2.5-VL/pope/evo/analysis/coco_POPE_random/990.pt
248,248,coco_POPE_random,coco_POPE_random,1,0,"No,",no,1.7265625,0.7595486111111112,11.9375,5.243619342276613,28,1,/mnt/data/ssz/mr/results/Qwen2.5-VL/pope/evo/analysis/coco_POPE_random/248.pt
2490,2490,coco_POPE_random,coco_POPE_random,1,0,"No,",no,1.7578125,0.7482638888888888,11.9375,5.253843135945111,28,1,/mnt/data/ssz/mr/results/Qwen2.5-VL/pope/evo/analysis/coco_POPE_random/2490.pt
1740,1740,coco_POPE_random,coco_POPE_random,1,0,"No,",no,1.6875,0.7100694444444444,11.9375,5.20077869799019,28,1,/mnt/data/ssz/mr/results/Qwen2.5-VL/pope/evo/analysis/coco_POPE_random/1740.pt
991,991,coco_POPE_random,coco_POPE_random,0,1,"No,",yes,1.703125,0.7311921296296297,11.9375,5.178245644341037,28,1,/mnt/data/ssz/mr/results/Qwen2.5-VL/pope/evo/analysis/coco_POPE_random/991.pt
1741,1741,coco_POPE_random,coco_POPE_random,0,1,"No,",yes,1.7265625,0.7404513888888888,11.9375,5.248385022689915,28,1,/mnt/data/ssz/mr/results/Qwen2.5-VL/pope/evo/analysis/coco_POPE_random/1741.pt
249,249,coco_POPE_random,coco_POPE_random,0,1,"No,",yes,1.7265625,0.7579571759259259,11.9375,5.257144810883017,28,1,/mnt/data/ssz/mr/results/Qwen2.5-VL/pope/evo/analysis/coco_POPE_random/249.pt
2491,2491,coco_POPE_random,coco_POPE_random,1,0,"Yes,",yes,1.71875,0.7443576388888888,11.9375,4.844192702783656,28,1,/mnt/data/ssz/mr/results/Qwen2.5-VL/pope/evo/analysis/coco_POPE_random/2491.pt
992,992,coco_POPE_random,coco_POPE_random,1,0,"No,",no,1.703125,0.7323495370370371,11.9375,5.24670459658002,28,1,/mnt/data/ssz/mr/results/Qwen2.5-VL/pope/evo/analysis/coco_POPE_random/992.pt
1742,1742,coco_POPE_random,coco_POPE_random,1,0,"No,",no,1.7265625,0.7408854166666666,11.9375,5.216209955979782,28,1,/mnt/data/ssz/mr/results/Qwen2.5-VL/pope/evo/analysis/coco_POPE_random/1742.pt
250,250,coco_POPE_random,coco_POPE_random,1,0,"No,",no,1.7265625,0.7579571759259259,11.9375,5.320414283761396,28,1,/mnt/data/ssz/mr/results/Qwen2.5-VL/pope/evo/analysis/coco_POPE_random/250.pt
2492,2492,coco_POPE_random,coco_POPE_random,1,0,"No,",no,1.71875,0.7443576388888888,11.9375,5.196213699702764,28,1,/mnt/data/ssz/mr/results/Qwen2.5-VL/pope/evo/analysis/coco_POPE_random/2492.pt
993,993,coco_POPE_random,coco_POPE_random,1,0,"Yes,",yes,1.703125,0.7324942129629629,11.9375,4.912831973508345,28,1,/mnt/data/ssz/mr/results/Qwen2.5-VL/pope/evo/analysis/coco_POPE_random/993.pt
1743,1743,coco_POPE_random,coco_POPE_random,1,0,"Yes,",yes,1.7265625,0.7404513888888888,11.9375,4.825840246146857,28,1,/mnt/data/ssz/mr/results/Qwen2.5-VL/pope/evo/analysis/coco_POPE_random/1743.pt
251,251,coco_POPE_random,coco_POPE_random,1,0,"Yes,",yes,1.7265625,0.7588975694444444,11.9375,4.686401624829544,28,1,/mnt/data/ssz/mr/results/Qwen2.5-VL/pope/evo/analysis/coco_POPE_random/251.pt
2493,2493,coco_POPE_random,coco_POPE_random,0,1,"No,",yes,1.71875,0.7443576388888888,11.9375,5.161070727397979,28,1,/mnt/data/ssz/mr/results/Qwen2.5-VL/pope/evo/analysis/coco_POPE_random/2493.pt
994,994,coco_POPE_random,coco_POPE_random,1,0,"No,",no,1.703125,0.7311921296296297,11.9375,5.27188772917073,28,1,/mnt/data/ssz/mr/results/Qwen2.5-VL/pope/evo/analysis/coco_POPE_random/994.pt
1744,1744,coco_POPE_random,coco_POPE_random,1,0,"No,",no,1.7265625,0.7408854166666666,11.9375,5.236319808649098,28,1,/mnt/data/ssz/mr/results/Qwen2.5-VL/pope/evo/analysis/coco_POPE_random/1744.pt
252,252,coco_POPE_random,coco_POPE_random,1,0,"No,",no,1.7265625,0.7579571759259259,11.9375,5.232894543915133,28,1,/mnt/data/ssz/mr/results/Qwen2.5-VL/pope/evo/analysis/coco_POPE_random/252.pt
2494,2494,coco_POPE_random,coco_POPE_random,1,0,"No,",no,1.71875,0.7443576388888888,11.9375,5.23380297298768,28,1,/mnt/data/ssz/mr/results/Qwen2.5-VL/pope/evo/analysis/coco_POPE_random/2494.pt
1745,1745,coco_POPE_random,coco_POPE_random,1,0,"Yes,",yes,1.7265625,0.7404513888888888,11.9375,4.837477276245598,28,1,/mnt/data/ssz/mr/results/Qwen2.5-VL/pope/evo/analysis/coco_POPE_random/1745.pt
995,995,coco_POPE_random,coco_POPE_random,0,1,"No,",yes,1.703125,0.7323495370370371,11.9375,5.316156677804406,28,1,/mnt/data/ssz/mr/results/Qwen2.5-VL/pope/evo/analysis/coco_POPE_random/995.pt
253,253,coco_POPE_random,coco_POPE_random,1,0,"Yes,",yes,1.7109375,0.7591145833333334,11.9375,4.911672284832501,28,1,/mnt/data/ssz/mr/results/Qwen2.5-VL/pope/evo/analysis/coco_POPE_random/253.pt
2495,2495,coco_POPE_random,coco_POPE_random,0,1,"No,",yes,1.71875,0.7443576388888888,11.9375,5.201561982143303,28,1,/mnt/data/ssz/mr/results/Qwen2.5-VL/pope/evo/analysis/coco_POPE_random/2495.pt
1746,1746,coco_POPE_random,coco_POPE_random,1,0,"No,",no,1.7265625,0.7408854166666666,11.9375,5.141554562724071,28,1,/mnt/data/ssz/mr/results/Qwen2.5-VL/pope/evo/analysis/coco_POPE_random/1746.pt
996,996,coco_POPE_random,coco_POPE_random,1,0,"No,",no,1.703125,0.7323495370370371,11.9375,5.1830434260453595,28,1,/mnt/data/ssz/mr/results/Qwen2.5-VL/pope/evo/analysis/coco_POPE_random/996.pt
254,254,coco_POPE_random,coco_POPE_random,1,0,"No,",no,1.7109375,0.7591145833333334,11.9375,5.228685388384135,28,1,/mnt/data/ssz/mr/results/Qwen2.5-VL/pope/evo/analysis/coco_POPE_random/254.pt
2496,2496,coco_POPE_random,coco_POPE_random,1,0,"No,",no,1.71875,0.7443576388888888,11.9375,5.18492654357177,28,1,/mnt/data/ssz/mr/results/Qwen2.5-VL/pope/evo/analysis/coco_POPE_random/2496.pt
1747,1747,coco_POPE_random,coco_POPE_random,1,0,"Yes,",yes,1.71875,0.7922453703703703,11.9375,4.9641172746740985,28,1,/mnt/data/ssz/mr/results/Qwen2.5-VL/pope/evo/analysis/coco_POPE_random/1747.pt
997,997,coco_POPE_random,coco_POPE_random,0,1,"No,",yes,1.703125,0.7350983796296297,11.9375,5.178271323747297,28,1,/mnt/data/ssz/mr/results/Qwen2.5-VL/pope/evo/analysis/coco_POPE_random/997.pt
255,255,coco_POPE_random,coco_POPE_random,1,0,"Yes,",yes,1.7109375,0.7588975694444444,11.9375,4.745365498673295,28,1,/mnt/data/ssz/mr/results/Qwen2.5-VL/pope/evo/analysis/coco_POPE_random/255.pt
2497,2497,coco_POPE_random,coco_POPE_random,0,1,"No,",yes,1.703125,0.7233796296296297,11.9375,5.185921302381383,28,1,/mnt/data/ssz/mr/results/Qwen2.5-VL/pope/evo/analysis/coco_POPE_random/2497.pt
1748,1748,coco_POPE_random,coco_POPE_random,1,0,"No,",no,1.71875,0.7922453703703703,11.9375,5.341369445323303,28,1,/mnt/data/ssz/mr/results/Qwen2.5-VL/pope/evo/analysis/coco_POPE_random/1748.pt
998,998,coco_POPE_random,coco_POPE_random,1,0,"No,",no,1.703125,0.7350983796296297,11.9375,5.273848832915472,28,1,/mnt/data/ssz/mr/results/Qwen2.5-VL/pope/evo/analysis/coco_POPE_random/998.pt
256,256,coco_POPE_random,coco_POPE_random,1,0,"No,",no,1.7109375,0.7595486111111112,11.9375,5.116175623865025,28,1,/mnt/data/ssz/mr/results/Qwen2.5-VL/pope/evo/analysis/coco_POPE_random/256.pt
2498,2498,coco_POPE_random,coco_POPE_random,1,0,"No,",no,1.703125,0.7233796296296297,11.9375,5.226440571001777,28,1,/mnt/data/ssz/mr/results/Qwen2.5-VL/pope/evo/analysis/coco_POPE_random/2498.pt
1749,1749,coco_POPE_random,coco_POPE_random,1,0,"Yes,",yes,1.71875,0.7922453703703703,11.9375,4.881437503106564,28,1,/mnt/data/ssz/mr/results/Qwen2.5-VL/pope/evo/analysis/coco_POPE_random/1749.pt
257,257,coco_POPE_random,coco_POPE_random,1,0,"Yes,",yes,1.7109375,0.7595486111111112,11.9375,4.78661422160678,28,1,/mnt/data/ssz/mr/results/Qwen2.5-VL/pope/evo/analysis/coco_POPE_random/257.pt
999,999,coco_POPE_random,coco_POPE_random,0,1,"No,",yes,1.703125,0.7348090277777778,11.9375,5.37826230126981,28,1,/mnt/data/ssz/mr/results/Qwen2.5-VL/pope/evo/analysis/coco_POPE_random/999.pt
2499,2499,coco_POPE_random,coco_POPE_random,1,0,"Yes,",yes,1.703125,0.7232349537037037,11.9375,4.758161599950818,28,1,/mnt/data/ssz/mr/results/Qwen2.5-VL/pope/evo/analysis/coco_POPE_random/2499.pt
1750,1750,coco_POPE_random,coco_POPE_random,1,0,"No,",no,1.71875,0.7922453703703703,11.9375,5.346496644010116,28,1,/mnt/data/ssz/mr/results/Qwen2.5-VL/pope/evo/analysis/coco_POPE_random/1750.pt
258,258,coco_POPE_random,coco_POPE_random,1,0,"No,",no,1.7109375,0.7593315972222222,11.9375,5.231740630417837,28,1,/mnt/data/ssz/mr/results/Qwen2.5-VL/pope/evo/analysis/coco_POPE_random/258.pt
1000,1000,coco_POPE_random,coco_POPE_random,1,0,"No,",no,1.703125,0.7348090277777778,11.9375,5.272321788194954,28,1,/mnt/data/ssz/mr/results/Qwen2.5-VL/pope/evo/analysis/coco_POPE_random/1000.pt
2500,2500,coco_POPE_random,coco_POPE_random,1,0,"No,",no,1.703125,0.7233796296296297,11.9375,5.238744138630425,28,1,/mnt/data/ssz/mr/results/Qwen2.5-VL/pope/evo/analysis/coco_POPE_random/2500.pt
1751,1751,coco_POPE_random,coco_POPE_random,0,1,"No,",yes,1.71875,0.7922453703703703,11.9375,5.306580460770922,28,1,/mnt/data/ssz/mr/results/Qwen2.5-VL/pope/evo/analysis/coco_POPE_random/1751.pt
259,259,coco_POPE_random,coco_POPE_random,0,1,"No,",yes,1.7421875,0.7585358796296297,11.9375,5.240953451066665,28,1,/mnt/data/ssz/mr/results/Qwen2.5-VL/pope/evo/analysis/coco_POPE_random/259.pt
1001,1001,coco_POPE_random,coco_POPE_random,1,0,"Yes,",yes,1.703125,0.7350983796296297,11.9375,4.747624024410611,28,1,/mnt/data/ssz/mr/results/Qwen2.5-VL/pope/evo/analysis/coco_POPE_random/1001.pt
2501,2501,coco_POPE_random,coco_POPE_random,1,0,"Yes,",yes,1.703125,0.7232349537037037,11.9375,4.682173482522253,28,1,/mnt/data/ssz/mr/results/Qwen2.5-VL/pope/evo/analysis/coco_POPE_random/2501.pt
1752,1752,coco_POPE_random,coco_POPE_random,1,0,"No,",no,1.71875,0.7922453703703703,11.9375,5.369904383917135,28,1,/mnt/data/ssz/mr/results/Qwen2.5-VL/pope/evo/analysis/coco_POPE_random/1752.pt
260,260,coco_POPE_random,coco_POPE_random,1,0,"No,",no,1.7421875,0.7585358796296297,11.9375,5.250585792260546,28,1,/mnt/data/ssz/mr/results/Qwen2.5-VL/pope/evo/analysis/coco_POPE_random/260.pt
1002,1002,coco_POPE_random,coco_POPE_random,1,0,"No,",no,1.703125,0.7348090277777778,11.9375,5.323241385349633,28,1,/mnt/data/ssz/mr/results/Qwen2.5-VL/pope/evo/analysis/coco_POPE_random/1002.pt
2502,2502,coco_POPE_random,coco_POPE_random,1,0,"No,",no,1.703125,0.7233796296296297,11.9375,5.1494154802480026,28,1,/mnt/data/ssz/mr/results/Qwen2.5-VL/pope/evo/analysis/coco_POPE_random/2502.pt
1753,1753,coco_POPE_random,coco_POPE_random,1,0,"Yes,",yes,1.71875,0.7470341435185185,11.9375,4.811091375802176,28,1,/mnt/data/ssz/mr/results/Qwen2.5-VL/pope/evo/analysis/coco_POPE_random/1753.pt
261,261,coco_POPE_random,coco_POPE_random,1,0,"Yes,",yes,1.7421875,0.7585358796296297,11.9375,4.922875794710584,28,1,/mnt/data/ssz/mr/results/Qwen2.5-VL/pope/evo/analysis/coco_POPE_random/261.pt
1003,1003,coco_POPE_random,coco_POPE_random,1,0,"Yes,",yes,1.7265625,0.7576678240740741,11.9375,4.784488620752701,28,1,/mnt/data/ssz/mr/results/Qwen2.5-VL/pope/evo/analysis/coco_POPE_random/1003.pt
1754,1754,coco_POPE_random,coco_POPE_random,1,0,"No,",no,1.71875,0.7470341435185185,11.9375,5.165236865177513,28,1,/mnt/data/ssz/mr/results/Qwen2.5-VL/pope/evo/analysis/coco_POPE_random/1754.pt
2503,2503,coco_POPE_random,coco_POPE_random,1,0,"Yes,",yes,1.734375,0.7348090277777778,11.9375,4.971921747490161,28,1,/mnt/data/ssz/mr/results/Qwen2.5-VL/pope/evo/analysis/coco_POPE_random/2503.pt
262,262,coco_POPE_random,coco_POPE_random,1,0,"No,",no,1.7421875,0.7585358796296297,11.9375,5.268975280791297,28,1,/mnt/data/ssz/mr/results/Qwen2.5-VL/pope/evo/analysis/coco_POPE_random/262.pt
1004,1004,coco_POPE_random,coco_POPE_random,1,0,"No,",no,1.7265625,0.7573784722222222,11.9375,5.277605552274227,28,1,/mnt/data/ssz/mr/results/Qwen2.5-VL/pope/evo/analysis/coco_POPE_random/1004.pt
1755,1755,coco_POPE_random,coco_POPE_random,1,0,"Yes,",yes,1.71875,0.7465277777777778,11.9375,4.790804812565989,28,1,/mnt/data/ssz/mr/results/Qwen2.5-VL/pope/evo/analysis/coco_POPE_random/1755.pt
2504,2504,coco_POPE_random,coco_POPE_random,1,0,"No,",no,1.734375,0.7348090277777778,11.9375,5.294057668588659,28,1,/mnt/data/ssz/mr/results/Qwen2.5-VL/pope/evo/analysis/coco_POPE_random/2504.pt
263,263,coco_POPE_random,coco_POPE_random,1,0,"Yes,",yes,1.7421875,0.7585358796296297,11.9375,4.73274268400163,28,1,/mnt/data/ssz/mr/results/Qwen2.5-VL/pope/evo/analysis/coco_POPE_random/263.pt
1005,1005,coco_POPE_random,coco_POPE_random,1,0,"Yes,",yes,1.7265625,0.7573784722222222,11.9375,4.87404817479188,28,1,/mnt/data/ssz/mr/results/Qwen2.5-VL/pope/evo/analysis/coco_POPE_random/1005.pt
1756,1756,coco_POPE_random,coco_POPE_random,1,0,"No,",no,1.71875,0.7473958333333334,11.9375,5.20475273282594,28,1,/mnt/data/ssz/mr/results/Qwen2.5-VL/pope/evo/analysis/coco_POPE_random/1756.pt
2505,2505,coco_POPE_random,coco_POPE_random,0,1,"No,",yes,1.734375,0.7348090277777778,11.9375,5.211343385862315,28,1,/mnt/data/ssz/mr/results/Qwen2.5-VL/pope/evo/analysis/coco_POPE_random/2505.pt
264,264,coco_POPE_random,coco_POPE_random,1,0,"No,",no,1.7421875,0.7585358796296297,11.9375,5.293157575299497,28,1,/mnt/data/ssz/mr/results/Qwen2.5-VL/pope/evo/analysis/coco_POPE_random/264.pt
1006,1006,coco_POPE_random,coco_POPE_random,1,0,"No,",no,1.7265625,0.7576678240740741,11.9375,5.204279830038763,28,1,/mnt/data/ssz/mr/results/Qwen2.5-VL/pope/evo/analysis/coco_POPE_random/1006.pt
1757,1757,coco_POPE_random,coco_POPE_random,1,0,"Yes,",yes,1.71875,0.7465277777777778,11.9375,4.725545225867448,28,1,/mnt/data/ssz/mr/results/Qwen2.5-VL/pope/evo/analysis/coco_POPE_random/1757.pt
2506,2506,coco_POPE_random,coco_POPE_random,1,0,"No,",no,1.7421875,0.7356770833333334,11.9375,5.30587877479287,28,1,/mnt/data/ssz/mr/results/Qwen2.5-VL/pope/evo/analysis/coco_POPE_random/2506.pt
265,265,coco_POPE_random,coco_POPE_random,0,1,"No,",yes,1.703125,0.7527488425925926,11.9375,5.138756639036854,28,1,/mnt/data/ssz/mr/results/Qwen2.5-VL/pope/evo/analysis/coco_POPE_random/265.pt
1007,1007,coco_POPE_random,coco_POPE_random,0,1,"No,",yes,1.7265625,0.7576678240740741,11.9375,5.1997265362006155,28,1,/mnt/data/ssz/mr/results/Qwen2.5-VL/pope/evo/analysis/coco_POPE_random/1007.pt
1758,1758,coco_POPE_random,coco_POPE_random,1,0,"No,",no,1.71875,0.7473958333333334,11.9375,5.225567116636928,28,1,/mnt/data/ssz/mr/results/Qwen2.5-VL/pope/evo/analysis/coco_POPE_random/1758.pt
2507,2507,coco_POPE_random,coco_POPE_random,0,1,"No,",yes,1.734375,0.7348090277777778,11.9375,5.286116103747071,28,1,/mnt/data/ssz/mr/results/Qwen2.5-VL/pope/evo/analysis/coco_POPE_random/2507.pt
266,266,coco_POPE_random,coco_POPE_random,1,0,"No,",no,1.703125,0.7521701388888888,11.9375,5.156023588610157,28,1,/mnt/data/ssz/mr/results/Qwen2.5-VL/pope/evo/analysis/coco_POPE_random/266.pt
1008,1008,coco_POPE_random,coco_POPE_random,1,0,"No,",no,1.7265625,0.7573784722222222,11.9375,5.252558188897607,28,1,/mnt/data/ssz/mr/results/Qwen2.5-VL/pope/evo/analysis/coco_POPE_random/1008.pt
1759,1759,coco_POPE_random,coco_POPE_random,1,0,"Yes,",yes,1.7109375,0.7685185185185185,11.9375,4.80962442232879,28,1,/mnt/data/ssz/mr/results/Qwen2.5-VL/pope/evo/analysis/coco_POPE_random/1759.pt
267,267,coco_POPE_random,coco_POPE_random,1,0,"Yes,",yes,1.703125,0.7527488425925926,11.9375,4.825074447162863,28,1,/mnt/data/ssz/mr/results/Qwen2.5-VL/pope/evo/analysis/coco_POPE_random/267.pt
2508,2508,coco_POPE_random,coco_POPE_random,1,0,"No,",no,1.734375,0.7348090277777778,11.9375,5.273698175789017,28,1,/mnt/data/ssz/mr/results/Qwen2.5-VL/pope/evo/analysis/coco_POPE_random/2508.pt
1760,1760,coco_POPE_random,coco_POPE_random,1,0,"No,",no,1.7109375,0.7683738425925926,11.9375,5.191237617171313,28,1,/mnt/data/ssz/mr/results/Qwen2.5-VL/pope/evo/analysis/coco_POPE_random/1760.pt
1009,1009,coco_POPE_random,coco_POPE_random,1,0,"Yes,",yes,1.671875,0.7473958333333334,11.9375,4.904191043350871,28,1,/mnt/data/ssz/mr/results/Qwen2.5-VL/pope/evo/analysis/coco_POPE_random/1009.pt
268,268,coco_POPE_random,coco_POPE_random,1,0,"No,",no,1.703125,0.7524594907407407,11.9375,5.169033737317571,28,1,/mnt/data/ssz/mr/results/Qwen2.5-VL/pope/evo/analysis/coco_POPE_random/268.pt
2509,2509,coco_POPE_random,coco_POPE_random,0,1,"No,",yes,1.6484375,0.7508680555555556,11.9375,5.293650039120686,28,1,/mnt/data/ssz/mr/results/Qwen2.5-VL/pope/evo/analysis/coco_POPE_random/2509.pt
1761,1761,coco_POPE_random,coco_POPE_random,0,1,"No,",yes,1.7109375,0.7683738425925926,11.9375,5.154677631446436,28,1,/mnt/data/ssz/mr/results/Qwen2.5-VL/pope/evo/analysis/coco_POPE_random/1761.pt
269,269,coco_POPE_random,coco_POPE_random,1,0,"Yes,",yes,1.703125,0.7529658564814815,11.9375,4.738904875221487,28,1,/mnt/data/ssz/mr/results/Qwen2.5-VL/pope/evo/analysis/coco_POPE_random/269.pt
1010,1010,coco_POPE_random,coco_POPE_random,1,0,"No,",no,1.671875,0.7471788194444444,11.9375,5.265563837767896,28,1,/mnt/data/ssz/mr/results/Qwen2.5-VL/pope/evo/analysis/coco_POPE_random/1010.pt
2510,2510,coco_POPE_random,coco_POPE_random,1,0,"No,",no,1.6484375,0.7508680555555556,11.9375,5.2511783291067395,28,1,/mnt/data/ssz/mr/results/Qwen2.5-VL/pope/evo/analysis/coco_POPE_random/2510.pt
1762,1762,coco_POPE_random,coco_POPE_random,1,0,"No,",no,1.6875,0.7682291666666666,11.9375,5.1800091555949255,28,1,/mnt/data/ssz/mr/results/Qwen2.5-VL/pope/evo/analysis/coco_POPE_random/1762.pt
270,270,coco_POPE_random,coco_POPE_random,1,0,"No,",no,1.703125,0.7521701388888888,11.9375,5.152912395178208,28,1,/mnt/data/ssz/mr/results/Qwen2.5-VL/pope/evo/analysis/coco_POPE_random/270.pt
1763,1763,coco_POPE_random,coco_POPE_random,0,1,"No,",yes,1.6875,0.7682291666666666,11.9375,5.275159974520968,28,1,/mnt/data/ssz/mr/results/Qwen2.5-VL/pope/evo/analysis/coco_POPE_random/1763.pt
2511,2511,coco_POPE_random,coco_POPE_random,0,1,"No,",yes,1.6484375,0.7513020833333334,11.9375,5.315093724861959,28,1,/mnt/data/ssz/mr/results/Qwen2.5-VL/pope/evo/analysis/coco_POPE_random/2511.pt
1011,1011,coco_POPE_random,coco_POPE_random,0,1,"No,",yes,1.671875,0.7471788194444444,11.9375,5.283189135132034,28,1,/mnt/data/ssz/mr/results/Qwen2.5-VL/pope/evo/analysis/coco_POPE_random/1011.pt
271,271,coco_POPE_random,coco_POPE_random,1,0,"Yes,",yes,1.71875,0.7486979166666666,11.9375,4.811736558414975,28,1,/mnt/data/ssz/mr/results/Qwen2.5-VL/pope/evo/analysis/coco_POPE_random/271.pt
1764,1764,coco_POPE_random,coco_POPE_random,1,0,"No,",no,1.6875,0.7682291666666666,11.9375,5.23095603463593,28,1,/mnt/data/ssz/mr/results/Qwen2.5-VL/pope/evo/analysis/coco_POPE_random/1764.pt
2512,2512,coco_POPE_random,coco_POPE_random,1,0,"No,",no,1.6484375,0.7508680555555556,11.9375,5.239839946359883,28,1,/mnt/data/ssz/mr/results/Qwen2.5-VL/pope/evo/analysis/coco_POPE_random/2512.pt
1012,1012,coco_POPE_random,coco_POPE_random,1,0,"No,",no,1.671875,0.7471788194444444,11.9375,5.252926112286112,28,1,/mnt/data/ssz/mr/results/Qwen2.5-VL/pope/evo/analysis/coco_POPE_random/1012.pt
1765,1765,coco_POPE_random,coco_POPE_random,1,0,"Yes,",yes,1.71875,0.7372685185185185,11.9375,4.892651403187272,28,1,/mnt/data/ssz/mr/results/Qwen2.5-VL/pope/evo/analysis/coco_POPE_random/1765.pt
272,272,coco_POPE_random,coco_POPE_random,1,0,"No,",no,1.7265625,0.7488425925925926,11.9375,5.366779537539296,28,2,/mnt/data/ssz/mr/results/Qwen2.5-VL/pope/evo/analysis/coco_POPE_random/272.pt
2513,2513,coco_POPE_random,coco_POPE_random,1,0,"Yes,",yes,1.6484375,0.7504340277777778,11.9375,4.786518762981704,28,1,/mnt/data/ssz/mr/results/Qwen2.5-VL/pope/evo/analysis/coco_POPE_random/2513.pt
1013,1013,coco_POPE_random,coco_POPE_random,1,0,"Yes,",yes,1.671875,0.7473958333333334,11.9375,4.836785082732431,28,1,/mnt/data/ssz/mr/results/Qwen2.5-VL/pope/evo/analysis/coco_POPE_random/1013.pt
1766,1766,coco_POPE_random,coco_POPE_random,1,0,"No,",no,1.71875,0.7372685185185185,11.9375,5.190250577901617,28,1,/mnt/data/ssz/mr/results/Qwen2.5-VL/pope/evo/analysis/coco_POPE_random/1766.pt
273,273,coco_POPE_random,coco_POPE_random,1,0,"Yes,",yes,1.71875,0.7486979166666666,11.9375,5.029618265577006,28,1,/mnt/data/ssz/mr/results/Qwen2.5-VL/pope/evo/analysis/coco_POPE_random/273.pt
2514,2514,coco_POPE_random,coco_POPE_random,1,0,"No,",no,1.6484375,0.7513020833333334,11.9375,5.30953389951509,28,1,/mnt/data/ssz/mr/results/Qwen2.5-VL/pope/evo/analysis/coco_POPE_random/2514.pt
1014,1014,coco_POPE_random,coco_POPE_random,1,0,"No,",no,1.671875,0.7469618055555556,11.9375,5.267032094310174,28,1,/mnt/data/ssz/mr/results/Qwen2.5-VL/pope/evo/analysis/coco_POPE_random/1014.pt
1767,1767,coco_POPE_random,coco_POPE_random,1,0,"Yes,",yes,1.71875,0.7374131944444444,11.9375,4.749651574055517,28,1,/mnt/data/ssz/mr/results/Qwen2.5-VL/pope/evo/analysis/coco_POPE_random/1767.pt
274,274,coco_POPE_random,coco_POPE_random,1,0,"No,",no,1.71875,0.7486979166666666,11.9375,5.278603608137935,28,1,/mnt/data/ssz/mr/results/Qwen2.5-VL/pope/evo/analysis/coco_POPE_random/274.pt
2515,2515,coco_POPE_random,coco_POPE_random,0,1,"No,",yes,1.7109375,0.7582465277777778,11.9375,5.249085352905305,28,1,/mnt/data/ssz/mr/results/Qwen2.5-VL/pope/evo/analysis/coco_POPE_random/2515.pt
1015,1015,coco_POPE_random,coco_POPE_random,1,0,"Yes,",yes,1.734375,0.7366898148148148,11.9375,4.905972523283841,28,2,/mnt/data/ssz/mr/results/Qwen2.5-VL/pope/evo/analysis/coco_POPE_random/1015.pt
1768,1768,coco_POPE_random,coco_POPE_random,1,0,"No,",no,1.71875,0.7372685185185185,11.9375,5.2455964790462595,28,1,/mnt/data/ssz/mr/results/Qwen2.5-VL/pope/evo/analysis/coco_POPE_random/1768.pt
275,275,coco_POPE_random,coco_POPE_random,1,0,"Yes,",yes,1.7265625,0.7488425925925926,11.9375,4.898797101132004,28,1,/mnt/data/ssz/mr/results/Qwen2.5-VL/pope/evo/analysis/coco_POPE_random/275.pt
2516,2516,coco_POPE_random,coco_POPE_random,1,0,"No,",no,1.71875,0.7586082175925926,11.9375,5.255788233592692,28,1,/mnt/data/ssz/mr/results/Qwen2.5-VL/pope/evo/analysis/coco_POPE_random/2516.pt
1016,1016,coco_POPE_random,coco_POPE_random,1,0,"No,",no,1.71875,0.7362557870370371,11.9375,5.302543860675009,28,1,/mnt/data/ssz/mr/results/Qwen2.5-VL/pope/evo/analysis/coco_POPE_random/1016.pt
1769,1769,coco_POPE_random,coco_POPE_random,1,0,"Yes,",yes,1.71875,0.7374131944444444,11.9375,4.72770207078229,28,1,/mnt/data/ssz/mr/results/Qwen2.5-VL/pope/evo/analysis/coco_POPE_random/1769.pt
276,276,coco_POPE_random,coco_POPE_random,1,0,"No,",no,1.7265625,0.7486255787037037,11.9375,5.267700820258056,28,1,/mnt/data/ssz/mr/results/Qwen2.5-VL/pope/evo/analysis/coco_POPE_random/276.pt
2517,2517,coco_POPE_random,coco_POPE_random,1,0,"Yes,",yes,1.71875,0.7576678240740741,11.9375,4.953265436961181,28,2,/mnt/data/ssz/mr/results/Qwen2.5-VL/pope/evo/analysis/coco_POPE_random/2517.pt
1017,1017,coco_POPE_random,coco_POPE_random,1,0,"Yes,",yes,1.71875,0.7362557870370371,11.9375,4.821949169277589,28,1,/mnt/data/ssz/mr/results/Qwen2.5-VL/pope/evo/analysis/coco_POPE_random/1017.pt
1770,1770,coco_POPE_random,coco_POPE_random,1,0,"No,",no,1.71875,0.7372685185185185,11.9375,5.1950943067774995,28,1,/mnt/data/ssz/mr/results/Qwen2.5-VL/pope/evo/analysis/coco_POPE_random/1770.pt
277,277,coco_POPE_random,coco_POPE_random,1,0,"Yes,",yes,1.734375,0.7264178240740741,11.9375,4.799556669458662,28,1,/mnt/data/ssz/mr/results/Qwen2.5-VL/pope/evo/analysis/coco_POPE_random/277.pt
2518,2518,coco_POPE_random,coco_POPE_random,1,0,"No,",no,1.71875,0.7586082175925926,11.9375,5.230665134410158,28,1,/mnt/data/ssz/mr/results/Qwen2.5-VL/pope/evo/analysis/coco_POPE_random/2518.pt
1018,1018,coco_POPE_random,coco_POPE_random,1,0,"No,",no,1.734375,0.7366898148148148,11.9375,5.205471198728359,28,2,/mnt/data/ssz/mr/results/Qwen2.5-VL/pope/evo/analysis/coco_POPE_random/1018.pt
1771,1771,coco_POPE_random,coco_POPE_random,1,0,"Yes,",yes,1.7421875,0.7435619212962963,11.9375,4.9781506087607035,28,1,/mnt/data/ssz/mr/results/Qwen2.5-VL/pope/evo/analysis/coco_POPE_random/1771.pt
278,278,coco_POPE_random,coco_POPE_random,1,0,"No,",no,1.734375,0.7264178240740741,11.9375,5.245797766641772,28,1,/mnt/data/ssz/mr/results/Qwen2.5-VL/pope/evo/analysis/coco_POPE_random/278.pt
2519,2519,coco_POPE_random,coco_POPE_random,0,1,"No,",yes,1.71875,0.7576678240740741,11.9375,5.296208024632884,28,2,/mnt/data/ssz/mr/results/Qwen2.5-VL/pope/evo/analysis/coco_POPE_random/2519.pt
1019,1019,coco_POPE_random,coco_POPE_random,0,1,"No,",yes,1.71875,0.7362557870370371,11.9375,5.271403330580212,28,1,/mnt/data/ssz/mr/results/Qwen2.5-VL/pope/evo/analysis/coco_POPE_random/1019.pt
1772,1772,coco_POPE_random,coco_POPE_random,1,0,"No,",no,1.7421875,0.7430555555555556,11.9375,5.226062147447449,28,1,/mnt/data/ssz/mr/results/Qwen2.5-VL/pope/evo/analysis/coco_POPE_random/1772.pt
279,279,coco_POPE_random,coco_POPE_random,0,1,"No,",yes,1.734375,0.7264178240740741,11.9375,5.262401619279803,28,1,/mnt/data/ssz/mr/results/Qwen2.5-VL/pope/evo/analysis/coco_POPE_random/279.pt
2520,2520,coco_POPE_random,coco_POPE_random,1,0,"No,",no,1.71875,0.7576678240740741,11.9375,5.295729884702613,28,1,/mnt/data/ssz/mr/results/Qwen2.5-VL/pope/evo/analysis/coco_POPE_random/2520.pt
1020,1020,coco_POPE_random,coco_POPE_random,1,0,"No,",no,1.71875,0.7362557870370371,11.9375,5.26339956705864,28,1,/mnt/data/ssz/mr/results/Qwen2.5-VL/pope/evo/analysis/coco_POPE_random/1020.pt
1773,1773,coco_POPE_random,coco_POPE_random,1,0,"Yes,",yes,1.7421875,0.7440682870370371,11.9375,4.810861478845198,28,1,/mnt/data/ssz/mr/results/Qwen2.5-VL/pope/evo/analysis/coco_POPE_random/1773.pt
280,280,coco_POPE_random,coco_POPE_random,1,0,"No,",no,1.734375,0.7264178240740741,11.9375,5.14436994919831,28,1,/mnt/data/ssz/mr/results/Qwen2.5-VL/pope/evo/analysis/coco_POPE_random/280.pt
2521,2521,coco_POPE_random,coco_POPE_random,1,0,"Yes,",yes,1.7578125,0.7410300925925926,11.9375,4.801237646164501,28,1,/mnt/data/ssz/mr/results/Qwen2.5-VL/pope/evo/analysis/coco_POPE_random/2521.pt
1021,1021,coco_POPE_random,coco_POPE_random,1,0,"Yes,",yes,1.7265625,0.7489872685185185,11.9375,4.805966630789216,28,1,/mnt/data/ssz/mr/results/Qwen2.5-VL/pope/evo/analysis/coco_POPE_random/1021.pt
1774,1774,coco_POPE_random,coco_POPE_random,1,0,"No,",no,1.7421875,0.7431278935185185,11.9375,5.258051369100377,28,1,/mnt/data/ssz/mr/results/Qwen2.5-VL/pope/evo/analysis/coco_POPE_random/1774.pt
281,281,coco_POPE_random,coco_POPE_random,1,0,"Yes,",yes,1.734375,0.7264178240740741,11.9375,4.711080204699492,28,1,/mnt/data/ssz/mr/results/Qwen2.5-VL/pope/evo/analysis/coco_POPE_random/281.pt
2522,2522,coco_POPE_random,coco_POPE_random,1,0,"No,",no,1.7578125,0.7410300925925926,11.9375,5.20582578365705,28,1,/mnt/data/ssz/mr/results/Qwen2.5-VL/pope/evo/analysis/coco_POPE_random/2522.pt
1022,1022,coco_POPE_random,coco_POPE_random,1,0,"No,",no,1.7265625,0.7489872685185185,11.9375,5.270678106637269,28,1,/mnt/data/ssz/mr/results/Qwen2.5-VL/pope/evo/analysis/coco_POPE_random/1022.pt
1775,1775,coco_POPE_random,coco_POPE_random,1,0,"Yes,",yes,1.7421875,0.7435619212962963,11.9375,4.828465041707204,28,1,/mnt/data/ssz/mr/results/Qwen2.5-VL/pope/evo/analysis/coco_POPE_random/1775.pt
282,282,coco_POPE_random,coco_POPE_random,1,0,"No,",no,1.734375,0.7264178240740741,11.9375,5.140437490098058,28,1,/mnt/data/ssz/mr/results/Qwen2.5-VL/pope/evo/analysis/coco_POPE_random/282.pt
1023,1023,coco_POPE_random,coco_POPE_random,1,0,"Yes,",yes,1.7265625,0.7489872685185185,11.9375,5.028275763445366,28,1,/mnt/data/ssz/mr/results/Qwen2.5-VL/pope/evo/analysis/coco_POPE_random/1023.pt
1776,1776,coco_POPE_random,coco_POPE_random,1,0,"No,",no,1.7421875,0.7432002314814815,11.9375,5.357430074345757,28,1,/mnt/data/ssz/mr/results/Qwen2.5-VL/pope/evo/analysis/coco_POPE_random/1776.pt
2523,2523,coco_POPE_random,coco_POPE_random,1,0,"Yes,",yes,1.7578125,0.7410300925925926,11.9375,4.669288336762137,28,1,/mnt/data/ssz/mr/results/Qwen2.5-VL/pope/evo/analysis/coco_POPE_random/2523.pt
283,283,coco_POPE_random,coco_POPE_random,1,0,"Yes,",yes,1.671875,0.734375,11.9375,4.83741888783329,28,1,/mnt/data/ssz/mr/results/Qwen2.5-VL/pope/evo/analysis/coco_POPE_random/283.pt
1024,1024,coco_POPE_random,coco_POPE_random,1,0,"No,",no,1.7265625,0.7492042824074074,11.9375,5.270544230557099,28,1,/mnt/data/ssz/mr/results/Qwen2.5-VL/pope/evo/analysis/coco_POPE_random/1024.pt
1777,1777,coco_POPE_random,coco_POPE_random,1,0,"Yes,",yes,1.703125,0.7447916666666666,11.9375,4.762791388198454,28,1,/mnt/data/ssz/mr/results/Qwen2.5-VL/pope/evo/analysis/coco_POPE_random/1777.pt
2524,2524,coco_POPE_random,coco_POPE_random,1,0,"No,",no,1.7578125,0.7410300925925926,11.9375,5.133135031703926,28,1,/mnt/data/ssz/mr/results/Qwen2.5-VL/pope/evo/analysis/coco_POPE_random/2524.pt
284,284,coco_POPE_random,coco_POPE_random,1,0,"No,",no,1.671875,0.7343026620370371,11.9375,5.152066713411778,28,1,/mnt/data/ssz/mr/results/Qwen2.5-VL/pope/evo/analysis/coco_POPE_random/284.pt
1025,1025,coco_POPE_random,coco_POPE_random,1,0,"Yes,",yes,1.7265625,0.7489872685185185,11.9375,4.840585611554506,28,1,/mnt/data/ssz/mr/results/Qwen2.5-VL/pope/evo/analysis/coco_POPE_random/1025.pt
1778,1778,coco_POPE_random,coco_POPE_random,1,0,"No,",no,1.7109375,0.7449363425925926,11.9375,5.219003608937044,28,1,/mnt/data/ssz/mr/results/Qwen2.5-VL/pope/evo/analysis/coco_POPE_random/1778.pt
285,285,coco_POPE_random,coco_POPE_random,0,1,"No,",yes,1.671875,0.734375,11.9375,5.2216950503839366,28,1,/mnt/data/ssz/mr/results/Qwen2.5-VL/pope/evo/analysis/coco_POPE_random/285.pt
2525,2525,coco_POPE_random,coco_POPE_random,1,0,"Yes,",yes,1.7578125,0.7410300925925926,11.9375,4.6768779029238265,28,1,/mnt/data/ssz/mr/results/Qwen2.5-VL/pope/evo/analysis/coco_POPE_random/2525.pt
1026,1026,coco_POPE_random,coco_POPE_random,1,0,"No,",no,1.7265625,0.7489872685185185,11.9375,5.210612959897844,28,1,/mnt/data/ssz/mr/results/Qwen2.5-VL/pope/evo/analysis/coco_POPE_random/1026.pt
1779,1779,coco_POPE_random,coco_POPE_random,1,0,"Yes,",yes,1.7109375,0.7448640046296297,11.9375,4.887145633834373,28,2,/mnt/data/ssz/mr/results/Qwen2.5-VL/pope/evo/analysis/coco_POPE_random/1779.pt
286,286,coco_POPE_random,coco_POPE_random,1,0,"No,",no,1.671875,0.734375,11.9375,5.188003235393338,28,1,/mnt/data/ssz/mr/results/Qwen2.5-VL/pope/evo/analysis/coco_POPE_random/286.pt
2526,2526,coco_POPE_random,coco_POPE_random,1,0,"No,",no,1.7578125,0.7410300925925926,11.9375,5.230912302603021,28,1,/mnt/data/ssz/mr/results/Qwen2.5-VL/pope/evo/analysis/coco_POPE_random/2526.pt
1027,1027,coco_POPE_random,coco_POPE_random,0,1,"No,",yes,1.7265625,0.7381365740740741,11.9375,5.2697834502411345,28,1,/mnt/data/ssz/mr/results/Qwen2.5-VL/pope/evo/analysis/coco_POPE_random/1027.pt
287,287,coco_POPE_random,coco_POPE_random,0,1,"No,",yes,1.671875,0.7343026620370371,11.9375,5.132674076108931,28,1,/mnt/data/ssz/mr/results/Qwen2.5-VL/pope/evo/analysis/coco_POPE_random/287.pt
1780,1780,coco_POPE_random,coco_POPE_random,1,0,"No,",no,1.7109375,0.7449363425925926,11.9375,5.172426455904597,28,1,/mnt/data/ssz/mr/results/Qwen2.5-VL/pope/evo/analysis/coco_POPE_random/1780.pt
2527,2527,coco_POPE_random,coco_POPE_random,1,0,"Yes,",yes,1.734375,0.7518807870370371,11.9375,4.884975939905714,28,1,/mnt/data/ssz/mr/results/Qwen2.5-VL/pope/evo/analysis/coco_POPE_random/2527.pt
1028,1028,coco_POPE_random,coco_POPE_random,1,0,"No,",no,1.7265625,0.7381365740740741,11.9375,5.300119342424421,28,1,/mnt/data/ssz/mr/results/Qwen2.5-VL/pope/evo/analysis/coco_POPE_random/1028.pt
288,288,coco_POPE_random,coco_POPE_random,1,0,"No,",no,1.671875,0.734375,11.9375,5.147850761134609,28,1,/mnt/data/ssz/mr/results/Qwen2.5-VL/pope/evo/analysis/coco_POPE_random/288.pt
1781,1781,coco_POPE_random,coco_POPE_random,1,0,"Yes,",yes,1.703125,0.7447916666666666,11.9375,4.73561734211298,28,1,/mnt/data/ssz/mr/results/Qwen2.5-VL/pope/evo/analysis/coco_POPE_random/1781.pt
2528,2528,coco_POPE_random,coco_POPE_random,1,0,"No,",no,1.734375,0.7518807870370371,11.9375,5.309188837936306,28,1,/mnt/data/ssz/mr/results/Qwen2.5-VL/pope/evo/analysis/coco_POPE_random/2528.pt
1029,1029,coco_POPE_random,coco_POPE_random,0,1,"No,",yes,1.7265625,0.7380642361111112,11.9375,5.183572714313852,28,1,/mnt/data/ssz/mr/results/Qwen2.5-VL/pope/evo/analysis/coco_POPE_random/1029.pt
289,289,coco_POPE_random,coco_POPE_random,0,1,"No,",yes,1.71875,0.7688078703703703,11.9375,5.438418610858466,28,1,/mnt/data/ssz/mr/results/Qwen2.5-VL/pope/evo/analysis/coco_POPE_random/289.pt
1782,1782,coco_POPE_random,coco_POPE_random,1,0,"No,",no,1.7109375,0.7448640046296297,11.9375,5.290973336158866,28,2,/mnt/data/ssz/mr/results/Qwen2.5-VL/pope/evo/analysis/coco_POPE_random/1782.pt
2529,2529,coco_POPE_random,coco_POPE_random,1,0,"Yes,",yes,1.734375,0.7518807870370371,11.9375,4.709120473490277,28,1,/mnt/data/ssz/mr/results/Qwen2.5-VL/pope/evo/analysis/coco_POPE_random/2529.pt
290,290,coco_POPE_random,coco_POPE_random,1,0,"No,",no,1.71875,0.7688802083333334,11.9375,5.271766103805492,28,1,/mnt/data/ssz/mr/results/Qwen2.5-VL/pope/evo/analysis/coco_POPE_random/290.pt
1030,1030,coco_POPE_random,coco_POPE_random,1,0,"No,",no,1.7265625,0.7381365740740741,11.9375,5.259132753568338,28,1,/mnt/data/ssz/mr/results/Qwen2.5-VL/pope/evo/analysis/coco_POPE_random/1030.pt
1783,1783,coco_POPE_random,coco_POPE_random,1,0,"Yes,",yes,1.75,0.7430555555555556,11.9375,4.831870122255027,28,1,/mnt/data/ssz/mr/results/Qwen2.5-VL/pope/evo/analysis/coco_POPE_random/1783.pt
2530,2530,coco_POPE_random,coco_POPE_random,1,0,"No,",no,1.734375,0.7518807870370371,11.9375,5.337135321115442,28,1,/mnt/data/ssz/mr/results/Qwen2.5-VL/pope/evo/analysis/coco_POPE_random/2530.pt
291,291,coco_POPE_random,coco_POPE_random,1,0,"Yes,",yes,1.71875,0.7688078703703703,11.9375,4.992825766041857,28,1,/mnt/data/ssz/mr/results/Qwen2.5-VL/pope/evo/analysis/coco_POPE_random/291.pt
1031,1031,coco_POPE_random,coco_POPE_random,1,0,"Yes,",yes,1.7265625,0.7379918981481481,11.9375,4.900251563861623,28,1,/mnt/data/ssz/mr/results/Qwen2.5-VL/pope/evo/analysis/coco_POPE_random/1031.pt
1784,1784,coco_POPE_random,coco_POPE_random,1,0,"No,",no,1.75,0.7430555555555556,11.9375,5.209733296285463,28,1,/mnt/data/ssz/mr/results/Qwen2.5-VL/pope/evo/analysis/coco_POPE_random/1784.pt
2531,2531,coco_POPE_random,coco_POPE_random,1,0,"Yes,",yes,1.734375,0.7518807870370371,11.9375,4.778069728656318,28,1,/mnt/data/ssz/mr/results/Qwen2.5-VL/pope/evo/analysis/coco_POPE_random/2531.pt
292,292,coco_POPE_random,coco_POPE_random,1,0,"No,",no,1.71875,0.7688802083333334,11.9375,5.313337494163322,28,1,/mnt/data/ssz/mr/results/Qwen2.5-VL/pope/evo/analysis/coco_POPE_random/292.pt
1032,1032,coco_POPE_random,coco_POPE_random,1,0,"No,",no,1.7265625,0.7381365740740741,11.9375,5.256830597349547,28,1,/mnt/data/ssz/mr/results/Qwen2.5-VL/pope/evo/analysis/coco_POPE_random/1032.pt
1785,1785,coco_POPE_random,coco_POPE_random,1,0,"Yes,",yes,1.75,0.7430555555555556,11.9375,4.721307437426732,28,1,/mnt/data/ssz/mr/results/Qwen2.5-VL/pope/evo/analysis/coco_POPE_random/1785.pt
293,293,coco_POPE_random,coco_POPE_random,1,0,"Yes,",yes,1.71875,0.7688078703703703,11.9375,4.840751538413943,28,1,/mnt/data/ssz/mr/results/Qwen2.5-VL/pope/evo/analysis/coco_POPE_random/293.pt
2532,2532,coco_POPE_random,coco_POPE_random,1,0,"No,",no,1.734375,0.7518807870370371,11.9375,5.337503333602118,28,1,/mnt/data/ssz/mr/results/Qwen2.5-VL/pope/evo/analysis/coco_POPE_random/2532.pt
1033,1033,coco_POPE_random,coco_POPE_random,1,0,"Yes,",yes,1.671875,0.7672164351851852,11.9375,4.86363955970503,28,2,/mnt/data/ssz/mr/results/Qwen2.5-VL/pope/evo/analysis/coco_POPE_random/1033.pt
1786,1786,coco_POPE_random,coco_POPE_random,1,0,"No,",no,1.75,0.7430555555555556,11.9375,5.226383206535846,28,1,/mnt/data/ssz/mr/results/Qwen2.5-VL/pope/evo/analysis/coco_POPE_random/1786.pt
1034,1034,coco_POPE_random,coco_POPE_random,1,0,"No,",no,1.671875,0.7673611111111112,11.9375,5.15164380981903,28,1,/mnt/data/ssz/mr/results/Qwen2.5-VL/pope/evo/analysis/coco_POPE_random/1034.pt
294,294,coco_POPE_random,coco_POPE_random,1,0,"No,",no,1.71875,0.7689525462962963,11.9375,5.265543817268524,28,1,/mnt/data/ssz/mr/results/Qwen2.5-VL/pope/evo/analysis/coco_POPE_random/294.pt
2533,2533,coco_POPE_random,coco_POPE_random,1,0,"Yes,",yes,1.6875,0.7719184027777778,11.9375,4.747967389649079,28,1,/mnt/data/ssz/mr/results/Qwen2.5-VL/pope/evo/analysis/coco_POPE_random/2533.pt
1035,1035,coco_POPE_random,coco_POPE_random,0,1,"No,",yes,1.671875,0.7672164351851852,11.9375,5.348882861018176,28,2,/mnt/data/ssz/mr/results/Qwen2.5-VL/pope/evo/analysis/coco_POPE_random/1035.pt
2534,2534,coco_POPE_random,coco_POPE_random,1,0,"No,",no,1.6875,0.7719184027777778,11.9375,5.129393340214879,28,1,/mnt/data/ssz/mr/results/Qwen2.5-VL/pope/evo/analysis/coco_POPE_random/2534.pt
1787,1787,coco_POPE_random,coco_POPE_random,0,1,"No,",yes,1.75,0.7430555555555556,11.9375,5.29501265334367,28,1,/mnt/data/ssz/mr/results/Qwen2.5-VL/pope/evo/analysis/coco_POPE_random/1787.pt
295,295,coco_POPE_random,coco_POPE_random,1,0,"Yes,",yes,1.734375,0.7547743055555556,11.9375,4.876418732045099,28,1,/mnt/data/ssz/mr/results/Qwen2.5-VL/pope/evo/analysis/coco_POPE_random/295.pt
1036,1036,coco_POPE_random,coco_POPE_random,1,0,"No,",no,1.671875,0.7673611111111112,11.9375,5.22777391443278,28,1,/mnt/data/ssz/mr/results/Qwen2.5-VL/pope/evo/analysis/coco_POPE_random/1036.pt
2535,2535,coco_POPE_random,coco_POPE_random,1,0,"Yes,",yes,1.6875,0.7719184027777778,11.9375,4.836511010633331,28,1,/mnt/data/ssz/mr/results/Qwen2.5-VL/pope/evo/analysis/coco_POPE_random/2535.pt
1788,1788,coco_POPE_random,coco_POPE_random,1,0,"No,",no,1.75,0.7430555555555556,11.9375,5.148627807544284,28,1,/mnt/data/ssz/mr/results/Qwen2.5-VL/pope/evo/analysis/coco_POPE_random/1788.pt
296,296,coco_POPE_random,coco_POPE_random,1,0,"No,",no,1.734375,0.7547743055555556,11.9375,5.298223232076924,28,1,/mnt/data/ssz/mr/results/Qwen2.5-VL/pope/evo/analysis/coco_POPE_random/296.pt
1037,1037,coco_POPE_random,coco_POPE_random,1,0,"Yes,",yes,1.6640625,0.7670717592592593,11.9375,4.697073483841689,28,1,/mnt/data/ssz/mr/results/Qwen2.5-VL/pope/evo/analysis/coco_POPE_random/1037.pt
2536,2536,coco_POPE_random,coco_POPE_random,1,0,"No,",no,1.6875,0.7717013888888888,11.9375,5.144907945280317,28,1,/mnt/data/ssz/mr/results/Qwen2.5-VL/pope/evo/analysis/coco_POPE_random/2536.pt
1789,1789,coco_POPE_random,coco_POPE_random,0,1,"No,",yes,1.703125,0.7294560185185185,11.9375,5.121928285980991,28,1,/mnt/data/ssz/mr/results/Qwen2.5-VL/pope/evo/analysis/coco_POPE_random/1789.pt
297,297,coco_POPE_random,coco_POPE_random,0,1,"No,",yes,1.734375,0.7547019675925926,11.9375,5.284156356437146,28,1,/mnt/data/ssz/mr/results/Qwen2.5-VL/pope/evo/analysis/coco_POPE_random/297.pt
1038,1038,coco_POPE_random,coco_POPE_random,1,0,"No,",no,1.671875,0.7672164351851852,11.9375,5.343577407248789,28,2,/mnt/data/ssz/mr/results/Qwen2.5-VL/pope/evo/analysis/coco_POPE_random/1038.pt
2537,2537,coco_POPE_random,coco_POPE_random,1,0,"Yes,",yes,1.6875,0.7711226851851852,11.9375,4.796414558768706,28,1,/mnt/data/ssz/mr/results/Qwen2.5-VL/pope/evo/analysis/coco_POPE_random/2537.pt
1790,1790,coco_POPE_random,coco_POPE_random,1,0,"No,",no,1.703125,0.7294560185185185,11.9375,5.0464359479411955,28,1,/mnt/data/ssz/mr/results/Qwen2.5-VL/pope/evo/analysis/coco_POPE_random/1790.pt
1039,1039,coco_POPE_random,coco_POPE_random,0,1,"No,",yes,1.703125,0.7562210648148148,11.9375,5.085071674056084,28,1,/mnt/data/ssz/mr/results/Qwen2.5-VL/pope/evo/analysis/coco_POPE_random/1039.pt
298,298,coco_POPE_random,coco_POPE_random,1,0,"No,",no,1.734375,0.7547743055555556,11.9375,5.370320291781512,28,1,/mnt/data/ssz/mr/results/Qwen2.5-VL/pope/evo/analysis/coco_POPE_random/298.pt
2538,2538,coco_POPE_random,coco_POPE_random,1,0,"No,",no,1.6875,0.7719184027777778,11.9375,5.102986834463082,28,1,/mnt/data/ssz/mr/results/Qwen2.5-VL/pope/evo/analysis/coco_POPE_random/2538.pt
1791,1791,coco_POPE_random,coco_POPE_random,1,0,"Yes,",yes,1.703125,0.7294560185185185,11.9375,4.70107629083422,28,1,/mnt/data/ssz/mr/results/Qwen2.5-VL/pope/evo/analysis/coco_POPE_random/1791.pt
1040,1040,coco_POPE_random,coco_POPE_random,1,0,"No,",no,1.703125,0.7562210648148148,11.9375,5.138820094849005,28,1,/mnt/data/ssz/mr/results/Qwen2.5-VL/pope/evo/analysis/coco_POPE_random/1040.pt
2539,2539,coco_POPE_random,coco_POPE_random,1,0,"Yes,",yes,1.6484375,0.7414641203703703,11.9375,4.702683910882304,28,1,/mnt/data/ssz/mr/results/Qwen2.5-VL/pope/evo/analysis/coco_POPE_random/2539.pt
299,299,coco_POPE_random,coco_POPE_random,1,0,"Yes,",yes,1.734375,0.7547019675925926,11.9375,4.817971340896701,28,1,/mnt/data/ssz/mr/results/Qwen2.5-VL/pope/evo/analysis/coco_POPE_random/299.pt
1041,1041,coco_POPE_random,coco_POPE_random,1,0,"Yes,",yes,1.703125,0.7562210648148148,11.9375,4.776633582560525,28,1,/mnt/data/ssz/mr/results/Qwen2.5-VL/pope/evo/analysis/coco_POPE_random/1041.pt
1792,1792,coco_POPE_random,coco_POPE_random,1,0,"No,",no,1.703125,0.7287326388888888,11.9375,5.103911127221024,28,1,/mnt/data/ssz/mr/results/Qwen2.5-VL/pope/evo/analysis/coco_POPE_random/1792.pt
1042,1042,coco_POPE_random,coco_POPE_random,1,0,"No,",no,1.703125,0.7562210648148148,11.9375,5.126610979252166,28,1,/mnt/data/ssz/mr/results/Qwen2.5-VL/pope/evo/analysis/coco_POPE_random/1042.pt
2540,2540,coco_POPE_random,coco_POPE_random,1,0,"No,",no,1.6484375,0.7414641203703703,11.9375,5.173987844752666,28,1,/mnt/data/ssz/mr/results/Qwen2.5-VL/pope/evo/analysis/coco_POPE_random/2540.pt
300,300,coco_POPE_random,coco_POPE_random,1,0,"No,",no,1.734375,0.7547743055555556,11.9375,5.346072088661082,28,1,/mnt/data/ssz/mr/results/Qwen2.5-VL/pope/evo/analysis/coco_POPE_random/300.pt
1793,1793,coco_POPE_random,coco_POPE_random,1,0,"Yes,",yes,1.703125,0.7294560185185185,11.9375,4.758674309922508,28,1,/mnt/data/ssz/mr/results/Qwen2.5-VL/pope/evo/analysis/coco_POPE_random/1793.pt
1043,1043,coco_POPE_random,coco_POPE_random,0,1,"No,",yes,1.703125,0.7562210648148148,11.9375,5.032660133771124,28,1,/mnt/data/ssz/mr/results/Qwen2.5-VL/pope/evo/analysis/coco_POPE_random/1043.pt
2541,2541,coco_POPE_random,coco_POPE_random,1,0,"Yes,",yes,1.6484375,0.7414641203703703,11.9375,4.827098906170755,28,1,/mnt/data/ssz/mr/results/Qwen2.5-VL/pope/evo/analysis/coco_POPE_random/2541.pt
301,301,coco_POPE_random,coco_POPE_random,0,1,"No,",yes,1.671875,0.7565104166666666,11.9375,5.264547688367422,28,1,/mnt/data/ssz/mr/results/Qwen2.5-VL/pope/evo/analysis/coco_POPE_random/301.pt
1794,1794,coco_POPE_random,coco_POPE_random,1,0,"No,",no,1.703125,0.7287326388888888,11.9375,5.090548085723609,28,1,/mnt/data/ssz/mr/results/Qwen2.5-VL/pope/evo/analysis/coco_POPE_random/1794.pt
1044,1044,coco_POPE_random,coco_POPE_random,1,0,"No,",no,1.703125,0.7562210648148148,11.9375,5.213424118609008,28,1,/mnt/data/ssz/mr/results/Qwen2.5-VL/pope/evo/analysis/coco_POPE_random/1044.pt
302,302,coco_POPE_random,coco_POPE_random,1,0,"No,",no,1.671875,0.7565104166666666,11.9375,5.268160869052359,28,1,/mnt/data/ssz/mr/results/Qwen2.5-VL/pope/evo/analysis/coco_POPE_random/302.pt
2542,2542,coco_POPE_random,coco_POPE_random,1,0,"No,",no,1.6484375,0.7414641203703703,11.9375,5.226068627385068,28,1,/mnt/data/ssz/mr/results/Qwen2.5-VL/pope/evo/analysis/coco_POPE_random/2542.pt
1795,1795,coco_POPE_random,coco_POPE_random,1,0,"Yes,",yes,1.71875,0.7463107638888888,11.9375,5.02714574064434,28,1,/mnt/data/ssz/mr/results/Qwen2.5-VL/pope/evo/analysis/coco_POPE_random/1795.pt
1045,1045,coco_POPE_random,coco_POPE_random,1,0,"Yes,",yes,1.7109375,0.7413194444444444,11.9375,4.7524079425423515,28,1,/mnt/data/ssz/mr/results/Qwen2.5-VL/pope/evo/analysis/coco_POPE_random/1045.pt
303,303,coco_POPE_random,coco_POPE_random,1,0,"Yes,",yes,1.671875,0.7563657407407407,11.9375,4.797351531720285,28,1,/mnt/data/ssz/mr/results/Qwen2.5-VL/pope/evo/analysis/coco_POPE_random/303.pt
1796,1796,coco_POPE_random,coco_POPE_random,1,0,"No,",no,1.71875,0.7465277777777778,11.9375,5.341511507405736,28,1,/mnt/data/ssz/mr/results/Qwen2.5-VL/pope/evo/analysis/coco_POPE_random/1796.pt
2543,2543,coco_POPE_random,coco_POPE_random,0,1,"No,",yes,1.6484375,0.7412471064814815,11.9375,5.228911741782012,28,1,/mnt/data/ssz/mr/results/Qwen2.5-VL/pope/evo/analysis/coco_POPE_random/2543.pt
1046,1046,coco_POPE_random,coco_POPE_random,1,0,"No,",no,1.7109375,0.7413194444444444,11.9375,5.238670431310782,28,1,/mnt/data/ssz/mr/results/Qwen2.5-VL/pope/evo/analysis/coco_POPE_random/1046.pt
304,304,coco_POPE_random,coco_POPE_random,1,0,"No,",no,1.671875,0.7566550925925926,11.9375,5.300797829299224,28,1,/mnt/data/ssz/mr/results/Qwen2.5-VL/pope/evo/analysis/coco_POPE_random/304.pt
1797,1797,coco_POPE_random,coco_POPE_random,0,1,"No,",yes,1.71875,0.7463107638888888,11.9375,5.300525220472303,28,1,/mnt/data/ssz/mr/results/Qwen2.5-VL/pope/evo/analysis/coco_POPE_random/1797.pt
2544,2544,coco_POPE_random,coco_POPE_random,1,0,"No,",no,1.6484375,0.7414641203703703,11.9375,5.202064255034202,28,1,/mnt/data/ssz/mr/results/Qwen2.5-VL/pope/evo/analysis/coco_POPE_random/2544.pt
1047,1047,coco_POPE_random,coco_POPE_random,0,1,"No,",yes,1.7109375,0.7413194444444444,11.9375,5.347879965050857,28,1,/mnt/data/ssz/mr/results/Qwen2.5-VL/pope/evo/analysis/coco_POPE_random/1047.pt
305,305,coco_POPE_random,coco_POPE_random,1,0,"Yes,",yes,1.671875,0.7566550925925926,11.9375,4.803699118362949,28,1,/mnt/data/ssz/mr/results/Qwen2.5-VL/pope/evo/analysis/coco_POPE_random/305.pt
1798,1798,coco_POPE_random,coco_POPE_random,1,0,"No,",no,1.71875,0.7463107638888888,11.9375,5.364344001932829,28,1,/mnt/data/ssz/mr/results/Qwen2.5-VL/pope/evo/analysis/coco_POPE_random/1798.pt
1048,1048,coco_POPE_random,coco_POPE_random,1,0,"No,",no,1.7109375,0.7413194444444444,11.9375,5.238562455205754,28,1,/mnt/data/ssz/mr/results/Qwen2.5-VL/pope/evo/analysis/coco_POPE_random/1048.pt
2545,2545,coco_POPE_random,coco_POPE_random,1,0,"Yes,",yes,1.75,0.7481192129629629,11.9375,4.794598724337049,28,1,/mnt/data/ssz/mr/results/Qwen2.5-VL/pope/evo/analysis/coco_POPE_random/2545.pt
306,306,coco_POPE_random,coco_POPE_random,1,0,"No,",no,1.671875,0.7565104166666666,11.9375,5.296309658595169,28,1,/mnt/data/ssz/mr/results/Qwen2.5-VL/pope/evo/analysis/coco_POPE_random/306.pt
1799,1799,coco_POPE_random,coco_POPE_random,1,0,"Yes,",yes,1.71875,0.7465277777777778,11.9375,4.740098331473179,28,1,/mnt/data/ssz/mr/results/Qwen2.5-VL/pope/evo/analysis/coco_POPE_random/1799.pt
1049,1049,coco_POPE_random,coco_POPE_random,0,1,"No,",yes,1.7109375,0.7413194444444444,11.9375,5.317711833646927,28,1,/mnt/data/ssz/mr/results/Qwen2.5-VL/pope/evo/analysis/coco_POPE_random/1049.pt
2546,2546,coco_POPE_random,coco_POPE_random,1,0,"No,",no,1.75,0.7472511574074074,11.9375,5.293429100809716,28,1,/mnt/data/ssz/mr/results/Qwen2.5-VL/pope/evo/analysis/coco_POPE_random/2546.pt
307,307,coco_POPE_random,coco_POPE_random,1,0,"Yes,",yes,1.7109375,0.7465277777777778,11.9375,4.661702948886397,28,1,/mnt/data/ssz/mr/results/Qwen2.5-VL/pope/evo/analysis/coco_POPE_random/307.pt
1800,1800,coco_POPE_random,coco_POPE_random,1,0,"No,",no,1.71875,0.7463107638888888,11.9375,5.346248144164967,28,1,/mnt/data/ssz/mr/results/Qwen2.5-VL/pope/evo/analysis/coco_POPE_random/1800.pt
1050,1050,coco_POPE_random,coco_POPE_random,1,0,"No,",no,1.7109375,0.7413194444444444,11.9375,5.328301906350355,28,1,/mnt/data/ssz/mr/results/Qwen2.5-VL/pope/evo/analysis/coco_POPE_random/1050.pt
2547,2547,coco_POPE_random,coco_POPE_random,1,0,"Yes,",yes,1.75,0.7472511574074074,11.9375,4.798499568228291,28,1,/mnt/data/ssz/mr/results/Qwen2.5-VL/pope/evo/analysis/coco_POPE_random/2547.pt
308,308,coco_POPE_random,coco_POPE_random,1,0,"No,",no,1.71875,0.7468171296296297,11.9375,5.15439644611402,28,1,/mnt/data/ssz/mr/results/Qwen2.5-VL/pope/evo/analysis/coco_POPE_random/308.pt
1801,1801,coco_POPE_random,coco_POPE_random,1,0,"Yes,",yes,1.7109375,0.7468171296296297,11.9375,4.685196920508849,28,1,/mnt/data/ssz/mr/results/Qwen2.5-VL/pope/evo/analysis/coco_POPE_random/1801.pt
1051,1051,coco_POPE_random,coco_POPE_random,0,1,"No,",yes,1.7421875,0.7466724537037037,11.9375,5.213144614322591,28,1,/mnt/data/ssz/mr/results/Qwen2.5-VL/pope/evo/analysis/coco_POPE_random/1051.pt
2548,2548,coco_POPE_random,coco_POPE_random,1,0,"No,",no,1.75,0.7472511574074074,11.9375,5.15770091109002,28,1,/mnt/data/ssz/mr/results/Qwen2.5-VL/pope/evo/analysis/coco_POPE_random/2548.pt
309,309,coco_POPE_random,coco_POPE_random,1,0,"Yes,",yes,1.71875,0.7468171296296297,11.9375,4.862430008385078,28,1,/mnt/data/ssz/mr/results/Qwen2.5-VL/pope/evo/analysis/coco_POPE_random/309.pt
1802,1802,coco_POPE_random,coco_POPE_random,1,0,"No,",no,1.7109375,0.7470341435185185,11.9375,5.384907954111536,28,1,/mnt/data/ssz/mr/results/Qwen2.5-VL/pope/evo/analysis/coco_POPE_random/1802.pt
1052,1052,coco_POPE_random,coco_POPE_random,1,0,"No,",no,1.7421875,0.7459490740740741,11.9375,5.234455332926229,28,1,/mnt/data/ssz/mr/results/Qwen2.5-VL/pope/evo/analysis/coco_POPE_random/1052.pt
2549,2549,coco_POPE_random,coco_POPE_random,1,0,"Yes,",yes,1.75,0.7476851851851852,11.9375,4.760223131817281,28,1,/mnt/data/ssz/mr/results/Qwen2.5-VL/pope/evo/analysis/coco_POPE_random/2549.pt
310,310,coco_POPE_random,coco_POPE_random,1,0,"No,",no,1.71875,0.7468171296296297,11.9375,5.249221663673403,28,1,/mnt/data/ssz/mr/results/Qwen2.5-VL/pope/evo/analysis/coco_POPE_random/310.pt
1803,1803,coco_POPE_random,coco_POPE_random,1,0,"Yes,",yes,1.7109375,0.7472511574074074,11.9375,4.928811228387513,28,1,/mnt/data/ssz/mr/results/Qwen2.5-VL/pope/evo/analysis/coco_POPE_random/1803.pt
1053,1053,coco_POPE_random,coco_POPE_random,1,0,"Yes,",yes,1.7421875,0.7463107638888888,11.9375,4.931547223789282,28,1,/mnt/data/ssz/mr/results/Qwen2.5-VL/pope/evo/analysis/coco_POPE_random/1053.pt
2550,2550,coco_POPE_random,coco_POPE_random,1,0,"No,",no,1.75,0.7472511574074074,11.9375,5.25123876489052,28,1,/mnt/data/ssz/mr/results/Qwen2.5-VL/pope/evo/analysis/coco_POPE_random/2550.pt
311,311,coco_POPE_random,coco_POPE_random,0,1,"No,",yes,1.71875,0.7468171296296297,11.9375,5.198753054002912,28,1,/mnt/data/ssz/mr/results/Qwen2.5-VL/pope/evo/analysis/coco_POPE_random/311.pt
1804,1804,coco_POPE_random,coco_POPE_random,1,0,"No,",no,1.7109375,0.7470341435185185,11.9375,5.272768534818303,28,1,/mnt/data/ssz/mr/results/Qwen2.5-VL/pope/evo/analysis/coco_POPE_random/1804.pt
1054,1054,coco_POPE_random,coco_POPE_random,1,0,"No,",no,1.7421875,0.7463107638888888,11.9375,5.300995129311623,28,1,/mnt/data/ssz/mr/results/Qwen2.5-VL/pope/evo/analysis/coco_POPE_random/1054.pt
2551,2551,coco_POPE_random,coco_POPE_random,1,0,"Yes,",yes,1.7109375,0.7678674768518519,11.9375,4.7975930349683935,28,1,/mnt/data/ssz/mr/results/Qwen2.5-VL/pope/evo/analysis/coco_POPE_random/2551.pt
312,312,coco_POPE_random,coco_POPE_random,1,0,"No,",no,1.71875,0.7468171296296297,11.9375,5.186044455988755,28,1,/mnt/data/ssz/mr/results/Qwen2.5-VL/pope/evo/analysis/coco_POPE_random/312.pt
1805,1805,coco_POPE_random,coco_POPE_random,1,0,"Yes,",yes,1.7109375,0.7472511574074074,11.9375,4.780992621173819,28,1,/mnt/data/ssz/mr/results/Qwen2.5-VL/pope/evo/analysis/coco_POPE_random/1805.pt
1055,1055,coco_POPE_random,coco_POPE_random,0,1,"No,",yes,1.7421875,0.7466724537037037,11.9375,5.343408490058468,28,1,/mnt/data/ssz/mr/results/Qwen2.5-VL/pope/evo/analysis/coco_POPE_random/1055.pt
2552,2552,coco_POPE_random,coco_POPE_random,1,0,"No,",no,1.7109375,0.7676504629629629,11.9375,5.244682399501849,28,1,/mnt/data/ssz/mr/results/Qwen2.5-VL/pope/evo/analysis/coco_POPE_random/2552.pt
313,313,coco_POPE_random,coco_POPE_random,1,0,"Yes,",yes,1.703125,0.7517361111111112,11.9375,4.925778774008742,28,1,/mnt/data/ssz/mr/results/Qwen2.5-VL/pope/evo/analysis/coco_POPE_random/313.pt
1806,1806,coco_POPE_random,coco_POPE_random,1,0,"No,",no,1.7109375,0.7472511574074074,11.9375,5.313991865726307,28,1,/mnt/data/ssz/mr/results/Qwen2.5-VL/pope/evo/analysis/coco_POPE_random/1806.pt
1056,1056,coco_POPE_random,coco_POPE_random,1,0,"No,",no,1.7421875,0.7459490740740741,11.9375,5.304537244334933,28,1,/mnt/data/ssz/mr/results/Qwen2.5-VL/pope/evo/analysis/coco_POPE_random/1056.pt
2553,2553,coco_POPE_random,coco_POPE_random,1,0,"Yes,",yes,1.7109375,0.7676504629629629,11.9375,4.781957363593407,28,1,/mnt/data/ssz/mr/results/Qwen2.5-VL/pope/evo/analysis/coco_POPE_random/2553.pt
314,314,coco_POPE_random,coco_POPE_random,1,0,"No,",no,1.703125,0.7517361111111112,11.9375,5.248519629792648,28,1,/mnt/data/ssz/mr/results/Qwen2.5-VL/pope/evo/analysis/coco_POPE_random/314.pt
1807,1807,coco_POPE_random,coco_POPE_random,1,0,"Yes,",yes,1.734375,0.74609375,11.9375,4.877242947240151,28,1,/mnt/data/ssz/mr/results/Qwen2.5-VL/pope/evo/analysis/coco_POPE_random/1807.pt
1057,1057,coco_POPE_random,coco_POPE_random,0,1,"No,",yes,1.7109375,0.7549913194444444,11.9375,5.166256267008388,28,1,/mnt/data/ssz/mr/results/Qwen2.5-VL/pope/evo/analysis/coco_POPE_random/1057.pt
2554,2554,coco_POPE_random,coco_POPE_random,1,0,"No,",no,1.7109375,0.7676504629629629,11.9375,5.1942526947113326,28,1,/mnt/data/ssz/mr/results/Qwen2.5-VL/pope/evo/analysis/coco_POPE_random/2554.pt
315,315,coco_POPE_random,coco_POPE_random,1,0,"Yes,",yes,1.703125,0.7517361111111112,11.9375,4.877840586147535,28,1,/mnt/data/ssz/mr/results/Qwen2.5-VL/pope/evo/analysis/coco_POPE_random/315.pt
1808,1808,coco_POPE_random,coco_POPE_random,1,0,"No,",no,1.734375,0.74609375,11.9375,5.348765743435723,28,1,/mnt/data/ssz/mr/results/Qwen2.5-VL/pope/evo/analysis/coco_POPE_random/1808.pt
1058,1058,coco_POPE_random,coco_POPE_random,1,0,"No,",no,1.7109375,0.7549913194444444,11.9375,5.22356162156321,28,1,/mnt/data/ssz/mr/results/Qwen2.5-VL/pope/evo/analysis/coco_POPE_random/1058.pt
2555,2555,coco_POPE_random,coco_POPE_random,1,0,"Yes,",yes,1.7109375,0.7678674768518519,11.9375,4.798178580474691,28,1,/mnt/data/ssz/mr/results/Qwen2.5-VL/pope/evo/analysis/coco_POPE_random/2555.pt
316,316,coco_POPE_random,coco_POPE_random,1,0,"No,",no,1.703125,0.7517361111111112,11.9375,5.2409207867503635,28,1,/mnt/data/ssz/mr/results/Qwen2.5-VL/pope/evo/analysis/coco_POPE_random/316.pt
1809,1809,coco_POPE_random,coco_POPE_random,0,1,"No,",yes,1.734375,0.74609375,11.9375,5.241836886628234,28,1,/mnt/data/ssz/mr/results/Qwen2.5-VL/pope/evo/analysis/coco_POPE_random/1809.pt
1059,1059,coco_POPE_random,coco_POPE_random,1,0,"Yes,",yes,1.7109375,0.7549913194444444,11.9375,4.790327766803819,28,1,/mnt/data/ssz/mr/results/Qwen2.5-VL/pope/evo/analysis/coco_POPE_random/1059.pt
2556,2556,coco_POPE_random,coco_POPE_random,1,0,"No,",no,1.7109375,0.7676504629629629,11.9375,5.213063993405434,28,1,/mnt/data/ssz/mr/results/Qwen2.5-VL/pope/evo/analysis/coco_POPE_random/2556.pt
317,317,coco_POPE_random,coco_POPE_random,1,0,"Yes,",yes,1.703125,0.7517361111111112,11.9375,4.832213625106376,28,1,/mnt/data/ssz/mr/results/Qwen2.5-VL/pope/evo/analysis/coco_POPE_random/317.pt
1810,1810,coco_POPE_random,coco_POPE_random,1,0,"No,",no,1.734375,0.74609375,11.9375,5.297535057523984,28,1,/mnt/data/ssz/mr/results/Qwen2.5-VL/pope/evo/analysis/coco_POPE_random/1810.pt
1060,1060,coco_POPE_random,coco_POPE_random,1,0,"No,",no,1.7109375,0.7549913194444444,11.9375,5.179425741927218,28,1,/mnt/data/ssz/mr/results/Qwen2.5-VL/pope/evo/analysis/coco_POPE_random/1060.pt
2557,2557,coco_POPE_random,coco_POPE_random,1,0,"Yes,",yes,1.6875,0.7523148148148148,11.9375,4.689718339861235,28,1,/mnt/data/ssz/mr/results/Qwen2.5-VL/pope/evo/analysis/coco_POPE_random/2557.pt
318,318,coco_POPE_random,coco_POPE_random,1,0,"No,",no,1.703125,0.7517361111111112,11.9375,5.238522216679687,28,1,/mnt/data/ssz/mr/results/Qwen2.5-VL/pope/evo/analysis/coco_POPE_random/318.pt
1811,1811,coco_POPE_random,coco_POPE_random,0,1,"No,",yes,1.734375,0.74609375,11.9375,5.314190779203976,28,1,/mnt/data/ssz/mr/results/Qwen2.5-VL/pope/evo/analysis/coco_POPE_random/1811.pt
1061,1061,coco_POPE_random,coco_POPE_random,1,0,"Yes,",yes,1.7109375,0.7549913194444444,11.9375,4.784996834009541,28,1,/mnt/data/ssz/mr/results/Qwen2.5-VL/pope/evo/analysis/coco_POPE_random/1061.pt
2558,2558,coco_POPE_random,coco_POPE_random,1,0,"No,",no,1.6875,0.7523148148148148,11.9375,5.160727369004933,28,1,/mnt/data/ssz/mr/results/Qwen2.5-VL/pope/evo/analysis/coco_POPE_random/2558.pt
319,319,coco_POPE_random,coco_POPE_random,0,1,"No,",yes,1.6796875,0.7679398148148148,11.9375,5.35795483440711,28,1,/mnt/data/ssz/mr/results/Qwen2.5-VL/pope/evo/analysis/coco_POPE_random/319.pt
1812,1812,coco_POPE_random,coco_POPE_random,1,0,"No,",no,1.734375,0.74609375,11.9375,5.233568402571988,28,1,/mnt/data/ssz/mr/results/Qwen2.5-VL/pope/evo/analysis/coco_POPE_random/1812.pt
1062,1062,coco_POPE_random,coco_POPE_random,1,0,"No,",no,1.7109375,0.7549913194444444,11.9375,5.165500995307694,28,1,/mnt/data/ssz/mr/results/Qwen2.5-VL/pope/evo/analysis/coco_POPE_random/1062.pt
2559,2559,coco_POPE_random,coco_POPE_random,0,1,"No,",yes,1.6875,0.7523148148148148,11.9375,5.273995800184762,28,1,/mnt/data/ssz/mr/results/Qwen2.5-VL/pope/evo/analysis/coco_POPE_random/2559.pt
320,320,coco_POPE_random,coco_POPE_random,1,0,"No,",no,1.6796875,0.7679398148148148,11.9375,5.219754060148137,28,1,/mnt/data/ssz/mr/results/Qwen2.5-VL/pope/evo/analysis/coco_POPE_random/320.pt
1813,1813,coco_POPE_random,coco_POPE_random,1,0,"Yes,",yes,1.703125,0.7337962962962963,11.9375,4.758379408552155,28,1,/mnt/data/ssz/mr/results/Qwen2.5-VL/pope/evo/analysis/coco_POPE_random/1813.pt
1063,1063,coco_POPE_random,coco_POPE_random,1,0,"Yes,",yes,1.7109375,0.74609375,11.9375,4.801346713589802,28,1,/mnt/data/ssz/mr/results/Qwen2.5-VL/pope/evo/analysis/coco_POPE_random/1063.pt
2560,2560,coco_POPE_random,coco_POPE_random,1,0,"No,",no,1.6875,0.7523148148148148,11.9375,5.222514092903645,28,1,/mnt/data/ssz/mr/results/Qwen2.5-VL/pope/evo/analysis/coco_POPE_random/2560.pt
321,321,coco_POPE_random,coco_POPE_random,0,1,"No,",yes,1.6796875,0.7679398148148148,11.9375,5.247314772644924,28,1,/mnt/data/ssz/mr/results/Qwen2.5-VL/pope/evo/analysis/coco_POPE_random/321.pt
1814,1814,coco_POPE_random,coco_POPE_random,1,0,"No,",no,1.703125,0.7340856481481481,11.9375,5.120308237934116,28,1,/mnt/data/ssz/mr/results/Qwen2.5-VL/pope/evo/analysis/coco_POPE_random/1814.pt
1064,1064,coco_POPE_random,coco_POPE_random,1,0,"No,",no,1.7109375,0.74609375,11.9375,5.22289969747243,28,1,/mnt/data/ssz/mr/results/Qwen2.5-VL/pope/evo/analysis/coco_POPE_random/1064.pt
2561,2561,coco_POPE_random,coco_POPE_random,1,0,"Yes,",yes,1.6875,0.7523148148148148,11.9375,4.775816709304989,28,1,/mnt/data/ssz/mr/results/Qwen2.5-VL/pope/evo/analysis/coco_POPE_random/2561.pt
322,322,coco_POPE_random,coco_POPE_random,1,0,"No,",no,1.6796875,0.7679398148148148,11.9375,5.176585434798748,28,1,/mnt/data/ssz/mr/results/Qwen2.5-VL/pope/evo/analysis/coco_POPE_random/322.pt
1815,1815,coco_POPE_random,coco_POPE_random,1,0,"Yes,",yes,1.703125,0.7337962962962963,11.9375,4.921814915705547,28,1,/mnt/data/ssz/mr/results/Qwen2.5-VL/pope/evo/analysis/coco_POPE_random/1815.pt
1065,1065,coco_POPE_random,coco_POPE_random,0,1,"No,",yes,1.7109375,0.74609375,11.9375,5.150620351326356,28,1,/mnt/data/ssz/mr/results/Qwen2.5-VL/pope/evo/analysis/coco_POPE_random/1065.pt
2562,2562,coco_POPE_random,coco_POPE_random,1,0,"No,",no,1.6875,0.7523148148148148,11.9375,5.239444044675983,28,1,/mnt/data/ssz/mr/results/Qwen2.5-VL/pope/evo/analysis/coco_POPE_random/2562.pt
323,323,coco_POPE_random,coco_POPE_random,0,1,"No,",yes,1.6796875,0.7679398148148148,11.9375,5.188728220020696,28,1,/mnt/data/ssz/mr/results/Qwen2.5-VL/pope/evo/analysis/coco_POPE_random/323.pt
1816,1816,coco_POPE_random,coco_POPE_random,1,0,"No,",no,1.703125,0.7340856481481481,11.9375,5.172104146483592,28,1,/mnt/data/ssz/mr/results/Qwen2.5-VL/pope/evo/analysis/coco_POPE_random/1816.pt
1066,1066,coco_POPE_random,coco_POPE_random,1,0,"No,",no,1.7109375,0.74609375,11.9375,5.232722185104025,28,1,/mnt/data/ssz/mr/results/Qwen2.5-VL/pope/evo/analysis/coco_POPE_random/1066.pt
2563,2563,coco_POPE_random,coco_POPE_random,1,0,"Yes,",yes,1.6953125,0.7395833333333334,11.9375,4.807386680203781,28,1,/mnt/data/ssz/mr/results/Qwen2.5-VL/pope/evo/analysis/coco_POPE_random/2563.pt
324,324,coco_POPE_random,coco_POPE_random,1,0,"No,",no,1.6796875,0.7679398148148148,11.9375,5.187479345877616,28,1,/mnt/data/ssz/mr/results/Qwen2.5-VL/pope/evo/analysis/coco_POPE_random/324.pt
1817,1817,coco_POPE_random,coco_POPE_random,1,0,"Yes,",yes,1.703125,0.7339409722222222,11.9375,4.775936424894349,28,1,/mnt/data/ssz/mr/results/Qwen2.5-VL/pope/evo/analysis/coco_POPE_random/1817.pt
1067,1067,coco_POPE_random,coco_POPE_random,0,1,"No,",yes,1.7109375,0.7458043981481481,11.9375,5.180696332702767,28,1,/mnt/data/ssz/mr/results/Qwen2.5-VL/pope/evo/analysis/coco_POPE_random/1067.pt
2564,2564,coco_POPE_random,coco_POPE_random,1,0,"No,",no,1.703125,0.7404513888888888,11.9375,5.186665748413064,28,1,/mnt/data/ssz/mr/results/Qwen2.5-VL/pope/evo/analysis/coco_POPE_random/2564.pt
325,325,coco_POPE_random,coco_POPE_random,1,0,"Yes,",yes,1.7265625,0.7303240740740741,11.9375,4.87929435698036,28,1,/mnt/data/ssz/mr/results/Qwen2.5-VL/pope/evo/analysis/coco_POPE_random/325.pt
1818,1818,coco_POPE_random,coco_POPE_random,1,0,"No,",no,1.703125,0.7337962962962963,11.9375,5.227141490813791,28,1,/mnt/data/ssz/mr/results/Qwen2.5-VL/pope/evo/analysis/coco_POPE_random/1818.pt
1068,1068,coco_POPE_random,coco_POPE_random,1,0,"No,",no,1.7109375,0.74609375,11.9375,5.204166883253022,28,1,/mnt/data/ssz/mr/results/Qwen2.5-VL/pope/evo/analysis/coco_POPE_random/1068.pt
2565,2565,coco_POPE_random,coco_POPE_random,1,0,"Yes,",yes,1.703125,0.7421875,11.9375,4.679770174774981,28,1,/mnt/data/ssz/mr/results/Qwen2.5-VL/pope/evo/analysis/coco_POPE_random/2565.pt
326,326,coco_POPE_random,coco_POPE_random,1,0,"No,",no,1.7265625,0.7302517361111112,11.9375,5.244396597021542,28,1,/mnt/data/ssz/mr/results/Qwen2.5-VL/pope/evo/analysis/coco_POPE_random/326.pt
1069,1069,coco_POPE_random,coco_POPE_random,1,0,"Yes,",yes,1.734375,0.7510127314814815,11.9375,4.790377632745927,28,1,/mnt/data/ssz/mr/results/Qwen2.5-VL/pope/evo/analysis/coco_POPE_random/1069.pt
1819,1819,coco_POPE_random,coco_POPE_random,0,1,"No,",yes,1.734375,0.7428385416666666,11.9375,5.242772639173107,28,1,/mnt/data/ssz/mr/results/Qwen2.5-VL/pope/evo/analysis/coco_POPE_random/1819.pt
2566,2566,coco_POPE_random,coco_POPE_random,1,0,"No,",no,1.703125,0.7404513888888888,11.9375,5.226134740345817,28,1,/mnt/data/ssz/mr/results/Qwen2.5-VL/pope/evo/analysis/coco_POPE_random/2566.pt
327,327,coco_POPE_random,coco_POPE_random,0,1,"No,",yes,1.7265625,0.7302517361111112,11.9375,5.280366480067375,28,1,/mnt/data/ssz/mr/results/Qwen2.5-VL/pope/evo/analysis/coco_POPE_random/327.pt
1070,1070,coco_POPE_random,coco_POPE_random,1,0,"No,",no,1.734375,0.7510127314814815,11.9375,5.309479334284208,28,1,/mnt/data/ssz/mr/results/Qwen2.5-VL/pope/evo/analysis/coco_POPE_random/1070.pt
1820,1820,coco_POPE_random,coco_POPE_random,1,0,"No,",no,1.734375,0.7428385416666666,11.9375,5.248116889927619,28,1,/mnt/data/ssz/mr/results/Qwen2.5-VL/pope/evo/analysis/coco_POPE_random/1820.pt
2567,2567,coco_POPE_random,coco_POPE_random,0,1,"No,",yes,1.6953125,0.7395833333333334,11.9375,5.089867486812652,28,1,/mnt/data/ssz/mr/results/Qwen2.5-VL/pope/evo/analysis/coco_POPE_random/2567.pt
328,328,coco_POPE_random,coco_POPE_random,1,0,"No,",no,1.7265625,0.7301793981481481,11.9375,5.303432599739295,28,1,/mnt/data/ssz/mr/results/Qwen2.5-VL/pope/evo/analysis/coco_POPE_random/328.pt
1071,1071,coco_POPE_random,coco_POPE_random,1,0,"Yes,",yes,1.734375,0.7510127314814815,11.9375,4.924716541359049,28,1,/mnt/data/ssz/mr/results/Qwen2.5-VL/pope/evo/analysis/coco_POPE_random/1071.pt
2568,2568,coco_POPE_random,coco_POPE_random,1,0,"No,",no,1.703125,0.7404513888888888,11.9375,5.153032093687592,28,1,/mnt/data/ssz/mr/results/Qwen2.5-VL/pope/evo/analysis/coco_POPE_random/2568.pt
1821,1821,coco_POPE_random,coco_POPE_random,1,0,"Yes,",yes,1.734375,0.7428385416666666,11.9375,4.872267576044944,28,1,/mnt/data/ssz/mr/results/Qwen2.5-VL/pope/evo/analysis/coco_POPE_random/1821.pt
329,329,coco_POPE_random,coco_POPE_random,0,1,"No,",yes,1.7265625,0.7303240740740741,11.9375,5.25058748135529,28,1,/mnt/data/ssz/mr/results/Qwen2.5-VL/pope/evo/analysis/coco_POPE_random/329.pt
1072,1072,coco_POPE_random,coco_POPE_random,1,0,"No,",no,1.734375,0.7510127314814815,11.9375,5.298673080055496,28,1,/mnt/data/ssz/mr/results/Qwen2.5-VL/pope/evo/analysis/coco_POPE_random/1072.pt
2569,2569,coco_POPE_random,coco_POPE_random,1,0,"Yes,",yes,1.7109375,0.7641782407407407,11.9375,4.905385518404429,28,1,/mnt/data/ssz/mr/results/Qwen2.5-VL/pope/evo/analysis/coco_POPE_random/2569.pt
1822,1822,coco_POPE_random,coco_POPE_random,1,0,"No,",no,1.734375,0.7426215277777778,11.9375,5.244602997890417,28,1,/mnt/data/ssz/mr/results/Qwen2.5-VL/pope/evo/analysis/coco_POPE_random/1822.pt
330,330,coco_POPE_random,coco_POPE_random,1,0,"No,",no,1.7265625,0.7301793981481481,11.9375,5.223978565962672,28,1,/mnt/data/ssz/mr/results/Qwen2.5-VL/pope/evo/analysis/coco_POPE_random/330.pt
1073,1073,coco_POPE_random,coco_POPE_random,0,1,"No,",yes,1.734375,0.7510127314814815,11.9375,5.177292849622157,28,1,/mnt/data/ssz/mr/results/Qwen2.5-VL/pope/evo/analysis/coco_POPE_random/1073.pt
2570,2570,coco_POPE_random,coco_POPE_random,1,0,"No,",no,1.7109375,0.7641782407407407,11.9375,5.2499129443581465,28,1,/mnt/data/ssz/mr/results/Qwen2.5-VL/pope/evo/analysis/coco_POPE_random/2570.pt
1823,1823,coco_POPE_random,coco_POPE_random,1,0,"Yes,",yes,1.734375,0.7430555555555556,11.9375,4.8922601083137085,28,1,/mnt/data/ssz/mr/results/Qwen2.5-VL/pope/evo/analysis/coco_POPE_random/1823.pt
331,331,coco_POPE_random,coco_POPE_random,1,0,"Yes,",yes,1.7421875,0.7410300925925926,11.9375,4.908705991304551,28,1,/mnt/data/ssz/mr/results/Qwen2.5-VL/pope/evo/analysis/coco_POPE_random/331.pt
2571,2571,coco_POPE_random,coco_POPE_random,0,1,"No,",yes,1.7109375,0.7641782407407407,11.9375,5.24895965539339,28,1,/mnt/data/ssz/mr/results/Qwen2.5-VL/pope/evo/analysis/coco_POPE_random/2571.pt
1074,1074,coco_POPE_random,coco_POPE_random,1,0,"No,",no,1.734375,0.7510127314814815,11.9375,5.362015757389105,28,1,/mnt/data/ssz/mr/results/Qwen2.5-VL/pope/evo/analysis/coco_POPE_random/1074.pt
1824,1824,coco_POPE_random,coco_POPE_random,1,0,"No,",no,1.734375,0.7428385416666666,11.9375,5.242103515993253,28,1,/mnt/data/ssz/mr/results/Qwen2.5-VL/pope/evo/analysis/coco_POPE_random/1824.pt
332,332,coco_POPE_random,coco_POPE_random,1,0,"No,",no,1.7421875,0.7410300925925926,11.9375,5.232652804890552,28,1,/mnt/data/ssz/mr/results/Qwen2.5-VL/pope/evo/analysis/coco_POPE_random/332.pt
2572,2572,coco_POPE_random,coco_POPE_random,1,0,"No,",no,1.7109375,0.7641782407407407,11.9375,5.140453162961704,28,1,/mnt/data/ssz/mr/results/Qwen2.5-VL/pope/evo/analysis/coco_POPE_random/2572.pt
1075,1075,coco_POPE_random,coco_POPE_random,1,0,"Yes,",yes,1.7421875,0.7533275462962963,11.9375,4.917213544651406,28,1,/mnt/data/ssz/mr/results/Qwen2.5-VL/pope/evo/analysis/coco_POPE_random/1075.pt
1825,1825,coco_POPE_random,coco_POPE_random,1,0,"Yes,",yes,1.71875,0.7678674768518519,11.9375,4.7748371882533265,28,2,/mnt/data/ssz/mr/results/Qwen2.5-VL/pope/evo/analysis/coco_POPE_random/1825.pt
333,333,coco_POPE_random,coco_POPE_random,1,0,"Yes,",yes,1.7421875,0.7410300925925926,11.9375,4.72457994166351,28,1,/mnt/data/ssz/mr/results/Qwen2.5-VL/pope/evo/analysis/coco_POPE_random/333.pt
2573,2573,coco_POPE_random,coco_POPE_random,0,1,"No,",yes,1.7109375,0.7641782407407407,11.9375,5.298635092861246,28,1,/mnt/data/ssz/mr/results/Qwen2.5-VL/pope/evo/analysis/coco_POPE_random/2573.pt
1076,1076,coco_POPE_random,coco_POPE_random,1,0,"No,",no,1.7421875,0.7533275462962963,11.9375,5.371926514171037,28,1,/mnt/data/ssz/mr/results/Qwen2.5-VL/pope/evo/analysis/coco_POPE_random/1076.pt
1826,1826,coco_POPE_random,coco_POPE_random,1,0,"No,",no,1.71875,0.7677951388888888,11.9375,5.146068915681853,28,1,/mnt/data/ssz/mr/results/Qwen2.5-VL/pope/evo/analysis/coco_POPE_random/1826.pt
334,334,coco_POPE_random,coco_POPE_random,1,0,"No,",no,1.7421875,0.7410300925925926,11.9375,5.348971310824836,28,1,/mnt/data/ssz/mr/results/Qwen2.5-VL/pope/evo/analysis/coco_POPE_random/334.pt
2574,2574,coco_POPE_random,coco_POPE_random,1,0,"No,",no,1.7109375,0.7641782407407407,11.9375,5.194834318526085,28,1,/mnt/data/ssz/mr/results/Qwen2.5-VL/pope/evo/analysis/coco_POPE_random/2574.pt
1077,1077,coco_POPE_random,coco_POPE_random,1,0,"Yes,",yes,1.7421875,0.7533275462962963,11.9375,5.0659753338791225,28,1,/mnt/data/ssz/mr/results/Qwen2.5-VL/pope/evo/analysis/coco_POPE_random/1077.pt
1827,1827,coco_POPE_random,coco_POPE_random,1,0,"Yes,",yes,1.71875,0.7677951388888888,11.9375,4.815463830774678,28,1,/mnt/data/ssz/mr/results/Qwen2.5-VL/pope/evo/analysis/coco_POPE_random/1827.pt
335,335,coco_POPE_random,coco_POPE_random,1,0,"Yes,",yes,1.7421875,0.7410300925925926,11.9375,4.751334413168532,28,1,/mnt/data/ssz/mr/results/Qwen2.5-VL/pope/evo/analysis/coco_POPE_random/335.pt
2575,2575,coco_POPE_random,coco_POPE_random,0,1,"No,",yes,1.703125,0.7418981481481481,11.9375,5.195780295148098,28,1,/mnt/data/ssz/mr/results/Qwen2.5-VL/pope/evo/analysis/coco_POPE_random/2575.pt
1078,1078,coco_POPE_random,coco_POPE_random,1,0,"No,",no,1.7421875,0.7533275462962963,11.9375,5.238290859956861,28,1,/mnt/data/ssz/mr/results/Qwen2.5-VL/pope/evo/analysis/coco_POPE_random/1078.pt
1828,1828,coco_POPE_random,coco_POPE_random,1,0,"No,",no,1.71875,0.7677951388888888,11.9375,5.209341938452468,28,1,/mnt/data/ssz/mr/results/Qwen2.5-VL/pope/evo/analysis/coco_POPE_random/1828.pt
2576,2576,coco_POPE_random,coco_POPE_random,1,0,"No,",no,1.7109375,0.7414641203703703,11.9375,5.205678540530841,28,1,/mnt/data/ssz/mr/results/Qwen2.5-VL/pope/evo/analysis/coco_POPE_random/2576.pt
336,336,coco_POPE_random,coco_POPE_random,1,0,"No,",no,1.7421875,0.7408854166666666,11.9375,5.3703509873757245,28,1,/mnt/data/ssz/mr/results/Qwen2.5-VL/pope/evo/analysis/coco_POPE_random/336.pt
1079,1079,coco_POPE_random,coco_POPE_random,0,1,"No,",yes,1.7421875,0.7533275462962963,11.9375,5.363644675500711,28,1,/mnt/data/ssz/mr/results/Qwen2.5-VL/pope/evo/analysis/coco_POPE_random/1079.pt
1829,1829,coco_POPE_random,coco_POPE_random,1,0,"Yes,",yes,1.71875,0.7677951388888888,11.9375,4.687720219334646,28,1,/mnt/data/ssz/mr/results/Qwen2.5-VL/pope/evo/analysis/coco_POPE_random/1829.pt
2577,2577,coco_POPE_random,coco_POPE_random,1,0,"Yes,",yes,1.7109375,0.7415364583333334,11.9375,4.898799197491773,28,1,/mnt/data/ssz/mr/results/Qwen2.5-VL/pope/evo/analysis/coco_POPE_random/2577.pt
337,337,coco_POPE_random,coco_POPE_random,1,0,"Yes,",yes,1.71875,0.7433449074074074,11.9375,4.776382541446603,28,1,/mnt/data/ssz/mr/results/Qwen2.5-VL/pope/evo/analysis/coco_POPE_random/337.pt
1080,1080,coco_POPE_random,coco_POPE_random,1,0,"No,",no,1.7421875,0.7533275462962963,11.9375,5.306684363729487,28,1,/mnt/data/ssz/mr/results/Qwen2.5-VL/pope/evo/analysis/coco_POPE_random/1080.pt
1830,1830,coco_POPE_random,coco_POPE_random,1,0,"No,",no,1.71875,0.7677951388888888,11.9375,5.218777519026644,28,1,/mnt/data/ssz/mr/results/Qwen2.5-VL/pope/evo/analysis/coco_POPE_random/1830.pt
2578,2578,coco_POPE_random,coco_POPE_random,1,0,"No,",no,1.7109375,0.7416811342592593,11.9375,5.1875547817097845,28,1,/mnt/data/ssz/mr/results/Qwen2.5-VL/pope/evo/analysis/coco_POPE_random/2578.pt
338,338,coco_POPE_random,coco_POPE_random,1,0,"No,",no,1.71875,0.7433449074074074,11.9375,5.236610178874455,28,1,/mnt/data/ssz/mr/results/Qwen2.5-VL/pope/evo/analysis/coco_POPE_random/338.pt
1081,1081,coco_POPE_random,coco_POPE_random,1,0,"Yes,",yes,1.734375,0.7455150462962963,11.9375,4.903042531854303,28,1,/mnt/data/ssz/mr/results/Qwen2.5-VL/pope/evo/analysis/coco_POPE_random/1081.pt
1831,1831,coco_POPE_random,coco_POPE_random,0,1,"No,",yes,1.7265625,0.7576678240740741,11.9375,5.276388101636132,28,1,/mnt/data/ssz/mr/results/Qwen2.5-VL/pope/evo/analysis/coco_POPE_random/1831.pt
2579,2579,coco_POPE_random,coco_POPE_random,0,1,"No,",yes,1.703125,0.7418981481481481,11.9375,5.33690628967883,28,1,/mnt/data/ssz/mr/results/Qwen2.5-VL/pope/evo/analysis/coco_POPE_random/2579.pt
339,339,coco_POPE_random,coco_POPE_random,1,0,"Yes,",yes,1.71875,0.7433449074074074,11.9375,4.799535941601666,28,1,/mnt/data/ssz/mr/results/Qwen2.5-VL/pope/evo/analysis/coco_POPE_random/339.pt
1082,1082,coco_POPE_random,coco_POPE_random,1,0,"No,",no,1.734375,0.7455150462962963,11.9375,5.178493500287631,28,1,/mnt/data/ssz/mr/results/Qwen2.5-VL/pope/evo/analysis/coco_POPE_random/1082.pt
1832,1832,coco_POPE_random,coco_POPE_random,1,0,"No,",no,1.7265625,0.7576678240740741,11.9375,5.260207279120644,28,1,/mnt/data/ssz/mr/results/Qwen2.5-VL/pope/evo/analysis/coco_POPE_random/1832.pt
2580,2580,coco_POPE_random,coco_POPE_random,1,0,"No,",no,1.703125,0.7418981481481481,11.9375,5.19869083623781,28,1,/mnt/data/ssz/mr/results/Qwen2.5-VL/pope/evo/analysis/coco_POPE_random/2580.pt
340,340,coco_POPE_random,coco_POPE_random,1,0,"No,",no,1.71875,0.7433449074074074,11.9375,5.245077247439603,28,1,/mnt/data/ssz/mr/results/Qwen2.5-VL/pope/evo/analysis/coco_POPE_random/340.pt
1083,1083,coco_POPE_random,coco_POPE_random,0,1,"No,",yes,1.734375,0.7455150462962963,11.9375,5.182734711019475,28,1,/mnt/data/ssz/mr/results/Qwen2.5-VL/pope/evo/analysis/coco_POPE_random/1083.pt
1833,1833,coco_POPE_random,coco_POPE_random,1,0,"Yes,",yes,1.7265625,0.7576678240740741,11.9375,4.834886929313388,28,1,/mnt/data/ssz/mr/results/Qwen2.5-VL/pope/evo/analysis/coco_POPE_random/1833.pt
2581,2581,coco_POPE_random,coco_POPE_random,1,0,"Yes,",yes,1.71875,0.7513020833333334,11.9375,4.790037700093127,28,1,/mnt/data/ssz/mr/results/Qwen2.5-VL/pope/evo/analysis/coco_POPE_random/2581.pt
341,341,coco_POPE_random,coco_POPE_random,0,1,"No,",yes,1.71875,0.7433449074074074,11.9375,5.20718857355703,28,1,/mnt/data/ssz/mr/results/Qwen2.5-VL/pope/evo/analysis/coco_POPE_random/341.pt
1084,1084,coco_POPE_random,coco_POPE_random,1,0,"No,",no,1.734375,0.74609375,11.9375,5.191565409650459,28,1,/mnt/data/ssz/mr/results/Qwen2.5-VL/pope/evo/analysis/coco_POPE_random/1084.pt
1834,1834,coco_POPE_random,coco_POPE_random,1,0,"No,",no,1.7265625,0.7576678240740741,11.9375,5.257860988376771,28,1,/mnt/data/ssz/mr/results/Qwen2.5-VL/pope/evo/analysis/coco_POPE_random/1834.pt
2582,2582,coco_POPE_random,coco_POPE_random,1,0,"No,",no,1.71875,0.7513020833333334,11.9375,5.174448166553515,28,1,/mnt/data/ssz/mr/results/Qwen2.5-VL/pope/evo/analysis/coco_POPE_random/2582.pt
1085,1085,coco_POPE_random,coco_POPE_random,1,0,"Yes,",yes,1.734375,0.7455150462962963,11.9375,4.683835472879824,28,1,/mnt/data/ssz/mr/results/Qwen2.5-VL/pope/evo/analysis/coco_POPE_random/1085.pt
342,342,coco_POPE_random,coco_POPE_random,1,0,"No,",no,1.71875,0.7433449074074074,11.9375,5.2104159026152805,28,1,/mnt/data/ssz/mr/results/Qwen2.5-VL/pope/evo/analysis/coco_POPE_random/342.pt
1835,1835,coco_POPE_random,coco_POPE_random,1,0,"Yes,",yes,1.7265625,0.7576678240740741,11.9375,4.880833599235098,28,1,/mnt/data/ssz/mr/results/Qwen2.5-VL/pope/evo/analysis/coco_POPE_random/1835.pt
2583,2583,coco_POPE_random,coco_POPE_random,1,0,"Yes,",yes,1.71875,0.7513020833333334,11.9375,4.734086031548865,28,1,/mnt/data/ssz/mr/results/Qwen2.5-VL/pope/evo/analysis/coco_POPE_random/2583.pt
1086,1086,coco_POPE_random,coco_POPE_random,1,0,"No,",no,1.734375,0.7449363425925926,11.9375,5.1890946975442525,28,1,/mnt/data/ssz/mr/results/Qwen2.5-VL/pope/evo/analysis/coco_POPE_random/1086.pt
343,343,coco_POPE_random,coco_POPE_random,0,1,"No,",yes,1.71875,0.7372685185185185,11.9375,5.219149684750264,28,1,/mnt/data/ssz/mr/results/Qwen2.5-VL/pope/evo/analysis/coco_POPE_random/343.pt
1836,1836,coco_POPE_random,coco_POPE_random,1,0,"No,",no,1.7265625,0.7576678240740741,11.9375,5.344780710854358,28,1,/mnt/data/ssz/mr/results/Qwen2.5-VL/pope/evo/analysis/coco_POPE_random/1836.pt
2584,2584,coco_POPE_random,coco_POPE_random,1,0,"No,",no,1.71875,0.7513020833333334,11.9375,5.089017208489167,28,1,/mnt/data/ssz/mr/results/Qwen2.5-VL/pope/evo/analysis/coco_POPE_random/2584.pt
1087,1087,coco_POPE_random,coco_POPE_random,1,0,"Yes,",yes,1.671875,0.7157118055555556,11.9375,4.786698111930522,28,1,/mnt/data/ssz/mr/results/Qwen2.5-VL/pope/evo/analysis/coco_POPE_random/1087.pt
344,344,coco_POPE_random,coco_POPE_random,1,0,"No,",no,1.71875,0.7372685185185185,11.9375,5.156374375720996,28,1,/mnt/data/ssz/mr/results/Qwen2.5-VL/pope/evo/analysis/coco_POPE_random/344.pt
1837,1837,coco_POPE_random,coco_POPE_random,1,0,"Yes,",yes,1.71875,0.7449363425925926,11.9375,4.859507239247879,28,1,/mnt/data/ssz/mr/results/Qwen2.5-VL/pope/evo/analysis/coco_POPE_random/1837.pt
2585,2585,coco_POPE_random,coco_POPE_random,1,0,"Yes,",yes,1.71875,0.7513020833333334,11.9375,4.607155604659934,28,1,/mnt/data/ssz/mr/results/Qwen2.5-VL/pope/evo/analysis/coco_POPE_random/2585.pt
345,345,coco_POPE_random,coco_POPE_random,1,0,"Yes,",yes,1.71875,0.7372685185185185,11.9375,4.971148590729951,28,1,/mnt/data/ssz/mr/results/Qwen2.5-VL/pope/evo/analysis/coco_POPE_random/345.pt
1088,1088,coco_POPE_random,coco_POPE_random,1,0,"No,",no,1.671875,0.7157118055555556,11.9375,5.019386290675576,28,1,/mnt/data/ssz/mr/results/Qwen2.5-VL/pope/evo/analysis/coco_POPE_random/1088.pt
1838,1838,coco_POPE_random,coco_POPE_random,1,0,"No,",no,1.71875,0.7449363425925926,11.9375,5.254218245942773,28,1,/mnt/data/ssz/mr/results/Qwen2.5-VL/pope/evo/analysis/coco_POPE_random/1838.pt
2586,2586,coco_POPE_random,coco_POPE_random,1,0,"No,",no,1.71875,0.7516637731481481,11.9375,5.179415077363532,28,1,/mnt/data/ssz/mr/results/Qwen2.5-VL/pope/evo/analysis/coco_POPE_random/2586.pt
346,346,coco_POPE_random,coco_POPE_random,1,0,"No,",no,1.71875,0.7372685185185185,11.9375,5.245494921905729,28,1,/mnt/data/ssz/mr/results/Qwen2.5-VL/pope/evo/analysis/coco_POPE_random/346.pt
1089,1089,coco_POPE_random,coco_POPE_random,1,0,"Yes,",yes,1.671875,0.7158564814814815,11.9375,4.729390250485989,28,1,/mnt/data/ssz/mr/results/Qwen2.5-VL/pope/evo/analysis/coco_POPE_random/1089.pt
1839,1839,coco_POPE_random,coco_POPE_random,1,0,"Yes,",yes,1.71875,0.7449363425925926,11.9375,4.739284533189401,28,1,/mnt/data/ssz/mr/results/Qwen2.5-VL/pope/evo/analysis/coco_POPE_random/1839.pt
2587,2587,coco_POPE_random,coco_POPE_random,1,0,"Yes,",yes,1.7109375,0.7300347222222222,11.9375,4.85735031899257,28,1,/mnt/data/ssz/mr/results/Qwen2.5-VL/pope/evo/analysis/coco_POPE_random/2587.pt
347,347,coco_POPE_random,coco_POPE_random,1,0,"Yes,",yes,1.71875,0.7372685185185185,11.9375,4.800159135996637,28,1,/mnt/data/ssz/mr/results/Qwen2.5-VL/pope/evo/analysis/coco_POPE_random/347.pt
1090,1090,coco_POPE_random,coco_POPE_random,1,0,"No,",no,1.671875,0.7157118055555556,11.9375,4.977030721281725,28,1,/mnt/data/ssz/mr/results/Qwen2.5-VL/pope/evo/analysis/coco_POPE_random/1090.pt
2588,2588,coco_POPE_random,coco_POPE_random,1,0,"No,",no,1.71875,0.7332175925925926,11.9375,5.184213372458294,28,1,/mnt/data/ssz/mr/results/Qwen2.5-VL/pope/evo/analysis/coco_POPE_random/2588.pt
1840,1840,coco_POPE_random,coco_POPE_random,1,0,"No,",no,1.734375,0.7457320601851852,11.9375,5.208303133123866,28,1,/mnt/data/ssz/mr/results/Qwen2.5-VL/pope/evo/analysis/coco_POPE_random/1840.pt
348,348,coco_POPE_random,coco_POPE_random,1,0,"No,",no,1.71875,0.7372685185185185,11.9375,5.213809749634832,28,1,/mnt/data/ssz/mr/results/Qwen2.5-VL/pope/evo/analysis/coco_POPE_random/348.pt
1091,1091,coco_POPE_random,coco_POPE_random,1,0,"Yes,",yes,1.671875,0.7158564814814815,11.9375,4.6634502718617314,28,1,/mnt/data/ssz/mr/results/Qwen2.5-VL/pope/evo/analysis/coco_POPE_random/1091.pt
2589,2589,coco_POPE_random,coco_POPE_random,0,1,"No,",yes,1.7109375,0.7300347222222222,11.9375,5.168881398979686,28,1,/mnt/data/ssz/mr/results/Qwen2.5-VL/pope/evo/analysis/coco_POPE_random/2589.pt
349,349,coco_POPE_random,coco_POPE_random,1,0,"Yes,",yes,1.75,0.7249710648148148,11.9375,4.78580154089425,28,1,/mnt/data/ssz/mr/results/Qwen2.5-VL/pope/evo/analysis/coco_POPE_random/349.pt
1092,1092,coco_POPE_random,coco_POPE_random,1,0,"No,",no,1.671875,0.7158564814814815,11.9375,4.995828294286812,28,1,/mnt/data/ssz/mr/results/Qwen2.5-VL/pope/evo/analysis/coco_POPE_random/1092.pt
1841,1841,coco_POPE_random,coco_POPE_random,1,0,"Yes,",yes,1.734375,0.7465277777777778,11.9375,4.681328823880158,28,1,/mnt/data/ssz/mr/results/Qwen2.5-VL/pope/evo/analysis/coco_POPE_random/1841.pt
2590,2590,coco_POPE_random,coco_POPE_random,1,0,"No,",no,1.7109375,0.7300347222222222,11.9375,5.154447577600524,28,1,/mnt/data/ssz/mr/results/Qwen2.5-VL/pope/evo/analysis/coco_POPE_random/2590.pt
350,350,coco_POPE_random,coco_POPE_random,1,0,"No,",no,1.75,0.7256944444444444,11.9375,5.194172317490328,28,1,/mnt/data/ssz/mr/results/Qwen2.5-VL/pope/evo/analysis/coco_POPE_random/350.pt
1093,1093,coco_POPE_random,coco_POPE_random,1,0,"Yes,",yes,1.703125,0.7608506944444444,11.9375,4.808934490391823,28,1,/mnt/data/ssz/mr/results/Qwen2.5-VL/pope/evo/analysis/coco_POPE_random/1093.pt
1842,1842,coco_POPE_random,coco_POPE_random,1,0,"No,",no,1.71875,0.7449363425925926,11.9375,5.24902185629115,28,1,/mnt/data/ssz/mr/results/Qwen2.5-VL/pope/evo/analysis/coco_POPE_random/1842.pt
2591,2591,coco_POPE_random,coco_POPE_random,1,0,"Yes,",yes,1.7109375,0.7300347222222222,11.9375,4.673587244444841,28,1,/mnt/data/ssz/mr/results/Qwen2.5-VL/pope/evo/analysis/coco_POPE_random/2591.pt
351,351,coco_POPE_random,coco_POPE_random,1,0,"Yes,",yes,1.75,0.7249710648148148,11.9375,4.712582718824801,28,1,/mnt/data/ssz/mr/results/Qwen2.5-VL/pope/evo/analysis/coco_POPE_random/351.pt
1094,1094,coco_POPE_random,coco_POPE_random,1,0,"No,",no,1.703125,0.7608506944444444,11.9375,5.306362582233901,28,1,/mnt/data/ssz/mr/results/Qwen2.5-VL/pope/evo/analysis/coco_POPE_random/1094.pt
1843,1843,coco_POPE_random,coco_POPE_random,0,1,"No,",yes,1.703125,0.7567997685185185,11.9375,5.093494498522292,28,1,/mnt/data/ssz/mr/results/Qwen2.5-VL/pope/evo/analysis/coco_POPE_random/1843.pt
2592,2592,coco_POPE_random,coco_POPE_random,1,0,"No,",no,1.71875,0.7316261574074074,11.9375,5.224316750027984,28,2,/mnt/data/ssz/mr/results/Qwen2.5-VL/pope/evo/analysis/coco_POPE_random/2592.pt
352,352,coco_POPE_random,coco_POPE_random,1,0,"No,",no,1.75,0.7249710648148148,11.9375,5.207360864815733,28,1,/mnt/data/ssz/mr/results/Qwen2.5-VL/pope/evo/analysis/coco_POPE_random/352.pt
1844,1844,coco_POPE_random,coco_POPE_random,1,0,"No,",no,1.703125,0.7567997685185185,11.9375,5.24446056027748,28,1,/mnt/data/ssz/mr/results/Qwen2.5-VL/pope/evo/analysis/coco_POPE_random/1844.pt
1095,1095,coco_POPE_random,coco_POPE_random,1,0,"Yes,",yes,1.703125,0.7608506944444444,11.9375,4.974031282404286,28,1,/mnt/data/ssz/mr/results/Qwen2.5-VL/pope/evo/analysis/coco_POPE_random/1095.pt
2593,2593,coco_POPE_random,coco_POPE_random,1,0,"Yes,",yes,1.7421875,0.7320601851851852,11.9375,4.752226858177468,28,1,/mnt/data/ssz/mr/results/Qwen2.5-VL/pope/evo/analysis/coco_POPE_random/2593.pt
1845,1845,coco_POPE_random,coco_POPE_random,0,1,"No,",yes,1.703125,0.7567997685185185,11.9375,5.1208184104138565,28,1,/mnt/data/ssz/mr/results/Qwen2.5-VL/pope/evo/analysis/coco_POPE_random/1845.pt
353,353,coco_POPE_random,coco_POPE_random,0,1,"No,",yes,1.75,0.7249710648148148,11.9375,5.161576074831892,28,1,/mnt/data/ssz/mr/results/Qwen2.5-VL/pope/evo/analysis/coco_POPE_random/353.pt
1096,1096,coco_POPE_random,coco_POPE_random,1,0,"No,",no,1.703125,0.7608506944444444,11.9375,5.266994283466217,28,1,/mnt/data/ssz/mr/results/Qwen2.5-VL/pope/evo/analysis/coco_POPE_random/1096.pt
1846,1846,coco_POPE_random,coco_POPE_random,1,0,"No,",no,1.703125,0.7567997685185185,11.9375,5.162464457913051,28,1,/mnt/data/ssz/mr/results/Qwen2.5-VL/pope/evo/analysis/coco_POPE_random/1846.pt
2594,2594,coco_POPE_random,coco_POPE_random,1,0,"No,",no,1.7421875,0.7319155092592593,11.9375,5.156813393203831,28,1,/mnt/data/ssz/mr/results/Qwen2.5-VL/pope/evo/analysis/coco_POPE_random/2594.pt
1097,1097,coco_POPE_random,coco_POPE_random,1,0,"Yes,",yes,1.703125,0.7605613425925926,11.9375,4.812641099934088,28,1,/mnt/data/ssz/mr/results/Qwen2.5-VL/pope/evo/analysis/coco_POPE_random/1097.pt
354,354,coco_POPE_random,coco_POPE_random,1,0,"No,",no,1.75,0.7249710648148148,11.9375,5.191040014750014,28,1,/mnt/data/ssz/mr/results/Qwen2.5-VL/pope/evo/analysis/coco_POPE_random/354.pt
1847,1847,coco_POPE_random,coco_POPE_random,1,0,"Yes,",yes,1.703125,0.7567997685185185,11.9375,4.81568230185808,28,1,/mnt/data/ssz/mr/results/Qwen2.5-VL/pope/evo/analysis/coco_POPE_random/1847.pt
2595,2595,coco_POPE_random,coco_POPE_random,1,0,"Yes,",yes,1.7421875,0.7320601851851852,11.9375,4.725528685158616,28,1,/mnt/data/ssz/mr/results/Qwen2.5-VL/pope/evo/analysis/coco_POPE_random/2595.pt
1098,1098,coco_POPE_random,coco_POPE_random,1,0,"No,",no,1.703125,0.7608506944444444,11.9375,5.31350210279511,28,1,/mnt/data/ssz/mr/results/Qwen2.5-VL/pope/evo/analysis/coco_POPE_random/1098.pt
355,355,coco_POPE_random,coco_POPE_random,0,1,"No,",yes,1.703125,0.7738715277777778,11.9375,5.282711103690609,28,1,/mnt/data/ssz/mr/results/Qwen2.5-VL/pope/evo/analysis/coco_POPE_random/355.pt
1848,1848,coco_POPE_random,coco_POPE_random,1,0,"No,",no,1.703125,0.7567997685185185,11.9375,5.1292370249803785,28,1,/mnt/data/ssz/mr/results/Qwen2.5-VL/pope/evo/analysis/coco_POPE_random/1848.pt
1099,1099,coco_POPE_random,coco_POPE_random,1,0,"Yes,",yes,1.703125,0.7404513888888888,11.9375,4.720948905060338,28,1,/mnt/data/ssz/mr/results/Qwen2.5-VL/pope/evo/analysis/coco_POPE_random/1099.pt
2596,2596,coco_POPE_random,coco_POPE_random,1,0,"No,",no,1.7421875,0.7320601851851852,11.9375,5.150274365404757,28,1,/mnt/data/ssz/mr/results/Qwen2.5-VL/pope/evo/analysis/coco_POPE_random/2596.pt
356,356,coco_POPE_random,coco_POPE_random,1,0,"No,",no,1.703125,0.7738715277777778,11.9375,5.177031870748791,28,1,/mnt/data/ssz/mr/results/Qwen2.5-VL/pope/evo/analysis/coco_POPE_random/356.pt
1849,1849,coco_POPE_random,coco_POPE_random,1,0,"Yes,",yes,1.65625,0.7536168981481481,11.9375,4.739515326931551,28,1,/mnt/data/ssz/mr/results/Qwen2.5-VL/pope/evo/analysis/coco_POPE_random/1849.pt
1100,1100,coco_POPE_random,coco_POPE_random,1,0,"No,",no,1.703125,0.7414641203703703,11.9375,5.292182164969088,28,1,/mnt/data/ssz/mr/results/Qwen2.5-VL/pope/evo/analysis/coco_POPE_random/1100.pt
2597,2597,coco_POPE_random,coco_POPE_random,1,0,"Yes,",yes,1.7421875,0.7320601851851852,11.9375,4.61339169932022,28,1,/mnt/data/ssz/mr/results/Qwen2.5-VL/pope/evo/analysis/coco_POPE_random/2597.pt
357,357,coco_POPE_random,coco_POPE_random,0,1,"No,",yes,1.703125,0.7738715277777778,11.9375,5.209421654166617,28,1,/mnt/data/ssz/mr/results/Qwen2.5-VL/pope/evo/analysis/coco_POPE_random/357.pt
1850,1850,coco_POPE_random,coco_POPE_random,1,0,"No,",no,1.65625,0.7541956018518519,11.9375,5.2155462565904225,28,1,/mnt/data/ssz/mr/results/Qwen2.5-VL/pope/evo/analysis/coco_POPE_random/1850.pt
1101,1101,coco_POPE_random,coco_POPE_random,0,1,"No,",yes,1.703125,0.7417534722222222,11.9375,5.25551707175754,28,1,/mnt/data/ssz/mr/results/Qwen2.5-VL/pope/evo/analysis/coco_POPE_random/1101.pt
2598,2598,coco_POPE_random,coco_POPE_random,1,0,"No,",no,1.7421875,0.7320601851851852,11.9375,5.227426371205467,28,1,/mnt/data/ssz/mr/results/Qwen2.5-VL/pope/evo/analysis/coco_POPE_random/2598.pt
358,358,coco_POPE_random,coco_POPE_random,1,0,"No,",no,1.703125,0.7738715277777778,11.9375,5.170944057285577,28,1,/mnt/data/ssz/mr/results/Qwen2.5-VL/pope/evo/analysis/coco_POPE_random/358.pt
1851,1851,coco_POPE_random,coco_POPE_random,1,0,"Yes,",yes,1.65625,0.7536168981481481,11.9375,4.756926225568272,28,1,/mnt/data/ssz/mr/results/Qwen2.5-VL/pope/evo/analysis/coco_POPE_random/1851.pt
1102,1102,coco_POPE_random,coco_POPE_random,1,0,"No,",no,1.703125,0.7417534722222222,11.9375,5.276065166366544,28,1,/mnt/data/ssz/mr/results/Qwen2.5-VL/pope/evo/analysis/coco_POPE_random/1102.pt
2599,2599,coco_POPE_random,coco_POPE_random,0,1,"No,",yes,1.7421875,0.7280092592592593,11.9375,5.25763297373262,28,1,/mnt/data/ssz/mr/results/Qwen2.5-VL/pope/evo/analysis/coco_POPE_random/2599.pt
359,359,coco_POPE_random,coco_POPE_random,0,1,"No,",yes,1.703125,0.7738715277777778,11.9375,5.135587453311773,28,1,/mnt/data/ssz/mr/results/Qwen2.5-VL/pope/evo/analysis/coco_POPE_random/359.pt
1852,1852,coco_POPE_random,coco_POPE_random,1,0,"No,",no,1.65625,0.7533275462962963,11.9375,5.194516797873426,28,1,/mnt/data/ssz/mr/results/Qwen2.5-VL/pope/evo/analysis/coco_POPE_random/1852.pt
1103,1103,coco_POPE_random,coco_POPE_random,1,0,"Yes,",yes,1.703125,0.7417534722222222,11.9375,4.799767384713065,28,1,/mnt/data/ssz/mr/results/Qwen2.5-VL/pope/evo/analysis/coco_POPE_random/1103.pt
2600,2600,coco_POPE_random,coco_POPE_random,1,0,"No,",no,1.7421875,0.7280092592592593,11.9375,5.354088234989644,28,1,/mnt/data/ssz/mr/results/Qwen2.5-VL/pope/evo/analysis/coco_POPE_random/2600.pt
360,360,coco_POPE_random,coco_POPE_random,1,0,"No,",no,1.703125,0.7738715277777778,11.9375,5.243422967799767,28,1,/mnt/data/ssz/mr/results/Qwen2.5-VL/pope/evo/analysis/coco_POPE_random/360.pt
1853,1853,coco_POPE_random,coco_POPE_random,0,1,"No,",yes,1.65625,0.7536168981481481,11.9375,5.19828003823292,28,1,/mnt/data/ssz/mr/results/Qwen2.5-VL/pope/evo/analysis/coco_POPE_random/1853.pt
1104,1104,coco_POPE_random,coco_POPE_random,1,0,"No,",no,1.703125,0.7417534722222222,11.9375,5.219511325685619,28,1,/mnt/data/ssz/mr/results/Qwen2.5-VL/pope/evo/analysis/coco_POPE_random/1104.pt
2601,2601,coco_POPE_random,coco_POPE_random,0,1,"No,",yes,1.7421875,0.7281539351851852,11.9375,5.252830420824717,28,1,/mnt/data/ssz/mr/results/Qwen2.5-VL/pope/evo/analysis/coco_POPE_random/2601.pt
361,361,coco_POPE_random,coco_POPE_random,1,0,"Yes,",yes,1.71875,0.7408130787037037,11.9375,4.8245949287653485,28,1,/mnt/data/ssz/mr/results/Qwen2.5-VL/pope/evo/analysis/coco_POPE_random/361.pt
1854,1854,coco_POPE_random,coco_POPE_random,1,0,"No,",no,1.65625,0.7533275462962963,11.9375,5.23027853524362,28,1,/mnt/data/ssz/mr/results/Qwen2.5-VL/pope/evo/analysis/coco_POPE_random/1854.pt
1105,1105,coco_POPE_random,coco_POPE_random,1,0,"Yes,",yes,1.6953125,0.7685185185185185,11.9375,4.7970020159994124,28,2,/mnt/data/ssz/mr/results/Qwen2.5-VL/pope/evo/analysis/coco_POPE_random/1105.pt
362,362,coco_POPE_random,coco_POPE_random,1,0,"No,",no,1.71875,0.7411747685185185,11.9375,5.259412075727348,28,1,/mnt/data/ssz/mr/results/Qwen2.5-VL/pope/evo/analysis/coco_POPE_random/362.pt
2602,2602,coco_POPE_random,coco_POPE_random,1,0,"No,",no,1.7421875,0.7280815972222222,11.9375,5.262246450579463,28,1,/mnt/data/ssz/mr/results/Qwen2.5-VL/pope/evo/analysis/coco_POPE_random/2602.pt
1855,1855,coco_POPE_random,coco_POPE_random,0,1,"No,",yes,1.7109375,0.7472511574074074,11.9375,5.1970968863835,28,1,/mnt/data/ssz/mr/results/Qwen2.5-VL/pope/evo/analysis/coco_POPE_random/1855.pt
1106,1106,coco_POPE_random,coco_POPE_random,1,0,"No,",no,1.6953125,0.7686631944444444,11.9375,5.063390683810651,28,1,/mnt/data/ssz/mr/results/Qwen2.5-VL/pope/evo/analysis/coco_POPE_random/1106.pt
363,363,coco_POPE_random,coco_POPE_random,1,0,"Yes,",yes,1.71875,0.7408854166666666,11.9375,4.839205990219339,28,1,/mnt/data/ssz/mr/results/Qwen2.5-VL/pope/evo/analysis/coco_POPE_random/363.pt
2603,2603,coco_POPE_random,coco_POPE_random,1,0,"Yes,",yes,1.7421875,0.7280092592592593,11.9375,4.884352236392431,28,1,/mnt/data/ssz/mr/results/Qwen2.5-VL/pope/evo/analysis/coco_POPE_random/2603.pt
1856,1856,coco_POPE_random,coco_POPE_random,1,0,"No,",no,1.7109375,0.7472511574074074,11.9375,5.254403819626095,28,1,/mnt/data/ssz/mr/results/Qwen2.5-VL/pope/evo/analysis/coco_POPE_random/1856.pt
1107,1107,coco_POPE_random,coco_POPE_random,0,1,"No,",yes,1.6953125,0.7686631944444444,11.9375,5.118440160155246,28,1,/mnt/data/ssz/mr/results/Qwen2.5-VL/pope/evo/analysis/coco_POPE_random/1107.pt
364,364,coco_POPE_random,coco_POPE_random,1,0,"No,",no,1.71875,0.7411747685185185,11.9375,5.3406121539025335,28,1,/mnt/data/ssz/mr/results/Qwen2.5-VL/pope/evo/analysis/coco_POPE_random/364.pt
1857,1857,coco_POPE_random,coco_POPE_random,1,0,"Yes,",yes,1.7109375,0.7472511574074074,11.9375,4.79021869888725,28,1,/mnt/data/ssz/mr/results/Qwen2.5-VL/pope/evo/analysis/coco_POPE_random/1857.pt
2604,2604,coco_POPE_random,coco_POPE_random,1,0,"No,",no,1.7421875,0.7281539351851852,11.9375,5.272644219104631,28,1,/mnt/data/ssz/mr/results/Qwen2.5-VL/pope/evo/analysis/coco_POPE_random/2604.pt
1108,1108,coco_POPE_random,coco_POPE_random,1,0,"No,",no,1.6953125,0.7686631944444444,11.9375,5.116110383506174,28,1,/mnt/data/ssz/mr/results/Qwen2.5-VL/pope/evo/analysis/coco_POPE_random/1108.pt
365,365,coco_POPE_random,coco_POPE_random,0,1,"No,",yes,1.71875,0.7408854166666666,11.9375,5.289359917658722,28,1,/mnt/data/ssz/mr/results/Qwen2.5-VL/pope/evo/analysis/coco_POPE_random/365.pt
2605,2605,coco_POPE_random,coco_POPE_random,1,0,"Yes,",yes,1.71875,0.7265625,11.9375,4.780164079939605,28,1,/mnt/data/ssz/mr/results/Qwen2.5-VL/pope/evo/analysis/coco_POPE_random/2605.pt
1858,1858,coco_POPE_random,coco_POPE_random,1,0,"No,",no,1.7109375,0.7472511574074074,11.9375,5.254203378980115,28,1,/mnt/data/ssz/mr/results/Qwen2.5-VL/pope/evo/analysis/coco_POPE_random/1858.pt
1109,1109,coco_POPE_random,coco_POPE_random,1,0,"Yes,",yes,1.6953125,0.7685185185185185,11.9375,4.642032209530922,28,2,/mnt/data/ssz/mr/results/Qwen2.5-VL/pope/evo/analysis/coco_POPE_random/1109.pt
366,366,coco_POPE_random,coco_POPE_random,1,0,"No,",no,1.71875,0.7407407407407407,11.9375,5.197891161453175,28,1,/mnt/data/ssz/mr/results/Qwen2.5-VL/pope/evo/analysis/coco_POPE_random/366.pt
2606,2606,coco_POPE_random,coco_POPE_random,1,0,"No,",no,1.71875,0.7265625,11.9375,5.156578025836693,28,1,/mnt/data/ssz/mr/results/Qwen2.5-VL/pope/evo/analysis/coco_POPE_random/2606.pt
1859,1859,coco_POPE_random,coco_POPE_random,0,1,"No,",yes,1.71875,0.7468171296296297,11.9375,5.213167192356195,28,2,/mnt/data/ssz/mr/results/Qwen2.5-VL/pope/evo/analysis/coco_POPE_random/1859.pt
1110,1110,coco_POPE_random,coco_POPE_random,1,0,"No,",no,1.6953125,0.7686631944444444,11.9375,5.0154426988903555,28,1,/mnt/data/ssz/mr/results/Qwen2.5-VL/pope/evo/analysis/coco_POPE_random/1110.pt
367,367,coco_POPE_random,coco_POPE_random,1,0,"Yes,",yes,1.703125,0.7473958333333334,11.9375,4.916572677758376,28,1,/mnt/data/ssz/mr/results/Qwen2.5-VL/pope/evo/analysis/coco_POPE_random/367.pt
2607,2607,coco_POPE_random,coco_POPE_random,0,1,"No,",yes,1.71875,0.7265625,11.9375,5.157385212570028,28,1,/mnt/data/ssz/mr/results/Qwen2.5-VL/pope/evo/analysis/coco_POPE_random/2607.pt
1111,1111,coco_POPE_random,coco_POPE_random,0,1,"No,",yes,1.7109375,0.7868200231481481,11.9375,5.210759403898607,28,1,/mnt/data/ssz/mr/results/Qwen2.5-VL/pope/evo/analysis/coco_POPE_random/1111.pt
1860,1860,coco_POPE_random,coco_POPE_random,1,0,"No,",no,1.7109375,0.7472511574074074,11.9375,5.127236899602425,28,1,/mnt/data/ssz/mr/results/Qwen2.5-VL/pope/evo/analysis/coco_POPE_random/1860.pt
368,368,coco_POPE_random,coco_POPE_random,1,0,"No,",no,1.703125,0.7473958333333334,11.9375,5.220309442282965,28,1,/mnt/data/ssz/mr/results/Qwen2.5-VL/pope/evo/analysis/coco_POPE_random/368.pt
2608,2608,coco_POPE_random,coco_POPE_random,1,0,"No,",no,1.71875,0.7265625,11.9375,5.194342951700398,28,1,/mnt/data/ssz/mr/results/Qwen2.5-VL/pope/evo/analysis/coco_POPE_random/2608.pt
1112,1112,coco_POPE_random,coco_POPE_random,1,0,"No,",no,1.7109375,0.7868200231481481,11.9375,5.213019083296944,28,1,/mnt/data/ssz/mr/results/Qwen2.5-VL/pope/evo/analysis/coco_POPE_random/1112.pt
1861,1861,coco_POPE_random,coco_POPE_random,1,0,"Yes,",yes,1.6953125,0.7317708333333334,11.9375,4.639307283271505,28,1,/mnt/data/ssz/mr/results/Qwen2.5-VL/pope/evo/analysis/coco_POPE_random/1861.pt
369,369,coco_POPE_random,coco_POPE_random,0,1,"No,",yes,1.703125,0.7473958333333334,11.9375,5.2810095558025925,28,1,/mnt/data/ssz/mr/results/Qwen2.5-VL/pope/evo/analysis/coco_POPE_random/369.pt
2609,2609,coco_POPE_random,coco_POPE_random,1,0,"Yes,",yes,1.71875,0.7264178240740741,11.9375,4.633993585947016,28,1,/mnt/data/ssz/mr/results/Qwen2.5-VL/pope/evo/analysis/coco_POPE_random/2609.pt
1113,1113,coco_POPE_random,coco_POPE_random,0,1,"No,",yes,1.7109375,0.7868200231481481,11.9375,5.19469227960834,28,1,/mnt/data/ssz/mr/results/Qwen2.5-VL/pope/evo/analysis/coco_POPE_random/1113.pt
1862,1862,coco_POPE_random,coco_POPE_random,1,0,"No,",no,1.6953125,0.7317708333333334,11.9375,5.138885642273666,28,1,/mnt/data/ssz/mr/results/Qwen2.5-VL/pope/evo/analysis/coco_POPE_random/1862.pt
370,370,coco_POPE_random,coco_POPE_random,1,0,"No,",no,1.703125,0.7473958333333334,11.9375,5.215464941838256,28,1,/mnt/data/ssz/mr/results/Qwen2.5-VL/pope/evo/analysis/coco_POPE_random/370.pt
2610,2610,coco_POPE_random,coco_POPE_random,1,0,"No,",no,1.71875,0.7265625,11.9375,5.167553630198513,28,1,/mnt/data/ssz/mr/results/Qwen2.5-VL/pope/evo/analysis/coco_POPE_random/2610.pt
1114,1114,coco_POPE_random,coco_POPE_random,1,0,"No,",no,1.7109375,0.7868200231481481,11.9375,5.258020589513011,28,1,/mnt/data/ssz/mr/results/Qwen2.5-VL/pope/evo/analysis/coco_POPE_random/1114.pt
1863,1863,coco_POPE_random,coco_POPE_random,1,0,"Yes,",yes,1.6953125,0.7317708333333334,11.9375,4.8026178890407945,28,1,/mnt/data/ssz/mr/results/Qwen2.5-VL/pope/evo/analysis/coco_POPE_random/1863.pt
371,371,coco_POPE_random,coco_POPE_random,0,1,"No,",yes,1.703125,0.7473958333333334,11.9375,5.240155211400948,28,1,/mnt/data/ssz/mr/results/Qwen2.5-VL/pope/evo/analysis/coco_POPE_random/371.pt
1115,1115,coco_POPE_random,coco_POPE_random,1,0,"Yes,",yes,1.7109375,0.7868200231481481,11.9375,4.905059244640946,28,1,/mnt/data/ssz/mr/results/Qwen2.5-VL/pope/evo/analysis/coco_POPE_random/1115.pt
1864,1864,coco_POPE_random,coco_POPE_random,1,0,"No,",no,1.6953125,0.7317708333333334,11.9375,5.250995716161862,28,1,/mnt/data/ssz/mr/results/Qwen2.5-VL/pope/evo/analysis/coco_POPE_random/1864.pt
2611,2611,coco_POPE_random,coco_POPE_random,0,1,"No,",yes,1.703125,0.7499276620370371,11.9375,5.201066210044056,28,1,/mnt/data/ssz/mr/results/Qwen2.5-VL/pope/evo/analysis/coco_POPE_random/2611.pt
372,372,coco_POPE_random,coco_POPE_random,1,0,"No,",no,1.703125,0.7473958333333334,11.9375,5.227302839168734,28,1,/mnt/data/ssz/mr/results/Qwen2.5-VL/pope/evo/analysis/coco_POPE_random/372.pt
1116,1116,coco_POPE_random,coco_POPE_random,1,0,"No,",no,1.7109375,0.7868200231481481,11.9375,5.275065327995782,28,1,/mnt/data/ssz/mr/results/Qwen2.5-VL/pope/evo/analysis/coco_POPE_random/1116.pt
1865,1865,coco_POPE_random,coco_POPE_random,1,0,"Yes,",yes,1.6953125,0.7317708333333334,11.9375,4.723901944947699,28,1,/mnt/data/ssz/mr/results/Qwen2.5-VL/pope/evo/analysis/coco_POPE_random/1865.pt
2612,2612,coco_POPE_random,coco_POPE_random,1,0,"No,",no,1.6953125,0.7498553240740741,11.9375,5.350855137886638,28,1,/mnt/data/ssz/mr/results/Qwen2.5-VL/pope/evo/analysis/coco_POPE_random/2612.pt
373,373,coco_POPE_random,coco_POPE_random,1,0,"Yes,",yes,1.734375,0.71875,11.9375,4.861157066627828,28,1,/mnt/data/ssz/mr/results/Qwen2.5-VL/pope/evo/analysis/coco_POPE_random/373.pt
1117,1117,coco_POPE_random,coco_POPE_random,1,0,"Yes,",yes,1.734375,0.7630208333333334,11.9375,4.6982309433819704,28,1,/mnt/data/ssz/mr/results/Qwen2.5-VL/pope/evo/analysis/coco_POPE_random/1117.pt
1866,1866,coco_POPE_random,coco_POPE_random,1,0,"No,",no,1.703125,0.7320601851851852,11.9375,5.275727767261712,28,2,/mnt/data/ssz/mr/results/Qwen2.5-VL/pope/evo/analysis/coco_POPE_random/1866.pt
2613,2613,coco_POPE_random,coco_POPE_random,1,0,"Yes,",yes,1.6953125,0.7498553240740741,11.9375,4.934858974714171,28,1,/mnt/data/ssz/mr/results/Qwen2.5-VL/pope/evo/analysis/coco_POPE_random/2613.pt
374,374,coco_POPE_random,coco_POPE_random,1,0,"No,",no,1.734375,0.71875,11.9375,5.140955226970061,28,1,/mnt/data/ssz/mr/results/Qwen2.5-VL/pope/evo/analysis/coco_POPE_random/374.pt
1118,1118,coco_POPE_random,coco_POPE_random,1,0,"No,",no,1.71875,0.7631655092592593,11.9375,5.176964822224019,28,1,/mnt/data/ssz/mr/results/Qwen2.5-VL/pope/evo/analysis/coco_POPE_random/1118.pt
1867,1867,coco_POPE_random,coco_POPE_random,1,0,"Yes,",yes,1.703125,0.7437789351851852,11.9375,4.768666232612444,28,1,/mnt/data/ssz/mr/results/Qwen2.5-VL/pope/evo/analysis/coco_POPE_random/1867.pt
2614,2614,coco_POPE_random,coco_POPE_random,1,0,"No,",no,1.6953125,0.7498553240740741,11.9375,5.258811370071211,28,1,/mnt/data/ssz/mr/results/Qwen2.5-VL/pope/evo/analysis/coco_POPE_random/2614.pt
375,375,coco_POPE_random,coco_POPE_random,1,0,"Yes,",yes,1.734375,0.71875,11.9375,4.747566766979837,28,1,/mnt/data/ssz/mr/results/Qwen2.5-VL/pope/evo/analysis/coco_POPE_random/375.pt
1119,1119,coco_POPE_random,coco_POPE_random,1,0,"Yes,",yes,1.734375,0.7628761574074074,11.9375,4.867379375926192,28,1,/mnt/data/ssz/mr/results/Qwen2.5-VL/pope/evo/analysis/coco_POPE_random/1119.pt
1868,1868,coco_POPE_random,coco_POPE_random,1,0,"No,",no,1.703125,0.7445023148148148,11.9375,5.224544521333757,28,1,/mnt/data/ssz/mr/results/Qwen2.5-VL/pope/evo/analysis/coco_POPE_random/1868.pt
2615,2615,coco_POPE_random,coco_POPE_random,1,0,"Yes,",yes,1.703125,0.7499276620370371,11.9375,4.777566395716427,28,1,/mnt/data/ssz/mr/results/Qwen2.5-VL/pope/evo/analysis/coco_POPE_random/2615.pt
376,376,coco_POPE_random,coco_POPE_random,1,0,"No,",no,1.734375,0.71875,11.9375,5.149367221837848,28,1,/mnt/data/ssz/mr/results/Qwen2.5-VL/pope/evo/analysis/coco_POPE_random/376.pt
1120,1120,coco_POPE_random,coco_POPE_random,1,0,"No,",no,1.734375,0.7628761574074074,11.9375,5.212896221864051,28,1,/mnt/data/ssz/mr/results/Qwen2.5-VL/pope/evo/analysis/coco_POPE_random/1120.pt
1869,1869,coco_POPE_random,coco_POPE_random,0,1,"No,",yes,1.703125,0.7437789351851852,11.9375,5.200655572959725,28,1,/mnt/data/ssz/mr/results/Qwen2.5-VL/pope/evo/analysis/coco_POPE_random/1869.pt
2616,2616,coco_POPE_random,coco_POPE_random,1,0,"No,",no,1.6953125,0.7498553240740741,11.9375,5.20409513041924,28,1,/mnt/data/ssz/mr/results/Qwen2.5-VL/pope/evo/analysis/coco_POPE_random/2616.pt
377,377,coco_POPE_random,coco_POPE_random,1,0,"Yes,",yes,1.734375,0.71875,11.9375,4.735911758843721,28,1,/mnt/data/ssz/mr/results/Qwen2.5-VL/pope/evo/analysis/coco_POPE_random/377.pt
1121,1121,coco_POPE_random,coco_POPE_random,1,0,"Yes,",yes,1.734375,0.7628761574074074,11.9375,4.877195275397032,28,1,/mnt/data/ssz/mr/results/Qwen2.5-VL/pope/evo/analysis/coco_POPE_random/1121.pt
1870,1870,coco_POPE_random,coco_POPE_random,1,0,"No,",no,1.703125,0.7445023148148148,11.9375,5.135102930993596,28,1,/mnt/data/ssz/mr/results/Qwen2.5-VL/pope/evo/analysis/coco_POPE_random/1870.pt
2617,2617,coco_POPE_random,coco_POPE_random,1,0,"Yes,",yes,1.734375,0.7316261574074074,11.9375,4.857573611428131,28,1,/mnt/data/ssz/mr/results/Qwen2.5-VL/pope/evo/analysis/coco_POPE_random/2617.pt
1122,1122,coco_POPE_random,coco_POPE_random,1,0,"No,",no,1.71875,0.7631655092592593,11.9375,5.194995735541633,28,1,/mnt/data/ssz/mr/results/Qwen2.5-VL/pope/evo/analysis/coco_POPE_random/1122.pt
378,378,coco_POPE_random,coco_POPE_random,1,0,"No,",no,1.734375,0.71875,11.9375,5.1539820876385365,28,1,/mnt/data/ssz/mr/results/Qwen2.5-VL/pope/evo/analysis/coco_POPE_random/378.pt
1871,1871,coco_POPE_random,coco_POPE_random,1,0,"Yes,",yes,1.703125,0.7430555555555556,11.9375,4.66064529312556,28,1,/mnt/data/ssz/mr/results/Qwen2.5-VL/pope/evo/analysis/coco_POPE_random/1871.pt
2618,2618,coco_POPE_random,coco_POPE_random,1,0,"No,",no,1.734375,0.7316261574074074,11.9375,5.253272081249101,28,1,/mnt/data/ssz/mr/results/Qwen2.5-VL/pope/evo/analysis/coco_POPE_random/2618.pt
1123,1123,coco_POPE_random,coco_POPE_random,1,0,"Yes,",yes,1.6875,0.7447916666666666,11.9375,4.796603821802106,28,1,/mnt/data/ssz/mr/results/Qwen2.5-VL/pope/evo/analysis/coco_POPE_random/1123.pt
379,379,coco_POPE_random,coco_POPE_random,1,0,"Yes,",yes,1.65625,0.7428385416666666,11.9375,4.93899016121527,28,1,/mnt/data/ssz/mr/results/Qwen2.5-VL/pope/evo/analysis/coco_POPE_random/379.pt
1872,1872,coco_POPE_random,coco_POPE_random,1,0,"No,",no,1.703125,0.7445023148148148,11.9375,5.226366015552827,28,1,/mnt/data/ssz/mr/results/Qwen2.5-VL/pope/evo/analysis/coco_POPE_random/1872.pt
2619,2619,coco_POPE_random,coco_POPE_random,0,1,"No,",yes,1.734375,0.7316261574074074,11.9375,5.249543937662284,28,1,/mnt/data/ssz/mr/results/Qwen2.5-VL/pope/evo/analysis/coco_POPE_random/2619.pt
1124,1124,coco_POPE_random,coco_POPE_random,1,0,"No,",no,1.6875,0.7449363425925926,11.9375,5.270123483218091,28,1,/mnt/data/ssz/mr/results/Qwen2.5-VL/pope/evo/analysis/coco_POPE_random/1124.pt
380,380,coco_POPE_random,coco_POPE_random,1,0,"No,",no,1.65625,0.7429108796296297,11.9375,5.287959278330107,28,1,/mnt/data/ssz/mr/results/Qwen2.5-VL/pope/evo/analysis/coco_POPE_random/380.pt
1873,1873,coco_POPE_random,coco_POPE_random,0,1,"No,",yes,1.671875,0.7526041666666666,11.9375,5.216492542843205,28,1,/mnt/data/ssz/mr/results/Qwen2.5-VL/pope/evo/analysis/coco_POPE_random/1873.pt
2620,2620,coco_POPE_random,coco_POPE_random,1,0,"No,",no,1.734375,0.7316261574074074,11.9375,5.251287603212796,28,1,/mnt/data/ssz/mr/results/Qwen2.5-VL/pope/evo/analysis/coco_POPE_random/2620.pt
1125,1125,coco_POPE_random,coco_POPE_random,0,1,"No,",yes,1.6875,0.7449363425925926,11.9375,5.292222110775112,28,1,/mnt/data/ssz/mr/results/Qwen2.5-VL/pope/evo/analysis/coco_POPE_random/1125.pt
1874,1874,coco_POPE_random,coco_POPE_random,1,0,"No,",no,1.671875,0.7526041666666666,11.9375,5.239885079625404,28,1,/mnt/data/ssz/mr/results/Qwen2.5-VL/pope/evo/analysis/coco_POPE_random/1874.pt
381,381,coco_POPE_random,coco_POPE_random,1,0,"Yes,",yes,1.65625,0.7427662037037037,11.9375,4.917255443455625,28,1,/mnt/data/ssz/mr/results/Qwen2.5-VL/pope/evo/analysis/coco_POPE_random/381.pt
2621,2621,coco_POPE_random,coco_POPE_random,1,0,"Yes,",yes,1.734375,0.7316261574074074,11.9375,4.770863278768972,28,1,/mnt/data/ssz/mr/results/Qwen2.5-VL/pope/evo/analysis/coco_POPE_random/2621.pt
1126,1126,coco_POPE_random,coco_POPE_random,1,0,"No,",no,1.6875,0.7449363425925926,11.9375,5.297699128136473,28,1,/mnt/data/ssz/mr/results/Qwen2.5-VL/pope/evo/analysis/coco_POPE_random/1126.pt
1875,1875,coco_POPE_random,coco_POPE_random,1,0,"Yes,",yes,1.671875,0.7526041666666666,11.9375,4.832504609391655,28,1,/mnt/data/ssz/mr/results/Qwen2.5-VL/pope/evo/analysis/coco_POPE_random/1875.pt
382,382,coco_POPE_random,coco_POPE_random,1,0,"No,",no,1.65625,0.7428385416666666,11.9375,5.369428551148806,28,1,/mnt/data/ssz/mr/results/Qwen2.5-VL/pope/evo/analysis/coco_POPE_random/382.pt
2622,2622,coco_POPE_random,coco_POPE_random,1,0,"No,",no,1.734375,0.7316261574074074,11.9375,5.252792860335109,28,1,/mnt/data/ssz/mr/results/Qwen2.5-VL/pope/evo/analysis/coco_POPE_random/2622.pt
1127,1127,coco_POPE_random,coco_POPE_random,1,0,"Yes,",yes,1.6875,0.7446469907407407,11.9375,4.855641087132111,28,1,/mnt/data/ssz/mr/results/Qwen2.5-VL/pope/evo/analysis/coco_POPE_random/1127.pt
1876,1876,coco_POPE_random,coco_POPE_random,1,0,"No,",no,1.671875,0.7526041666666666,11.9375,5.316313048239079,28,1,/mnt/data/ssz/mr/results/Qwen2.5-VL/pope/evo/analysis/coco_POPE_random/1876.pt
383,383,coco_POPE_random,coco_POPE_random,1,0,"Yes,",yes,1.65625,0.7427662037037037,11.9375,4.849783588585185,28,1,/mnt/data/ssz/mr/results/Qwen2.5-VL/pope/evo/analysis/coco_POPE_random/383.pt
2623,2623,coco_POPE_random,coco_POPE_random,0,1,"No,",yes,1.7265625,0.732421875,11.9375,5.133773180646852,28,1,/mnt/data/ssz/mr/results/Qwen2.5-VL/pope/evo/analysis/coco_POPE_random/2623.pt
1877,1877,coco_POPE_random,coco_POPE_random,0,1,"No,",yes,1.671875,0.7526041666666666,11.9375,5.231514121942132,28,1,/mnt/data/ssz/mr/results/Qwen2.5-VL/pope/evo/analysis/coco_POPE_random/1877.pt
1128,1128,coco_POPE_random,coco_POPE_random,1,0,"No,",no,1.6875,0.7449363425925926,11.9375,5.186461553460127,28,1,/mnt/data/ssz/mr/results/Qwen2.5-VL/pope/evo/analysis/coco_POPE_random/1128.pt
384,384,coco_POPE_random,coco_POPE_random,1,0,"No,",no,1.65625,0.7428385416666666,11.9375,5.34727606791885,28,1,/mnt/data/ssz/mr/results/Qwen2.5-VL/pope/evo/analysis/coco_POPE_random/384.pt
2624,2624,coco_POPE_random,coco_POPE_random,1,0,"No,",no,1.7265625,0.732421875,11.9375,5.2161967056597796,28,1,/mnt/data/ssz/mr/results/Qwen2.5-VL/pope/evo/analysis/coco_POPE_random/2624.pt
1878,1878,coco_POPE_random,coco_POPE_random,1,0,"No,",no,1.671875,0.7526041666666666,11.9375,5.220027087474654,28,1,/mnt/data/ssz/mr/results/Qwen2.5-VL/pope/evo/analysis/coco_POPE_random/1878.pt
1129,1129,coco_POPE_random,coco_POPE_random,1,0,"Yes,",yes,1.734375,0.7530381944444444,11.9375,5.00567926716358,28,1,/mnt/data/ssz/mr/results/Qwen2.5-VL/pope/evo/analysis/coco_POPE_random/1129.pt
385,385,coco_POPE_random,coco_POPE_random,0,1,"No,",yes,1.71875,0.7559317129629629,11.9375,5.344655871834597,28,1,/mnt/data/ssz/mr/results/Qwen2.5-VL/pope/evo/analysis/coco_POPE_random/385.pt
1879,1879,coco_POPE_random,coco_POPE_random,0,1,"No,",yes,1.6875,0.7374131944444444,11.9375,5.2129174425773,28,1,/mnt/data/ssz/mr/results/Qwen2.5-VL/pope/evo/analysis/coco_POPE_random/1879.pt
2625,2625,coco_POPE_random,coco_POPE_random,1,0,"Yes,",yes,1.7265625,0.7329282407407407,11.9375,4.775501994567283,28,1,/mnt/data/ssz/mr/results/Qwen2.5-VL/pope/evo/analysis/coco_POPE_random/2625.pt
1130,1130,coco_POPE_random,coco_POPE_random,1,0,"No,",no,1.734375,0.7528935185185185,11.9375,5.344505531345429,28,1,/mnt/data/ssz/mr/results/Qwen2.5-VL/pope/evo/analysis/coco_POPE_random/1130.pt
386,386,coco_POPE_random,coco_POPE_random,1,0,"No,",no,1.71875,0.7559317129629629,11.9375,5.309111756756968,28,1,/mnt/data/ssz/mr/results/Qwen2.5-VL/pope/evo/analysis/coco_POPE_random/386.pt
1880,1880,coco_POPE_random,coco_POPE_random,1,0,"No,",no,1.6875,0.7385706018518519,11.9375,5.187993627167904,28,1,/mnt/data/ssz/mr/results/Qwen2.5-VL/pope/evo/analysis/coco_POPE_random/1880.pt
2626,2626,coco_POPE_random,coco_POPE_random,1,0,"No,",no,1.71875,0.7319155092592593,11.9375,5.247536517519057,28,1,/mnt/data/ssz/mr/results/Qwen2.5-VL/pope/evo/analysis/coco_POPE_random/2626.pt
1131,1131,coco_POPE_random,coco_POPE_random,1,0,"Yes,",yes,1.734375,0.7530381944444444,11.9375,4.815755336846819,28,1,/mnt/data/ssz/mr/results/Qwen2.5-VL/pope/evo/analysis/coco_POPE_random/1131.pt
387,387,coco_POPE_random,coco_POPE_random,0,1,"No,",yes,1.71875,0.7559317129629629,11.9375,5.250634924731175,28,1,/mnt/data/ssz/mr/results/Qwen2.5-VL/pope/evo/analysis/coco_POPE_random/387.pt
1881,1881,coco_POPE_random,coco_POPE_random,1,0,"Yes,",yes,1.6875,0.7374131944444444,11.9375,4.864354803853848,28,1,/mnt/data/ssz/mr/results/Qwen2.5-VL/pope/evo/analysis/coco_POPE_random/1881.pt
2627,2627,coco_POPE_random,coco_POPE_random,1,0,"Yes,",yes,1.7265625,0.7319878472222222,11.9375,4.78833420736091,28,1,/mnt/data/ssz/mr/results/Qwen2.5-VL/pope/evo/analysis/coco_POPE_random/2627.pt
1132,1132,coco_POPE_random,coco_POPE_random,1,0,"No,",no,1.734375,0.7530381944444444,11.9375,5.305845840770856,28,1,/mnt/data/ssz/mr/results/Qwen2.5-VL/pope/evo/analysis/coco_POPE_random/1132.pt
388,388,coco_POPE_random,coco_POPE_random,1,0,"No,",no,1.71875,0.7559317129629629,11.9375,5.28744385033848,28,1,/mnt/data/ssz/mr/results/Qwen2.5-VL/pope/evo/analysis/coco_POPE_random/388.pt
1882,1882,coco_POPE_random,coco_POPE_random,1,0,"No,",no,1.6875,0.7379195601851852,11.9375,5.196625801267961,28,1,/mnt/data/ssz/mr/results/Qwen2.5-VL/pope/evo/analysis/coco_POPE_random/1882.pt
2628,2628,coco_POPE_random,coco_POPE_random,1,0,"No,",no,1.7265625,0.732421875,11.9375,5.218901779918865,28,1,/mnt/data/ssz/mr/results/Qwen2.5-VL/pope/evo/analysis/coco_POPE_random/2628.pt
1133,1133,coco_POPE_random,coco_POPE_random,0,1,"No,",yes,1.734375,0.7530381944444444,11.9375,5.292747516343613,28,1,/mnt/data/ssz/mr/results/Qwen2.5-VL/pope/evo/analysis/coco_POPE_random/1133.pt
389,389,coco_POPE_random,coco_POPE_random,1,0,"Yes,",yes,1.71875,0.7559317129629629,11.9375,4.763206894178567,28,1,/mnt/data/ssz/mr/results/Qwen2.5-VL/pope/evo/analysis/coco_POPE_random/389.pt
1883,1883,coco_POPE_random,coco_POPE_random,1,0,"Yes,",yes,1.6875,0.7374131944444444,11.9375,4.796161201074985,28,1,/mnt/data/ssz/mr/results/Qwen2.5-VL/pope/evo/analysis/coco_POPE_random/1883.pt
2629,2629,coco_POPE_random,coco_POPE_random,1,0,"Yes,",yes,1.75,0.767578125,11.9375,4.819797375066825,28,1,/mnt/data/ssz/mr/results/Qwen2.5-VL/pope/evo/analysis/coco_POPE_random/2629.pt
1134,1134,coco_POPE_random,coco_POPE_random,1,0,"No,",no,1.734375,0.7530381944444444,11.9375,5.2204415387627545,28,1,/mnt/data/ssz/mr/results/Qwen2.5-VL/pope/evo/analysis/coco_POPE_random/1134.pt
390,390,coco_POPE_random,coco_POPE_random,1,0,"No,",no,1.71875,0.7559317129629629,11.9375,5.308376336297131,28,1,/mnt/data/ssz/mr/results/Qwen2.5-VL/pope/evo/analysis/coco_POPE_random/390.pt
1884,1884,coco_POPE_random,coco_POPE_random,1,0,"No,",no,1.6875,0.7379195601851852,11.9375,5.180070929916463,28,1,/mnt/data/ssz/mr/results/Qwen2.5-VL/pope/evo/analysis/coco_POPE_random/1884.pt
2630,2630,coco_POPE_random,coco_POPE_random,1,0,"No,",no,1.75,0.767578125,11.9375,5.373020410870909,28,1,/mnt/data/ssz/mr/results/Qwen2.5-VL/pope/evo/analysis/coco_POPE_random/2630.pt
1135,1135,coco_POPE_random,coco_POPE_random,1,0,"Yes,",yes,1.703125,0.7387152777777778,11.9375,4.822499663850147,28,1,/mnt/data/ssz/mr/results/Qwen2.5-VL/pope/evo/analysis/coco_POPE_random/1135.pt
391,391,coco_POPE_random,coco_POPE_random,1,0,"Yes,",yes,1.6796875,0.7696759259259259,11.9375,4.806000280130892,28,1,/mnt/data/ssz/mr/results/Qwen2.5-VL/pope/evo/analysis/coco_POPE_random/391.pt
1885,1885,coco_POPE_random,coco_POPE_random,1,0,"Yes,",yes,1.703125,0.7271412037037037,11.9375,4.777500092143441,28,1,/mnt/data/ssz/mr/results/Qwen2.5-VL/pope/evo/analysis/coco_POPE_random/1885.pt
2631,2631,coco_POPE_random,coco_POPE_random,1,0,"Yes,",yes,1.75,0.7673611111111112,11.9375,5.113224660750927,28,1,/mnt/data/ssz/mr/results/Qwen2.5-VL/pope/evo/analysis/coco_POPE_random/2631.pt
1136,1136,coco_POPE_random,coco_POPE_random,1,0,"No,",no,1.703125,0.73828125,11.9375,5.21632002992493,28,1,/mnt/data/ssz/mr/results/Qwen2.5-VL/pope/evo/analysis/coco_POPE_random/1136.pt
392,392,coco_POPE_random,coco_POPE_random,1,0,"No,",no,1.6796875,0.7696759259259259,11.9375,5.258942230449042,28,1,/mnt/data/ssz/mr/results/Qwen2.5-VL/pope/evo/analysis/coco_POPE_random/392.pt
1886,1886,coco_POPE_random,coco_POPE_random,1,0,"No,",no,1.703125,0.7269965277777778,11.9375,5.23766468260184,28,1,/mnt/data/ssz/mr/results/Qwen2.5-VL/pope/evo/analysis/coco_POPE_random/1886.pt
2632,2632,coco_POPE_random,coco_POPE_random,1,0,"No,",no,1.75,0.767578125,11.9375,5.27952107756172,28,1,/mnt/data/ssz/mr/results/Qwen2.5-VL/pope/evo/analysis/coco_POPE_random/2632.pt
393,393,coco_POPE_random,coco_POPE_random,1,0,"Yes,",yes,1.6796875,0.7692418981481481,11.9375,4.7764713685315545,28,1,/mnt/data/ssz/mr/results/Qwen2.5-VL/pope/evo/analysis/coco_POPE_random/393.pt
1137,1137,coco_POPE_random,coco_POPE_random,1,0,"Yes,",yes,1.703125,0.7387152777777778,11.9375,4.7316183908235345,28,1,/mnt/data/ssz/mr/results/Qwen2.5-VL/pope/evo/analysis/coco_POPE_random/1137.pt
2633,2633,coco_POPE_random,coco_POPE_random,0,1,"No,",yes,1.75,0.7673611111111112,11.9375,5.265657265050636,28,1,/mnt/data/ssz/mr/results/Qwen2.5-VL/pope/evo/analysis/coco_POPE_random/2633.pt
1887,1887,coco_POPE_random,coco_POPE_random,0,1,"No,",yes,1.703125,0.7269965277777778,11.9375,5.154024753735563,28,1,/mnt/data/ssz/mr/results/Qwen2.5-VL/pope/evo/analysis/coco_POPE_random/1887.pt
394,394,coco_POPE_random,coco_POPE_random,1,0,"No,",no,1.6796875,0.7696759259259259,11.9375,5.209714871222473,28,1,/mnt/data/ssz/mr/results/Qwen2.5-VL/pope/evo/analysis/coco_POPE_random/394.pt
1138,1138,coco_POPE_random,coco_POPE_random,1,0,"No,",no,1.703125,0.7384982638888888,11.9375,5.22376791236055,28,1,/mnt/data/ssz/mr/results/Qwen2.5-VL/pope/evo/analysis/coco_POPE_random/1138.pt
2634,2634,coco_POPE_random,coco_POPE_random,1,0,"No,",no,1.75,0.767578125,11.9375,5.380139048344001,28,1,/mnt/data/ssz/mr/results/Qwen2.5-VL/pope/evo/analysis/coco_POPE_random/2634.pt
1888,1888,coco_POPE_random,coco_POPE_random,1,0,"No,",no,1.703125,0.7269965277777778,11.9375,5.264099157119289,28,1,/mnt/data/ssz/mr/results/Qwen2.5-VL/pope/evo/analysis/coco_POPE_random/1888.pt
395,395,coco_POPE_random,coco_POPE_random,1,0,"Yes,",yes,1.6796875,0.7696759259259259,11.9375,4.8044994448253355,28,1,/mnt/data/ssz/mr/results/Qwen2.5-VL/pope/evo/analysis/coco_POPE_random/395.pt
1139,1139,coco_POPE_random,coco_POPE_random,0,1,"No,",yes,1.703125,0.7384982638888888,11.9375,5.255836703073431,28,1,/mnt/data/ssz/mr/results/Qwen2.5-VL/pope/evo/analysis/coco_POPE_random/1139.pt
2635,2635,coco_POPE_random,coco_POPE_random,0,1,"No,",yes,1.6875,0.7313368055555556,11.9375,5.139415750739664,28,1,/mnt/data/ssz/mr/results/Qwen2.5-VL/pope/evo/analysis/coco_POPE_random/2635.pt
1889,1889,coco_POPE_random,coco_POPE_random,0,1,"No,",yes,1.703125,0.7271412037037037,11.9375,5.171207356979156,28,1,/mnt/data/ssz/mr/results/Qwen2.5-VL/pope/evo/analysis/coco_POPE_random/1889.pt
396,396,coco_POPE_random,coco_POPE_random,1,0,"No,",no,1.6796875,0.7696759259259259,11.9375,5.250307655164165,28,1,/mnt/data/ssz/mr/results/Qwen2.5-VL/pope/evo/analysis/coco_POPE_random/396.pt
1140,1140,coco_POPE_random,coco_POPE_random,1,0,"No,",no,1.703125,0.73828125,11.9375,5.220688900961564,28,1,/mnt/data/ssz/mr/results/Qwen2.5-VL/pope/evo/analysis/coco_POPE_random/1140.pt
1890,1890,coco_POPE_random,coco_POPE_random,1,0,"No,",no,1.703125,0.7269965277777778,11.9375,5.220891884444867,28,1,/mnt/data/ssz/mr/results/Qwen2.5-VL/pope/evo/analysis/coco_POPE_random/1890.pt
397,397,coco_POPE_random,coco_POPE_random,0,1,"No,",yes,1.6875,0.7618634259259259,11.9375,5.07677711721458,28,1,/mnt/data/ssz/mr/results/Qwen2.5-VL/pope/evo/analysis/coco_POPE_random/397.pt
2636,2636,coco_POPE_random,coco_POPE_random,1,0,"No,",no,1.6875,0.7313368055555556,11.9375,5.136688820161296,28,1,/mnt/data/ssz/mr/results/Qwen2.5-VL/pope/evo/analysis/coco_POPE_random/2636.pt
1141,1141,coco_POPE_random,coco_POPE_random,1,0,"Yes,",yes,1.734375,0.7554976851851852,11.9375,4.647929236470992,28,1,/mnt/data/ssz/mr/results/Qwen2.5-VL/pope/evo/analysis/coco_POPE_random/1141.pt
398,398,coco_POPE_random,coco_POPE_random,1,0,"No,",no,1.6875,0.7618634259259259,11.9375,5.122609789214791,28,1,/mnt/data/ssz/mr/results/Qwen2.5-VL/pope/evo/analysis/coco_POPE_random/398.pt
1891,1891,coco_POPE_random,coco_POPE_random,0,1,"No,",yes,1.671875,0.7698206018518519,11.9375,5.296148201201866,28,1,/mnt/data/ssz/mr/results/Qwen2.5-VL/pope/evo/analysis/coco_POPE_random/1891.pt
2637,2637,coco_POPE_random,coco_POPE_random,0,1,"No,",yes,1.6875,0.7313368055555556,11.9375,5.285498989907119,28,1,/mnt/data/ssz/mr/results/Qwen2.5-VL/pope/evo/analysis/coco_POPE_random/2637.pt
1142,1142,coco_POPE_random,coco_POPE_random,1,0,"No,",no,1.734375,0.7552083333333334,11.9375,5.215581434093894,28,1,/mnt/data/ssz/mr/results/Qwen2.5-VL/pope/evo/analysis/coco_POPE_random/1142.pt
399,399,coco_POPE_random,coco_POPE_random,0,1,"No,",yes,1.6875,0.7618634259259259,11.9375,5.093020163580464,28,1,/mnt/data/ssz/mr/results/Qwen2.5-VL/pope/evo/analysis/coco_POPE_random/399.pt
1892,1892,coco_POPE_random,coco_POPE_random,1,0,"No,",no,1.671875,0.7698206018518519,11.9375,5.334412996379955,28,1,/mnt/data/ssz/mr/results/Qwen2.5-VL/pope/evo/analysis/coco_POPE_random/1892.pt
2638,2638,coco_POPE_random,coco_POPE_random,1,0,"No,",no,1.6875,0.7313368055555556,11.9375,5.222791478018335,28,1,/mnt/data/ssz/mr/results/Qwen2.5-VL/pope/evo/analysis/coco_POPE_random/2638.pt
400,400,coco_POPE_random,coco_POPE_random,1,0,"No,",no,1.6875,0.7622974537037037,11.9375,5.142945319542535,28,1,/mnt/data/ssz/mr/results/Qwen2.5-VL/pope/evo/analysis/coco_POPE_random/400.pt
1143,1143,coco_POPE_random,coco_POPE_random,0,1,"No,",yes,1.734375,0.7554976851851852,11.9375,5.116718796959848,28,1,/mnt/data/ssz/mr/results/Qwen2.5-VL/pope/evo/analysis/coco_POPE_random/1143.pt
1893,1893,coco_POPE_random,coco_POPE_random,1,0,"Yes,",yes,1.671875,0.7698206018518519,11.9375,4.868878765429458,28,1,/mnt/data/ssz/mr/results/Qwen2.5-VL/pope/evo/analysis/coco_POPE_random/1893.pt
401,401,coco_POPE_random,coco_POPE_random,1,0,"Yes,",yes,1.6875,0.7618634259259259,11.9375,4.751685180579826,28,1,/mnt/data/ssz/mr/results/Qwen2.5-VL/pope/evo/analysis/coco_POPE_random/401.pt
2639,2639,coco_POPE_random,coco_POPE_random,1,0,"Yes,",yes,1.6875,0.7313368055555556,11.9375,4.708251589573526,28,1,/mnt/data/ssz/mr/results/Qwen2.5-VL/pope/evo/analysis/coco_POPE_random/2639.pt
1144,1144,coco_POPE_random,coco_POPE_random,1,0,"No,",no,1.734375,0.7553530092592593,11.9375,5.2423280867888336,28,1,/mnt/data/ssz/mr/results/Qwen2.5-VL/pope/evo/analysis/coco_POPE_random/1144.pt
402,402,coco_POPE_random,coco_POPE_random,1,0,"No,",no,1.6875,0.7617910879629629,11.9375,5.121008709374016,28,1,/mnt/data/ssz/mr/results/Qwen2.5-VL/pope/evo/analysis/coco_POPE_random/402.pt
1894,1894,coco_POPE_random,coco_POPE_random,1,0,"No,",no,1.671875,0.7698206018518519,11.9375,5.3601053918577986,28,1,/mnt/data/ssz/mr/results/Qwen2.5-VL/pope/evo/analysis/coco_POPE_random/1894.pt
2640,2640,coco_POPE_random,coco_POPE_random,1,0,"No,",no,1.6875,0.7313368055555556,11.9375,5.142408553309186,28,1,/mnt/data/ssz/mr/results/Qwen2.5-VL/pope/evo/analysis/coco_POPE_random/2640.pt
1145,1145,coco_POPE_random,coco_POPE_random,1,0,"Yes,",yes,1.734375,0.7553530092592593,11.9375,4.684420567575414,28,1,/mnt/data/ssz/mr/results/Qwen2.5-VL/pope/evo/analysis/coco_POPE_random/1145.pt
403,403,coco_POPE_random,coco_POPE_random,1,0,"Yes,",yes,1.71875,0.7430555555555556,11.9375,4.848113882831103,28,1,/mnt/data/ssz/mr/results/Qwen2.5-VL/pope/evo/analysis/coco_POPE_random/403.pt
1895,1895,coco_POPE_random,coco_POPE_random,0,1,"No,",yes,1.671875,0.7698206018518519,11.9375,5.470520577373456,28,1,/mnt/data/ssz/mr/results/Qwen2.5-VL/pope/evo/analysis/coco_POPE_random/1895.pt
2641,2641,coco_POPE_random,coco_POPE_random,1,0,"Yes,",yes,1.6875,0.7724247685185185,11.9375,4.730480234142731,28,1,/mnt/data/ssz/mr/results/Qwen2.5-VL/pope/evo/analysis/coco_POPE_random/2641.pt
1146,1146,coco_POPE_random,coco_POPE_random,1,0,"No,",no,1.734375,0.7554976851851852,11.9375,5.175276369218833,28,1,/mnt/data/ssz/mr/results/Qwen2.5-VL/pope/evo/analysis/coco_POPE_random/1146.pt
404,404,coco_POPE_random,coco_POPE_random,1,0,"No,",no,1.71875,0.7432002314814815,11.9375,5.16858191184543,28,1,/mnt/data/ssz/mr/results/Qwen2.5-VL/pope/evo/analysis/coco_POPE_random/404.pt
1896,1896,coco_POPE_random,coco_POPE_random,1,0,"No,",no,1.671875,0.7696759259259259,11.9375,5.397782865209224,28,1,/mnt/data/ssz/mr/results/Qwen2.5-VL/pope/evo/analysis/coco_POPE_random/1896.pt
2642,2642,coco_POPE_random,coco_POPE_random,1,0,"No,",no,1.6875,0.7724247685185185,11.9375,5.281778073833776,28,1,/mnt/data/ssz/mr/results/Qwen2.5-VL/pope/evo/analysis/coco_POPE_random/2642.pt
1147,1147,coco_POPE_random,coco_POPE_random,1,0,"Yes,",yes,1.734375,0.7213541666666666,11.9375,4.819600251104994,28,1,/mnt/data/ssz/mr/results/Qwen2.5-VL/pope/evo/analysis/coco_POPE_random/1147.pt
405,405,coco_POPE_random,coco_POPE_random,1,0,"Yes,",yes,1.71875,0.7430555555555556,11.9375,4.67394658166764,28,1,/mnt/data/ssz/mr/results/Qwen2.5-VL/pope/evo/analysis/coco_POPE_random/405.pt
2643,2643,coco_POPE_random,coco_POPE_random,1,0,"Yes,",yes,1.6875,0.7724247685185185,11.9375,4.862128641025249,28,1,/mnt/data/ssz/mr/results/Qwen2.5-VL/pope/evo/analysis/coco_POPE_random/2643.pt
1897,1897,coco_POPE_random,coco_POPE_random,0,1,"No,",yes,1.703125,0.7426215277777778,11.9375,5.24839557070193,28,1,/mnt/data/ssz/mr/results/Qwen2.5-VL/pope/evo/analysis/coco_POPE_random/1897.pt
1148,1148,coco_POPE_random,coco_POPE_random,1,0,"No,",no,1.734375,0.7213541666666666,11.9375,5.25964381470156,28,1,/mnt/data/ssz/mr/results/Qwen2.5-VL/pope/evo/analysis/coco_POPE_random/1148.pt
406,406,coco_POPE_random,coco_POPE_random,1,0,"No,",no,1.71875,0.7430555555555556,11.9375,5.181311105343851,28,1,/mnt/data/ssz/mr/results/Qwen2.5-VL/pope/evo/analysis/coco_POPE_random/406.pt
2644,2644,coco_POPE_random,coco_POPE_random,1,0,"No,",no,1.6875,0.7724247685185185,11.9375,5.309472005304307,28,1,/mnt/data/ssz/mr/results/Qwen2.5-VL/pope/evo/analysis/coco_POPE_random/2644.pt
1149,1149,coco_POPE_random,coco_POPE_random,1,0,"Yes,",yes,1.734375,0.7213541666666666,11.9375,4.7063346367985845,28,1,/mnt/data/ssz/mr/results/Qwen2.5-VL/pope/evo/analysis/coco_POPE_random/1149.pt
1898,1898,coco_POPE_random,coco_POPE_random,1,0,"No,",no,1.703125,0.7426215277777778,11.9375,5.12335223187143,28,1,/mnt/data/ssz/mr/results/Qwen2.5-VL/pope/evo/analysis/coco_POPE_random/1898.pt
407,407,coco_POPE_random,coco_POPE_random,1,0,"Yes,",yes,1.71875,0.7430555555555556,11.9375,4.6124872438728595,28,1,/mnt/data/ssz/mr/results/Qwen2.5-VL/pope/evo/analysis/coco_POPE_random/407.pt
2645,2645,coco_POPE_random,coco_POPE_random,1,0,"Yes,",yes,1.6875,0.7724247685185185,11.9375,5.076287876993256,28,1,/mnt/data/ssz/mr/results/Qwen2.5-VL/pope/evo/analysis/coco_POPE_random/2645.pt
1150,1150,coco_POPE_random,coco_POPE_random,1,0,"No,",no,1.734375,0.7213541666666666,11.9375,5.224532516822709,28,1,/mnt/data/ssz/mr/results/Qwen2.5-VL/pope/evo/analysis/coco_POPE_random/1150.pt
1899,1899,coco_POPE_random,coco_POPE_random,1,0,"Yes,",yes,1.703125,0.7426215277777778,11.9375,4.729134461067338,28,1,/mnt/data/ssz/mr/results/Qwen2.5-VL/pope/evo/analysis/coco_POPE_random/1899.pt
408,408,coco_POPE_random,coco_POPE_random,1,0,"No,",no,1.71875,0.7430555555555556,11.9375,5.143762923816996,28,1,/mnt/data/ssz/mr/results/Qwen2.5-VL/pope/evo/analysis/coco_POPE_random/408.pt
2646,2646,coco_POPE_random,coco_POPE_random,1,0,"No,",no,1.6875,0.7724247685185185,11.9375,5.36706426335551,28,1,/mnt/data/ssz/mr/results/Qwen2.5-VL/pope/evo/analysis/coco_POPE_random/2646.pt
1151,1151,coco_POPE_random,coco_POPE_random,1,0,"Yes,",yes,1.734375,0.7213541666666666,11.9375,4.64100311708573,28,1,/mnt/data/ssz/mr/results/Qwen2.5-VL/pope/evo/analysis/coco_POPE_random/1151.pt
409,409,coco_POPE_random,coco_POPE_random,1,0,"Yes,",yes,1.671875,0.7484085648148148,11.9375,4.874697116574053,28,1,/mnt/data/ssz/mr/results/Qwen2.5-VL/pope/evo/analysis/coco_POPE_random/409.pt
1900,1900,coco_POPE_random,coco_POPE_random,1,0,"No,",no,1.703125,0.7429832175925926,11.9375,5.17017737966207,28,1,/mnt/data/ssz/mr/results/Qwen2.5-VL/pope/evo/analysis/coco_POPE_random/1900.pt
2647,2647,coco_POPE_random,coco_POPE_random,1,0,"Yes,",yes,1.734375,0.7313368055555556,11.9375,4.781451074334248,28,1,/mnt/data/ssz/mr/results/Qwen2.5-VL/pope/evo/analysis/coco_POPE_random/2647.pt
1152,1152,coco_POPE_random,coco_POPE_random,1,0,"No,",no,1.734375,0.7213541666666666,11.9375,5.233082155536412,28,1,/mnt/data/ssz/mr/results/Qwen2.5-VL/pope/evo/analysis/coco_POPE_random/1152.pt
410,410,coco_POPE_random,coco_POPE_random,1,0,"No,",no,1.671875,0.7484085648148148,11.9375,5.1819361416253695,28,1,/mnt/data/ssz/mr/results/Qwen2.5-VL/pope/evo/analysis/coco_POPE_random/410.pt
1901,1901,coco_POPE_random,coco_POPE_random,1,0,"Yes,",yes,1.703125,0.7426215277777778,11.9375,4.7068539836190615,28,1,/mnt/data/ssz/mr/results/Qwen2.5-VL/pope/evo/analysis/coco_POPE_random/1901.pt
2648,2648,coco_POPE_random,coco_POPE_random,1,0,"No,",no,1.734375,0.7313368055555556,11.9375,5.1711019784400785,28,1,/mnt/data/ssz/mr/results/Qwen2.5-VL/pope/evo/analysis/coco_POPE_random/2648.pt
1153,1153,coco_POPE_random,coco_POPE_random,1,0,"Yes,",yes,1.734375,0.7446469907407407,11.9375,4.81198891509268,28,1,/mnt/data/ssz/mr/results/Qwen2.5-VL/pope/evo/analysis/coco_POPE_random/1153.pt
411,411,coco_POPE_random,coco_POPE_random,1,0,"Yes,",yes,1.671875,0.7484085648148148,11.9375,4.820721326369275,28,1,/mnt/data/ssz/mr/results/Qwen2.5-VL/pope/evo/analysis/coco_POPE_random/411.pt
1902,1902,coco_POPE_random,coco_POPE_random,1,0,"No,",no,1.703125,0.7429832175925926,11.9375,5.128274794464946,28,1,/mnt/data/ssz/mr/results/Qwen2.5-VL/pope/evo/analysis/coco_POPE_random/1902.pt
2649,2649,coco_POPE_random,coco_POPE_random,1,0,"Yes,",yes,1.734375,0.7313368055555556,11.9375,4.849926158163608,28,1,/mnt/data/ssz/mr/results/Qwen2.5-VL/pope/evo/analysis/coco_POPE_random/2649.pt
1154,1154,coco_POPE_random,coco_POPE_random,1,0,"No,",no,1.734375,0.7445023148148148,11.9375,5.268188657996908,28,1,/mnt/data/ssz/mr/results/Qwen2.5-VL/pope/evo/analysis/coco_POPE_random/1154.pt
412,412,coco_POPE_random,coco_POPE_random,1,0,"No,",no,1.671875,0.7484085648148148,11.9375,5.4093389651228305,28,1,/mnt/data/ssz/mr/results/Qwen2.5-VL/pope/evo/analysis/coco_POPE_random/412.pt
1903,1903,coco_POPE_random,coco_POPE_random,1,0,"Yes,",yes,1.71875,0.7291666666666666,11.9375,4.692047450520402,28,1,/mnt/data/ssz/mr/results/Qwen2.5-VL/pope/evo/analysis/coco_POPE_random/1903.pt
2650,2650,coco_POPE_random,coco_POPE_random,1,0,"No,",no,1.734375,0.7326388888888888,11.9375,5.274377981261045,28,1,/mnt/data/ssz/mr/results/Qwen2.5-VL/pope/evo/analysis/coco_POPE_random/2650.pt
1155,1155,coco_POPE_random,coco_POPE_random,1,0,"Yes,",yes,1.734375,0.7446469907407407,11.9375,4.882103091348122,28,1,/mnt/data/ssz/mr/results/Qwen2.5-VL/pope/evo/analysis/coco_POPE_random/1155.pt
413,413,coco_POPE_random,coco_POPE_random,1,0,"Yes,",yes,1.671875,0.7484085648148148,11.9375,4.7427190527208065,28,1,/mnt/data/ssz/mr/results/Qwen2.5-VL/pope/evo/analysis/coco_POPE_random/413.pt
1904,1904,coco_POPE_random,coco_POPE_random,1,0,"No,",no,1.7109375,0.7290219907407407,11.9375,5.099562354077754,28,1,/mnt/data/ssz/mr/results/Qwen2.5-VL/pope/evo/analysis/coco_POPE_random/1904.pt
2651,2651,coco_POPE_random,coco_POPE_random,1,0,"Yes,",yes,1.734375,0.7326388888888888,11.9375,4.6368605661611655,28,1,/mnt/data/ssz/mr/results/Qwen2.5-VL/pope/evo/analysis/coco_POPE_random/2651.pt
1156,1156,coco_POPE_random,coco_POPE_random,1,0,"No,",no,1.734375,0.7446469907407407,11.9375,5.158380442404325,28,1,/mnt/data/ssz/mr/results/Qwen2.5-VL/pope/evo/analysis/coco_POPE_random/1156.pt
414,414,coco_POPE_random,coco_POPE_random,1,0,"No,",no,1.671875,0.7484085648148148,11.9375,5.247223311234347,28,1,/mnt/data/ssz/mr/results/Qwen2.5-VL/pope/evo/analysis/coco_POPE_random/414.pt
1905,1905,coco_POPE_random,coco_POPE_random,1,0,"Yes,",yes,1.7109375,0.7290219907407407,11.9375,4.7997605973929565,28,1,/mnt/data/ssz/mr/results/Qwen2.5-VL/pope/evo/analysis/coco_POPE_random/1905.pt
2652,2652,coco_POPE_random,coco_POPE_random,1,0,"No,",no,1.734375,0.7313368055555556,11.9375,5.229062619255776,28,1,/mnt/data/ssz/mr/results/Qwen2.5-VL/pope/evo/analysis/coco_POPE_random/2652.pt
1157,1157,coco_POPE_random,coco_POPE_random,1,0,"Yes,",yes,1.734375,0.7449363425925926,11.9375,4.700882930080774,28,1,/mnt/data/ssz/mr/results/Qwen2.5-VL/pope/evo/analysis/coco_POPE_random/1157.pt
415,415,coco_POPE_random,coco_POPE_random,1,0,"Yes,",yes,1.6484375,0.7536168981481481,11.9375,4.6236592592740555,28,1,/mnt/data/ssz/mr/results/Qwen2.5-VL/pope/evo/analysis/coco_POPE_random/415.pt
1906,1906,coco_POPE_random,coco_POPE_random,1,0,"No,",no,1.7109375,0.7290219907407407,11.9375,5.2234003283501185,28,1,/mnt/data/ssz/mr/results/Qwen2.5-VL/pope/evo/analysis/coco_POPE_random/1906.pt
2653,2653,coco_POPE_random,coco_POPE_random,0,1,"No,",yes,1.6640625,0.7446469907407407,11.9375,5.179735570151213,28,1,/mnt/data/ssz/mr/results/Qwen2.5-VL/pope/evo/analysis/coco_POPE_random/2653.pt
1158,1158,coco_POPE_random,coco_POPE_random,1,0,"No,",no,1.734375,0.7446469907407407,11.9375,5.307845652003068,28,1,/mnt/data/ssz/mr/results/Qwen2.5-VL/pope/evo/analysis/coco_POPE_random/1158.pt
416,416,coco_POPE_random,coco_POPE_random,1,0,"No,",no,1.6484375,0.7536168981481481,11.9375,5.2421069393048105,28,1,/mnt/data/ssz/mr/results/Qwen2.5-VL/pope/evo/analysis/coco_POPE_random/416.pt
1907,1907,coco_POPE_random,coco_POPE_random,1,0,"Yes,",yes,1.71875,0.7293113425925926,11.9375,4.759611842487794,28,1,/mnt/data/ssz/mr/results/Qwen2.5-VL/pope/evo/analysis/coco_POPE_random/1907.pt
2654,2654,coco_POPE_random,coco_POPE_random,1,0,"No,",no,1.6640625,0.7447916666666666,11.9375,5.284793859413185,28,1,/mnt/data/ssz/mr/results/Qwen2.5-VL/pope/evo/analysis/coco_POPE_random/2654.pt
417,417,coco_POPE_random,coco_POPE_random,1,0,"Yes,",yes,1.6484375,0.7537615740740741,11.9375,4.819269874969167,28,1,/mnt/data/ssz/mr/results/Qwen2.5-VL/pope/evo/analysis/coco_POPE_random/417.pt
1159,1159,coco_POPE_random,coco_POPE_random,1,0,"Yes,",yes,1.7109375,0.7280092592592593,11.9375,4.732214148415332,28,1,/mnt/data/ssz/mr/results/Qwen2.5-VL/pope/evo/analysis/coco_POPE_random/1159.pt
2655,2655,coco_POPE_random,coco_POPE_random,1,0,"Yes,",yes,1.6640625,0.7446469907407407,11.9375,4.762786723469178,28,1,/mnt/data/ssz/mr/results/Qwen2.5-VL/pope/evo/analysis/coco_POPE_random/2655.pt
1908,1908,coco_POPE_random,coco_POPE_random,1,0,"No,",no,1.7109375,0.7290219907407407,11.9375,5.279251124334005,28,1,/mnt/data/ssz/mr/results/Qwen2.5-VL/pope/evo/analysis/coco_POPE_random/1908.pt
418,418,coco_POPE_random,coco_POPE_random,1,0,"No,",no,1.640625,0.7541956018518519,11.9375,5.0637229878174335,28,1,/mnt/data/ssz/mr/results/Qwen2.5-VL/pope/evo/analysis/coco_POPE_random/418.pt
1160,1160,coco_POPE_random,coco_POPE_random,1,0,"No,",no,1.7109375,0.7280092592592593,11.9375,5.1529437928191575,28,1,/mnt/data/ssz/mr/results/Qwen2.5-VL/pope/evo/analysis/coco_POPE_random/1160.pt
2656,2656,coco_POPE_random,coco_POPE_random,1,0,"No,",no,1.6640625,0.7446469907407407,11.9375,5.218626482334442,28,1,/mnt/data/ssz/mr/results/Qwen2.5-VL/pope/evo/analysis/coco_POPE_random/2656.pt
1909,1909,coco_POPE_random,coco_POPE_random,1,0,"Yes,",yes,1.71875,0.7162905092592593,11.9375,4.85383245069377,28,1,/mnt/data/ssz/mr/results/Qwen2.5-VL/pope/evo/analysis/coco_POPE_random/1909.pt
419,419,coco_POPE_random,coco_POPE_random,1,0,"Yes,",yes,1.640625,0.75390625,11.9375,4.643166710040094,28,1,/mnt/data/ssz/mr/results/Qwen2.5-VL/pope/evo/analysis/coco_POPE_random/419.pt
1161,1161,coco_POPE_random,coco_POPE_random,1,0,"Yes,",yes,1.7109375,0.7280092592592593,11.9375,4.811187874508539,28,1,/mnt/data/ssz/mr/results/Qwen2.5-VL/pope/evo/analysis/coco_POPE_random/1161.pt
2657,2657,coco_POPE_random,coco_POPE_random,1,0,"Yes,",yes,1.6640625,0.7446469907407407,11.9375,4.744183071499406,28,1,/mnt/data/ssz/mr/results/Qwen2.5-VL/pope/evo/analysis/coco_POPE_random/2657.pt
1910,1910,coco_POPE_random,coco_POPE_random,1,0,"No,",no,1.71875,0.7170138888888888,11.9375,5.1961202274714795,28,1,/mnt/data/ssz/mr/results/Qwen2.5-VL/pope/evo/analysis/coco_POPE_random/1910.pt
420,420,coco_POPE_random,coco_POPE_random,1,0,"No,",no,1.640625,0.75390625,11.9375,5.089346640205255,28,1,/mnt/data/ssz/mr/results/Qwen2.5-VL/pope/evo/analysis/coco_POPE_random/420.pt
2658,2658,coco_POPE_random,coco_POPE_random,1,0,"No,",no,1.6640625,0.7448640046296297,11.9375,5.195981329581315,28,1,/mnt/data/ssz/mr/results/Qwen2.5-VL/pope/evo/analysis/coco_POPE_random/2658.pt
1162,1162,coco_POPE_random,coco_POPE_random,1,0,"No,",no,1.7109375,0.7280092592592593,11.9375,5.219808730692453,28,1,/mnt/data/ssz/mr/results/Qwen2.5-VL/pope/evo/analysis/coco_POPE_random/1162.pt
1911,1911,coco_POPE_random,coco_POPE_random,0,1,"No,",yes,1.71875,0.7162905092592593,11.9375,5.253521740108995,28,1,/mnt/data/ssz/mr/results/Qwen2.5-VL/pope/evo/analysis/coco_POPE_random/1911.pt
421,421,coco_POPE_random,coco_POPE_random,1,0,"Yes,",yes,1.6875,0.7819733796296297,11.9375,4.753631713904513,28,1,/mnt/data/ssz/mr/results/Qwen2.5-VL/pope/evo/analysis/coco_POPE_random/421.pt
2659,2659,coco_POPE_random,coco_POPE_random,0,1,"No,",yes,1.6796875,0.7622974537037037,11.9375,5.150937515806837,28,1,/mnt/data/ssz/mr/results/Qwen2.5-VL/pope/evo/analysis/coco_POPE_random/2659.pt
1163,1163,coco_POPE_random,coco_POPE_random,1,0,"Yes,",yes,1.7109375,0.7280092592592593,11.9375,4.738412318021007,28,1,/mnt/data/ssz/mr/results/Qwen2.5-VL/pope/evo/analysis/coco_POPE_random/1163.pt
1912,1912,coco_POPE_random,coco_POPE_random,1,0,"No,",no,1.71875,0.7170138888888888,11.9375,5.2614284623741385,28,1,/mnt/data/ssz/mr/results/Qwen2.5-VL/pope/evo/analysis/coco_POPE_random/1912.pt
422,422,coco_POPE_random,coco_POPE_random,1,0,"No,",no,1.6875,0.7815393518518519,11.9375,5.100472488940363,28,1,/mnt/data/ssz/mr/results/Qwen2.5-VL/pope/evo/analysis/coco_POPE_random/422.pt
2660,2660,coco_POPE_random,coco_POPE_random,1,0,"No,",no,1.6796875,0.7622251157407407,11.9375,5.100521730072395,28,1,/mnt/data/ssz/mr/results/Qwen2.5-VL/pope/evo/analysis/coco_POPE_random/2660.pt
1164,1164,coco_POPE_random,coco_POPE_random,1,0,"No,",no,1.7109375,0.7280092592592593,11.9375,5.150457748168703,28,1,/mnt/data/ssz/mr/results/Qwen2.5-VL/pope/evo/analysis/coco_POPE_random/1164.pt
1913,1913,coco_POPE_random,coco_POPE_random,1,0,"Yes,",yes,1.71875,0.7162181712962963,11.9375,4.637272632647066,28,1,/mnt/data/ssz/mr/results/Qwen2.5-VL/pope/evo/analysis/coco_POPE_random/1913.pt
423,423,coco_POPE_random,coco_POPE_random,1,0,"Yes,",yes,1.6875,0.7815393518518519,11.9375,4.82094546750085,28,1,/mnt/data/ssz/mr/results/Qwen2.5-VL/pope/evo/analysis/coco_POPE_random/423.pt
2661,2661,coco_POPE_random,coco_POPE_random,0,1,"No,",yes,1.6796875,0.7622251157407407,11.9375,5.25788506510234,28,1,/mnt/data/ssz/mr/results/Qwen2.5-VL/pope/evo/analysis/coco_POPE_random/2661.pt
1165,1165,coco_POPE_random,coco_POPE_random,1,0,"Yes,",yes,1.71875,0.7504340277777778,11.9375,4.896994108976859,28,1,/mnt/data/ssz/mr/results/Qwen2.5-VL/pope/evo/analysis/coco_POPE_random/1165.pt
1914,1914,coco_POPE_random,coco_POPE_random,1,0,"No,",no,1.71875,0.7162905092592593,11.9375,5.197626430526224,28,1,/mnt/data/ssz/mr/results/Qwen2.5-VL/pope/evo/analysis/coco_POPE_random/1914.pt
424,424,coco_POPE_random,coco_POPE_random,1,0,"No,",no,1.6875,0.7819733796296297,11.9375,5.120288464209871,28,1,/mnt/data/ssz/mr/results/Qwen2.5-VL/pope/evo/analysis/coco_POPE_random/424.pt
2662,2662,coco_POPE_random,coco_POPE_random,1,0,"No,",no,1.6796875,0.7621527777777778,11.9375,5.200219390737277,28,1,/mnt/data/ssz/mr/results/Qwen2.5-VL/pope/evo/analysis/coco_POPE_random/2662.pt
1166,1166,coco_POPE_random,coco_POPE_random,1,0,"No,",no,1.71875,0.7504340277777778,11.9375,5.3486040428256745,28,1,/mnt/data/ssz/mr/results/Qwen2.5-VL/pope/evo/analysis/coco_POPE_random/1166.pt
425,425,coco_POPE_random,coco_POPE_random,1,0,"Yes,",yes,1.6875,0.7819733796296297,11.9375,4.6097124944753105,28,1,/mnt/data/ssz/mr/results/Qwen2.5-VL/pope/evo/analysis/coco_POPE_random/425.pt
1915,1915,coco_POPE_random,coco_POPE_random,1,0,"Yes,",yes,1.71875,0.7319155092592593,11.9375,4.816810974785455,28,1,/mnt/data/ssz/mr/results/Qwen2.5-VL/pope/evo/analysis/coco_POPE_random/1915.pt
2663,2663,coco_POPE_random,coco_POPE_random,1,0,"Yes,",yes,1.6796875,0.7622974537037037,11.9375,4.730863196682408,28,1,/mnt/data/ssz/mr/results/Qwen2.5-VL/pope/evo/analysis/coco_POPE_random/2663.pt
1167,1167,coco_POPE_random,coco_POPE_random,0,1,"No,",yes,1.71875,0.7504340277777778,11.9375,5.2634167275991155,28,1,/mnt/data/ssz/mr/results/Qwen2.5-VL/pope/evo/analysis/coco_POPE_random/1167.pt
426,426,coco_POPE_random,coco_POPE_random,1,0,"No,",no,1.6875,0.7819733796296297,11.9375,5.183149241534355,28,1,/mnt/data/ssz/mr/results/Qwen2.5-VL/pope/evo/analysis/coco_POPE_random/426.pt
1916,1916,coco_POPE_random,coco_POPE_random,1,0,"No,",no,1.71875,0.732421875,11.9375,5.319111392426089,28,1,/mnt/data/ssz/mr/results/Qwen2.5-VL/pope/evo/analysis/coco_POPE_random/1916.pt
2664,2664,coco_POPE_random,coco_POPE_random,1,0,"No,",no,1.6796875,0.7622974537037037,11.9375,5.138645437099563,28,1,/mnt/data/ssz/mr/results/Qwen2.5-VL/pope/evo/analysis/coco_POPE_random/2664.pt
1168,1168,coco_POPE_random,coco_POPE_random,1,0,"No,",no,1.71875,0.7504340277777778,11.9375,5.250654669146853,28,1,/mnt/data/ssz/mr/results/Qwen2.5-VL/pope/evo/analysis/coco_POPE_random/1168.pt
427,427,coco_POPE_random,coco_POPE_random,1,0,"Yes,",yes,1.71875,0.7517361111111112,11.9375,4.834917499498732,28,1,/mnt/data/ssz/mr/results/Qwen2.5-VL/pope/evo/analysis/coco_POPE_random/427.pt
1917,1917,coco_POPE_random,coco_POPE_random,1,0,"Yes,",yes,1.71875,0.7319155092592593,11.9375,4.807369664611489,28,1,/mnt/data/ssz/mr/results/Qwen2.5-VL/pope/evo/analysis/coco_POPE_random/1917.pt
1169,1169,coco_POPE_random,coco_POPE_random,0,1,"No,",yes,1.71875,0.7504340277777778,11.9375,5.197537242000619,28,1,/mnt/data/ssz/mr/results/Qwen2.5-VL/pope/evo/analysis/coco_POPE_random/1169.pt
2665,2665,coco_POPE_random,coco_POPE_random,1,0,"Yes,",yes,1.703125,0.7418981481481481,11.9375,4.829424501907038,28,1,/mnt/data/ssz/mr/results/Qwen2.5-VL/pope/evo/analysis/coco_POPE_random/2665.pt
428,428,coco_POPE_random,coco_POPE_random,1,0,"No,",no,1.71875,0.7517361111111112,11.9375,5.236084902573754,28,1,/mnt/data/ssz/mr/results/Qwen2.5-VL/pope/evo/analysis/coco_POPE_random/428.pt
1918,1918,coco_POPE_random,coco_POPE_random,1,0,"No,",no,1.71875,0.7319155092592593,11.9375,5.206022267112311,28,1,/mnt/data/ssz/mr/results/Qwen2.5-VL/pope/evo/analysis/coco_POPE_random/1918.pt
1170,1170,coco_POPE_random,coco_POPE_random,1,0,"No,",no,1.71875,0.7504340277777778,11.9375,5.240936735574467,28,1,/mnt/data/ssz/mr/results/Qwen2.5-VL/pope/evo/analysis/coco_POPE_random/1170.pt
2666,2666,coco_POPE_random,coco_POPE_random,1,0,"No,",no,1.703125,0.7411747685185185,11.9375,5.240320242835628,28,1,/mnt/data/ssz/mr/results/Qwen2.5-VL/pope/evo/analysis/coco_POPE_random/2666.pt
429,429,coco_POPE_random,coco_POPE_random,1,0,"Yes,",yes,1.71875,0.7517361111111112,11.9375,4.715040481986543,28,1,/mnt/data/ssz/mr/results/Qwen2.5-VL/pope/evo/analysis/coco_POPE_random/429.pt
1919,1919,coco_POPE_random,coco_POPE_random,0,1,"No,",yes,1.71875,0.7319155092592593,11.9375,5.240047900684598,28,1,/mnt/data/ssz/mr/results/Qwen2.5-VL/pope/evo/analysis/coco_POPE_random/1919.pt
1171,1171,coco_POPE_random,coco_POPE_random,0,1,"No,",yes,1.703125,0.7423321759259259,11.9375,5.096927558613845,28,1,/mnt/data/ssz/mr/results/Qwen2.5-VL/pope/evo/analysis/coco_POPE_random/1171.pt
2667,2667,coco_POPE_random,coco_POPE_random,0,1,"No,",yes,1.703125,0.7418981481481481,11.9375,5.204651452574363,28,1,/mnt/data/ssz/mr/results/Qwen2.5-VL/pope/evo/analysis/coco_POPE_random/2667.pt
430,430,coco_POPE_random,coco_POPE_random,1,0,"No,",no,1.71875,0.7521701388888888,11.9375,5.264481705326065,28,1,/mnt/data/ssz/mr/results/Qwen2.5-VL/pope/evo/analysis/coco_POPE_random/430.pt
1920,1920,coco_POPE_random,coco_POPE_random,1,0,"No,",no,1.71875,0.7319155092592593,11.9375,5.403480910538026,28,1,/mnt/data/ssz/mr/results/Qwen2.5-VL/pope/evo/analysis/coco_POPE_random/1920.pt
1172,1172,coco_POPE_random,coco_POPE_random,1,0,"No,",no,1.703125,0.7423321759259259,11.9375,5.218386751885144,28,1,/mnt/data/ssz/mr/results/Qwen2.5-VL/pope/evo/analysis/coco_POPE_random/1172.pt
431,431,coco_POPE_random,coco_POPE_random,1,0,"Yes,",yes,1.71875,0.7517361111111112,11.9375,4.672977163037135,28,1,/mnt/data/ssz/mr/results/Qwen2.5-VL/pope/evo/analysis/coco_POPE_random/431.pt
2668,2668,coco_POPE_random,coco_POPE_random,1,0,"No,",no,1.703125,0.7418981481481481,11.9375,5.154711460248456,28,1,/mnt/data/ssz/mr/results/Qwen2.5-VL/pope/evo/analysis/coco_POPE_random/2668.pt
1921,1921,coco_POPE_random,coco_POPE_random,1,0,"Yes,",yes,1.734375,0.7181712962962963,11.9375,4.846200976870658,28,1,/mnt/data/ssz/mr/results/Qwen2.5-VL/pope/evo/analysis/coco_POPE_random/1921.pt
1173,1173,coco_POPE_random,coco_POPE_random,0,1,"No,",yes,1.703125,0.7423321759259259,11.9375,5.132074847600021,28,1,/mnt/data/ssz/mr/results/Qwen2.5-VL/pope/evo/analysis/coco_POPE_random/1173.pt
432,432,coco_POPE_random,coco_POPE_random,1,0,"No,",no,1.71875,0.7517361111111112,11.9375,5.240023030146654,28,1,/mnt/data/ssz/mr/results/Qwen2.5-VL/pope/evo/analysis/coco_POPE_random/432.pt
2669,2669,coco_POPE_random,coco_POPE_random,1,0,"Yes,",yes,1.703125,0.7418981481481481,11.9375,4.645133735074619,28,1,/mnt/data/ssz/mr/results/Qwen2.5-VL/pope/evo/analysis/coco_POPE_random/2669.pt
1922,1922,coco_POPE_random,coco_POPE_random,1,0,"No,",no,1.734375,0.7181712962962963,11.9375,5.167671634503019,28,1,/mnt/data/ssz/mr/results/Qwen2.5-VL/pope/evo/analysis/coco_POPE_random/1922.pt
433,433,coco_POPE_random,coco_POPE_random,1,0,"Yes,",yes,1.734375,0.7602719907407407,11.9375,4.8755245969593535,28,1,/mnt/data/ssz/mr/results/Qwen2.5-VL/pope/evo/analysis/coco_POPE_random/433.pt
1174,1174,coco_POPE_random,coco_POPE_random,1,0,"No,",no,1.703125,0.7422598379629629,11.9375,5.280341251713254,28,1,/mnt/data/ssz/mr/results/Qwen2.5-VL/pope/evo/analysis/coco_POPE_random/1174.pt
2670,2670,coco_POPE_random,coco_POPE_random,1,0,"No,",no,1.703125,0.7418981481481481,11.9375,5.18974692114608,28,1,/mnt/data/ssz/mr/results/Qwen2.5-VL/pope/evo/analysis/coco_POPE_random/2670.pt
1923,1923,coco_POPE_random,coco_POPE_random,1,0,"Yes,",yes,1.734375,0.7181712962962963,11.9375,4.827376228920293,28,1,/mnt/data/ssz/mr/results/Qwen2.5-VL/pope/evo/analysis/coco_POPE_random/1923.pt
434,434,coco_POPE_random,coco_POPE_random,1,0,"No,",no,1.734375,0.7609953703703703,11.9375,5.235902489066137,28,1,/mnt/data/ssz/mr/results/Qwen2.5-VL/pope/evo/analysis/coco_POPE_random/434.pt
1175,1175,coco_POPE_random,coco_POPE_random,1,0,"Yes,",yes,1.703125,0.7422598379629629,11.9375,4.736131238015504,28,1,/mnt/data/ssz/mr/results/Qwen2.5-VL/pope/evo/analysis/coco_POPE_random/1175.pt
2671,2671,coco_POPE_random,coco_POPE_random,1,0,"Yes,",yes,1.6875,0.7550636574074074,11.9375,4.8486149408051995,28,1,/mnt/data/ssz/mr/results/Qwen2.5-VL/pope/evo/analysis/coco_POPE_random/2671.pt
1924,1924,coco_POPE_random,coco_POPE_random,1,0,"No,",no,1.734375,0.7181712962962963,11.9375,5.21192209062692,28,1,/mnt/data/ssz/mr/results/Qwen2.5-VL/pope/evo/analysis/coco_POPE_random/1924.pt
435,435,coco_POPE_random,coco_POPE_random,0,1,"No,",yes,1.734375,0.7602719907407407,11.9375,5.287722230889909,28,1,/mnt/data/ssz/mr/results/Qwen2.5-VL/pope/evo/analysis/coco_POPE_random/435.pt
2672,2672,coco_POPE_random,coco_POPE_random,1,0,"No,",no,1.671875,0.7546296296296297,11.9375,5.205234950748804,28,1,/mnt/data/ssz/mr/results/Qwen2.5-VL/pope/evo/analysis/coco_POPE_random/2672.pt
1176,1176,coco_POPE_random,coco_POPE_random,1,0,"No,",no,1.703125,0.7423321759259259,11.9375,5.292112045517946,28,1,/mnt/data/ssz/mr/results/Qwen2.5-VL/pope/evo/analysis/coco_POPE_random/1176.pt
1925,1925,coco_POPE_random,coco_POPE_random,0,1,"No,",yes,1.734375,0.7181712962962963,11.9375,5.261161805521443,28,1,/mnt/data/ssz/mr/results/Qwen2.5-VL/pope/evo/analysis/coco_POPE_random/1925.pt
436,436,coco_POPE_random,coco_POPE_random,1,0,"No,",no,1.734375,0.7606336805555556,11.9375,5.249297308178569,28,1,/mnt/data/ssz/mr/results/Qwen2.5-VL/pope/evo/analysis/coco_POPE_random/436.pt
2673,2673,coco_POPE_random,coco_POPE_random,0,1,"No,",yes,1.671875,0.7546296296296297,11.9375,5.184031643359306,28,1,/mnt/data/ssz/mr/results/Qwen2.5-VL/pope/evo/analysis/coco_POPE_random/2673.pt
1177,1177,coco_POPE_random,coco_POPE_random,1,0,"Yes,",yes,1.6875,0.7475405092592593,11.9375,4.788129865862457,28,1,/mnt/data/ssz/mr/results/Qwen2.5-VL/pope/evo/analysis/coco_POPE_random/1177.pt
1926,1926,coco_POPE_random,coco_POPE_random,1,0,"No,",no,1.734375,0.7181712962962963,11.9375,5.288065714278391,28,1,/mnt/data/ssz/mr/results/Qwen2.5-VL/pope/evo/analysis/coco_POPE_random/1926.pt
437,437,coco_POPE_random,coco_POPE_random,1,0,"Yes,",yes,1.734375,0.7602719907407407,11.9375,4.777499205144193,28,1,/mnt/data/ssz/mr/results/Qwen2.5-VL/pope/evo/analysis/coco_POPE_random/437.pt
2674,2674,coco_POPE_random,coco_POPE_random,1,0,"No,",no,1.671875,0.7546296296296297,11.9375,5.1364809516996734,28,1,/mnt/data/ssz/mr/results/Qwen2.5-VL/pope/evo/analysis/coco_POPE_random/2674.pt
1178,1178,coco_POPE_random,coco_POPE_random,1,0,"No,",no,1.6875,0.7475405092592593,11.9375,5.151832016826464,28,1,/mnt/data/ssz/mr/results/Qwen2.5-VL/pope/evo/analysis/coco_POPE_random/1178.pt
1927,1927,coco_POPE_random,coco_POPE_random,1,0,"Yes,",yes,1.734375,0.7397280092592593,11.9375,4.915323593015156,28,1,/mnt/data/ssz/mr/results/Qwen2.5-VL/pope/evo/analysis/coco_POPE_random/1927.pt
438,438,coco_POPE_random,coco_POPE_random,0,1,"Yes,",no,1.734375,0.7602719907407407,11.9375,4.819836241032982,28,1,/mnt/data/ssz/mr/results/Qwen2.5-VL/pope/evo/analysis/coco_POPE_random/438.pt
2675,2675,coco_POPE_random,coco_POPE_random,1,0,"Yes,",yes,1.671875,0.7546296296296297,11.9375,4.640686564093155,28,1,/mnt/data/ssz/mr/results/Qwen2.5-VL/pope/evo/analysis/coco_POPE_random/2675.pt
1179,1179,coco_POPE_random,coco_POPE_random,0,1,"No,",yes,1.6875,0.7475405092592593,11.9375,5.18387349996443,28,1,/mnt/data/ssz/mr/results/Qwen2.5-VL/pope/evo/analysis/coco_POPE_random/1179.pt
1928,1928,coco_POPE_random,coco_POPE_random,1,0,"No,",no,1.734375,0.7398003472222222,11.9375,5.346171930178053,28,1,/mnt/data/ssz/mr/results/Qwen2.5-VL/pope/evo/analysis/coco_POPE_random/1928.pt
439,439,coco_POPE_random,coco_POPE_random,1,0,"Yes,",yes,1.71875,0.7326388888888888,11.9375,4.7926111656065125,28,1,/mnt/data/ssz/mr/results/Qwen2.5-VL/pope/evo/analysis/coco_POPE_random/439.pt
2676,2676,coco_POPE_random,coco_POPE_random,1,0,"No,",no,1.671875,0.7546296296296297,11.9375,5.18318619756309,28,1,/mnt/data/ssz/mr/results/Qwen2.5-VL/pope/evo/analysis/coco_POPE_random/2676.pt
1180,1180,coco_POPE_random,coco_POPE_random,1,0,"No,",no,1.6875,0.7475405092592593,11.9375,5.263006669235846,28,1,/mnt/data/ssz/mr/results/Qwen2.5-VL/pope/evo/analysis/coco_POPE_random/1180.pt
1929,1929,coco_POPE_random,coco_POPE_random,0,1,"No,",yes,1.734375,0.7397280092592593,11.9375,5.3387985783067196,28,1,/mnt/data/ssz/mr/results/Qwen2.5-VL/pope/evo/analysis/coco_POPE_random/1929.pt
440,440,coco_POPE_random,coco_POPE_random,1,0,"No,",no,1.71875,0.7326388888888888,11.9375,5.185695987483746,28,1,/mnt/data/ssz/mr/results/Qwen2.5-VL/pope/evo/analysis/coco_POPE_random/440.pt
2677,2677,coco_POPE_random,coco_POPE_random,1,0,"Yes,",yes,1.65625,0.7560763888888888,11.9375,4.810417805959238,28,1,/mnt/data/ssz/mr/results/Qwen2.5-VL/pope/evo/analysis/coco_POPE_random/2677.pt
1181,1181,coco_POPE_random,coco_POPE_random,0,1,"No,",yes,1.6875,0.7475405092592593,11.9375,5.307332240593228,28,1,/mnt/data/ssz/mr/results/Qwen2.5-VL/pope/evo/analysis/coco_POPE_random/1181.pt
1930,1930,coco_POPE_random,coco_POPE_random,1,0,"No,",no,1.734375,0.7397280092592593,11.9375,5.329255132224411,28,1,/mnt/data/ssz/mr/results/Qwen2.5-VL/pope/evo/analysis/coco_POPE_random/1930.pt
441,441,coco_POPE_random,coco_POPE_random,1,0,"Yes,",yes,1.71875,0.7326388888888888,11.9375,4.858632866778738,28,1,/mnt/data/ssz/mr/results/Qwen2.5-VL/pope/evo/analysis/coco_POPE_random/441.pt
2678,2678,coco_POPE_random,coco_POPE_random,1,0,"No,",no,1.65625,0.7560763888888888,11.9375,5.087216836283695,28,1,/mnt/data/ssz/mr/results/Qwen2.5-VL/pope/evo/analysis/coco_POPE_random/2678.pt
1182,1182,coco_POPE_random,coco_POPE_random,1,0,"No,",no,1.6875,0.7475405092592593,11.9375,5.186036958926583,28,1,/mnt/data/ssz/mr/results/Qwen2.5-VL/pope/evo/analysis/coco_POPE_random/1182.pt
1931,1931,coco_POPE_random,coco_POPE_random,1,0,"Yes,",yes,1.734375,0.7397280092592593,11.9375,4.75738593779609,28,1,/mnt/data/ssz/mr/results/Qwen2.5-VL/pope/evo/analysis/coco_POPE_random/1931.pt
442,442,coco_POPE_random,coco_POPE_random,1,0,"No,",no,1.71875,0.7326388888888888,11.9375,5.25280875919973,28,1,/mnt/data/ssz/mr/results/Qwen2.5-VL/pope/evo/analysis/coco_POPE_random/442.pt
2679,2679,coco_POPE_random,coco_POPE_random,0,1,"No,",yes,1.65625,0.7560763888888888,11.9375,5.222587160397183,28,1,/mnt/data/ssz/mr/results/Qwen2.5-VL/pope/evo/analysis/coco_POPE_random/2679.pt
1183,1183,coco_POPE_random,coco_POPE_random,1,0,"Yes,",yes,1.6796875,0.7572337962962963,11.9375,4.950252765002333,28,1,/mnt/data/ssz/mr/results/Qwen2.5-VL/pope/evo/analysis/coco_POPE_random/1183.pt
1932,1932,coco_POPE_random,coco_POPE_random,1,0,"No,",no,1.734375,0.7397280092592593,11.9375,5.246917935644136,28,1,/mnt/data/ssz/mr/results/Qwen2.5-VL/pope/evo/analysis/coco_POPE_random/1932.pt
2680,2680,coco_POPE_random,coco_POPE_random,1,0,"No,",no,1.65625,0.7555700231481481,11.9375,5.198526618133719,28,1,/mnt/data/ssz/mr/results/Qwen2.5-VL/pope/evo/analysis/coco_POPE_random/2680.pt
443,443,coco_POPE_random,coco_POPE_random,0,1,"No,",yes,1.7265625,0.7327835648148148,11.9375,5.267088813426984,28,1,/mnt/data/ssz/mr/results/Qwen2.5-VL/pope/evo/analysis/coco_POPE_random/443.pt
1184,1184,coco_POPE_random,coco_POPE_random,1,0,"No,",no,1.6875,0.7572337962962963,11.9375,5.25728196578536,28,2,/mnt/data/ssz/mr/results/Qwen2.5-VL/pope/evo/analysis/coco_POPE_random/1184.pt
1933,1933,coco_POPE_random,coco_POPE_random,1,0,"Yes,",yes,1.734375,0.7631655092592593,11.9375,5.023858339104271,28,1,/mnt/data/ssz/mr/results/Qwen2.5-VL/pope/evo/analysis/coco_POPE_random/1933.pt
2681,2681,coco_POPE_random,coco_POPE_random,0,1,"No,",yes,1.65625,0.7560763888888888,11.9375,5.126002516053569,28,1,/mnt/data/ssz/mr/results/Qwen2.5-VL/pope/evo/analysis/coco_POPE_random/2681.pt
444,444,coco_POPE_random,coco_POPE_random,1,0,"No,",no,1.71875,0.7326388888888888,11.9375,5.253580522190093,28,1,/mnt/data/ssz/mr/results/Qwen2.5-VL/pope/evo/analysis/coco_POPE_random/444.pt
1185,1185,coco_POPE_random,coco_POPE_random,1,0,"Yes,",yes,1.6796875,0.7572337962962963,11.9375,4.825792060202216,28,1,/mnt/data/ssz/mr/results/Qwen2.5-VL/pope/evo/analysis/coco_POPE_random/1185.pt
2682,2682,coco_POPE_random,coco_POPE_random,1,0,"No,",no,1.65625,0.7560763888888888,11.9375,5.119339140518197,28,1,/mnt/data/ssz/mr/results/Qwen2.5-VL/pope/evo/analysis/coco_POPE_random/2682.pt
1934,1934,coco_POPE_random,coco_POPE_random,1,0,"No,",no,1.734375,0.7631655092592593,11.9375,5.307736794654219,28,1,/mnt/data/ssz/mr/results/Qwen2.5-VL/pope/evo/analysis/coco_POPE_random/1934.pt
445,445,coco_POPE_random,coco_POPE_random,1,0,"Yes,",yes,1.71875,0.7473958333333334,11.9375,4.859613523840037,28,1,/mnt/data/ssz/mr/results/Qwen2.5-VL/pope/evo/analysis/coco_POPE_random/445.pt
1186,1186,coco_POPE_random,coco_POPE_random,1,0,"No,",no,1.6796875,0.7572337962962963,11.9375,5.3068222831962295,28,1,/mnt/data/ssz/mr/results/Qwen2.5-VL/pope/evo/analysis/coco_POPE_random/1186.pt
2683,2683,coco_POPE_random,coco_POPE_random,1,0,"Yes,",yes,1.6796875,0.7595486111111112,11.9375,4.79091192606944,28,1,/mnt/data/ssz/mr/results/Qwen2.5-VL/pope/evo/analysis/coco_POPE_random/2683.pt
1935,1935,coco_POPE_random,coco_POPE_random,0,1,"No,",yes,1.734375,0.7631655092592593,11.9375,5.200730505851018,28,1,/mnt/data/ssz/mr/results/Qwen2.5-VL/pope/evo/analysis/coco_POPE_random/1935.pt
446,446,coco_POPE_random,coco_POPE_random,1,0,"No,",no,1.71875,0.7473958333333334,11.9375,5.234262459891586,28,1,/mnt/data/ssz/mr/results/Qwen2.5-VL/pope/evo/analysis/coco_POPE_random/446.pt
2684,2684,coco_POPE_random,coco_POPE_random,1,0,"No,",no,1.671875,0.7591145833333334,11.9375,5.246941563031653,28,1,/mnt/data/ssz/mr/results/Qwen2.5-VL/pope/evo/analysis/coco_POPE_random/2684.pt
1187,1187,coco_POPE_random,coco_POPE_random,1,0,"Yes,",yes,1.6796875,0.7572337962962963,11.9375,4.854809599663628,28,1,/mnt/data/ssz/mr/results/Qwen2.5-VL/pope/evo/analysis/coco_POPE_random/1187.pt
1936,1936,coco_POPE_random,coco_POPE_random,1,0,"No,",no,1.734375,0.7631655092592593,11.9375,5.306510603668828,28,1,/mnt/data/ssz/mr/results/Qwen2.5-VL/pope/evo/analysis/coco_POPE_random/1936.pt
447,447,coco_POPE_random,coco_POPE_random,1,0,"Yes,",yes,1.71875,0.7473958333333334,11.9375,4.666708698908089,28,1,/mnt/data/ssz/mr/results/Qwen2.5-VL/pope/evo/analysis/coco_POPE_random/447.pt
2685,2685,coco_POPE_random,coco_POPE_random,0,1,"No,",yes,1.6796875,0.7595486111111112,11.9375,5.214760596314669,28,1,/mnt/data/ssz/mr/results/Qwen2.5-VL/pope/evo/analysis/coco_POPE_random/2685.pt
1188,1188,coco_POPE_random,coco_POPE_random,1,0,"No,",no,1.6796875,0.7572337962962963,11.9375,5.230416019478762,28,1,/mnt/data/ssz/mr/results/Qwen2.5-VL/pope/evo/analysis/coco_POPE_random/1188.pt
1937,1937,coco_POPE_random,coco_POPE_random,1,0,"Yes,",yes,1.734375,0.7631655092592593,11.9375,4.712825242258368,28,1,/mnt/data/ssz/mr/results/Qwen2.5-VL/pope/evo/analysis/coco_POPE_random/1937.pt
448,448,coco_POPE_random,coco_POPE_random,1,0,"No,",no,1.71875,0.7473958333333334,11.9375,5.1799601370023165,28,1,/mnt/data/ssz/mr/results/Qwen2.5-VL/pope/evo/analysis/coco_POPE_random/448.pt
2686,2686,coco_POPE_random,coco_POPE_random,1,0,"No,",no,1.671875,0.7591145833333334,11.9375,5.329572279835922,28,1,/mnt/data/ssz/mr/results/Qwen2.5-VL/pope/evo/analysis/coco_POPE_random/2686.pt
1189,1189,coco_POPE_random,coco_POPE_random,1,0,"Yes,",yes,1.7109375,0.7350983796296297,11.9375,4.757730119087402,28,1,/mnt/data/ssz/mr/results/Qwen2.5-VL/pope/evo/analysis/coco_POPE_random/1189.pt
1938,1938,coco_POPE_random,coco_POPE_random,1,0,"No,",no,1.734375,0.7631655092592593,11.9375,5.246786420686163,28,1,/mnt/data/ssz/mr/results/Qwen2.5-VL/pope/evo/analysis/coco_POPE_random/1938.pt
449,449,coco_POPE_random,coco_POPE_random,1,0,"Yes,",yes,1.71875,0.7473958333333334,11.9375,4.789571772238944,28,1,/mnt/data/ssz/mr/results/Qwen2.5-VL/pope/evo/analysis/coco_POPE_random/449.pt
2687,2687,coco_POPE_random,coco_POPE_random,1,0,"Yes,",yes,1.6796875,0.7595486111111112,11.9375,4.819105415941805,28,1,/mnt/data/ssz/mr/results/Qwen2.5-VL/pope/evo/analysis/coco_POPE_random/2687.pt
1939,1939,coco_POPE_random,coco_POPE_random,1,0,"Yes,",yes,1.734375,0.7635995370370371,11.9375,4.977489322702938,28,1,/mnt/data/ssz/mr/results/Qwen2.5-VL/pope/evo/analysis/coco_POPE_random/1939.pt
1190,1190,coco_POPE_random,coco_POPE_random,1,0,"No,",no,1.7109375,0.7350983796296297,11.9375,5.329890975566303,28,1,/mnt/data/ssz/mr/results/Qwen2.5-VL/pope/evo/analysis/coco_POPE_random/1190.pt
2688,2688,coco_POPE_random,coco_POPE_random,1,0,"No,",no,1.671875,0.7591145833333334,11.9375,5.250721570395085,28,1,/mnt/data/ssz/mr/results/Qwen2.5-VL/pope/evo/analysis/coco_POPE_random/2688.pt
450,450,coco_POPE_random,coco_POPE_random,1,0,"No,",no,1.71875,0.7473958333333334,11.9375,5.236313486274068,28,1,/mnt/data/ssz/mr/results/Qwen2.5-VL/pope/evo/analysis/coco_POPE_random/450.pt
1940,1940,coco_POPE_random,coco_POPE_random,1,0,"No,",no,1.734375,0.7625868055555556,11.9375,5.243178134870919,28,1,/mnt/data/ssz/mr/results/Qwen2.5-VL/pope/evo/analysis/coco_POPE_random/1940.pt
1191,1191,coco_POPE_random,coco_POPE_random,0,1,"No,",yes,1.7109375,0.7350983796296297,11.9375,5.358446852563907,28,1,/mnt/data/ssz/mr/results/Qwen2.5-VL/pope/evo/analysis/coco_POPE_random/1191.pt
451,451,coco_POPE_random,coco_POPE_random,0,1,"No,",yes,1.703125,0.7771267361111112,11.9375,5.0749391150745,28,1,/mnt/data/ssz/mr/results/Qwen2.5-VL/pope/evo/analysis/coco_POPE_random/451.pt
2689,2689,coco_POPE_random,coco_POPE_random,1,0,"Yes,",yes,1.703125,0.7433449074074074,11.9375,4.80592865999354,28,1,/mnt/data/ssz/mr/results/Qwen2.5-VL/pope/evo/analysis/coco_POPE_random/2689.pt
1941,1941,coco_POPE_random,coco_POPE_random,1,0,"Yes,",yes,1.734375,0.7635995370370371,11.9375,4.775372617516738,28,1,/mnt/data/ssz/mr/results/Qwen2.5-VL/pope/evo/analysis/coco_POPE_random/1941.pt
1192,1192,coco_POPE_random,coco_POPE_random,1,0,"No,",no,1.7109375,0.7350983796296297,11.9375,5.295860868949924,28,1,/mnt/data/ssz/mr/results/Qwen2.5-VL/pope/evo/analysis/coco_POPE_random/1192.pt
452,452,coco_POPE_random,coco_POPE_random,1,0,"No,",no,1.703125,0.7764756944444444,11.9375,5.114308254631569,28,1,/mnt/data/ssz/mr/results/Qwen2.5-VL/pope/evo/analysis/coco_POPE_random/452.pt
2690,2690,coco_POPE_random,coco_POPE_random,1,0,"No,",no,1.703125,0.7429108796296297,11.9375,5.21629739566222,28,1,/mnt/data/ssz/mr/results/Qwen2.5-VL/pope/evo/analysis/coco_POPE_random/2690.pt
1942,1942,coco_POPE_random,coco_POPE_random,1,0,"No,",no,1.734375,0.7633101851851852,11.9375,5.177881865217231,28,1,/mnt/data/ssz/mr/results/Qwen2.5-VL/pope/evo/analysis/coco_POPE_random/1942.pt
453,453,coco_POPE_random,coco_POPE_random,1,0,"Yes,",yes,1.703125,0.7777054398148148,11.9375,4.752126071783002,28,1,/mnt/data/ssz/mr/results/Qwen2.5-VL/pope/evo/analysis/coco_POPE_random/453.pt
1193,1193,coco_POPE_random,coco_POPE_random,0,1,"No,",yes,1.7109375,0.7350983796296297,11.9375,5.327917481790675,28,1,/mnt/data/ssz/mr/results/Qwen2.5-VL/pope/evo/analysis/coco_POPE_random/1193.pt
2691,2691,coco_POPE_random,coco_POPE_random,0,1,"No,",yes,1.703125,0.7420428240740741,11.9375,5.179315960528176,28,1,/mnt/data/ssz/mr/results/Qwen2.5-VL/pope/evo/analysis/coco_POPE_random/2691.pt
454,454,coco_POPE_random,coco_POPE_random,1,0,"No,",no,1.703125,0.7764033564814815,11.9375,5.085805164800369,28,1,/mnt/data/ssz/mr/results/Qwen2.5-VL/pope/evo/analysis/coco_POPE_random/454.pt
1943,1943,coco_POPE_random,coco_POPE_random,1,0,"Yes,",yes,1.734375,0.7640335648148148,11.9375,4.811046994641496,28,1,/mnt/data/ssz/mr/results/Qwen2.5-VL/pope/evo/analysis/coco_POPE_random/1943.pt
2692,2692,coco_POPE_random,coco_POPE_random,1,0,"No,",no,1.703125,0.7421875,11.9375,5.248696659409438,28,1,/mnt/data/ssz/mr/results/Qwen2.5-VL/pope/evo/analysis/coco_POPE_random/2692.pt
1194,1194,coco_POPE_random,coco_POPE_random,1,0,"No,",no,1.7109375,0.7350983796296297,11.9375,5.212180022751674,28,1,/mnt/data/ssz/mr/results/Qwen2.5-VL/pope/evo/analysis/coco_POPE_random/1194.pt
455,455,coco_POPE_random,coco_POPE_random,0,1,"No,",yes,1.703125,0.7777777777777778,11.9375,5.115807979119539,28,1,/mnt/data/ssz/mr/results/Qwen2.5-VL/pope/evo/analysis/coco_POPE_random/455.pt
1944,1944,coco_POPE_random,coco_POPE_random,1,0,"No,",no,1.734375,0.7635995370370371,11.9375,5.189255780850387,28,1,/mnt/data/ssz/mr/results/Qwen2.5-VL/pope/evo/analysis/coco_POPE_random/1944.pt
2693,2693,coco_POPE_random,coco_POPE_random,0,1,"No,",yes,1.703125,0.7433449074074074,11.9375,5.250165355485321,28,1,/mnt/data/ssz/mr/results/Qwen2.5-VL/pope/evo/analysis/coco_POPE_random/2693.pt
1195,1195,coco_POPE_random,coco_POPE_random,1,0,"Yes,",yes,1.6875,0.7301793981481481,11.9375,4.709846134310355,28,1,/mnt/data/ssz/mr/results/Qwen2.5-VL/pope/evo/analysis/coco_POPE_random/1195.pt
456,456,coco_POPE_random,coco_POPE_random,1,0,"No,",no,1.703125,0.7764756944444444,11.9375,5.11737174572327,28,1,/mnt/data/ssz/mr/results/Qwen2.5-VL/pope/evo/analysis/coco_POPE_random/456.pt
1945,1945,coco_POPE_random,coco_POPE_random,1,0,"Yes,",yes,1.6875,0.7602719907407407,11.9375,4.776672093168657,28,1,/mnt/data/ssz/mr/results/Qwen2.5-VL/pope/evo/analysis/coco_POPE_random/1945.pt
2694,2694,coco_POPE_random,coco_POPE_random,1,0,"No,",no,1.703125,0.7421875,11.9375,5.20556805844165,28,1,/mnt/data/ssz/mr/results/Qwen2.5-VL/pope/evo/analysis/coco_POPE_random/2694.pt
1196,1196,coco_POPE_random,coco_POPE_random,1,0,"No,",no,1.6875,0.7301793981481481,11.9375,5.249254485942998,28,1,/mnt/data/ssz/mr/results/Qwen2.5-VL/pope/evo/analysis/coco_POPE_random/1196.pt
457,457,coco_POPE_random,coco_POPE_random,0,1,"No,",yes,1.75,0.7473958333333334,11.9375,5.236763630411343,28,1,/mnt/data/ssz/mr/results/Qwen2.5-VL/pope/evo/analysis/coco_POPE_random/457.pt
1946,1946,coco_POPE_random,coco_POPE_random,1,0,"No,",no,1.6875,0.7599103009259259,11.9375,5.265350074323013,28,1,/mnt/data/ssz/mr/results/Qwen2.5-VL/pope/evo/analysis/coco_POPE_random/1946.pt
2695,2695,coco_POPE_random,coco_POPE_random,0,1,"No,",yes,1.734375,0.7454427083333334,11.9375,5.284750416266724,28,1,/mnt/data/ssz/mr/results/Qwen2.5-VL/pope/evo/analysis/coco_POPE_random/2695.pt
1197,1197,coco_POPE_random,coco_POPE_random,1,0,"Yes,",yes,1.6875,0.7301793981481481,11.9375,4.8004690353218855,28,1,/mnt/data/ssz/mr/results/Qwen2.5-VL/pope/evo/analysis/coco_POPE_random/1197.pt
1947,1947,coco_POPE_random,coco_POPE_random,0,1,"No,",yes,1.6875,0.7599103009259259,11.9375,5.309967267522591,28,1,/mnt/data/ssz/mr/results/Qwen2.5-VL/pope/evo/analysis/coco_POPE_random/1947.pt
458,458,coco_POPE_random,coco_POPE_random,1,0,"No,",no,1.75,0.7473958333333334,11.9375,5.27082027443408,28,1,/mnt/data/ssz/mr/results/Qwen2.5-VL/pope/evo/analysis/coco_POPE_random/458.pt
2696,2696,coco_POPE_random,coco_POPE_random,1,0,"No,",no,1.734375,0.7453703703703703,11.9375,5.2771874536712,28,1,/mnt/data/ssz/mr/results/Qwen2.5-VL/pope/evo/analysis/coco_POPE_random/2696.pt
1198,1198,coco_POPE_random,coco_POPE_random,1,0,"No,",no,1.6875,0.7301793981481481,11.9375,5.270284135937832,28,1,/mnt/data/ssz/mr/results/Qwen2.5-VL/pope/evo/analysis/coco_POPE_random/1198.pt
1948,1948,coco_POPE_random,coco_POPE_random,1,0,"No,",no,1.6875,0.7599103009259259,11.9375,5.234903464915612,28,1,/mnt/data/ssz/mr/results/Qwen2.5-VL/pope/evo/analysis/coco_POPE_random/1948.pt
459,459,coco_POPE_random,coco_POPE_random,1,0,"Yes,",yes,1.75,0.7473958333333334,11.9375,4.887777503064113,28,1,/mnt/data/ssz/mr/results/Qwen2.5-VL/pope/evo/analysis/coco_POPE_random/459.pt
1949,1949,coco_POPE_random,coco_POPE_random,1,0,"Yes,",yes,1.6875,0.7602719907407407,11.9375,4.798169150518867,28,1,/mnt/data/ssz/mr/results/Qwen2.5-VL/pope/evo/analysis/coco_POPE_random/1949.pt
2697,2697,coco_POPE_random,coco_POPE_random,1,0,"Yes,",yes,1.734375,0.7454427083333334,11.9375,4.796893806488415,28,1,/mnt/data/ssz/mr/results/Qwen2.5-VL/pope/evo/analysis/coco_POPE_random/2697.pt
1199,1199,coco_POPE_random,coco_POPE_random,0,1,"No,",yes,1.6875,0.7301793981481481,11.9375,5.23022094175294,28,1,/mnt/data/ssz/mr/results/Qwen2.5-VL/pope/evo/analysis/coco_POPE_random/1199.pt
460,460,coco_POPE_random,coco_POPE_random,1,0,"No,",no,1.75,0.7473958333333334,11.9375,5.275125352675066,28,1,/mnt/data/ssz/mr/results/Qwen2.5-VL/pope/evo/analysis/coco_POPE_random/460.pt
1950,1950,coco_POPE_random,coco_POPE_random,1,0,"No,",no,1.6875,0.7601273148148148,11.9375,5.185047088810122,28,1,/mnt/data/ssz/mr/results/Qwen2.5-VL/pope/evo/analysis/coco_POPE_random/1950.pt
2698,2698,coco_POPE_random,coco_POPE_random,1,0,"No,",no,1.734375,0.7453703703703703,11.9375,5.2350477248630725,28,1,/mnt/data/ssz/mr/results/Qwen2.5-VL/pope/evo/analysis/coco_POPE_random/2698.pt
1200,1200,coco_POPE_random,coco_POPE_random,1,0,"No,",no,1.6875,0.7301793981481481,11.9375,5.241580002861784,28,1,/mnt/data/ssz/mr/results/Qwen2.5-VL/pope/evo/analysis/coco_POPE_random/1200.pt
461,461,coco_POPE_random,coco_POPE_random,1,0,"Yes,",yes,1.75,0.7473958333333334,11.9375,4.846127737504519,28,1,/mnt/data/ssz/mr/results/Qwen2.5-VL/pope/evo/analysis/coco_POPE_random/461.pt
1951,1951,coco_POPE_random,coco_POPE_random,0,1,"No,",yes,1.671875,0.7418981481481481,11.9375,5.17055778354327,28,1,/mnt/data/ssz/mr/results/Qwen2.5-VL/pope/evo/analysis/coco_POPE_random/1951.pt
2699,2699,coco_POPE_random,coco_POPE_random,1,0,"Yes,",yes,1.734375,0.7454427083333334,11.9375,5.001717060409056,28,1,/mnt/data/ssz/mr/results/Qwen2.5-VL/pope/evo/analysis/coco_POPE_random/2699.pt
1201,1201,coco_POPE_random,coco_POPE_random,0,1,"No,",yes,1.703125,0.7370515046296297,11.9375,5.145065717719772,28,1,/mnt/data/ssz/mr/results/Qwen2.5-VL/pope/evo/analysis/coco_POPE_random/1201.pt
462,462,coco_POPE_random,coco_POPE_random,1,0,"No,",no,1.75,0.7473958333333334,11.9375,5.272232208004237,28,1,/mnt/data/ssz/mr/results/Qwen2.5-VL/pope/evo/analysis/coco_POPE_random/462.pt
1952,1952,coco_POPE_random,coco_POPE_random,1,0,"No,",no,1.671875,0.7418981481481481,11.9375,5.145925149508223,28,1,/mnt/data/ssz/mr/results/Qwen2.5-VL/pope/evo/analysis/coco_POPE_random/1952.pt
2700,2700,coco_POPE_random,coco_POPE_random,1,0,"No,",no,1.734375,0.7453703703703703,11.9375,5.295241315308698,28,1,/mnt/data/ssz/mr/results/Qwen2.5-VL/pope/evo/analysis/coco_POPE_random/2700.pt
1202,1202,coco_POPE_random,coco_POPE_random,1,0,"No,",no,1.703125,0.7369791666666666,11.9375,5.220900009035366,28,1,/mnt/data/ssz/mr/results/Qwen2.5-VL/pope/evo/analysis/coco_POPE_random/1202.pt
463,463,coco_POPE_random,coco_POPE_random,1,0,"Yes,",yes,1.703125,0.7528935185185185,11.9375,4.932763452452054,28,1,/mnt/data/ssz/mr/results/Qwen2.5-VL/pope/evo/analysis/coco_POPE_random/463.pt
1953,1953,coco_POPE_random,coco_POPE_random,1,0,"Yes,",yes,1.671875,0.7418981481481481,11.9375,4.802560700575333,28,1,/mnt/data/ssz/mr/results/Qwen2.5-VL/pope/evo/analysis/coco_POPE_random/1953.pt
2701,2701,coco_POPE_random,coco_POPE_random,1,0,"Yes,",yes,1.75,0.7291666666666666,11.9375,4.907000020629607,28,1,/mnt/data/ssz/mr/results/Qwen2.5-VL/pope/evo/analysis/coco_POPE_random/2701.pt
1203,1203,coco_POPE_random,coco_POPE_random,1,0,"Yes,",yes,1.703125,0.7370515046296297,11.9375,4.8089690844966215,28,1,/mnt/data/ssz/mr/results/Qwen2.5-VL/pope/evo/analysis/coco_POPE_random/1203.pt
464,464,coco_POPE_random,coco_POPE_random,1,0,"No,",no,1.703125,0.7531828703703703,11.9375,5.231271855153771,28,1,/mnt/data/ssz/mr/results/Qwen2.5-VL/pope/evo/analysis/coco_POPE_random/464.pt
1954,1954,coco_POPE_random,coco_POPE_random,1,0,"No,",no,1.671875,0.7418981481481481,11.9375,5.179994321654548,28,1,/mnt/data/ssz/mr/results/Qwen2.5-VL/pope/evo/analysis/coco_POPE_random/1954.pt
2702,2702,coco_POPE_random,coco_POPE_random,1,0,"No,",no,1.75,0.7291666666666666,11.9375,5.301977876881837,28,1,/mnt/data/ssz/mr/results/Qwen2.5-VL/pope/evo/analysis/coco_POPE_random/2702.pt
1204,1204,coco_POPE_random,coco_POPE_random,1,0,"No,",no,1.703125,0.7370515046296297,11.9375,5.198819332403094,28,1,/mnt/data/ssz/mr/results/Qwen2.5-VL/pope/evo/analysis/coco_POPE_random/1204.pt
465,465,coco_POPE_random,coco_POPE_random,1,0,"Yes,",yes,1.703125,0.7528935185185185,11.9375,4.809412277802425,28,1,/mnt/data/ssz/mr/results/Qwen2.5-VL/pope/evo/analysis/coco_POPE_random/465.pt
1955,1955,coco_POPE_random,coco_POPE_random,1,0,"Yes,",yes,1.671875,0.7418981481481481,11.9375,4.847833853115646,28,1,/mnt/data/ssz/mr/results/Qwen2.5-VL/pope/evo/analysis/coco_POPE_random/1955.pt
2703,2703,coco_POPE_random,coco_POPE_random,0,1,"No,",yes,1.75,0.7298900462962963,11.9375,5.190507821022665,28,1,/mnt/data/ssz/mr/results/Qwen2.5-VL/pope/evo/analysis/coco_POPE_random/2703.pt
1205,1205,coco_POPE_random,coco_POPE_random,1,0,"Yes,",yes,1.703125,0.7370515046296297,11.9375,4.9095292074153285,28,1,/mnt/data/ssz/mr/results/Qwen2.5-VL/pope/evo/analysis/coco_POPE_random/1205.pt
466,466,coco_POPE_random,coco_POPE_random,1,0,"No,",no,1.703125,0.7528935185185185,11.9375,5.335080867447154,28,1,/mnt/data/ssz/mr/results/Qwen2.5-VL/pope/evo/analysis/coco_POPE_random/466.pt
1956,1956,coco_POPE_random,coco_POPE_random,1,0,"No,",no,1.671875,0.7418981481481481,11.9375,5.283789322443069,28,1,/mnt/data/ssz/mr/results/Qwen2.5-VL/pope/evo/analysis/coco_POPE_random/1956.pt
2704,2704,coco_POPE_random,coco_POPE_random,1,0,"No,",no,1.75,0.7291666666666666,11.9375,5.283575739763711,28,1,/mnt/data/ssz/mr/results/Qwen2.5-VL/pope/evo/analysis/coco_POPE_random/2704.pt
1206,1206,coco_POPE_random,coco_POPE_random,1,0,"No,",no,1.703125,0.7370515046296297,11.9375,5.156457059666066,28,1,/mnt/data/ssz/mr/results/Qwen2.5-VL/pope/evo/analysis/coco_POPE_random/1206.pt
467,467,coco_POPE_random,coco_POPE_random,1,0,"Yes,",yes,1.703125,0.7528935185185185,11.9375,4.768517800534029,28,1,/mnt/data/ssz/mr/results/Qwen2.5-VL/pope/evo/analysis/coco_POPE_random/467.pt
1957,1957,coco_POPE_random,coco_POPE_random,1,0,"Yes,",yes,1.703125,0.7638888888888888,11.9375,4.848146498909549,28,1,/mnt/data/ssz/mr/results/Qwen2.5-VL/pope/evo/analysis/coco_POPE_random/1957.pt
2705,2705,coco_POPE_random,coco_POPE_random,0,1,"No,",yes,1.75,0.7298900462962963,11.9375,5.223272384573447,28,1,/mnt/data/ssz/mr/results/Qwen2.5-VL/pope/evo/analysis/coco_POPE_random/2705.pt
1207,1207,coco_POPE_random,coco_POPE_random,1,0,"Yes,",yes,1.6796875,0.7613570601851852,11.9375,5.034009733901711,28,1,/mnt/data/ssz/mr/results/Qwen2.5-VL/pope/evo/analysis/coco_POPE_random/1207.pt
468,468,coco_POPE_random,coco_POPE_random,1,0,"No,",no,1.703125,0.7528935185185185,11.9375,5.353611011712238,28,1,/mnt/data/ssz/mr/results/Qwen2.5-VL/pope/evo/analysis/coco_POPE_random/468.pt
2706,2706,coco_POPE_random,coco_POPE_random,1,0,"No,",no,1.75,0.7291666666666666,11.9375,5.248899136414022,28,1,/mnt/data/ssz/mr/results/Qwen2.5-VL/pope/evo/analysis/coco_POPE_random/2706.pt
1958,1958,coco_POPE_random,coco_POPE_random,1,0,"No,",no,1.703125,0.7638888888888888,11.9375,5.247506279499093,28,1,/mnt/data/ssz/mr/results/Qwen2.5-VL/pope/evo/analysis/coco_POPE_random/1958.pt
1208,1208,coco_POPE_random,coco_POPE_random,1,0,"No,",no,1.6796875,0.7613570601851852,11.9375,5.353168803289519,28,1,/mnt/data/ssz/mr/results/Qwen2.5-VL/pope/evo/analysis/coco_POPE_random/1208.pt
469,469,coco_POPE_random,coco_POPE_random,1,0,"Yes,",yes,1.65625,0.7683015046296297,11.9375,4.739280023648714,28,2,/mnt/data/ssz/mr/results/Qwen2.5-VL/pope/evo/analysis/coco_POPE_random/469.pt
2707,2707,coco_POPE_random,coco_POPE_random,0,1,"No,",yes,1.703125,0.7515914351851852,11.9375,5.289101506794145,28,1,/mnt/data/ssz/mr/results/Qwen2.5-VL/pope/evo/analysis/coco_POPE_random/2707.pt
1209,1209,coco_POPE_random,coco_POPE_random,0,1,"No,",yes,1.6796875,0.7613570601851852,11.9375,5.2375470526510925,28,1,/mnt/data/ssz/mr/results/Qwen2.5-VL/pope/evo/analysis/coco_POPE_random/1209.pt
1959,1959,coco_POPE_random,coco_POPE_random,1,0,"Yes,",yes,1.703125,0.7638888888888888,11.9375,4.776312426047752,28,1,/mnt/data/ssz/mr/results/Qwen2.5-VL/pope/evo/analysis/coco_POPE_random/1959.pt
470,470,coco_POPE_random,coco_POPE_random,1,0,"No,",no,1.65625,0.7677951388888888,11.9375,5.0435073660324825,28,1,/mnt/data/ssz/mr/results/Qwen2.5-VL/pope/evo/analysis/coco_POPE_random/470.pt
2708,2708,coco_POPE_random,coco_POPE_random,1,0,"No,",no,1.703125,0.7515914351851852,11.9375,5.210352589312048,28,1,/mnt/data/ssz/mr/results/Qwen2.5-VL/pope/evo/analysis/coco_POPE_random/2708.pt
1210,1210,coco_POPE_random,coco_POPE_random,1,0,"No,",no,1.6796875,0.7613570601851852,11.9375,5.306292306704564,28,1,/mnt/data/ssz/mr/results/Qwen2.5-VL/pope/evo/analysis/coco_POPE_random/1210.pt
1960,1960,coco_POPE_random,coco_POPE_random,1,0,"No,",no,1.703125,0.7638888888888888,11.9375,5.254183668792519,28,1,/mnt/data/ssz/mr/results/Qwen2.5-VL/pope/evo/analysis/coco_POPE_random/1960.pt
471,471,coco_POPE_random,coco_POPE_random,1,0,"Yes,",yes,1.65625,0.7679398148148148,11.9375,4.784755310910724,28,1,/mnt/data/ssz/mr/results/Qwen2.5-VL/pope/evo/analysis/coco_POPE_random/471.pt
2709,2709,coco_POPE_random,coco_POPE_random,1,0,"Yes,",yes,1.703125,0.7515914351851852,11.9375,4.804823517364834,28,1,/mnt/data/ssz/mr/results/Qwen2.5-VL/pope/evo/analysis/coco_POPE_random/2709.pt
1211,1211,coco_POPE_random,coco_POPE_random,0,1,"No,",yes,1.6796875,0.7613570601851852,11.9375,5.289454098767426,28,1,/mnt/data/ssz/mr/results/Qwen2.5-VL/pope/evo/analysis/coco_POPE_random/1211.pt
1961,1961,coco_POPE_random,coco_POPE_random,0,1,"No,",yes,1.703125,0.7638888888888888,11.9375,5.326546776145327,28,1,/mnt/data/ssz/mr/results/Qwen2.5-VL/pope/evo/analysis/coco_POPE_random/1961.pt
472,472,coco_POPE_random,coco_POPE_random,1,0,"No,",no,1.65625,0.7679398148148148,11.9375,5.136695107302981,28,1,/mnt/data/ssz/mr/results/Qwen2.5-VL/pope/evo/analysis/coco_POPE_random/472.pt
2710,2710,coco_POPE_random,coco_POPE_random,1,0,"No,",no,1.703125,0.7514467592592593,11.9375,5.2289544415548805,28,1,/mnt/data/ssz/mr/results/Qwen2.5-VL/pope/evo/analysis/coco_POPE_random/2710.pt
1212,1212,coco_POPE_random,coco_POPE_random,1,0,"No,",no,1.671875,0.7611400462962963,11.9375,5.307990862027008,28,1,/mnt/data/ssz/mr/results/Qwen2.5-VL/pope/evo/analysis/coco_POPE_random/1212.pt
1962,1962,coco_POPE_random,coco_POPE_random,1,0,"No,",no,1.703125,0.7638888888888888,11.9375,5.112783142034342,28,1,/mnt/data/ssz/mr/results/Qwen2.5-VL/pope/evo/analysis/coco_POPE_random/1962.pt
473,473,coco_POPE_random,coco_POPE_random,1,0,"Yes,",yes,1.65625,0.7683015046296297,11.9375,4.729772558953982,28,2,/mnt/data/ssz/mr/results/Qwen2.5-VL/pope/evo/analysis/coco_POPE_random/473.pt
1213,1213,coco_POPE_random,coco_POPE_random,1,0,"Yes,",yes,1.6640625,0.7667824074074074,11.9375,4.794243415050131,28,1,/mnt/data/ssz/mr/results/Qwen2.5-VL/pope/evo/analysis/coco_POPE_random/1213.pt
2711,2711,coco_POPE_random,coco_POPE_random,1,0,"Yes,",yes,1.703125,0.7515914351851852,11.9375,4.917878105516232,28,1,/mnt/data/ssz/mr/results/Qwen2.5-VL/pope/evo/analysis/coco_POPE_random/2711.pt
1963,1963,coco_POPE_random,coco_POPE_random,1,0,"Yes,",yes,1.671875,0.7177372685185185,11.9375,4.836784039372701,28,1,/mnt/data/ssz/mr/results/Qwen2.5-VL/pope/evo/analysis/coco_POPE_random/1963.pt
1214,1214,coco_POPE_random,coco_POPE_random,1,0,"No,",no,1.6640625,0.7667824074074074,11.9375,5.160699894785686,28,1,/mnt/data/ssz/mr/results/Qwen2.5-VL/pope/evo/analysis/coco_POPE_random/1214.pt
474,474,coco_POPE_random,coco_POPE_random,1,0,"No,",no,1.65625,0.7677951388888888,11.9375,5.099462335190577,28,1,/mnt/data/ssz/mr/results/Qwen2.5-VL/pope/evo/analysis/coco_POPE_random/474.pt
2712,2712,coco_POPE_random,coco_POPE_random,1,0,"No,",no,1.703125,0.7515914351851852,11.9375,5.277076484660069,28,1,/mnt/data/ssz/mr/results/Qwen2.5-VL/pope/evo/analysis/coco_POPE_random/2712.pt
1964,1964,coco_POPE_random,coco_POPE_random,1,0,"No,",no,1.6875,0.7178819444444444,11.9375,5.364001663997356,28,1,/mnt/data/ssz/mr/results/Qwen2.5-VL/pope/evo/analysis/coco_POPE_random/1964.pt
1215,1215,coco_POPE_random,coco_POPE_random,1,0,"Yes,",yes,1.6640625,0.7667824074074074,11.9375,4.733729439836812,28,1,/mnt/data/ssz/mr/results/Qwen2.5-VL/pope/evo/analysis/coco_POPE_random/1215.pt
475,475,coco_POPE_random,coco_POPE_random,1,0,"Yes,",yes,1.7265625,0.7186053240740741,11.9375,4.733152190274269,28,1,/mnt/data/ssz/mr/results/Qwen2.5-VL/pope/evo/analysis/coco_POPE_random/475.pt
2713,2713,coco_POPE_random,coco_POPE_random,0,1,"No,",yes,1.7109375,0.7489872685185185,11.9375,5.266498870288952,28,1,/mnt/data/ssz/mr/results/Qwen2.5-VL/pope/evo/analysis/coco_POPE_random/2713.pt
1965,1965,coco_POPE_random,coco_POPE_random,0,1,"No,",yes,1.671875,0.7177372685185185,11.9375,5.314129802791916,28,1,/mnt/data/ssz/mr/results/Qwen2.5-VL/pope/evo/analysis/coco_POPE_random/1965.pt
1216,1216,coco_POPE_random,coco_POPE_random,1,0,"No,",no,1.6640625,0.7667824074074074,11.9375,5.082602997721929,28,1,/mnt/data/ssz/mr/results/Qwen2.5-VL/pope/evo/analysis/coco_POPE_random/1216.pt
2714,2714,coco_POPE_random,coco_POPE_random,1,0,"No,",no,1.7109375,0.7492766203703703,11.9375,5.210061239691358,28,1,/mnt/data/ssz/mr/results/Qwen2.5-VL/pope/evo/analysis/coco_POPE_random/2714.pt
476,476,coco_POPE_random,coco_POPE_random,1,0,"No,",no,1.7265625,0.7186053240740741,11.9375,5.081241327765196,28,1,/mnt/data/ssz/mr/results/Qwen2.5-VL/pope/evo/analysis/coco_POPE_random/476.pt
1217,1217,coco_POPE_random,coco_POPE_random,0,1,"No,",yes,1.6640625,0.7667824074074074,11.9375,5.215906808403566,28,1,/mnt/data/ssz/mr/results/Qwen2.5-VL/pope/evo/analysis/coco_POPE_random/1217.pt
1966,1966,coco_POPE_random,coco_POPE_random,1,0,"No,",no,1.671875,0.7175202546296297,11.9375,5.218187457979717,28,1,/mnt/data/ssz/mr/results/Qwen2.5-VL/pope/evo/analysis/coco_POPE_random/1966.pt
1218,1218,coco_POPE_random,coco_POPE_random,1,0,"No,",no,1.6640625,0.7667824074074074,11.9375,5.205793983976413,28,1,/mnt/data/ssz/mr/results/Qwen2.5-VL/pope/evo/analysis/coco_POPE_random/1218.pt
2715,2715,coco_POPE_random,coco_POPE_random,0,1,"No,",yes,1.7109375,0.7492766203703703,11.9375,5.322088511304928,28,1,/mnt/data/ssz/mr/results/Qwen2.5-VL/pope/evo/analysis/coco_POPE_random/2715.pt
477,477,coco_POPE_random,coco_POPE_random,1,0,"Yes,",yes,1.7265625,0.7186053240740741,11.9375,4.774075601229869,28,1,/mnt/data/ssz/mr/results/Qwen2.5-VL/pope/evo/analysis/coco_POPE_random/477.pt
1967,1967,coco_POPE_random,coco_POPE_random,1,0,"Yes,",yes,1.6875,0.7175925925925926,11.9375,4.846548953996861,28,2,/mnt/data/ssz/mr/results/Qwen2.5-VL/pope/evo/analysis/coco_POPE_random/1967.pt
1219,1219,coco_POPE_random,coco_POPE_random,0,1,"No,",yes,1.6640625,0.7436342592592593,11.9375,5.269750035140846,28,1,/mnt/data/ssz/mr/results/Qwen2.5-VL/pope/evo/analysis/coco_POPE_random/1219.pt
2716,2716,coco_POPE_random,coco_POPE_random,1,0,"No,",no,1.7109375,0.7492766203703703,11.9375,5.285582095946605,28,1,/mnt/data/ssz/mr/results/Qwen2.5-VL/pope/evo/analysis/coco_POPE_random/2716.pt
1968,1968,coco_POPE_random,coco_POPE_random,1,0,"No,",no,1.671875,0.7175202546296297,11.9375,5.2629301300039595,28,1,/mnt/data/ssz/mr/results/Qwen2.5-VL/pope/evo/analysis/coco_POPE_random/1968.pt
478,478,coco_POPE_random,coco_POPE_random,1,0,"No,",no,1.7265625,0.7186053240740741,11.9375,5.151770816075629,28,1,/mnt/data/ssz/mr/results/Qwen2.5-VL/pope/evo/analysis/coco_POPE_random/478.pt
1220,1220,coco_POPE_random,coco_POPE_random,1,0,"No,",no,1.6640625,0.7436342592592593,11.9375,5.238277939560155,28,1,/mnt/data/ssz/mr/results/Qwen2.5-VL/pope/evo/analysis/coco_POPE_random/1220.pt
2717,2717,coco_POPE_random,coco_POPE_random,1,0,"Yes,",yes,1.7109375,0.7492766203703703,11.9375,4.841153539030812,28,1,/mnt/data/ssz/mr/results/Qwen2.5-VL/pope/evo/analysis/coco_POPE_random/2717.pt
1969,1969,coco_POPE_random,coco_POPE_random,1,0,"Yes,",yes,1.734375,0.7769097222222222,11.9375,4.662757141590175,28,1,/mnt/data/ssz/mr/results/Qwen2.5-VL/pope/evo/analysis/coco_POPE_random/1969.pt
479,479,coco_POPE_random,coco_POPE_random,1,0,"Yes,",yes,1.7265625,0.7186053240740741,11.9375,4.695496453665156,28,1,/mnt/data/ssz/mr/results/Qwen2.5-VL/pope/evo/analysis/coco_POPE_random/479.pt
1970,1970,coco_POPE_random,coco_POPE_random,1,0,"No,",no,1.734375,0.7769097222222222,11.9375,5.194995888389431,28,1,/mnt/data/ssz/mr/results/Qwen2.5-VL/pope/evo/analysis/coco_POPE_random/1970.pt
1221,1221,coco_POPE_random,coco_POPE_random,1,0,"Yes,",yes,1.6640625,0.7436342592592593,11.9375,4.910008673985737,28,1,/mnt/data/ssz/mr/results/Qwen2.5-VL/pope/evo/analysis/coco_POPE_random/1221.pt
2718,2718,coco_POPE_random,coco_POPE_random,1,0,"No,",no,1.7109375,0.7489872685185185,11.9375,5.3092558963393905,28,1,/mnt/data/ssz/mr/results/Qwen2.5-VL/pope/evo/analysis/coco_POPE_random/2718.pt
480,480,coco_POPE_random,coco_POPE_random,1,0,"No,",no,1.7265625,0.7186053240740741,11.9375,5.108416744289571,28,1,/mnt/data/ssz/mr/results/Qwen2.5-VL/pope/evo/analysis/coco_POPE_random/480.pt
1971,1971,coco_POPE_random,coco_POPE_random,1,0,"Yes,",yes,1.734375,0.7769097222222222,11.9375,4.866826853029446,28,1,/mnt/data/ssz/mr/results/Qwen2.5-VL/pope/evo/analysis/coco_POPE_random/1971.pt
1222,1222,coco_POPE_random,coco_POPE_random,1,0,"No,",no,1.6640625,0.7436342592592593,11.9375,5.323425180602061,28,1,/mnt/data/ssz/mr/results/Qwen2.5-VL/pope/evo/analysis/coco_POPE_random/1222.pt
2719,2719,coco_POPE_random,coco_POPE_random,1,0,"Yes,",yes,1.734375,0.73828125,11.9375,4.803724197848209,28,1,/mnt/data/ssz/mr/results/Qwen2.5-VL/pope/evo/analysis/coco_POPE_random/2719.pt
481,481,coco_POPE_random,coco_POPE_random,1,0,"Yes,",yes,1.71875,0.7330729166666666,11.9375,4.829840804478329,28,1,/mnt/data/ssz/mr/results/Qwen2.5-VL/pope/evo/analysis/coco_POPE_random/481.pt
1972,1972,coco_POPE_random,coco_POPE_random,1,0,"No,",no,1.734375,0.7769097222222222,11.9375,5.259892303062174,28,1,/mnt/data/ssz/mr/results/Qwen2.5-VL/pope/evo/analysis/coco_POPE_random/1972.pt
1223,1223,coco_POPE_random,coco_POPE_random,0,1,"No,",yes,1.6640625,0.7436342592592593,11.9375,5.378105950593103,28,1,/mnt/data/ssz/mr/results/Qwen2.5-VL/pope/evo/analysis/coco_POPE_random/1223.pt
2720,2720,coco_POPE_random,coco_POPE_random,1,0,"No,",no,1.734375,0.73828125,11.9375,5.247562946803907,28,1,/mnt/data/ssz/mr/results/Qwen2.5-VL/pope/evo/analysis/coco_POPE_random/2720.pt
1973,1973,coco_POPE_random,coco_POPE_random,1,0,"Yes,",yes,1.734375,0.7769097222222222,11.9375,4.812524296937455,28,1,/mnt/data/ssz/mr/results/Qwen2.5-VL/pope/evo/analysis/coco_POPE_random/1973.pt
482,482,coco_POPE_random,coco_POPE_random,1,0,"No,",no,1.71875,0.7329282407407407,11.9375,5.1871756900674955,28,1,/mnt/data/ssz/mr/results/Qwen2.5-VL/pope/evo/analysis/coco_POPE_random/482.pt
2721,2721,coco_POPE_random,coco_POPE_random,0,1,"No,",yes,1.734375,0.73828125,11.9375,5.355668771442215,28,1,/mnt/data/ssz/mr/results/Qwen2.5-VL/pope/evo/analysis/coco_POPE_random/2721.pt
1224,1224,coco_POPE_random,coco_POPE_random,1,0,"No,",no,1.6640625,0.7436342592592593,11.9375,5.248509630225679,28,1,/mnt/data/ssz/mr/results/Qwen2.5-VL/pope/evo/analysis/coco_POPE_random/1224.pt
1974,1974,coco_POPE_random,coco_POPE_random,1,0,"No,",no,1.734375,0.7769097222222222,11.9375,5.212941992186737,28,1,/mnt/data/ssz/mr/results/Qwen2.5-VL/pope/evo/analysis/coco_POPE_random/1974.pt
483,483,coco_POPE_random,coco_POPE_random,1,0,"Yes,",yes,1.71875,0.7329282407407407,11.9375,4.81520297034682,28,1,/mnt/data/ssz/mr/results/Qwen2.5-VL/pope/evo/analysis/coco_POPE_random/483.pt
2722,2722,coco_POPE_random,coco_POPE_random,1,0,"No,",no,1.734375,0.7382089120370371,11.9375,5.3305786665858195,28,1,/mnt/data/ssz/mr/results/Qwen2.5-VL/pope/evo/analysis/coco_POPE_random/2722.pt
1225,1225,coco_POPE_random,coco_POPE_random,0,1,"No,",yes,1.7578125,0.7399450231481481,11.9375,5.2098455951490905,28,2,/mnt/data/ssz/mr/results/Qwen2.5-VL/pope/evo/analysis/coco_POPE_random/1225.pt
1975,1975,coco_POPE_random,coco_POPE_random,1,0,"Yes,",yes,1.703125,0.7298177083333334,11.9375,4.919494995362127,28,1,/mnt/data/ssz/mr/results/Qwen2.5-VL/pope/evo/analysis/coco_POPE_random/1975.pt
484,484,coco_POPE_random,coco_POPE_random,1,0,"No,",no,1.71875,0.7330729166666666,11.9375,5.235668616686153,28,1,/mnt/data/ssz/mr/results/Qwen2.5-VL/pope/evo/analysis/coco_POPE_random/484.pt
2723,2723,coco_POPE_random,coco_POPE_random,0,1,"No,",yes,1.734375,0.73828125,11.9375,5.3227228317289415,28,1,/mnt/data/ssz/mr/results/Qwen2.5-VL/pope/evo/analysis/coco_POPE_random/2723.pt
1226,1226,coco_POPE_random,coco_POPE_random,1,0,"No,",no,1.7578125,0.7397280092592593,11.9375,5.218316684474523,28,1,/mnt/data/ssz/mr/results/Qwen2.5-VL/pope/evo/analysis/coco_POPE_random/1226.pt
1976,1976,coco_POPE_random,coco_POPE_random,1,0,"No,",no,1.703125,0.7298177083333334,11.9375,5.195145831691034,28,1,/mnt/data/ssz/mr/results/Qwen2.5-VL/pope/evo/analysis/coco_POPE_random/1976.pt
485,485,coco_POPE_random,coco_POPE_random,0,1,"No,",yes,1.71875,0.7330729166666666,11.9375,5.241325016026859,28,1,/mnt/data/ssz/mr/results/Qwen2.5-VL/pope/evo/analysis/coco_POPE_random/485.pt
2724,2724,coco_POPE_random,coco_POPE_random,1,0,"No,",no,1.734375,0.7382089120370371,11.9375,5.290705255715474,28,1,/mnt/data/ssz/mr/results/Qwen2.5-VL/pope/evo/analysis/coco_POPE_random/2724.pt
1227,1227,coco_POPE_random,coco_POPE_random,1,0,"Yes,",yes,1.75,0.7401620370370371,11.9375,4.690065160189042,28,1,/mnt/data/ssz/mr/results/Qwen2.5-VL/pope/evo/analysis/coco_POPE_random/1227.pt
1977,1977,coco_POPE_random,coco_POPE_random,1,0,"Yes,",yes,1.703125,0.7293113425925926,11.9375,4.784430151265698,28,1,/mnt/data/ssz/mr/results/Qwen2.5-VL/pope/evo/analysis/coco_POPE_random/1977.pt
486,486,coco_POPE_random,coco_POPE_random,1,0,"No,",no,1.71875,0.7330729166666666,11.9375,5.168205186223767,28,1,/mnt/data/ssz/mr/results/Qwen2.5-VL/pope/evo/analysis/coco_POPE_random/486.pt
2725,2725,coco_POPE_random,coco_POPE_random,1,0,"Yes,",yes,1.734375,0.7361111111111112,11.9375,4.874561895873648,28,1,/mnt/data/ssz/mr/results/Qwen2.5-VL/pope/evo/analysis/coco_POPE_random/2725.pt
1228,1228,coco_POPE_random,coco_POPE_random,1,0,"No,",no,1.7578125,0.7397280092592593,11.9375,5.209185887799888,28,1,/mnt/data/ssz/mr/results/Qwen2.5-VL/pope/evo/analysis/coco_POPE_random/1228.pt
1978,1978,coco_POPE_random,coco_POPE_random,1,0,"No,",no,1.703125,0.7298177083333334,11.9375,5.263296826742842,28,1,/mnt/data/ssz/mr/results/Qwen2.5-VL/pope/evo/analysis/coco_POPE_random/1978.pt
487,487,coco_POPE_random,coco_POPE_random,1,0,"Yes,",yes,1.71875,0.7452980324074074,11.9375,4.877713218188642,28,1,/mnt/data/ssz/mr/results/Qwen2.5-VL/pope/evo/analysis/coco_POPE_random/487.pt
2726,2726,coco_POPE_random,coco_POPE_random,1,0,"No,",no,1.734375,0.7361111111111112,11.9375,5.152119090601022,28,1,/mnt/data/ssz/mr/results/Qwen2.5-VL/pope/evo/analysis/coco_POPE_random/2726.pt
1229,1229,coco_POPE_random,coco_POPE_random,1,0,"Yes,",yes,1.7578125,0.7399450231481481,11.9375,4.811450673559005,28,2,/mnt/data/ssz/mr/results/Qwen2.5-VL/pope/evo/analysis/coco_POPE_random/1229.pt
1979,1979,coco_POPE_random,coco_POPE_random,1,0,"Yes,",yes,1.703125,0.7293113425925926,11.9375,4.6869192019763455,28,1,/mnt/data/ssz/mr/results/Qwen2.5-VL/pope/evo/analysis/coco_POPE_random/1979.pt
1230,1230,coco_POPE_random,coco_POPE_random,1,0,"No,",no,1.7578125,0.7399450231481481,11.9375,5.316542994162869,28,2,/mnt/data/ssz/mr/results/Qwen2.5-VL/pope/evo/analysis/coco_POPE_random/1230.pt
2727,2727,coco_POPE_random,coco_POPE_random,1,0,"Yes,",yes,1.734375,0.7361111111111112,11.9375,4.816114057572006,28,1,/mnt/data/ssz/mr/results/Qwen2.5-VL/pope/evo/analysis/coco_POPE_random/2727.pt
488,488,coco_POPE_random,coco_POPE_random,1,0,"No,",no,1.71875,0.7452980324074074,11.9375,5.230036214529342,28,1,/mnt/data/ssz/mr/results/Qwen2.5-VL/pope/evo/analysis/coco_POPE_random/488.pt
1980,1980,coco_POPE_random,coco_POPE_random,1,0,"No,",no,1.703125,0.7303240740740741,11.9375,5.276806118550109,28,1,/mnt/data/ssz/mr/results/Qwen2.5-VL/pope/evo/analysis/coco_POPE_random/1980.pt
1231,1231,coco_POPE_random,coco_POPE_random,1,0,"Yes,",yes,1.71875,0.7235243055555556,11.9375,4.718174307907287,28,1,/mnt/data/ssz/mr/results/Qwen2.5-VL/pope/evo/analysis/coco_POPE_random/1231.pt
2728,2728,coco_POPE_random,coco_POPE_random,1,0,"No,",no,1.734375,0.7361111111111112,11.9375,5.1708607234813195,28,1,/mnt/data/ssz/mr/results/Qwen2.5-VL/pope/evo/analysis/coco_POPE_random/2728.pt
1981,1981,coco_POPE_random,coco_POPE_random,1,0,"Yes,",yes,1.7421875,0.7207754629629629,11.9375,4.836676649004671,28,2,/mnt/data/ssz/mr/results/Qwen2.5-VL/pope/evo/analysis/coco_POPE_random/1981.pt
489,489,coco_POPE_random,coco_POPE_random,1,0,"Yes,",yes,1.71875,0.7440682870370371,11.9375,4.7281417937925365,28,1,/mnt/data/ssz/mr/results/Qwen2.5-VL/pope/evo/analysis/coco_POPE_random/489.pt
1232,1232,coco_POPE_random,coco_POPE_random,1,0,"No,",no,1.71875,0.7225115740740741,11.9375,5.178534160977977,28,1,/mnt/data/ssz/mr/results/Qwen2.5-VL/pope/evo/analysis/coco_POPE_random/1232.pt
2729,2729,coco_POPE_random,coco_POPE_random,0,1,"No,",yes,1.734375,0.7361111111111112,11.9375,5.175822091077361,28,1,/mnt/data/ssz/mr/results/Qwen2.5-VL/pope/evo/analysis/coco_POPE_random/2729.pt
1982,1982,coco_POPE_random,coco_POPE_random,1,0,"No,",no,1.7421875,0.7210648148148148,11.9375,5.220677303172876,28,1,/mnt/data/ssz/mr/results/Qwen2.5-VL/pope/evo/analysis/coco_POPE_random/1982.pt
490,490,coco_POPE_random,coco_POPE_random,1,0,"No,",no,1.71875,0.7434895833333334,11.9375,5.287376382579734,28,1,/mnt/data/ssz/mr/results/Qwen2.5-VL/pope/evo/analysis/coco_POPE_random/490.pt
1233,1233,coco_POPE_random,coco_POPE_random,0,1,"No,",yes,1.71875,0.7235243055555556,11.9375,5.127097731076682,28,1,/mnt/data/ssz/mr/results/Qwen2.5-VL/pope/evo/analysis/coco_POPE_random/1233.pt
2730,2730,coco_POPE_random,coco_POPE_random,1,0,"No,",no,1.734375,0.7361111111111112,11.9375,5.285159649806607,28,1,/mnt/data/ssz/mr/results/Qwen2.5-VL/pope/evo/analysis/coco_POPE_random/2730.pt
1983,1983,coco_POPE_random,coco_POPE_random,1,0,"Yes,",yes,1.7421875,0.7207754629629629,11.9375,4.70436525841577,28,2,/mnt/data/ssz/mr/results/Qwen2.5-VL/pope/evo/analysis/coco_POPE_random/1983.pt
1234,1234,coco_POPE_random,coco_POPE_random,1,0,"No,",no,1.71875,0.7235243055555556,11.9375,5.2460201589734625,28,1,/mnt/data/ssz/mr/results/Qwen2.5-VL/pope/evo/analysis/coco_POPE_random/1234.pt
491,491,coco_POPE_random,coco_POPE_random,1,0,"Yes,",yes,1.71875,0.7447916666666666,11.9375,4.829455694290101,28,1,/mnt/data/ssz/mr/results/Qwen2.5-VL/pope/evo/analysis/coco_POPE_random/491.pt
2731,2731,coco_POPE_random,coco_POPE_random,1,0,"Yes,",yes,1.734375,0.7443576388888888,11.9375,4.688597084059,28,2,/mnt/data/ssz/mr/results/Qwen2.5-VL/pope/evo/analysis/coco_POPE_random/2731.pt
1984,1984,coco_POPE_random,coco_POPE_random,1,0,"No,",no,1.7421875,0.7210648148148148,11.9375,5.262083410082,28,1,/mnt/data/ssz/mr/results/Qwen2.5-VL/pope/evo/analysis/coco_POPE_random/1984.pt
1235,1235,coco_POPE_random,coco_POPE_random,0,1,"No,",yes,1.71875,0.7235243055555556,11.9375,5.200377754857049,28,1,/mnt/data/ssz/mr/results/Qwen2.5-VL/pope/evo/analysis/coco_POPE_random/1235.pt
2732,2732,coco_POPE_random,coco_POPE_random,1,0,"No,",no,1.734375,0.7445023148148148,11.9375,5.271995402000452,28,1,/mnt/data/ssz/mr/results/Qwen2.5-VL/pope/evo/analysis/coco_POPE_random/2732.pt
492,492,coco_POPE_random,coco_POPE_random,1,0,"No,",no,1.71875,0.7452980324074074,11.9375,5.235066296935249,28,1,/mnt/data/ssz/mr/results/Qwen2.5-VL/pope/evo/analysis/coco_POPE_random/492.pt
1236,1236,coco_POPE_random,coco_POPE_random,1,0,"No,",no,1.71875,0.7235243055555556,11.9375,5.174111311290101,28,1,/mnt/data/ssz/mr/results/Qwen2.5-VL/pope/evo/analysis/coco_POPE_random/1236.pt
1985,1985,coco_POPE_random,coco_POPE_random,0,1,"No,",yes,1.7421875,0.7210648148148148,11.9375,5.241234635797245,28,1,/mnt/data/ssz/mr/results/Qwen2.5-VL/pope/evo/analysis/coco_POPE_random/1985.pt
2733,2733,coco_POPE_random,coco_POPE_random,1,0,"Yes,",yes,1.734375,0.7445023148148148,11.9375,4.886552570279851,28,1,/mnt/data/ssz/mr/results/Qwen2.5-VL/pope/evo/analysis/coco_POPE_random/2733.pt
1237,1237,coco_POPE_random,coco_POPE_random,1,0,"Yes,",yes,1.734375,0.7530381944444444,11.9375,5.01969157365329,28,1,/mnt/data/ssz/mr/results/Qwen2.5-VL/pope/evo/analysis/coco_POPE_random/1237.pt
493,493,coco_POPE_random,coco_POPE_random,1,0,"Yes,",yes,1.7421875,0.7573784722222222,11.9375,4.826800716739837,28,1,/mnt/data/ssz/mr/results/Qwen2.5-VL/pope/evo/analysis/coco_POPE_random/493.pt
1986,1986,coco_POPE_random,coco_POPE_random,1,0,"No,",no,1.7421875,0.7204861111111112,11.9375,5.223953163453003,28,2,/mnt/data/ssz/mr/results/Qwen2.5-VL/pope/evo/analysis/coco_POPE_random/1986.pt
2734,2734,coco_POPE_random,coco_POPE_random,1,0,"No,",no,1.734375,0.7445023148148148,11.9375,5.184915682758903,28,1,/mnt/data/ssz/mr/results/Qwen2.5-VL/pope/evo/analysis/coco_POPE_random/2734.pt
1238,1238,coco_POPE_random,coco_POPE_random,1,0,"No,",no,1.734375,0.7530381944444444,11.9375,5.21322194678164,28,1,/mnt/data/ssz/mr/results/Qwen2.5-VL/pope/evo/analysis/coco_POPE_random/1238.pt
1987,1987,coco_POPE_random,coco_POPE_random,1,0,"Yes,",yes,1.71875,0.7478298611111112,11.9375,4.7515565808177715,28,1,/mnt/data/ssz/mr/results/Qwen2.5-VL/pope/evo/analysis/coco_POPE_random/1987.pt
494,494,coco_POPE_random,coco_POPE_random,1,0,"No,",no,1.7421875,0.7573784722222222,11.9375,5.211689051577133,28,1,/mnt/data/ssz/mr/results/Qwen2.5-VL/pope/evo/analysis/coco_POPE_random/494.pt
2735,2735,coco_POPE_random,coco_POPE_random,1,0,"Yes,",yes,1.734375,0.7445023148148148,11.9375,4.709968986401536,28,1,/mnt/data/ssz/mr/results/Qwen2.5-VL/pope/evo/analysis/coco_POPE_random/2735.pt
1239,1239,coco_POPE_random,coco_POPE_random,0,1,"No,",yes,1.734375,0.7530381944444444,11.9375,5.318407940510714,28,1,/mnt/data/ssz/mr/results/Qwen2.5-VL/pope/evo/analysis/coco_POPE_random/1239.pt
1988,1988,coco_POPE_random,coco_POPE_random,1,0,"No,",no,1.71875,0.7478298611111112,11.9375,5.1794113757916485,28,1,/mnt/data/ssz/mr/results/Qwen2.5-VL/pope/evo/analysis/coco_POPE_random/1988.pt
495,495,coco_POPE_random,coco_POPE_random,1,0,"Yes,",yes,1.7421875,0.7573784722222222,11.9375,4.838736290118174,28,1,/mnt/data/ssz/mr/results/Qwen2.5-VL/pope/evo/analysis/coco_POPE_random/495.pt
2736,2736,coco_POPE_random,coco_POPE_random,1,0,"No,",no,1.734375,0.7445023148148148,11.9375,5.235441653433273,28,1,/mnt/data/ssz/mr/results/Qwen2.5-VL/pope/evo/analysis/coco_POPE_random/2736.pt
1240,1240,coco_POPE_random,coco_POPE_random,1,0,"No,",no,1.734375,0.7530381944444444,11.9375,5.190364544404577,28,1,/mnt/data/ssz/mr/results/Qwen2.5-VL/pope/evo/analysis/coco_POPE_random/1240.pt
1989,1989,coco_POPE_random,coco_POPE_random,1,0,"Yes,",yes,1.71875,0.7478298611111112,11.9375,4.842460915368394,28,1,/mnt/data/ssz/mr/results/Qwen2.5-VL/pope/evo/analysis/coco_POPE_random/1989.pt
2737,2737,coco_POPE_random,coco_POPE_random,1,0,"Yes,",yes,1.71875,0.7589699074074074,11.9375,4.732911199305199,28,1,/mnt/data/ssz/mr/results/Qwen2.5-VL/pope/evo/analysis/coco_POPE_random/2737.pt
496,496,coco_POPE_random,coco_POPE_random,1,0,"No,",no,1.7421875,0.7573784722222222,11.9375,5.203313675033164,28,1,/mnt/data/ssz/mr/results/Qwen2.5-VL/pope/evo/analysis/coco_POPE_random/496.pt
1241,1241,coco_POPE_random,coco_POPE_random,1,0,"Yes,",yes,1.734375,0.7530381944444444,11.9375,4.804255162620659,28,1,/mnt/data/ssz/mr/results/Qwen2.5-VL/pope/evo/analysis/coco_POPE_random/1241.pt
1990,1990,coco_POPE_random,coco_POPE_random,1,0,"No,",no,1.71875,0.7478298611111112,11.9375,5.16870622655426,28,1,/mnt/data/ssz/mr/results/Qwen2.5-VL/pope/evo/analysis/coco_POPE_random/1990.pt
2738,2738,coco_POPE_random,coco_POPE_random,1,0,"No,",no,1.71875,0.7589699074074074,11.9375,5.149974402791932,28,1,/mnt/data/ssz/mr/results/Qwen2.5-VL/pope/evo/analysis/coco_POPE_random/2738.pt
497,497,coco_POPE_random,coco_POPE_random,1,0,"Yes,",yes,1.7421875,0.7573784722222222,11.9375,4.765140460966935,28,1,/mnt/data/ssz/mr/results/Qwen2.5-VL/pope/evo/analysis/coco_POPE_random/497.pt
1242,1242,coco_POPE_random,coco_POPE_random,1,0,"No,",no,1.734375,0.7530381944444444,11.9375,5.269780254788078,28,1,/mnt/data/ssz/mr/results/Qwen2.5-VL/pope/evo/analysis/coco_POPE_random/1242.pt
1991,1991,coco_POPE_random,coco_POPE_random,1,0,"Yes,",yes,1.71875,0.7478298611111112,11.9375,4.682875968739931,28,1,/mnt/data/ssz/mr/results/Qwen2.5-VL/pope/evo/analysis/coco_POPE_random/1991.pt
2739,2739,coco_POPE_random,coco_POPE_random,1,0,"Yes,",yes,1.71875,0.7589699074074074,11.9375,4.864024721592333,28,1,/mnt/data/ssz/mr/results/Qwen2.5-VL/pope/evo/analysis/coco_POPE_random/2739.pt
1243,1243,coco_POPE_random,coco_POPE_random,1,0,"Yes,",yes,1.6953125,0.7513020833333334,11.9375,4.817372589654858,28,1,/mnt/data/ssz/mr/results/Qwen2.5-VL/pope/evo/analysis/coco_POPE_random/1243.pt
498,498,coco_POPE_random,coco_POPE_random,1,0,"No,",no,1.7421875,0.7573784722222222,11.9375,5.309035034296013,28,1,/mnt/data/ssz/mr/results/Qwen2.5-VL/pope/evo/analysis/coco_POPE_random/498.pt
1244,1244,coco_POPE_random,coco_POPE_random,1,0,"No,",no,1.6953125,0.7513020833333334,11.9375,5.145658808223178,28,1,/mnt/data/ssz/mr/results/Qwen2.5-VL/pope/evo/analysis/coco_POPE_random/1244.pt
1992,1992,coco_POPE_random,coco_POPE_random,1,0,"No,",no,1.71875,0.7478298611111112,11.9375,5.162023149209966,28,1,/mnt/data/ssz/mr/results/Qwen2.5-VL/pope/evo/analysis/coco_POPE_random/1992.pt
2740,2740,coco_POPE_random,coco_POPE_random,1,0,"No,",no,1.71875,0.7589699074074074,11.9375,5.147465605011764,28,1,/mnt/data/ssz/mr/results/Qwen2.5-VL/pope/evo/analysis/coco_POPE_random/2740.pt
499,499,coco_POPE_random,coco_POPE_random,1,0,"Yes,",yes,1.671875,0.7518807870370371,11.9375,4.837589722239563,28,1,/mnt/data/ssz/mr/results/Qwen2.5-VL/pope/evo/analysis/coco_POPE_random/499.pt
1245,1245,coco_POPE_random,coco_POPE_random,0,1,"No,",yes,1.703125,0.7513744212962963,11.9375,5.245671451946944,28,1,/mnt/data/ssz/mr/results/Qwen2.5-VL/pope/evo/analysis/coco_POPE_random/1245.pt
1993,1993,coco_POPE_random,coco_POPE_random,1,0,"Yes,",yes,1.703125,0.7443576388888888,11.9375,4.7831082033554955,28,1,/mnt/data/ssz/mr/results/Qwen2.5-VL/pope/evo/analysis/coco_POPE_random/1993.pt
2741,2741,coco_POPE_random,coco_POPE_random,0,1,"No,",yes,1.71875,0.7589699074074074,11.9375,5.1775952179350195,28,1,/mnt/data/ssz/mr/results/Qwen2.5-VL/pope/evo/analysis/coco_POPE_random/2741.pt
500,500,coco_POPE_random,coco_POPE_random,1,0,"No,",no,1.671875,0.7518807870370371,11.9375,5.265166389898164,28,1,/mnt/data/ssz/mr/results/Qwen2.5-VL/pope/evo/analysis/coco_POPE_random/500.pt
1246,1246,coco_POPE_random,coco_POPE_random,1,0,"No,",no,1.6953125,0.7513020833333334,11.9375,5.169542148397059,28,1,/mnt/data/ssz/mr/results/Qwen2.5-VL/pope/evo/analysis/coco_POPE_random/1246.pt
1994,1994,coco_POPE_random,coco_POPE_random,1,0,"No,",no,1.703125,0.7443576388888888,11.9375,5.166621810003061,28,1,/mnt/data/ssz/mr/results/Qwen2.5-VL/pope/evo/analysis/coco_POPE_random/1994.pt
2742,2742,coco_POPE_random,coco_POPE_random,1,0,"No,",no,1.71875,0.7589699074074074,11.9375,5.259412882057154,28,1,/mnt/data/ssz/mr/results/Qwen2.5-VL/pope/evo/analysis/coco_POPE_random/2742.pt
501,501,coco_POPE_random,coco_POPE_random,0,1,"No,",yes,1.671875,0.7518807870370371,11.9375,5.263808089748511,28,1,/mnt/data/ssz/mr/results/Qwen2.5-VL/pope/evo/analysis/coco_POPE_random/501.pt
1247,1247,coco_POPE_random,coco_POPE_random,0,1,"No,",yes,1.703125,0.7513744212962963,11.9375,5.172772698661619,28,1,/mnt/data/ssz/mr/results/Qwen2.5-VL/pope/evo/analysis/coco_POPE_random/1247.pt
2743,2743,coco_POPE_random,coco_POPE_random,1,0,"Yes,",yes,1.71875,0.7379195601851852,11.9375,4.721807726412502,28,1,/mnt/data/ssz/mr/results/Qwen2.5-VL/pope/evo/analysis/coco_POPE_random/2743.pt
1248,1248,coco_POPE_random,coco_POPE_random,1,0,"No,",no,1.703125,0.7516637731481481,11.9375,5.197979138046415,28,2,/mnt/data/ssz/mr/results/Qwen2.5-VL/pope/evo/analysis/coco_POPE_random/1248.pt
502,502,coco_POPE_random,coco_POPE_random,1,0,"No,",no,1.671875,0.7518807870370371,11.9375,5.293200696114158,28,1,/mnt/data/ssz/mr/results/Qwen2.5-VL/pope/evo/analysis/coco_POPE_random/502.pt
1995,1995,coco_POPE_random,coco_POPE_random,1,0,"Yes,",yes,1.703125,0.7443576388888888,11.9375,4.820517681390544,28,1,/mnt/data/ssz/mr/results/Qwen2.5-VL/pope/evo/analysis/coco_POPE_random/1995.pt
1249,1249,coco_POPE_random,coco_POPE_random,0,1,"No,",yes,1.640625,0.7657696759259259,11.9375,5.3577493960998455,28,1,/mnt/data/ssz/mr/results/Qwen2.5-VL/pope/evo/analysis/coco_POPE_random/1249.pt
2744,2744,coco_POPE_random,coco_POPE_random,1,0,"No,",no,1.71875,0.7378472222222222,11.9375,5.209229754388428,28,1,/mnt/data/ssz/mr/results/Qwen2.5-VL/pope/evo/analysis/coco_POPE_random/2744.pt
503,503,coco_POPE_random,coco_POPE_random,1,0,"Yes,",yes,1.671875,0.7518807870370371,11.9375,5.013890360765061,28,1,/mnt/data/ssz/mr/results/Qwen2.5-VL/pope/evo/analysis/coco_POPE_random/503.pt
1996,1996,coco_POPE_random,coco_POPE_random,1,0,"No,",no,1.703125,0.7443576388888888,11.9375,5.218474365799929,28,1,/mnt/data/ssz/mr/results/Qwen2.5-VL/pope/evo/analysis/coco_POPE_random/1996.pt
1250,1250,coco_POPE_random,coco_POPE_random,1,0,"No,",no,1.640625,0.7656973379629629,11.9375,5.277669233878223,28,1,/mnt/data/ssz/mr/results/Qwen2.5-VL/pope/evo/analysis/coco_POPE_random/1250.pt
2745,2745,coco_POPE_random,coco_POPE_random,0,1,"No,",yes,1.71875,0.7378472222222222,11.9375,5.229754850963596,28,1,/mnt/data/ssz/mr/results/Qwen2.5-VL/pope/evo/analysis/coco_POPE_random/2745.pt
504,504,coco_POPE_random,coco_POPE_random,1,0,"No,",no,1.671875,0.7518807870370371,11.9375,5.274753555361729,28,1,/mnt/data/ssz/mr/results/Qwen2.5-VL/pope/evo/analysis/coco_POPE_random/504.pt
1997,1997,coco_POPE_random,coco_POPE_random,1,0,"Yes,",yes,1.703125,0.7443576388888888,11.9375,4.871838192420354,28,1,/mnt/data/ssz/mr/results/Qwen2.5-VL/pope/evo/analysis/coco_POPE_random/1997.pt
1251,1251,coco_POPE_random,coco_POPE_random,0,1,"No,",yes,1.640625,0.7657696759259259,11.9375,5.157509232860759,28,1,/mnt/data/ssz/mr/results/Qwen2.5-VL/pope/evo/analysis/coco_POPE_random/1251.pt
2746,2746,coco_POPE_random,coco_POPE_random,1,0,"No,",no,1.71875,0.7379195601851852,11.9375,5.151560031438466,28,1,/mnt/data/ssz/mr/results/Qwen2.5-VL/pope/evo/analysis/coco_POPE_random/2746.pt
505,505,coco_POPE_random,coco_POPE_random,0,1,"No,",yes,1.671875,0.74609375,11.9375,5.213595489669271,28,1,/mnt/data/ssz/mr/results/Qwen2.5-VL/pope/evo/analysis/coco_POPE_random/505.pt
1998,1998,coco_POPE_random,coco_POPE_random,1,0,"No,",no,1.703125,0.7443576388888888,11.9375,5.242731293495285,28,1,/mnt/data/ssz/mr/results/Qwen2.5-VL/pope/evo/analysis/coco_POPE_random/1998.pt
1252,1252,coco_POPE_random,coco_POPE_random,1,0,"No,",no,1.640625,0.7659143518518519,11.9375,5.2986757371775735,28,1,/mnt/data/ssz/mr/results/Qwen2.5-VL/pope/evo/analysis/coco_POPE_random/1252.pt
2747,2747,coco_POPE_random,coco_POPE_random,0,1,"No,",yes,1.71875,0.7378472222222222,11.9375,5.276047461492556,28,1,/mnt/data/ssz/mr/results/Qwen2.5-VL/pope/evo/analysis/coco_POPE_random/2747.pt
1999,1999,coco_POPE_random,coco_POPE_random,1,0,"Yes,",yes,1.7109375,0.7750289351851852,11.9375,4.671405938530295,28,1,/mnt/data/ssz/mr/results/Qwen2.5-VL/pope/evo/analysis/coco_POPE_random/1999.pt
506,506,coco_POPE_random,coco_POPE_random,1,0,"No,",no,1.671875,0.7464554398148148,11.9375,5.217874784774127,28,1,/mnt/data/ssz/mr/results/Qwen2.5-VL/pope/evo/analysis/coco_POPE_random/506.pt
1253,1253,coco_POPE_random,coco_POPE_random,0,1,"No,",yes,1.640625,0.7659143518518519,11.9375,5.226894986848869,28,1,/mnt/data/ssz/mr/results/Qwen2.5-VL/pope/evo/analysis/coco_POPE_random/1253.pt
2748,2748,coco_POPE_random,coco_POPE_random,1,0,"No,",no,1.71875,0.7378472222222222,11.9375,5.238126366132277,28,1,/mnt/data/ssz/mr/results/Qwen2.5-VL/pope/evo/analysis/coco_POPE_random/2748.pt
2000,2000,coco_POPE_random,coco_POPE_random,1,0,"No,",no,1.7109375,0.7750289351851852,11.9375,5.134405101272125,28,1,/mnt/data/ssz/mr/results/Qwen2.5-VL/pope/evo/analysis/coco_POPE_random/2000.pt
507,507,coco_POPE_random,coco_POPE_random,0,1,"No,",yes,1.671875,0.74609375,11.9375,5.310555242457135,28,1,/mnt/data/ssz/mr/results/Qwen2.5-VL/pope/evo/analysis/coco_POPE_random/507.pt
1254,1254,coco_POPE_random,coco_POPE_random,1,0,"No,",no,1.640625,0.7657696759259259,11.9375,5.250291150794511,28,1,/mnt/data/ssz/mr/results/Qwen2.5-VL/pope/evo/analysis/coco_POPE_random/1254.pt
2001,2001,coco_POPE_random,coco_POPE_random,0,1,"No,",yes,1.7109375,0.7750289351851852,11.9375,5.322831891860532,28,1,/mnt/data/ssz/mr/results/Qwen2.5-VL/pope/evo/analysis/coco_POPE_random/2001.pt
2749,2749,coco_POPE_random,coco_POPE_random,1,0,"Yes,",yes,1.7265625,0.7560763888888888,11.9375,4.902805262627616,28,1,/mnt/data/ssz/mr/results/Qwen2.5-VL/pope/evo/analysis/coco_POPE_random/2749.pt
508,508,coco_POPE_random,coco_POPE_random,1,0,"No,",no,1.671875,0.7468171296296297,11.9375,5.182415645308132,28,1,/mnt/data/ssz/mr/results/Qwen2.5-VL/pope/evo/analysis/coco_POPE_random/508.pt
1255,1255,coco_POPE_random,coco_POPE_random,0,1,"No,",yes,1.734375,0.7326388888888888,11.9375,5.184606427904959,28,1,/mnt/data/ssz/mr/results/Qwen2.5-VL/pope/evo/analysis/coco_POPE_random/1255.pt
2002,2002,coco_POPE_random,coco_POPE_random,1,0,"No,",no,1.7109375,0.7750289351851852,11.9375,5.192991441414862,28,1,/mnt/data/ssz/mr/results/Qwen2.5-VL/pope/evo/analysis/coco_POPE_random/2002.pt
2750,2750,coco_POPE_random,coco_POPE_random,1,0,"No,",no,1.7265625,0.7553530092592593,11.9375,5.1688834043385326,28,1,/mnt/data/ssz/mr/results/Qwen2.5-VL/pope/evo/analysis/coco_POPE_random/2750.pt
509,509,coco_POPE_random,coco_POPE_random,1,0,"Yes,",yes,1.671875,0.74609375,11.9375,4.8366032816021525,28,1,/mnt/data/ssz/mr/results/Qwen2.5-VL/pope/evo/analysis/coco_POPE_random/509.pt
2003,2003,coco_POPE_random,coco_POPE_random,0,1,"No,",yes,1.7109375,0.7750289351851852,11.9375,5.24916875187673,28,1,/mnt/data/ssz/mr/results/Qwen2.5-VL/pope/evo/analysis/coco_POPE_random/2003.pt
1256,1256,coco_POPE_random,coco_POPE_random,1,0,"No,",no,1.734375,0.7326388888888888,11.9375,5.242193127092143,28,1,/mnt/data/ssz/mr/results/Qwen2.5-VL/pope/evo/analysis/coco_POPE_random/1256.pt
2751,2751,coco_POPE_random,coco_POPE_random,1,0,"Yes,",yes,1.7265625,0.7560763888888888,11.9375,4.766686503656494,28,1,/mnt/data/ssz/mr/results/Qwen2.5-VL/pope/evo/analysis/coco_POPE_random/2751.pt
510,510,coco_POPE_random,coco_POPE_random,1,0,"No,",no,1.671875,0.7464554398148148,11.9375,5.297132753349131,28,1,/mnt/data/ssz/mr/results/Qwen2.5-VL/pope/evo/analysis/coco_POPE_random/510.pt
2004,2004,coco_POPE_random,coco_POPE_random,1,0,"No,",no,1.7109375,0.7750289351851852,11.9375,5.248968522114317,28,1,/mnt/data/ssz/mr/results/Qwen2.5-VL/pope/evo/analysis/coco_POPE_random/2004.pt
1257,1257,coco_POPE_random,coco_POPE_random,1,0,"Yes,",yes,1.734375,0.7326388888888888,11.9375,4.870037188097397,28,1,/mnt/data/ssz/mr/results/Qwen2.5-VL/pope/evo/analysis/coco_POPE_random/1257.pt
2752,2752,coco_POPE_random,coco_POPE_random,1,0,"No,",no,1.7265625,0.7557146990740741,11.9375,5.217584007065006,28,1,/mnt/data/ssz/mr/results/Qwen2.5-VL/pope/evo/analysis/coco_POPE_random/2752.pt
511,511,coco_POPE_random,coco_POPE_random,1,0,"Yes,",yes,1.75,0.7301070601851852,11.9375,4.851805388665275,28,2,/mnt/data/ssz/mr/results/Qwen2.5-VL/pope/evo/analysis/coco_POPE_random/511.pt
2005,2005,coco_POPE_random,coco_POPE_random,1,0,"Yes,",yes,1.6875,0.7633101851851852,11.9375,4.737542227134399,28,1,/mnt/data/ssz/mr/results/Qwen2.5-VL/pope/evo/analysis/coco_POPE_random/2005.pt
1258,1258,coco_POPE_random,coco_POPE_random,1,0,"No,",no,1.734375,0.7326388888888888,11.9375,5.280028748315976,28,1,/mnt/data/ssz/mr/results/Qwen2.5-VL/pope/evo/analysis/coco_POPE_random/1258.pt
2753,2753,coco_POPE_random,coco_POPE_random,1,0,"Yes,",yes,1.7265625,0.7560763888888888,11.9375,4.73713216596375,28,1,/mnt/data/ssz/mr/results/Qwen2.5-VL/pope/evo/analysis/coco_POPE_random/2753.pt
2006,2006,coco_POPE_random,coco_POPE_random,1,0,"No,",no,1.6875,0.7633101851851852,11.9375,5.233910833218724,28,1,/mnt/data/ssz/mr/results/Qwen2.5-VL/pope/evo/analysis/coco_POPE_random/2006.pt
512,512,coco_POPE_random,coco_POPE_random,1,0,"No,",no,1.75,0.7310474537037037,11.9375,5.2198400163096235,28,1,/mnt/data/ssz/mr/results/Qwen2.5-VL/pope/evo/analysis/coco_POPE_random/512.pt
1259,1259,coco_POPE_random,coco_POPE_random,1,0,"Yes,",yes,1.734375,0.7331452546296297,11.9375,4.826765850155621,28,1,/mnt/data/ssz/mr/results/Qwen2.5-VL/pope/evo/analysis/coco_POPE_random/1259.pt
2754,2754,coco_POPE_random,coco_POPE_random,1,0,"No,",no,1.7265625,0.7560763888888888,11.9375,5.1291217926763215,28,1,/mnt/data/ssz/mr/results/Qwen2.5-VL/pope/evo/analysis/coco_POPE_random/2754.pt
2007,2007,coco_POPE_random,coco_POPE_random,1,0,"Yes,",yes,1.6875,0.7628038194444444,11.9375,4.747170825926484,28,1,/mnt/data/ssz/mr/results/Qwen2.5-VL/pope/evo/analysis/coco_POPE_random/2007.pt
513,513,coco_POPE_random,coco_POPE_random,0,1,"No,",yes,1.75,0.7310474537037037,11.9375,5.205885905650591,28,1,/mnt/data/ssz/mr/results/Qwen2.5-VL/pope/evo/analysis/coco_POPE_random/513.pt
1260,1260,coco_POPE_random,coco_POPE_random,1,0,"No,",no,1.734375,0.7326388888888888,11.9375,5.220362804502407,28,1,/mnt/data/ssz/mr/results/Qwen2.5-VL/pope/evo/analysis/coco_POPE_random/1260.pt
2755,2755,coco_POPE_random,coco_POPE_random,1,0,"Yes,",yes,1.703125,0.7379918981481481,11.9375,4.764483318700766,28,1,/mnt/data/ssz/mr/results/Qwen2.5-VL/pope/evo/analysis/coco_POPE_random/2755.pt
2008,2008,coco_POPE_random,coco_POPE_random,1,0,"No,",no,1.6875,0.7633101851851852,11.9375,5.1077551148480405,28,1,/mnt/data/ssz/mr/results/Qwen2.5-VL/pope/evo/analysis/coco_POPE_random/2008.pt
514,514,coco_POPE_random,coco_POPE_random,1,0,"No,",no,1.75,0.7301070601851852,11.9375,5.10433094162904,28,2,/mnt/data/ssz/mr/results/Qwen2.5-VL/pope/evo/analysis/coco_POPE_random/514.pt
1261,1261,coco_POPE_random,coco_POPE_random,0,1,"No,",yes,1.703125,0.7323495370370371,11.9375,5.263728622685589,28,1,/mnt/data/ssz/mr/results/Qwen2.5-VL/pope/evo/analysis/coco_POPE_random/1261.pt
2756,2756,coco_POPE_random,coco_POPE_random,1,0,"No,",no,1.703125,0.7379918981481481,11.9375,5.239121013292819,28,1,/mnt/data/ssz/mr/results/Qwen2.5-VL/pope/evo/analysis/coco_POPE_random/2756.pt
2009,2009,coco_POPE_random,coco_POPE_random,1,0,"Yes,",yes,1.6875,0.7628038194444444,11.9375,4.743799069595769,28,1,/mnt/data/ssz/mr/results/Qwen2.5-VL/pope/evo/analysis/coco_POPE_random/2009.pt
515,515,coco_POPE_random,coco_POPE_random,1,0,"Yes,",yes,1.75,0.7310474537037037,11.9375,4.613782540773895,28,1,/mnt/data/ssz/mr/results/Qwen2.5-VL/pope/evo/analysis/coco_POPE_random/515.pt
1262,1262,coco_POPE_random,coco_POPE_random,1,0,"No,",no,1.703125,0.7314091435185185,11.9375,5.175076965079417,28,1,/mnt/data/ssz/mr/results/Qwen2.5-VL/pope/evo/analysis/coco_POPE_random/1262.pt
2010,2010,coco_POPE_random,coco_POPE_random,1,0,"No,",no,1.6875,0.7633101851851852,11.9375,5.094970120344506,28,1,/mnt/data/ssz/mr/results/Qwen2.5-VL/pope/evo/analysis/coco_POPE_random/2010.pt
2757,2757,coco_POPE_random,coco_POPE_random,1,0,"Yes,",yes,1.703125,0.7379918981481481,11.9375,4.755772654875134,28,1,/mnt/data/ssz/mr/results/Qwen2.5-VL/pope/evo/analysis/coco_POPE_random/2757.pt
516,516,coco_POPE_random,coco_POPE_random,1,0,"No,",no,1.75,0.7310474537037037,11.9375,5.2494864169802895,28,1,/mnt/data/ssz/mr/results/Qwen2.5-VL/pope/evo/analysis/coco_POPE_random/516.pt
1263,1263,coco_POPE_random,coco_POPE_random,1,0,"Yes,",yes,1.703125,0.7323495370370371,11.9375,4.7497448995305485,28,1,/mnt/data/ssz/mr/results/Qwen2.5-VL/pope/evo/analysis/coco_POPE_random/1263.pt
2011,2011,coco_POPE_random,coco_POPE_random,1,0,"Yes,",yes,1.703125,0.7504340277777778,11.9375,4.64550835732424,28,1,/mnt/data/ssz/mr/results/Qwen2.5-VL/pope/evo/analysis/coco_POPE_random/2011.pt
2758,2758,coco_POPE_random,coco_POPE_random,1,0,"No,",no,1.703125,0.7379918981481481,11.9375,5.238803023276104,28,1,/mnt/data/ssz/mr/results/Qwen2.5-VL/pope/evo/analysis/coco_POPE_random/2758.pt
517,517,coco_POPE_random,coco_POPE_random,0,1,"No,",yes,1.671875,0.7798755787037037,11.9375,5.163808543038832,28,1,/mnt/data/ssz/mr/results/Qwen2.5-VL/pope/evo/analysis/coco_POPE_random/517.pt
1264,1264,coco_POPE_random,coco_POPE_random,1,0,"No,",no,1.703125,0.73046875,11.9375,5.17565639358333,28,1,/mnt/data/ssz/mr/results/Qwen2.5-VL/pope/evo/analysis/coco_POPE_random/1264.pt
518,518,coco_POPE_random,coco_POPE_random,1,0,"No,",no,1.671875,0.7800925925925926,11.9375,5.179356296748226,28,1,/mnt/data/ssz/mr/results/Qwen2.5-VL/pope/evo/analysis/coco_POPE_random/518.pt
2012,2012,coco_POPE_random,coco_POPE_random,1,0,"No,",no,1.703125,0.7504340277777778,11.9375,5.249546145497177,28,1,/mnt/data/ssz/mr/results/Qwen2.5-VL/pope/evo/analysis/coco_POPE_random/2012.pt
2759,2759,coco_POPE_random,coco_POPE_random,1,0,"Yes,",yes,1.703125,0.7379918981481481,11.9375,4.787422794494424,28,1,/mnt/data/ssz/mr/results/Qwen2.5-VL/pope/evo/analysis/coco_POPE_random/2759.pt
519,519,coco_POPE_random,coco_POPE_random,1,0,"Yes,",yes,1.671875,0.7796585648148148,11.9375,4.76817198591229,28,1,/mnt/data/ssz/mr/results/Qwen2.5-VL/pope/evo/analysis/coco_POPE_random/519.pt
1265,1265,coco_POPE_random,coco_POPE_random,1,0,"Yes,",yes,1.703125,0.7323495370370371,11.9375,4.739531752329026,28,1,/mnt/data/ssz/mr/results/Qwen2.5-VL/pope/evo/analysis/coco_POPE_random/1265.pt
2013,2013,coco_POPE_random,coco_POPE_random,0,1,"No,",yes,1.703125,0.7504340277777778,11.9375,5.2803651696610086,28,1,/mnt/data/ssz/mr/results/Qwen2.5-VL/pope/evo/analysis/coco_POPE_random/2013.pt
2760,2760,coco_POPE_random,coco_POPE_random,1,0,"No,",no,1.703125,0.7379918981481481,11.9375,5.340796300464473,28,1,/mnt/data/ssz/mr/results/Qwen2.5-VL/pope/evo/analysis/coco_POPE_random/2760.pt
520,520,coco_POPE_random,coco_POPE_random,1,0,"No,",no,1.671875,0.7800925925925926,11.9375,5.2152688288979965,28,1,/mnt/data/ssz/mr/results/Qwen2.5-VL/pope/evo/analysis/coco_POPE_random/520.pt
1266,1266,coco_POPE_random,coco_POPE_random,1,0,"No,",no,1.703125,0.7314091435185185,11.9375,5.236306975857651,28,1,/mnt/data/ssz/mr/results/Qwen2.5-VL/pope/evo/analysis/coco_POPE_random/1266.pt
2014,2014,coco_POPE_random,coco_POPE_random,1,0,"No,",no,1.703125,0.7504340277777778,11.9375,5.180087220406471,28,1,/mnt/data/ssz/mr/results/Qwen2.5-VL/pope/evo/analysis/coco_POPE_random/2014.pt
2761,2761,coco_POPE_random,coco_POPE_random,1,0,"Yes,",yes,1.71875,0.7628038194444444,11.9375,4.7188013739520684,28,1,/mnt/data/ssz/mr/results/Qwen2.5-VL/pope/evo/analysis/coco_POPE_random/2761.pt
521,521,coco_POPE_random,coco_POPE_random,0,1,"No,",yes,1.671875,0.7796585648148148,11.9375,5.21299008737289,28,1,/mnt/data/ssz/mr/results/Qwen2.5-VL/pope/evo/analysis/coco_POPE_random/521.pt
1267,1267,coco_POPE_random,coco_POPE_random,0,1,"No,",yes,1.734375,0.7560763888888888,11.9375,5.217479916502709,28,1,/mnt/data/ssz/mr/results/Qwen2.5-VL/pope/evo/analysis/coco_POPE_random/1267.pt
2015,2015,coco_POPE_random,coco_POPE_random,1,0,"Yes,",yes,1.703125,0.7499276620370371,11.9375,4.771532017655348,28,1,/mnt/data/ssz/mr/results/Qwen2.5-VL/pope/evo/analysis/coco_POPE_random/2015.pt
2762,2762,coco_POPE_random,coco_POPE_random,1,0,"No,",no,1.71875,0.7633101851851852,11.9375,5.213187166148694,28,1,/mnt/data/ssz/mr/results/Qwen2.5-VL/pope/evo/analysis/coco_POPE_random/2762.pt
522,522,coco_POPE_random,coco_POPE_random,1,0,"No,",no,1.671875,0.7800925925925926,11.9375,5.1653531084206685,28,1,/mnt/data/ssz/mr/results/Qwen2.5-VL/pope/evo/analysis/coco_POPE_random/522.pt
1268,1268,coco_POPE_random,coco_POPE_random,1,0,"No,",no,1.734375,0.7560763888888888,11.9375,5.244332971738286,28,1,/mnt/data/ssz/mr/results/Qwen2.5-VL/pope/evo/analysis/coco_POPE_random/1268.pt
2763,2763,coco_POPE_random,coco_POPE_random,1,0,"Yes,",yes,1.71875,0.7633101851851852,11.9375,4.87576518919529,28,1,/mnt/data/ssz/mr/results/Qwen2.5-VL/pope/evo/analysis/coco_POPE_random/2763.pt
2016,2016,coco_POPE_random,coco_POPE_random,1,0,"No,",no,1.703125,0.7504340277777778,11.9375,5.189523191354339,28,1,/mnt/data/ssz/mr/results/Qwen2.5-VL/pope/evo/analysis/coco_POPE_random/2016.pt
523,523,coco_POPE_random,coco_POPE_random,0,1,"No,",yes,1.7265625,0.7504340277777778,11.9375,5.366429240487988,28,1,/mnt/data/ssz/mr/results/Qwen2.5-VL/pope/evo/analysis/coco_POPE_random/523.pt
1269,1269,coco_POPE_random,coco_POPE_random,1,0,"Yes,",yes,1.734375,0.7563657407407407,11.9375,4.939898048258587,28,1,/mnt/data/ssz/mr/results/Qwen2.5-VL/pope/evo/analysis/coco_POPE_random/1269.pt
2764,2764,coco_POPE_random,coco_POPE_random,1,0,"No,",no,1.71875,0.7633101851851852,11.9375,5.203304580351901,28,1,/mnt/data/ssz/mr/results/Qwen2.5-VL/pope/evo/analysis/coco_POPE_random/2764.pt
2017,2017,coco_POPE_random,coco_POPE_random,1,0,"Yes,",yes,1.71875,0.7637442129629629,11.9375,4.999996273041264,28,1,/mnt/data/ssz/mr/results/Qwen2.5-VL/pope/evo/analysis/coco_POPE_random/2017.pt
524,524,coco_POPE_random,coco_POPE_random,1,0,"No,",no,1.7265625,0.7504340277777778,11.9375,5.3146833968054,28,1,/mnt/data/ssz/mr/results/Qwen2.5-VL/pope/evo/analysis/coco_POPE_random/524.pt
1270,1270,coco_POPE_random,coco_POPE_random,1,0,"No,",no,1.734375,0.7560763888888888,11.9375,5.3039190210842335,28,1,/mnt/data/ssz/mr/results/Qwen2.5-VL/pope/evo/analysis/coco_POPE_random/1270.pt
2765,2765,coco_POPE_random,coco_POPE_random,1,0,"Yes,",yes,1.71875,0.7628038194444444,11.9375,4.699559760655324,28,1,/mnt/data/ssz/mr/results/Qwen2.5-VL/pope/evo/analysis/coco_POPE_random/2765.pt
2018,2018,coco_POPE_random,coco_POPE_random,1,0,"No,",no,1.71875,0.7637442129629629,11.9375,5.275711844723289,28,1,/mnt/data/ssz/mr/results/Qwen2.5-VL/pope/evo/analysis/coco_POPE_random/2018.pt
525,525,coco_POPE_random,coco_POPE_random,1,0,"Yes,",yes,1.7265625,0.7504340277777778,11.9375,4.910864671743568,28,1,/mnt/data/ssz/mr/results/Qwen2.5-VL/pope/evo/analysis/coco_POPE_random/525.pt
1271,1271,coco_POPE_random,coco_POPE_random,0,1,"No,",yes,1.734375,0.7560763888888888,11.9375,5.24180168793715,28,1,/mnt/data/ssz/mr/results/Qwen2.5-VL/pope/evo/analysis/coco_POPE_random/1271.pt
2766,2766,coco_POPE_random,coco_POPE_random,1,0,"No,",no,1.71875,0.7633101851851852,11.9375,5.224883816715914,28,1,/mnt/data/ssz/mr/results/Qwen2.5-VL/pope/evo/analysis/coco_POPE_random/2766.pt
2019,2019,coco_POPE_random,coco_POPE_random,1,0,"Yes,",yes,1.71875,0.7637442129629629,11.9375,4.819380739045823,28,1,/mnt/data/ssz/mr/results/Qwen2.5-VL/pope/evo/analysis/coco_POPE_random/2019.pt
526,526,coco_POPE_random,coco_POPE_random,1,0,"No,",no,1.7265625,0.7504340277777778,11.9375,5.284909270990317,28,1,/mnt/data/ssz/mr/results/Qwen2.5-VL/pope/evo/analysis/coco_POPE_random/526.pt
1272,1272,coco_POPE_random,coco_POPE_random,1,0,"No,",no,1.734375,0.7560763888888888,11.9375,5.210393827075371,28,1,/mnt/data/ssz/mr/results/Qwen2.5-VL/pope/evo/analysis/coco_POPE_random/1272.pt
2767,2767,coco_POPE_random,coco_POPE_random,1,0,"Yes,",yes,1.734375,0.7429108796296297,11.9375,4.876499144368515,28,1,/mnt/data/ssz/mr/results/Qwen2.5-VL/pope/evo/analysis/coco_POPE_random/2767.pt
2020,2020,coco_POPE_random,coco_POPE_random,1,0,"No,",no,1.71875,0.7637442129629629,11.9375,5.290884388002056,28,1,/mnt/data/ssz/mr/results/Qwen2.5-VL/pope/evo/analysis/coco_POPE_random/2020.pt
527,527,coco_POPE_random,coco_POPE_random,0,1,"No,",yes,1.7265625,0.7504340277777778,11.9375,5.390062957933754,28,1,/mnt/data/ssz/mr/results/Qwen2.5-VL/pope/evo/analysis/coco_POPE_random/527.pt
1273,1273,coco_POPE_random,coco_POPE_random,0,1,"No,",yes,1.7109375,0.7396556712962963,11.9375,5.274371295347323,28,1,/mnt/data/ssz/mr/results/Qwen2.5-VL/pope/evo/analysis/coco_POPE_random/1273.pt
2768,2768,coco_POPE_random,coco_POPE_random,1,0,"No,",no,1.734375,0.7416087962962963,11.9375,5.202821656006815,28,1,/mnt/data/ssz/mr/results/Qwen2.5-VL/pope/evo/analysis/coco_POPE_random/2768.pt
2021,2021,coco_POPE_random,coco_POPE_random,0,1,"No,",yes,1.71875,0.7637442129629629,11.9375,5.2764149411668795,28,1,/mnt/data/ssz/mr/results/Qwen2.5-VL/pope/evo/analysis/coco_POPE_random/2021.pt
528,528,coco_POPE_random,coco_POPE_random,1,0,"No,",no,1.7265625,0.7504340277777778,11.9375,5.289868560866721,28,1,/mnt/data/ssz/mr/results/Qwen2.5-VL/pope/evo/analysis/coco_POPE_random/528.pt
1274,1274,coco_POPE_random,coco_POPE_random,1,0,"No,",no,1.7109375,0.7388599537037037,11.9375,5.359921705808717,28,1,/mnt/data/ssz/mr/results/Qwen2.5-VL/pope/evo/analysis/coco_POPE_random/1274.pt
2769,2769,coco_POPE_random,coco_POPE_random,0,1,"No,",yes,1.734375,0.7429108796296297,11.9375,5.136119913032699,28,1,/mnt/data/ssz/mr/results/Qwen2.5-VL/pope/evo/analysis/coco_POPE_random/2769.pt
2022,2022,coco_POPE_random,coco_POPE_random,1,0,"No,",no,1.71875,0.7637442129629629,11.9375,5.335011408630667,28,1,/mnt/data/ssz/mr/results/Qwen2.5-VL/pope/evo/analysis/coco_POPE_random/2022.pt
529,529,coco_POPE_random,coco_POPE_random,1,0,"Yes,",yes,1.7265625,0.7533275462962963,11.9375,5.01919628898986,28,1,/mnt/data/ssz/mr/results/Qwen2.5-VL/pope/evo/analysis/coco_POPE_random/529.pt
1275,1275,coco_POPE_random,coco_POPE_random,1,0,"Yes,",yes,1.7109375,0.7388599537037037,11.9375,4.877722617606073,28,1,/mnt/data/ssz/mr/results/Qwen2.5-VL/pope/evo/analysis/coco_POPE_random/1275.pt
2770,2770,coco_POPE_random,coco_POPE_random,1,0,"No,",no,1.734375,0.7416087962962963,11.9375,5.255367821945489,28,1,/mnt/data/ssz/mr/results/Qwen2.5-VL/pope/evo/analysis/coco_POPE_random/2770.pt
2023,2023,coco_POPE_random,coco_POPE_random,0,1,"No,",yes,1.6953125,0.7439236111111112,11.9375,5.2091131082282836,28,1,/mnt/data/ssz/mr/results/Qwen2.5-VL/pope/evo/analysis/coco_POPE_random/2023.pt
530,530,coco_POPE_random,coco_POPE_random,1,0,"No,",no,1.7265625,0.7533275462962963,11.9375,5.400805111770124,28,1,/mnt/data/ssz/mr/results/Qwen2.5-VL/pope/evo/analysis/coco_POPE_random/530.pt
1276,1276,coco_POPE_random,coco_POPE_random,1,0,"No,",no,1.7109375,0.7388599537037037,11.9375,5.441824150833727,28,1,/mnt/data/ssz/mr/results/Qwen2.5-VL/pope/evo/analysis/coco_POPE_random/1276.pt
2771,2771,coco_POPE_random,coco_POPE_random,1,0,"Yes,",yes,1.734375,0.7429108796296297,11.9375,4.929333607131289,28,1,/mnt/data/ssz/mr/results/Qwen2.5-VL/pope/evo/analysis/coco_POPE_random/2771.pt
2024,2024,coco_POPE_random,coco_POPE_random,1,0,"No,",no,1.6953125,0.7439236111111112,11.9375,5.276249713522165,28,1,/mnt/data/ssz/mr/results/Qwen2.5-VL/pope/evo/analysis/coco_POPE_random/2024.pt
531,531,coco_POPE_random,coco_POPE_random,1,0,"Yes,",yes,1.7265625,0.7533275462962963,11.9375,4.903242129386466,28,1,/mnt/data/ssz/mr/results/Qwen2.5-VL/pope/evo/analysis/coco_POPE_random/531.pt
1277,1277,coco_POPE_random,coco_POPE_random,0,1,"No,",yes,1.7109375,0.7396556712962963,11.9375,5.255402439583624,28,1,/mnt/data/ssz/mr/results/Qwen2.5-VL/pope/evo/analysis/coco_POPE_random/1277.pt
2772,2772,coco_POPE_random,coco_POPE_random,1,0,"No,",no,1.734375,0.7416087962962963,11.9375,5.235765516282519,28,1,/mnt/data/ssz/mr/results/Qwen2.5-VL/pope/evo/analysis/coco_POPE_random/2772.pt
2025,2025,coco_POPE_random,coco_POPE_random,1,0,"Yes,",yes,1.6953125,0.7439236111111112,11.9375,4.784132209948698,28,1,/mnt/data/ssz/mr/results/Qwen2.5-VL/pope/evo/analysis/coco_POPE_random/2025.pt
532,532,coco_POPE_random,coco_POPE_random,1,0,"No,",no,1.7265625,0.7533275462962963,11.9375,5.285906948691388,28,1,/mnt/data/ssz/mr/results/Qwen2.5-VL/pope/evo/analysis/coco_POPE_random/532.pt
1278,1278,coco_POPE_random,coco_POPE_random,1,0,"No,",no,1.7109375,0.7388599537037037,11.9375,5.36344996344131,28,1,/mnt/data/ssz/mr/results/Qwen2.5-VL/pope/evo/analysis/coco_POPE_random/1278.pt
2773,2773,coco_POPE_random,coco_POPE_random,0,1,"No,",yes,1.7109375,0.7436342592592593,11.9375,5.2897527710121945,28,1,/mnt/data/ssz/mr/results/Qwen2.5-VL/pope/evo/analysis/coco_POPE_random/2773.pt
2026,2026,coco_POPE_random,coco_POPE_random,1,0,"No,",no,1.6953125,0.7439236111111112,11.9375,5.219459015720626,28,1,/mnt/data/ssz/mr/results/Qwen2.5-VL/pope/evo/analysis/coco_POPE_random/2026.pt
533,533,coco_POPE_random,coco_POPE_random,0,1,"No,",yes,1.7265625,0.7533275462962963,11.9375,5.272972487868113,28,1,/mnt/data/ssz/mr/results/Qwen2.5-VL/pope/evo/analysis/coco_POPE_random/533.pt
1279,1279,coco_POPE_random,coco_POPE_random,1,0,"Yes,",yes,1.71875,0.7534722222222222,11.9375,4.8310067707568445,28,1,/mnt/data/ssz/mr/results/Qwen2.5-VL/pope/evo/analysis/coco_POPE_random/1279.pt
2774,2774,coco_POPE_random,coco_POPE_random,1,0,"No,",no,1.7109375,0.7436342592592593,11.9375,5.304832962631273,28,1,/mnt/data/ssz/mr/results/Qwen2.5-VL/pope/evo/analysis/coco_POPE_random/2774.pt
2027,2027,coco_POPE_random,coco_POPE_random,0,1,"No,",yes,1.6953125,0.7439236111111112,11.9375,5.246882599464981,28,1,/mnt/data/ssz/mr/results/Qwen2.5-VL/pope/evo/analysis/coco_POPE_random/2027.pt
534,534,coco_POPE_random,coco_POPE_random,1,0,"No,",no,1.7265625,0.7533275462962963,11.9375,5.317299420525349,28,1,/mnt/data/ssz/mr/results/Qwen2.5-VL/pope/evo/analysis/coco_POPE_random/534.pt
1280,1280,coco_POPE_random,coco_POPE_random,1,0,"No,",no,1.71875,0.7530381944444444,11.9375,5.182733359976047,28,1,/mnt/data/ssz/mr/results/Qwen2.5-VL/pope/evo/analysis/coco_POPE_random/1280.pt
2775,2775,coco_POPE_random,coco_POPE_random,0,1,"No,",yes,1.7109375,0.7436342592592593,11.9375,5.208019963166064,28,1,/mnt/data/ssz/mr/results/Qwen2.5-VL/pope/evo/analysis/coco_POPE_random/2775.pt
2028,2028,coco_POPE_random,coco_POPE_random,1,0,"No,",no,1.6953125,0.7439236111111112,11.9375,5.200278938066639,28,1,/mnt/data/ssz/mr/results/Qwen2.5-VL/pope/evo/analysis/coco_POPE_random/2028.pt
535,535,coco_POPE_random,coco_POPE_random,1,0,"Yes,",yes,1.65625,0.7445023148148148,11.9375,4.771191545852452,28,1,/mnt/data/ssz/mr/results/Qwen2.5-VL/pope/evo/analysis/coco_POPE_random/535.pt
1281,1281,coco_POPE_random,coco_POPE_random,1,0,"Yes,",yes,1.71875,0.7534722222222222,11.9375,4.670883640368637,28,1,/mnt/data/ssz/mr/results/Qwen2.5-VL/pope/evo/analysis/coco_POPE_random/1281.pt
2776,2776,coco_POPE_random,coco_POPE_random,1,0,"No,",no,1.7109375,0.7436342592592593,11.9375,5.199612315805442,28,1,/mnt/data/ssz/mr/results/Qwen2.5-VL/pope/evo/analysis/coco_POPE_random/2776.pt
2029,2029,coco_POPE_random,coco_POPE_random,1,0,"Yes,",yes,1.703125,0.7423321759259259,11.9375,4.8373431138264245,28,1,/mnt/data/ssz/mr/results/Qwen2.5-VL/pope/evo/analysis/coco_POPE_random/2029.pt
536,536,coco_POPE_random,coco_POPE_random,1,0,"No,",no,1.6484375,0.7446469907407407,11.9375,5.27237712579392,28,1,/mnt/data/ssz/mr/results/Qwen2.5-VL/pope/evo/analysis/coco_POPE_random/536.pt
1282,1282,coco_POPE_random,coco_POPE_random,1,0,"No,",no,1.71875,0.7530381944444444,11.9375,5.153242862499109,28,1,/mnt/data/ssz/mr/results/Qwen2.5-VL/pope/evo/analysis/coco_POPE_random/1282.pt
2777,2777,coco_POPE_random,coco_POPE_random,1,0,"Yes,",yes,1.7109375,0.7436342592592593,11.9375,4.819067002265067,28,1,/mnt/data/ssz/mr/results/Qwen2.5-VL/pope/evo/analysis/coco_POPE_random/2777.pt
2030,2030,coco_POPE_random,coco_POPE_random,1,0,"No,",no,1.703125,0.7423321759259259,11.9375,5.19651206862586,28,1,/mnt/data/ssz/mr/results/Qwen2.5-VL/pope/evo/analysis/coco_POPE_random/2030.pt
537,537,coco_POPE_random,coco_POPE_random,1,0,"Yes,",yes,1.6484375,0.7443576388888888,11.9375,4.838120990537275,28,1,/mnt/data/ssz/mr/results/Qwen2.5-VL/pope/evo/analysis/coco_POPE_random/537.pt
1283,1283,coco_POPE_random,coco_POPE_random,1,0,"Yes,",yes,1.71875,0.7530381944444444,11.9375,4.910517270668868,28,1,/mnt/data/ssz/mr/results/Qwen2.5-VL/pope/evo/analysis/coco_POPE_random/1283.pt
2778,2778,coco_POPE_random,coco_POPE_random,1,0,"No,",no,1.7109375,0.7436342592592593,11.9375,5.28251506423639,28,1,/mnt/data/ssz/mr/results/Qwen2.5-VL/pope/evo/analysis/coco_POPE_random/2778.pt
2031,2031,coco_POPE_random,coco_POPE_random,0,1,"No,",yes,1.703125,0.7423321759259259,11.9375,5.397987467018302,28,1,/mnt/data/ssz/mr/results/Qwen2.5-VL/pope/evo/analysis/coco_POPE_random/2031.pt
538,538,coco_POPE_random,coco_POPE_random,1,0,"No,",no,1.6484375,0.7449363425925926,11.9375,5.270048532279957,28,1,/mnt/data/ssz/mr/results/Qwen2.5-VL/pope/evo/analysis/coco_POPE_random/538.pt
1284,1284,coco_POPE_random,coco_POPE_random,1,0,"No,",no,1.71875,0.7530381944444444,11.9375,5.153010038575962,28,1,/mnt/data/ssz/mr/results/Qwen2.5-VL/pope/evo/analysis/coco_POPE_random/1284.pt
2779,2779,coco_POPE_random,coco_POPE_random,1,0,"Yes,",yes,1.703125,0.7414641203703703,11.9375,4.845047654829677,28,1,/mnt/data/ssz/mr/results/Qwen2.5-VL/pope/evo/analysis/coco_POPE_random/2779.pt
2032,2032,coco_POPE_random,coco_POPE_random,1,0,"No,",no,1.703125,0.7423321759259259,11.9375,5.305446925416116,28,1,/mnt/data/ssz/mr/results/Qwen2.5-VL/pope/evo/analysis/coco_POPE_random/2032.pt
539,539,coco_POPE_random,coco_POPE_random,1,0,"Yes,",yes,1.65625,0.7445023148148148,11.9375,4.771879716031278,28,1,/mnt/data/ssz/mr/results/Qwen2.5-VL/pope/evo/analysis/coco_POPE_random/539.pt
1285,1285,coco_POPE_random,coco_POPE_random,1,0,"Yes,",yes,1.703125,0.7640335648148148,11.9375,4.683532375635647,28,1,/mnt/data/ssz/mr/results/Qwen2.5-VL/pope/evo/analysis/coco_POPE_random/1285.pt
2780,2780,coco_POPE_random,coco_POPE_random,1,0,"No,",no,1.703125,0.7414641203703703,11.9375,5.295706932884061,28,1,/mnt/data/ssz/mr/results/Qwen2.5-VL/pope/evo/analysis/coco_POPE_random/2780.pt
2033,2033,coco_POPE_random,coco_POPE_random,1,0,"Yes,",yes,1.703125,0.7423321759259259,11.9375,4.695348884464857,28,1,/mnt/data/ssz/mr/results/Qwen2.5-VL/pope/evo/analysis/coco_POPE_random/2033.pt
540,540,coco_POPE_random,coco_POPE_random,1,0,"No,",no,1.6484375,0.7443576388888888,11.9375,5.237256957278894,28,1,/mnt/data/ssz/mr/results/Qwen2.5-VL/pope/evo/analysis/coco_POPE_random/540.pt
1286,1286,coco_POPE_random,coco_POPE_random,1,0,"No,",no,1.703125,0.7640335648148148,11.9375,5.2544814552547905,28,1,/mnt/data/ssz/mr/results/Qwen2.5-VL/pope/evo/analysis/coco_POPE_random/1286.pt
2781,2781,coco_POPE_random,coco_POPE_random,0,1,"No,",yes,1.703125,0.7430555555555556,11.9375,5.2492077998532976,28,1,/mnt/data/ssz/mr/results/Qwen2.5-VL/pope/evo/analysis/coco_POPE_random/2781.pt
2034,2034,coco_POPE_random,coco_POPE_random,1,0,"No,",no,1.703125,0.7423321759259259,11.9375,5.199267765390688,28,1,/mnt/data/ssz/mr/results/Qwen2.5-VL/pope/evo/analysis/coco_POPE_random/2034.pt
541,541,coco_POPE_random,coco_POPE_random,0,1,"No,",yes,1.6875,0.7577401620370371,11.9375,5.2323775636860175,28,1,/mnt/data/ssz/mr/results/Qwen2.5-VL/pope/evo/analysis/coco_POPE_random/541.pt
1287,1287,coco_POPE_random,coco_POPE_random,0,1,"No,",yes,1.703125,0.7640335648148148,11.9375,5.345972788195096,28,1,/mnt/data/ssz/mr/results/Qwen2.5-VL/pope/evo/analysis/coco_POPE_random/1287.pt
2782,2782,coco_POPE_random,coco_POPE_random,1,0,"No,",no,1.703125,0.7414641203703703,11.9375,5.242681665188276,28,1,/mnt/data/ssz/mr/results/Qwen2.5-VL/pope/evo/analysis/coco_POPE_random/2782.pt
2035,2035,coco_POPE_random,coco_POPE_random,0,1,"No,",yes,1.703125,0.76953125,11.9375,5.175405703886201,28,1,/mnt/data/ssz/mr/results/Qwen2.5-VL/pope/evo/analysis/coco_POPE_random/2035.pt
542,542,coco_POPE_random,coco_POPE_random,1,0,"No,",no,1.6875,0.7575231481481481,11.9375,5.310939708764009,28,1,/mnt/data/ssz/mr/results/Qwen2.5-VL/pope/evo/analysis/coco_POPE_random/542.pt
1288,1288,coco_POPE_random,coco_POPE_random,1,0,"No,",no,1.703125,0.7641059027777778,11.9375,5.193913089775568,28,1,/mnt/data/ssz/mr/results/Qwen2.5-VL/pope/evo/analysis/coco_POPE_random/1288.pt
2783,2783,coco_POPE_random,coco_POPE_random,1,0,"Yes,",yes,1.703125,0.7430555555555556,11.9375,4.652752106347032,28,1,/mnt/data/ssz/mr/results/Qwen2.5-VL/pope/evo/analysis/coco_POPE_random/2783.pt
2036,2036,coco_POPE_random,coco_POPE_random,1,0,"No,",no,1.703125,0.76953125,11.9375,5.156656553771632,28,1,/mnt/data/ssz/mr/results/Qwen2.5-VL/pope/evo/analysis/coco_POPE_random/2036.pt
543,543,coco_POPE_random,coco_POPE_random,0,1,"No,",yes,1.6875,0.7575231481481481,11.9375,5.3305769935932865,28,1,/mnt/data/ssz/mr/results/Qwen2.5-VL/pope/evo/analysis/coco_POPE_random/543.pt
1289,1289,coco_POPE_random,coco_POPE_random,1,0,"Yes,",yes,1.703125,0.7640335648148148,11.9375,4.78977105116391,28,1,/mnt/data/ssz/mr/results/Qwen2.5-VL/pope/evo/analysis/coco_POPE_random/1289.pt
2784,2784,coco_POPE_random,coco_POPE_random,1,0,"No,",no,1.703125,0.7414641203703703,11.9375,5.240116484313681,28,1,/mnt/data/ssz/mr/results/Qwen2.5-VL/pope/evo/analysis/coco_POPE_random/2784.pt
2037,2037,coco_POPE_random,coco_POPE_random,1,0,"Yes,",yes,1.703125,0.76953125,11.9375,4.882793573750967,28,1,/mnt/data/ssz/mr/results/Qwen2.5-VL/pope/evo/analysis/coco_POPE_random/2037.pt
544,544,coco_POPE_random,coco_POPE_random,1,0,"No,",no,1.6875,0.7575231481481481,11.9375,5.246466450669186,28,1,/mnt/data/ssz/mr/results/Qwen2.5-VL/pope/evo/analysis/coco_POPE_random/544.pt
1290,1290,coco_POPE_random,coco_POPE_random,1,0,"No,",no,1.703125,0.7641782407407407,11.9375,5.205461766146042,28,1,/mnt/data/ssz/mr/results/Qwen2.5-VL/pope/evo/analysis/coco_POPE_random/1290.pt
2785,2785,coco_POPE_random,coco_POPE_random,0,1,"No,",yes,1.7265625,0.7418258101851852,11.9375,5.202826680568125,28,1,/mnt/data/ssz/mr/results/Qwen2.5-VL/pope/evo/analysis/coco_POPE_random/2785.pt
2038,2038,coco_POPE_random,coco_POPE_random,1,0,"No,",no,1.703125,0.76953125,11.9375,5.200957672222895,28,1,/mnt/data/ssz/mr/results/Qwen2.5-VL/pope/evo/analysis/coco_POPE_random/2038.pt
545,545,coco_POPE_random,coco_POPE_random,1,0,"Yes,",yes,1.6875,0.7567997685185185,11.9375,4.761178833532901,28,1,/mnt/data/ssz/mr/results/Qwen2.5-VL/pope/evo/analysis/coco_POPE_random/545.pt
1291,1291,coco_POPE_random,coco_POPE_random,1,0,"Yes,",yes,1.6953125,0.7369791666666666,11.9375,4.728575943139231,28,1,/mnt/data/ssz/mr/results/Qwen2.5-VL/pope/evo/analysis/coco_POPE_random/1291.pt
2786,2786,coco_POPE_random,coco_POPE_random,1,0,"No,",no,1.7265625,0.7417534722222222,11.9375,5.2258154867402125,28,1,/mnt/data/ssz/mr/results/Qwen2.5-VL/pope/evo/analysis/coco_POPE_random/2786.pt
2039,2039,coco_POPE_random,coco_POPE_random,1,0,"Yes,",yes,1.703125,0.76953125,11.9375,4.68127255145047,28,1,/mnt/data/ssz/mr/results/Qwen2.5-VL/pope/evo/analysis/coco_POPE_random/2039.pt
546,546,coco_POPE_random,coco_POPE_random,1,0,"No,",no,1.6875,0.7575231481481481,11.9375,5.198941379395153,28,1,/mnt/data/ssz/mr/results/Qwen2.5-VL/pope/evo/analysis/coco_POPE_random/546.pt
1292,1292,coco_POPE_random,coco_POPE_random,1,0,"No,",no,1.6953125,0.7374131944444444,11.9375,5.194347194471241,28,1,/mnt/data/ssz/mr/results/Qwen2.5-VL/pope/evo/analysis/coco_POPE_random/1292.pt
2040,2040,coco_POPE_random,coco_POPE_random,1,0,"No,",no,1.703125,0.7694589120370371,11.9375,5.302688256380924,28,1,/mnt/data/ssz/mr/results/Qwen2.5-VL/pope/evo/analysis/coco_POPE_random/2040.pt
2787,2787,coco_POPE_random,coco_POPE_random,1,0,"Yes,",yes,1.7265625,0.7418981481481481,11.9375,4.790894908730263,28,1,/mnt/data/ssz/mr/results/Qwen2.5-VL/pope/evo/analysis/coco_POPE_random/2787.pt
547,547,coco_POPE_random,coco_POPE_random,1,0,"Yes,",yes,1.71875,0.75390625,11.9375,4.614036430930929,28,1,/mnt/data/ssz/mr/results/Qwen2.5-VL/pope/evo/analysis/coco_POPE_random/547.pt
1293,1293,coco_POPE_random,coco_POPE_random,1,0,"Yes,",yes,1.6953125,0.7369791666666666,11.9375,4.701217570446498,28,1,/mnt/data/ssz/mr/results/Qwen2.5-VL/pope/evo/analysis/coco_POPE_random/1293.pt
2041,2041,coco_POPE_random,coco_POPE_random,1,0,"Yes,",yes,1.734375,0.7427662037037037,11.9375,4.914523182765254,28,1,/mnt/data/ssz/mr/results/Qwen2.5-VL/pope/evo/analysis/coco_POPE_random/2041.pt
548,548,coco_POPE_random,coco_POPE_random,1,0,"No,",no,1.71875,0.75390625,11.9375,5.078626800059535,28,1,/mnt/data/ssz/mr/results/Qwen2.5-VL/pope/evo/analysis/coco_POPE_random/548.pt
2788,2788,coco_POPE_random,coco_POPE_random,1,0,"No,",no,1.7265625,0.7417534722222222,11.9375,5.274546492713218,28,1,/mnt/data/ssz/mr/results/Qwen2.5-VL/pope/evo/analysis/coco_POPE_random/2788.pt
1294,1294,coco_POPE_random,coco_POPE_random,1,0,"No,",no,1.6953125,0.7369791666666666,11.9375,5.246708946708363,28,1,/mnt/data/ssz/mr/results/Qwen2.5-VL/pope/evo/analysis/coco_POPE_random/1294.pt
2042,2042,coco_POPE_random,coco_POPE_random,1,0,"No,",no,1.734375,0.7427662037037037,11.9375,5.215916083467792,28,1,/mnt/data/ssz/mr/results/Qwen2.5-VL/pope/evo/analysis/coco_POPE_random/2042.pt
549,549,coco_POPE_random,coco_POPE_random,1,0,"Yes,",yes,1.71875,0.75390625,11.9375,4.6742626020284925,28,1,/mnt/data/ssz/mr/results/Qwen2.5-VL/pope/evo/analysis/coco_POPE_random/549.pt
1295,1295,coco_POPE_random,coco_POPE_random,0,1,"No,",yes,1.6953125,0.7374131944444444,11.9375,5.190010764915097,28,1,/mnt/data/ssz/mr/results/Qwen2.5-VL/pope/evo/analysis/coco_POPE_random/1295.pt
2789,2789,coco_POPE_random,coco_POPE_random,0,1,"No,",yes,1.7265625,0.7418258101851852,11.9375,5.25550682377271,28,1,/mnt/data/ssz/mr/results/Qwen2.5-VL/pope/evo/analysis/coco_POPE_random/2789.pt
2043,2043,coco_POPE_random,coco_POPE_random,1,0,"Yes,",yes,1.734375,0.7436342592592593,11.9375,4.822163299464469,28,1,/mnt/data/ssz/mr/results/Qwen2.5-VL/pope/evo/analysis/coco_POPE_random/2043.pt
550,550,coco_POPE_random,coco_POPE_random,1,0,"No,",no,1.71875,0.75390625,11.9375,5.074367996200103,28,1,/mnt/data/ssz/mr/results/Qwen2.5-VL/pope/evo/analysis/coco_POPE_random/550.pt
1296,1296,coco_POPE_random,coco_POPE_random,1,0,"No,",no,1.6953125,0.7374131944444444,11.9375,5.27853381772554,28,1,/mnt/data/ssz/mr/results/Qwen2.5-VL/pope/evo/analysis/coco_POPE_random/1296.pt
2790,2790,coco_POPE_random,coco_POPE_random,1,0,"No,",no,1.7265625,0.7417534722222222,11.9375,5.326212427394427,28,1,/mnt/data/ssz/mr/results/Qwen2.5-VL/pope/evo/analysis/coco_POPE_random/2790.pt
2044,2044,coco_POPE_random,coco_POPE_random,1,0,"No,",no,1.734375,0.7418981481481481,11.9375,5.214360399499882,28,1,/mnt/data/ssz/mr/results/Qwen2.5-VL/pope/evo/analysis/coco_POPE_random/2044.pt
551,551,coco_POPE_random,coco_POPE_random,1,0,"Yes,",yes,1.71875,0.75390625,11.9375,4.799361253916977,28,1,/mnt/data/ssz/mr/results/Qwen2.5-VL/pope/evo/analysis/coco_POPE_random/551.pt
1297,1297,coco_POPE_random,coco_POPE_random,0,1,"No,",yes,1.734375,0.7416087962962963,11.9375,5.192955234405137,28,1,/mnt/data/ssz/mr/results/Qwen2.5-VL/pope/evo/analysis/coco_POPE_random/1297.pt
2791,2791,coco_POPE_random,coco_POPE_random,1,0,"Yes,",yes,1.6875,0.7634548611111112,11.9375,4.751404149692707,28,1,/mnt/data/ssz/mr/results/Qwen2.5-VL/pope/evo/analysis/coco_POPE_random/2791.pt
2045,2045,coco_POPE_random,coco_POPE_random,1,0,"Yes,",yes,1.734375,0.7418981481481481,11.9375,4.745027870919313,28,1,/mnt/data/ssz/mr/results/Qwen2.5-VL/pope/evo/analysis/coco_POPE_random/2045.pt
552,552,coco_POPE_random,coco_POPE_random,1,0,"No,",no,1.71875,0.75390625,11.9375,5.064766415409206,28,1,/mnt/data/ssz/mr/results/Qwen2.5-VL/pope/evo/analysis/coco_POPE_random/552.pt
2792,2792,coco_POPE_random,coco_POPE_random,1,0,"No,",no,1.6796875,0.7634548611111112,11.9375,5.2003470266314125,28,1,/mnt/data/ssz/mr/results/Qwen2.5-VL/pope/evo/analysis/coco_POPE_random/2792.pt
1298,1298,coco_POPE_random,coco_POPE_random,1,0,"No,",no,1.7421875,0.7418981481481481,11.9375,5.210801132619211,28,2,/mnt/data/ssz/mr/results/Qwen2.5-VL/pope/evo/analysis/coco_POPE_random/1298.pt
2046,2046,coco_POPE_random,coco_POPE_random,1,0,"No,",no,1.734375,0.7418981481481481,11.9375,5.308669663375612,28,1,/mnt/data/ssz/mr/results/Qwen2.5-VL/pope/evo/analysis/coco_POPE_random/2046.pt
553,553,coco_POPE_random,coco_POPE_random,0,1,"No,",yes,1.6875,0.7418981481481481,11.9375,5.3317333230878505,28,1,/mnt/data/ssz/mr/results/Qwen2.5-VL/pope/evo/analysis/coco_POPE_random/553.pt
2793,2793,coco_POPE_random,coco_POPE_random,0,1,"No,",yes,1.6796875,0.7634548611111112,11.9375,5.255781015593482,28,1,/mnt/data/ssz/mr/results/Qwen2.5-VL/pope/evo/analysis/coco_POPE_random/2793.pt
1299,1299,coco_POPE_random,coco_POPE_random,1,0,"Yes,",yes,1.7421875,0.7418981481481481,11.9375,4.946656387571772,28,2,/mnt/data/ssz/mr/results/Qwen2.5-VL/pope/evo/analysis/coco_POPE_random/1299.pt
2047,2047,coco_POPE_random,coco_POPE_random,0,1,"No,",yes,1.71875,0.7459490740740741,11.9375,5.149383237245086,28,1,/mnt/data/ssz/mr/results/Qwen2.5-VL/pope/evo/analysis/coco_POPE_random/2047.pt
554,554,coco_POPE_random,coco_POPE_random,1,0,"No,",no,1.6875,0.7418981481481481,11.9375,5.196350652701171,28,1,/mnt/data/ssz/mr/results/Qwen2.5-VL/pope/evo/analysis/coco_POPE_random/554.pt
2794,2794,coco_POPE_random,coco_POPE_random,1,0,"No,",no,1.6796875,0.7634548611111112,11.9375,5.162862967410359,28,1,/mnt/data/ssz/mr/results/Qwen2.5-VL/pope/evo/analysis/coco_POPE_random/2794.pt
1300,1300,coco_POPE_random,coco_POPE_random,1,0,"No,",no,1.7421875,0.7421875,11.9375,5.276009010223287,28,1,/mnt/data/ssz/mr/results/Qwen2.5-VL/pope/evo/analysis/coco_POPE_random/1300.pt
2048,2048,coco_POPE_random,coco_POPE_random,1,0,"No,",no,1.71875,0.7459490740740741,11.9375,5.149629382613167,28,1,/mnt/data/ssz/mr/results/Qwen2.5-VL/pope/evo/analysis/coco_POPE_random/2048.pt
555,555,coco_POPE_random,coco_POPE_random,0,1,"No,",yes,1.6875,0.7418981481481481,11.9375,5.2431358406552295,28,1,/mnt/data/ssz/mr/results/Qwen2.5-VL/pope/evo/analysis/coco_POPE_random/555.pt
2795,2795,coco_POPE_random,coco_POPE_random,0,1,"No,",yes,1.6796875,0.7634548611111112,11.9375,5.152615440003941,28,1,/mnt/data/ssz/mr/results/Qwen2.5-VL/pope/evo/analysis/coco_POPE_random/2795.pt
1301,1301,coco_POPE_random,coco_POPE_random,1,0,"Yes,",yes,1.734375,0.7416087962962963,11.9375,4.724660355774477,28,1,/mnt/data/ssz/mr/results/Qwen2.5-VL/pope/evo/analysis/coco_POPE_random/1301.pt
2049,2049,coco_POPE_random,coco_POPE_random,1,0,"Yes,",yes,1.71875,0.7459490740740741,11.9375,4.75141849067223,28,1,/mnt/data/ssz/mr/results/Qwen2.5-VL/pope/evo/analysis/coco_POPE_random/2049.pt
2796,2796,coco_POPE_random,coco_POPE_random,1,0,"No,",no,1.6796875,0.7634548611111112,11.9375,5.181295090162699,28,1,/mnt/data/ssz/mr/results/Qwen2.5-VL/pope/evo/analysis/coco_POPE_random/2796.pt
556,556,coco_POPE_random,coco_POPE_random,1,0,"No,",no,1.6875,0.7418981481481481,11.9375,5.32076793289413,28,1,/mnt/data/ssz/mr/results/Qwen2.5-VL/pope/evo/analysis/coco_POPE_random/556.pt
1302,1302,coco_POPE_random,coco_POPE_random,1,0,"No,",no,1.7421875,0.7421875,11.9375,5.263075779318977,28,1,/mnt/data/ssz/mr/results/Qwen2.5-VL/pope/evo/analysis/coco_POPE_random/1302.pt
2050,2050,coco_POPE_random,coco_POPE_random,1,0,"No,",no,1.71875,0.7459490740740741,11.9375,5.151217652067152,28,1,/mnt/data/ssz/mr/results/Qwen2.5-VL/pope/evo/analysis/coco_POPE_random/2050.pt
2797,2797,coco_POPE_random,coco_POPE_random,1,0,"Yes,",yes,1.6796875,0.7418981481481481,11.9375,4.867022661340502,28,1,/mnt/data/ssz/mr/results/Qwen2.5-VL/pope/evo/analysis/coco_POPE_random/2797.pt
557,557,coco_POPE_random,coco_POPE_random,0,1,"No,",yes,1.6875,0.7418981481481481,11.9375,5.373905605582345,28,1,/mnt/data/ssz/mr/results/Qwen2.5-VL/pope/evo/analysis/coco_POPE_random/557.pt
1303,1303,coco_POPE_random,coco_POPE_random,1,0,"Yes,",yes,1.703125,0.7310474537037037,11.9375,5.000882255899983,28,1,/mnt/data/ssz/mr/results/Qwen2.5-VL/pope/evo/analysis/coco_POPE_random/1303.pt
2051,2051,coco_POPE_random,coco_POPE_random,1,0,"Yes,",yes,1.71875,0.7459490740740741,11.9375,4.626385217429766,28,1,/mnt/data/ssz/mr/results/Qwen2.5-VL/pope/evo/analysis/coco_POPE_random/2051.pt
2798,2798,coco_POPE_random,coco_POPE_random,1,0,"No,",no,1.6796875,0.7418981481481481,11.9375,5.3381493330389596,28,1,/mnt/data/ssz/mr/results/Qwen2.5-VL/pope/evo/analysis/coco_POPE_random/2798.pt
558,558,coco_POPE_random,coco_POPE_random,1,0,"No,",no,1.6875,0.7418981481481481,11.9375,5.226534131791942,28,1,/mnt/data/ssz/mr/results/Qwen2.5-VL/pope/evo/analysis/coco_POPE_random/558.pt
1304,1304,coco_POPE_random,coco_POPE_random,1,0,"No,",no,1.703125,0.7316984953703703,11.9375,5.233032578661693,28,1,/mnt/data/ssz/mr/results/Qwen2.5-VL/pope/evo/analysis/coco_POPE_random/1304.pt
2052,2052,coco_POPE_random,coco_POPE_random,1,0,"No,",no,1.71875,0.7463831018518519,11.9375,5.084225737478344,28,1,/mnt/data/ssz/mr/results/Qwen2.5-VL/pope/evo/analysis/coco_POPE_random/2052.pt
2799,2799,coco_POPE_random,coco_POPE_random,0,1,"No,",yes,1.6796875,0.7418981481481481,11.9375,5.294695391846573,28,1,/mnt/data/ssz/mr/results/Qwen2.5-VL/pope/evo/analysis/coco_POPE_random/2799.pt
559,559,coco_POPE_random,coco_POPE_random,1,0,"Yes,",yes,1.71875,0.7526041666666666,11.9375,4.735113365897696,28,1,/mnt/data/ssz/mr/results/Qwen2.5-VL/pope/evo/analysis/coco_POPE_random/559.pt
1305,1305,coco_POPE_random,coco_POPE_random,0,1,"No,",yes,1.703125,0.7310474537037037,11.9375,5.324282181711045,28,1,/mnt/data/ssz/mr/results/Qwen2.5-VL/pope/evo/analysis/coco_POPE_random/1305.pt
2053,2053,coco_POPE_random,coco_POPE_random,0,1,"No,",yes,1.703125,0.7581741898148148,11.9375,5.230803326631853,28,1,/mnt/data/ssz/mr/results/Qwen2.5-VL/pope/evo/analysis/coco_POPE_random/2053.pt
2800,2800,coco_POPE_random,coco_POPE_random,1,0,"No,",no,1.6796875,0.7418981481481481,11.9375,5.297062875919626,28,1,/mnt/data/ssz/mr/results/Qwen2.5-VL/pope/evo/analysis/coco_POPE_random/2800.pt
560,560,coco_POPE_random,coco_POPE_random,1,0,"No,",no,1.71875,0.7526041666666666,11.9375,5.241629372250262,28,1,/mnt/data/ssz/mr/results/Qwen2.5-VL/pope/evo/analysis/coco_POPE_random/560.pt
1306,1306,coco_POPE_random,coco_POPE_random,1,0,"No,",no,1.703125,0.7316984953703703,11.9375,5.285159455886796,28,1,/mnt/data/ssz/mr/results/Qwen2.5-VL/pope/evo/analysis/coco_POPE_random/1306.pt
2054,2054,coco_POPE_random,coco_POPE_random,1,0,"No,",no,1.703125,0.7581741898148148,11.9375,5.191114990634781,28,1,/mnt/data/ssz/mr/results/Qwen2.5-VL/pope/evo/analysis/coco_POPE_random/2054.pt
2801,2801,coco_POPE_random,coco_POPE_random,1,0,"Yes,",yes,1.6796875,0.7418981481481481,11.9375,4.758090461066477,28,1,/mnt/data/ssz/mr/results/Qwen2.5-VL/pope/evo/analysis/coco_POPE_random/2801.pt
561,561,coco_POPE_random,coco_POPE_random,0,1,"No,",yes,1.71875,0.7526041666666666,11.9375,5.233035047623883,28,1,/mnt/data/ssz/mr/results/Qwen2.5-VL/pope/evo/analysis/coco_POPE_random/561.pt
1307,1307,coco_POPE_random,coco_POPE_random,1,0,"Yes,",yes,1.703125,0.7310474537037037,11.9375,4.739316469236042,28,1,/mnt/data/ssz/mr/results/Qwen2.5-VL/pope/evo/analysis/coco_POPE_random/1307.pt
2055,2055,coco_POPE_random,coco_POPE_random,0,1,"No,",yes,1.703125,0.7581741898148148,11.9375,5.233138706297754,28,1,/mnt/data/ssz/mr/results/Qwen2.5-VL/pope/evo/analysis/coco_POPE_random/2055.pt
2802,2802,coco_POPE_random,coco_POPE_random,1,0,"No,",no,1.6796875,0.7418981481481481,11.9375,5.229951057208508,28,1,/mnt/data/ssz/mr/results/Qwen2.5-VL/pope/evo/analysis/coco_POPE_random/2802.pt
562,562,coco_POPE_random,coco_POPE_random,1,0,"No,",no,1.71875,0.7526041666666666,11.9375,5.259069510383567,28,1,/mnt/data/ssz/mr/results/Qwen2.5-VL/pope/evo/analysis/coco_POPE_random/562.pt
1308,1308,coco_POPE_random,coco_POPE_random,1,0,"No,",no,1.703125,0.7310474537037037,11.9375,5.254101183763224,28,1,/mnt/data/ssz/mr/results/Qwen2.5-VL/pope/evo/analysis/coco_POPE_random/1308.pt
2056,2056,coco_POPE_random,coco_POPE_random,1,0,"No,",no,1.703125,0.7581741898148148,11.9375,5.262562309030868,28,1,/mnt/data/ssz/mr/results/Qwen2.5-VL/pope/evo/analysis/coco_POPE_random/2056.pt
2803,2803,coco_POPE_random,coco_POPE_random,0,1,"No,",yes,1.703125,0.7309027777777778,11.9375,5.276200158357323,28,1,/mnt/data/ssz/mr/results/Qwen2.5-VL/pope/evo/analysis/coco_POPE_random/2803.pt
563,563,coco_POPE_random,coco_POPE_random,0,1,"No,",yes,1.71875,0.7526041666666666,11.9375,5.453976322660813,28,1,/mnt/data/ssz/mr/results/Qwen2.5-VL/pope/evo/analysis/coco_POPE_random/563.pt
1309,1309,coco_POPE_random,coco_POPE_random,1,0,"Yes,",yes,1.71875,0.7531828703703703,11.9375,4.800464979659957,28,1,/mnt/data/ssz/mr/results/Qwen2.5-VL/pope/evo/analysis/coco_POPE_random/1309.pt
2057,2057,coco_POPE_random,coco_POPE_random,0,1,"No,",yes,1.703125,0.7581741898148148,11.9375,5.1399554562911,28,1,/mnt/data/ssz/mr/results/Qwen2.5-VL/pope/evo/analysis/coco_POPE_random/2057.pt
2804,2804,coco_POPE_random,coco_POPE_random,1,0,"No,",no,1.703125,0.7292390046296297,11.9375,5.201342163051072,28,1,/mnt/data/ssz/mr/results/Qwen2.5-VL/pope/evo/analysis/coco_POPE_random/2804.pt
564,564,coco_POPE_random,coco_POPE_random,1,0,"No,",no,1.71875,0.7526041666666666,11.9375,5.182259149798608,28,1,/mnt/data/ssz/mr/results/Qwen2.5-VL/pope/evo/analysis/coco_POPE_random/564.pt
1310,1310,coco_POPE_random,coco_POPE_random,1,0,"No,",no,1.71875,0.7531828703703703,11.9375,5.225407437137376,28,1,/mnt/data/ssz/mr/results/Qwen2.5-VL/pope/evo/analysis/coco_POPE_random/1310.pt
2058,2058,coco_POPE_random,coco_POPE_random,1,0,"No,",no,1.703125,0.7583912037037037,11.9375,5.251765051159651,28,1,/mnt/data/ssz/mr/results/Qwen2.5-VL/pope/evo/analysis/coco_POPE_random/2058.pt
565,565,coco_POPE_random,coco_POPE_random,1,0,"Yes,",yes,1.7421875,0.7574508101851852,11.9375,4.786938671872318,28,1,/mnt/data/ssz/mr/results/Qwen2.5-VL/pope/evo/analysis/coco_POPE_random/565.pt
2805,2805,coco_POPE_random,coco_POPE_random,0,1,"No,",yes,1.703125,0.7309027777777778,11.9375,5.212754472179927,28,1,/mnt/data/ssz/mr/results/Qwen2.5-VL/pope/evo/analysis/coco_POPE_random/2805.pt
1311,1311,coco_POPE_random,coco_POPE_random,1,0,"Yes,",yes,1.71875,0.7531828703703703,11.9375,4.806287058830322,28,1,/mnt/data/ssz/mr/results/Qwen2.5-VL/pope/evo/analysis/coco_POPE_random/1311.pt
2059,2059,coco_POPE_random,coco_POPE_random,1,0,"Yes,",yes,1.7265625,0.7337962962962963,11.9375,4.825187571552,28,1,/mnt/data/ssz/mr/results/Qwen2.5-VL/pope/evo/analysis/coco_POPE_random/2059.pt
566,566,coco_POPE_random,coco_POPE_random,1,0,"No,",no,1.734375,0.7566550925925926,11.9375,5.150229750883039,28,1,/mnt/data/ssz/mr/results/Qwen2.5-VL/pope/evo/analysis/coco_POPE_random/566.pt
2806,2806,coco_POPE_random,coco_POPE_random,1,0,"No,",no,1.703125,0.7292390046296297,11.9375,5.165513254737906,28,1,/mnt/data/ssz/mr/results/Qwen2.5-VL/pope/evo/analysis/coco_POPE_random/2806.pt
1312,1312,coco_POPE_random,coco_POPE_random,1,0,"No,",no,1.71875,0.7531828703703703,11.9375,5.229114204079264,28,1,/mnt/data/ssz/mr/results/Qwen2.5-VL/pope/evo/analysis/coco_POPE_random/1312.pt
567,567,coco_POPE_random,coco_POPE_random,1,0,"Yes,",yes,1.7421875,0.7573061342592593,11.9375,4.8078333237658795,28,1,/mnt/data/ssz/mr/results/Qwen2.5-VL/pope/evo/analysis/coco_POPE_random/567.pt
2060,2060,coco_POPE_random,coco_POPE_random,1,0,"No,",no,1.7265625,0.7327112268518519,11.9375,5.137314766793209,28,1,/mnt/data/ssz/mr/results/Qwen2.5-VL/pope/evo/analysis/coco_POPE_random/2060.pt
2807,2807,coco_POPE_random,coco_POPE_random,1,0,"Yes,",yes,1.703125,0.7309027777777778,11.9375,4.717410549978328,28,1,/mnt/data/ssz/mr/results/Qwen2.5-VL/pope/evo/analysis/coco_POPE_random/2807.pt
1313,1313,coco_POPE_random,coco_POPE_random,0,1,"No,",yes,1.71875,0.7531828703703703,11.9375,5.241027526800327,28,1,/mnt/data/ssz/mr/results/Qwen2.5-VL/pope/evo/analysis/coco_POPE_random/1313.pt
568,568,coco_POPE_random,coco_POPE_random,1,0,"No,",no,1.734375,0.7566550925925926,11.9375,5.099623530161652,28,1,/mnt/data/ssz/mr/results/Qwen2.5-VL/pope/evo/analysis/coco_POPE_random/568.pt
2061,2061,coco_POPE_random,coco_POPE_random,0,1,"No,",yes,1.7265625,0.7337962962962963,11.9375,5.19478568539991,28,1,/mnt/data/ssz/mr/results/Qwen2.5-VL/pope/evo/analysis/coco_POPE_random/2061.pt
2808,2808,coco_POPE_random,coco_POPE_random,1,0,"No,",no,1.703125,0.7292390046296297,11.9375,5.17197041379605,28,1,/mnt/data/ssz/mr/results/Qwen2.5-VL/pope/evo/analysis/coco_POPE_random/2808.pt
569,569,coco_POPE_random,coco_POPE_random,1,0,"Yes,",yes,1.7421875,0.7569444444444444,11.9375,4.780715833537122,28,1,/mnt/data/ssz/mr/results/Qwen2.5-VL/pope/evo/analysis/coco_POPE_random/569.pt
1314,1314,coco_POPE_random,coco_POPE_random,1,0,"No,",no,1.71875,0.7531828703703703,11.9375,5.200435163345338,28,1,/mnt/data/ssz/mr/results/Qwen2.5-VL/pope/evo/analysis/coco_POPE_random/1314.pt
2062,2062,coco_POPE_random,coco_POPE_random,1,0,"No,",no,1.7265625,0.7316261574074074,11.9375,5.191864012078191,28,1,/mnt/data/ssz/mr/results/Qwen2.5-VL/pope/evo/analysis/coco_POPE_random/2062.pt
570,570,coco_POPE_random,coco_POPE_random,1,0,"No,",no,1.7421875,0.7573061342592593,11.9375,5.1614488873101125,28,1,/mnt/data/ssz/mr/results/Qwen2.5-VL/pope/evo/analysis/coco_POPE_random/570.pt
1315,1315,coco_POPE_random,coco_POPE_random,1,0,"Yes,",yes,1.671875,0.7514467592592593,11.9375,4.638500649202358,28,1,/mnt/data/ssz/mr/results/Qwen2.5-VL/pope/evo/analysis/coco_POPE_random/1315.pt
2809,2809,coco_POPE_random,coco_POPE_random,1,0,"Yes,",yes,1.7265625,0.7381365740740741,11.9375,4.645680462256634,28,1,/mnt/data/ssz/mr/results/Qwen2.5-VL/pope/evo/analysis/coco_POPE_random/2809.pt
2063,2063,coco_POPE_random,coco_POPE_random,1,0,"Yes,",yes,1.7265625,0.7337962962962963,11.9375,4.783638012953475,28,1,/mnt/data/ssz/mr/results/Qwen2.5-VL/pope/evo/analysis/coco_POPE_random/2063.pt
571,571,coco_POPE_random,coco_POPE_random,1,0,"Yes,",yes,1.71875,0.7637442129629629,11.9375,4.8498225427192505,28,1,/mnt/data/ssz/mr/results/Qwen2.5-VL/pope/evo/analysis/coco_POPE_random/571.pt
1316,1316,coco_POPE_random,coco_POPE_random,1,0,"No,",no,1.671875,0.7514467592592593,11.9375,5.122917714550004,28,1,/mnt/data/ssz/mr/results/Qwen2.5-VL/pope/evo/analysis/coco_POPE_random/1316.pt
2810,2810,coco_POPE_random,coco_POPE_random,1,0,"No,",no,1.7265625,0.7381365740740741,11.9375,5.163546482682579,28,1,/mnt/data/ssz/mr/results/Qwen2.5-VL/pope/evo/analysis/coco_POPE_random/2810.pt
2064,2064,coco_POPE_random,coco_POPE_random,1,0,"No,",no,1.7265625,0.7327112268518519,11.9375,5.2010338965315155,28,1,/mnt/data/ssz/mr/results/Qwen2.5-VL/pope/evo/analysis/coco_POPE_random/2064.pt
572,572,coco_POPE_random,coco_POPE_random,1,0,"No,",no,1.7265625,0.7637442129629629,11.9375,5.221094702614711,28,1,/mnt/data/ssz/mr/results/Qwen2.5-VL/pope/evo/analysis/coco_POPE_random/572.pt
1317,1317,coco_POPE_random,coco_POPE_random,1,0,"Yes,",yes,1.671875,0.7514467592592593,11.9375,4.666508048464902,28,1,/mnt/data/ssz/mr/results/Qwen2.5-VL/pope/evo/analysis/coco_POPE_random/1317.pt
2811,2811,coco_POPE_random,coco_POPE_random,1,0,"Yes,",yes,1.7265625,0.7381365740740741,11.9375,4.7900837439797375,28,1,/mnt/data/ssz/mr/results/Qwen2.5-VL/pope/evo/analysis/coco_POPE_random/2811.pt
2065,2065,coco_POPE_random,coco_POPE_random,0,1,"No,",yes,1.734375,0.7514467592592593,11.9375,5.409817004135267,28,1,/mnt/data/ssz/mr/results/Qwen2.5-VL/pope/evo/analysis/coco_POPE_random/2065.pt
573,573,coco_POPE_random,coco_POPE_random,1,0,"Yes,",yes,1.7265625,0.7637442129629629,11.9375,4.7916722068854725,28,1,/mnt/data/ssz/mr/results/Qwen2.5-VL/pope/evo/analysis/coco_POPE_random/573.pt
1318,1318,coco_POPE_random,coco_POPE_random,1,0,"No,",no,1.671875,0.7514467592592593,11.9375,5.111318049632026,28,1,/mnt/data/ssz/mr/results/Qwen2.5-VL/pope/evo/analysis/coco_POPE_random/1318.pt
574,574,coco_POPE_random,coco_POPE_random,1,0,"No,",no,1.7265625,0.7637442129629629,11.9375,5.178506462060764,28,1,/mnt/data/ssz/mr/results/Qwen2.5-VL/pope/evo/analysis/coco_POPE_random/574.pt
2066,2066,coco_POPE_random,coco_POPE_random,1,0,"No,",no,1.734375,0.7514467592592593,11.9375,5.263457838562694,28,1,/mnt/data/ssz/mr/results/Qwen2.5-VL/pope/evo/analysis/coco_POPE_random/2066.pt
2812,2812,coco_POPE_random,coco_POPE_random,1,0,"No,",no,1.7265625,0.7381365740740741,11.9375,5.121858808052163,28,1,/mnt/data/ssz/mr/results/Qwen2.5-VL/pope/evo/analysis/coco_POPE_random/2812.pt
1319,1319,coco_POPE_random,coco_POPE_random,0,1,"No,",yes,1.671875,0.7514467592592593,11.9375,5.213930823542641,28,1,/mnt/data/ssz/mr/results/Qwen2.5-VL/pope/evo/analysis/coco_POPE_random/1319.pt
575,575,coco_POPE_random,coco_POPE_random,1,0,"Yes,",yes,1.7265625,0.7637442129629629,11.9375,4.782646944420087,28,1,/mnt/data/ssz/mr/results/Qwen2.5-VL/pope/evo/analysis/coco_POPE_random/575.pt
2067,2067,coco_POPE_random,coco_POPE_random,1,0,"Yes,",yes,1.734375,0.7514467592592593,11.9375,4.886922148581703,28,1,/mnt/data/ssz/mr/results/Qwen2.5-VL/pope/evo/analysis/coco_POPE_random/2067.pt
2813,2813,coco_POPE_random,coco_POPE_random,1,0,"Yes,",yes,1.7265625,0.7381365740740741,11.9375,4.641041567815568,28,1,/mnt/data/ssz/mr/results/Qwen2.5-VL/pope/evo/analysis/coco_POPE_random/2813.pt
1320,1320,coco_POPE_random,coco_POPE_random,1,0,"No,",no,1.671875,0.7514467592592593,11.9375,5.065969099030585,28,1,/mnt/data/ssz/mr/results/Qwen2.5-VL/pope/evo/analysis/coco_POPE_random/1320.pt
576,576,coco_POPE_random,coco_POPE_random,1,0,"No,",no,1.71875,0.7637442129629629,11.9375,5.226209014706111,28,1,/mnt/data/ssz/mr/results/Qwen2.5-VL/pope/evo/analysis/coco_POPE_random/576.pt
2068,2068,coco_POPE_random,coco_POPE_random,1,0,"No,",no,1.734375,0.7514467592592593,11.9375,5.317229211331926,28,1,/mnt/data/ssz/mr/results/Qwen2.5-VL/pope/evo/analysis/coco_POPE_random/2068.pt
2814,2814,coco_POPE_random,coco_POPE_random,1,0,"No,",no,1.7265625,0.7381365740740741,11.9375,5.187370164826994,28,1,/mnt/data/ssz/mr/results/Qwen2.5-VL/pope/evo/analysis/coco_POPE_random/2814.pt
577,577,coco_POPE_random,coco_POPE_random,1,0,"Yes,",yes,1.71875,0.7609953703703703,11.9375,4.901749616842467,28,1,/mnt/data/ssz/mr/results/Qwen2.5-VL/pope/evo/analysis/coco_POPE_random/577.pt
1321,1321,coco_POPE_random,coco_POPE_random,1,0,"Yes,",yes,1.703125,0.7543402777777778,11.9375,4.837574575289489,28,1,/mnt/data/ssz/mr/results/Qwen2.5-VL/pope/evo/analysis/coco_POPE_random/1321.pt
2069,2069,coco_POPE_random,coco_POPE_random,0,1,"No,",yes,1.734375,0.7512297453703703,11.9375,5.284962069613391,28,1,/mnt/data/ssz/mr/results/Qwen2.5-VL/pope/evo/analysis/coco_POPE_random/2069.pt
2815,2815,coco_POPE_random,coco_POPE_random,0,1,"No,",yes,1.6953125,0.7492766203703703,11.9375,5.1428290773973435,28,1,/mnt/data/ssz/mr/results/Qwen2.5-VL/pope/evo/analysis/coco_POPE_random/2815.pt
578,578,coco_POPE_random,coco_POPE_random,1,0,"No,",no,1.71875,0.7609953703703703,11.9375,5.2434325235615935,28,1,/mnt/data/ssz/mr/results/Qwen2.5-VL/pope/evo/analysis/coco_POPE_random/578.pt
1322,1322,coco_POPE_random,coco_POPE_random,1,0,"No,",no,1.703125,0.7543402777777778,11.9375,5.241616818705912,28,1,/mnt/data/ssz/mr/results/Qwen2.5-VL/pope/evo/analysis/coco_POPE_random/1322.pt
2070,2070,coco_POPE_random,coco_POPE_random,1,0,"No,",no,1.734375,0.7510127314814815,11.9375,5.248497352421039,28,1,/mnt/data/ssz/mr/results/Qwen2.5-VL/pope/evo/analysis/coco_POPE_random/2070.pt
2816,2816,coco_POPE_random,coco_POPE_random,1,0,"No,",no,1.6953125,0.7492766203703703,11.9375,5.1288376603181955,28,1,/mnt/data/ssz/mr/results/Qwen2.5-VL/pope/evo/analysis/coco_POPE_random/2816.pt
579,579,coco_POPE_random,coco_POPE_random,1,0,"Yes,",yes,1.71875,0.7609953703703703,11.9375,4.878278651286841,28,1,/mnt/data/ssz/mr/results/Qwen2.5-VL/pope/evo/analysis/coco_POPE_random/579.pt
1323,1323,coco_POPE_random,coco_POPE_random,1,0,"Yes,",yes,1.703125,0.7543402777777778,11.9375,4.964347495045126,28,1,/mnt/data/ssz/mr/results/Qwen2.5-VL/pope/evo/analysis/coco_POPE_random/1323.pt
2071,2071,coco_POPE_random,coco_POPE_random,0,1,"No,",yes,1.703125,0.72265625,11.9375,5.165160638488971,28,1,/mnt/data/ssz/mr/results/Qwen2.5-VL/pope/evo/analysis/coco_POPE_random/2071.pt
2817,2817,coco_POPE_random,coco_POPE_random,1,0,"Yes,",yes,1.6953125,0.7494212962962963,11.9375,4.864857201641105,28,1,/mnt/data/ssz/mr/results/Qwen2.5-VL/pope/evo/analysis/coco_POPE_random/2817.pt
580,580,coco_POPE_random,coco_POPE_random,1,0,"No,",no,1.71875,0.7609953703703703,11.9375,5.2970493963894745,28,1,/mnt/data/ssz/mr/results/Qwen2.5-VL/pope/evo/analysis/coco_POPE_random/580.pt
1324,1324,coco_POPE_random,coco_POPE_random,1,0,"No,",no,1.703125,0.7543402777777778,11.9375,5.151536943367569,28,1,/mnt/data/ssz/mr/results/Qwen2.5-VL/pope/evo/analysis/coco_POPE_random/1324.pt
2072,2072,coco_POPE_random,coco_POPE_random,1,0,"No,",no,1.703125,0.72265625,11.9375,5.284809071869452,28,1,/mnt/data/ssz/mr/results/Qwen2.5-VL/pope/evo/analysis/coco_POPE_random/2072.pt
2818,2818,coco_POPE_random,coco_POPE_random,1,0,"No,",no,1.6953125,0.7492766203703703,11.9375,5.234938559912829,28,1,/mnt/data/ssz/mr/results/Qwen2.5-VL/pope/evo/analysis/coco_POPE_random/2818.pt
581,581,coco_POPE_random,coco_POPE_random,1,0,"Yes,",yes,1.71875,0.7609953703703703,11.9375,4.7643569402621555,28,1,/mnt/data/ssz/mr/results/Qwen2.5-VL/pope/evo/analysis/coco_POPE_random/581.pt
1325,1325,coco_POPE_random,coco_POPE_random,1,0,"Yes,",yes,1.703125,0.7543402777777778,11.9375,4.718189755648101,28,1,/mnt/data/ssz/mr/results/Qwen2.5-VL/pope/evo/analysis/coco_POPE_random/1325.pt
2073,2073,coco_POPE_random,coco_POPE_random,1,0,"Yes,",yes,1.703125,0.72265625,11.9375,4.8742660868207395,28,1,/mnt/data/ssz/mr/results/Qwen2.5-VL/pope/evo/analysis/coco_POPE_random/2073.pt
582,582,coco_POPE_random,coco_POPE_random,1,0,"No,",no,1.71875,0.7609953703703703,11.9375,5.203325910959394,28,1,/mnt/data/ssz/mr/results/Qwen2.5-VL/pope/evo/analysis/coco_POPE_random/582.pt
2819,2819,coco_POPE_random,coco_POPE_random,0,1,"No,",yes,1.6953125,0.7492766203703703,11.9375,5.1514884574335795,28,1,/mnt/data/ssz/mr/results/Qwen2.5-VL/pope/evo/analysis/coco_POPE_random/2819.pt
1326,1326,coco_POPE_random,coco_POPE_random,1,0,"No,",no,1.703125,0.7543402777777778,11.9375,5.239956555817807,28,1,/mnt/data/ssz/mr/results/Qwen2.5-VL/pope/evo/analysis/coco_POPE_random/1326.pt
2074,2074,coco_POPE_random,coco_POPE_random,1,0,"No,",no,1.703125,0.72265625,11.9375,5.268031544531713,28,1,/mnt/data/ssz/mr/results/Qwen2.5-VL/pope/evo/analysis/coco_POPE_random/2074.pt
583,583,coco_POPE_random,coco_POPE_random,1,0,"Yes,",yes,1.6796875,0.7680844907407407,11.9375,4.770285398894039,28,1,/mnt/data/ssz/mr/results/Qwen2.5-VL/pope/evo/analysis/coco_POPE_random/583.pt
2820,2820,coco_POPE_random,coco_POPE_random,1,0,"No,",no,1.6953125,0.7492766203703703,11.9375,5.187672683422847,28,1,/mnt/data/ssz/mr/results/Qwen2.5-VL/pope/evo/analysis/coco_POPE_random/2820.pt
1327,1327,coco_POPE_random,coco_POPE_random,0,1,"No,",yes,1.671875,0.7712673611111112,11.9375,5.180763474293003,28,1,/mnt/data/ssz/mr/results/Qwen2.5-VL/pope/evo/analysis/coco_POPE_random/1327.pt
2075,2075,coco_POPE_random,coco_POPE_random,1,0,"Yes,",yes,1.703125,0.72265625,11.9375,4.767601145296927,28,1,/mnt/data/ssz/mr/results/Qwen2.5-VL/pope/evo/analysis/coco_POPE_random/2075.pt
584,584,coco_POPE_random,coco_POPE_random,1,0,"No,",no,1.6796875,0.7675057870370371,11.9375,5.186837563019755,28,1,/mnt/data/ssz/mr/results/Qwen2.5-VL/pope/evo/analysis/coco_POPE_random/584.pt
2821,2821,coco_POPE_random,coco_POPE_random,1,0,"Yes,",yes,1.7421875,0.7471064814814815,11.9375,5.019081850175389,28,1,/mnt/data/ssz/mr/results/Qwen2.5-VL/pope/evo/analysis/coco_POPE_random/2821.pt
1328,1328,coco_POPE_random,coco_POPE_random,1,0,"No,",no,1.671875,0.7711226851851852,11.9375,5.224915818324132,28,1,/mnt/data/ssz/mr/results/Qwen2.5-VL/pope/evo/analysis/coco_POPE_random/1328.pt
2076,2076,coco_POPE_random,coco_POPE_random,1,0,"No,",no,1.703125,0.72265625,11.9375,5.2223754973039265,28,1,/mnt/data/ssz/mr/results/Qwen2.5-VL/pope/evo/analysis/coco_POPE_random/2076.pt
585,585,coco_POPE_random,coco_POPE_random,1,0,"Yes,",yes,1.6796875,0.7680844907407407,11.9375,4.808900613724637,28,1,/mnt/data/ssz/mr/results/Qwen2.5-VL/pope/evo/analysis/coco_POPE_random/585.pt
1329,1329,coco_POPE_random,coco_POPE_random,1,0,"Yes,",yes,1.671875,0.7712673611111112,11.9375,4.814872680063703,28,1,/mnt/data/ssz/mr/results/Qwen2.5-VL/pope/evo/analysis/coco_POPE_random/1329.pt
2822,2822,coco_POPE_random,coco_POPE_random,1,0,"No,",no,1.7421875,0.7465277777777778,11.9375,5.239467873521037,28,1,/mnt/data/ssz/mr/results/Qwen2.5-VL/pope/evo/analysis/coco_POPE_random/2822.pt
2077,2077,coco_POPE_random,coco_POPE_random,1,0,"Yes,",yes,1.71875,0.7373408564814815,11.9375,4.765892503237222,28,1,/mnt/data/ssz/mr/results/Qwen2.5-VL/pope/evo/analysis/coco_POPE_random/2077.pt
586,586,coco_POPE_random,coco_POPE_random,1,0,"No,",no,1.6796875,0.7677951388888888,11.9375,5.145263719527631,28,1,/mnt/data/ssz/mr/results/Qwen2.5-VL/pope/evo/analysis/coco_POPE_random/586.pt
1330,1330,coco_POPE_random,coco_POPE_random,1,0,"No,",no,1.671875,0.7709780092592593,11.9375,5.1475059688455085,28,1,/mnt/data/ssz/mr/results/Qwen2.5-VL/pope/evo/analysis/coco_POPE_random/1330.pt
2823,2823,coco_POPE_random,coco_POPE_random,0,1,"No,",yes,1.7421875,0.7465277777777778,11.9375,5.21659534070481,28,1,/mnt/data/ssz/mr/results/Qwen2.5-VL/pope/evo/analysis/coco_POPE_random/2823.pt
2078,2078,coco_POPE_random,coco_POPE_random,1,0,"No,",no,1.71875,0.7374131944444444,11.9375,5.313825530169637,28,1,/mnt/data/ssz/mr/results/Qwen2.5-VL/pope/evo/analysis/coco_POPE_random/2078.pt
587,587,coco_POPE_random,coco_POPE_random,1,0,"Yes,",yes,1.6796875,0.7677951388888888,11.9375,4.75796496185499,28,1,/mnt/data/ssz/mr/results/Qwen2.5-VL/pope/evo/analysis/coco_POPE_random/587.pt
1331,1331,coco_POPE_random,coco_POPE_random,0,1,"No,",yes,1.671875,0.7711226851851852,11.9375,5.231076448961365,28,1,/mnt/data/ssz/mr/results/Qwen2.5-VL/pope/evo/analysis/coco_POPE_random/1331.pt
2824,2824,coco_POPE_random,coco_POPE_random,1,0,"No,",no,1.7421875,0.7465277777777778,11.9375,5.335540354435517,28,1,/mnt/data/ssz/mr/results/Qwen2.5-VL/pope/evo/analysis/coco_POPE_random/2824.pt
2079,2079,coco_POPE_random,coco_POPE_random,0,1,"No,",yes,1.71875,0.7373408564814815,11.9375,5.310967989873839,28,1,/mnt/data/ssz/mr/results/Qwen2.5-VL/pope/evo/analysis/coco_POPE_random/2079.pt
588,588,coco_POPE_random,coco_POPE_random,1,0,"No,",no,1.6796875,0.7677228009259259,11.9375,5.1525378823877155,28,1,/mnt/data/ssz/mr/results/Qwen2.5-VL/pope/evo/analysis/coco_POPE_random/588.pt
1332,1332,coco_POPE_random,coco_POPE_random,1,0,"No,",no,1.671875,0.7711226851851852,11.9375,5.2159036973388195,28,1,/mnt/data/ssz/mr/results/Qwen2.5-VL/pope/evo/analysis/coco_POPE_random/1332.pt
2825,2825,coco_POPE_random,coco_POPE_random,1,0,"Yes,",yes,1.7421875,0.7471064814814815,11.9375,4.732873321638307,28,1,/mnt/data/ssz/mr/results/Qwen2.5-VL/pope/evo/analysis/coco_POPE_random/2825.pt
2080,2080,coco_POPE_random,coco_POPE_random,1,0,"No,",no,1.71875,0.7373408564814815,11.9375,5.168041470647636,28,1,/mnt/data/ssz/mr/results/Qwen2.5-VL/pope/evo/analysis/coco_POPE_random/2080.pt
589,589,coco_POPE_random,coco_POPE_random,1,0,"Yes,",yes,1.703125,0.7473958333333334,11.9375,4.838440967609333,28,1,/mnt/data/ssz/mr/results/Qwen2.5-VL/pope/evo/analysis/coco_POPE_random/589.pt
1333,1333,coco_POPE_random,coco_POPE_random,1,0,"Yes,",yes,1.7109375,0.7515914351851852,11.9375,4.826441250215858,28,1,/mnt/data/ssz/mr/results/Qwen2.5-VL/pope/evo/analysis/coco_POPE_random/1333.pt
2826,2826,coco_POPE_random,coco_POPE_random,1,0,"No,",no,1.7421875,0.7468171296296297,11.9375,5.225007213812268,28,1,/mnt/data/ssz/mr/results/Qwen2.5-VL/pope/evo/analysis/coco_POPE_random/2826.pt
2081,2081,coco_POPE_random,coco_POPE_random,1,0,"Yes,",yes,1.71875,0.7374131944444444,11.9375,4.794358104488733,28,1,/mnt/data/ssz/mr/results/Qwen2.5-VL/pope/evo/analysis/coco_POPE_random/2081.pt
590,590,coco_POPE_random,coco_POPE_random,1,0,"No,",no,1.703125,0.7473958333333334,11.9375,5.171151285799012,28,1,/mnt/data/ssz/mr/results/Qwen2.5-VL/pope/evo/analysis/coco_POPE_random/590.pt
1334,1334,coco_POPE_random,coco_POPE_random,1,0,"No,",no,1.7109375,0.7515914351851852,11.9375,5.156056487819397,28,1,/mnt/data/ssz/mr/results/Qwen2.5-VL/pope/evo/analysis/coco_POPE_random/1334.pt
2827,2827,coco_POPE_random,coco_POPE_random,1,0,"Yes,",yes,1.734375,0.7369791666666666,11.9375,4.67753156900027,28,1,/mnt/data/ssz/mr/results/Qwen2.5-VL/pope/evo/analysis/coco_POPE_random/2827.pt
2082,2082,coco_POPE_random,coco_POPE_random,1,0,"No,",no,1.71875,0.7374131944444444,11.9375,5.308198942046901,28,1,/mnt/data/ssz/mr/results/Qwen2.5-VL/pope/evo/analysis/coco_POPE_random/2082.pt
591,591,coco_POPE_random,coco_POPE_random,1,0,"Yes,",yes,1.703125,0.7473958333333334,11.9375,4.757307410886824,28,1,/mnt/data/ssz/mr/results/Qwen2.5-VL/pope/evo/analysis/coco_POPE_random/591.pt
1335,1335,coco_POPE_random,coco_POPE_random,0,1,"No,",yes,1.7109375,0.7515914351851852,11.9375,5.1379808686842505,28,1,/mnt/data/ssz/mr/results/Qwen2.5-VL/pope/evo/analysis/coco_POPE_random/1335.pt
2828,2828,coco_POPE_random,coco_POPE_random,1,0,"No,",no,1.734375,0.7369791666666666,11.9375,5.227796449449231,28,1,/mnt/data/ssz/mr/results/Qwen2.5-VL/pope/evo/analysis/coco_POPE_random/2828.pt
2083,2083,coco_POPE_random,coco_POPE_random,1,0,"Yes,",yes,1.734375,0.7446469907407407,11.9375,4.946806992703653,28,1,/mnt/data/ssz/mr/results/Qwen2.5-VL/pope/evo/analysis/coco_POPE_random/2083.pt
592,592,coco_POPE_random,coco_POPE_random,1,0,"No,",no,1.703125,0.7473958333333334,11.9375,5.119807068751533,28,1,/mnt/data/ssz/mr/results/Qwen2.5-VL/pope/evo/analysis/coco_POPE_random/592.pt
1336,1336,coco_POPE_random,coco_POPE_random,1,0,"No,",no,1.7109375,0.7515914351851852,11.9375,5.179454649347185,28,1,/mnt/data/ssz/mr/results/Qwen2.5-VL/pope/evo/analysis/coco_POPE_random/1336.pt
2829,2829,coco_POPE_random,coco_POPE_random,1,0,"Yes,",yes,1.734375,0.7369791666666666,11.9375,4.78065452474585,28,1,/mnt/data/ssz/mr/results/Qwen2.5-VL/pope/evo/analysis/coco_POPE_random/2829.pt
2084,2084,coco_POPE_random,coco_POPE_random,1,0,"No,",no,1.734375,0.744140625,11.9375,5.319678001594531,28,1,/mnt/data/ssz/mr/results/Qwen2.5-VL/pope/evo/analysis/coco_POPE_random/2084.pt
593,593,coco_POPE_random,coco_POPE_random,1,0,"Yes,",yes,1.703125,0.7473958333333334,11.9375,4.759760058936633,28,1,/mnt/data/ssz/mr/results/Qwen2.5-VL/pope/evo/analysis/coco_POPE_random/593.pt
1337,1337,coco_POPE_random,coco_POPE_random,1,0,"Yes,",yes,1.7109375,0.7515914351851852,11.9375,4.756285565536708,28,1,/mnt/data/ssz/mr/results/Qwen2.5-VL/pope/evo/analysis/coco_POPE_random/1337.pt
2830,2830,coco_POPE_random,coco_POPE_random,1,0,"No,",no,1.734375,0.7369791666666666,11.9375,5.196973922496471,28,1,/mnt/data/ssz/mr/results/Qwen2.5-VL/pope/evo/analysis/coco_POPE_random/2830.pt
2085,2085,coco_POPE_random,coco_POPE_random,1,0,"Yes,",yes,1.734375,0.7436342592592593,11.9375,4.855897664766902,28,1,/mnt/data/ssz/mr/results/Qwen2.5-VL/pope/evo/analysis/coco_POPE_random/2085.pt
594,594,coco_POPE_random,coco_POPE_random,1,0,"No,",no,1.703125,0.7473958333333334,11.9375,5.235493401279419,28,1,/mnt/data/ssz/mr/results/Qwen2.5-VL/pope/evo/analysis/coco_POPE_random/594.pt
1338,1338,coco_POPE_random,coco_POPE_random,1,0,"No,",no,1.7109375,0.7515914351851852,11.9375,5.207643029362114,28,1,/mnt/data/ssz/mr/results/Qwen2.5-VL/pope/evo/analysis/coco_POPE_random/1338.pt
2831,2831,coco_POPE_random,coco_POPE_random,1,0,"Yes,",yes,1.734375,0.7369791666666666,11.9375,4.757906947095309,28,1,/mnt/data/ssz/mr/results/Qwen2.5-VL/pope/evo/analysis/coco_POPE_random/2831.pt
2086,2086,coco_POPE_random,coco_POPE_random,1,0,"No,",no,1.734375,0.7446469907407407,11.9375,5.3285759834546225,28,1,/mnt/data/ssz/mr/results/Qwen2.5-VL/pope/evo/analysis/coco_POPE_random/2086.pt
595,595,coco_POPE_random,coco_POPE_random,1,0,"Yes,",yes,1.734375,0.7724971064814815,11.9375,4.765925034262784,28,2,/mnt/data/ssz/mr/results/Qwen2.5-VL/pope/evo/analysis/coco_POPE_random/595.pt
2832,2832,coco_POPE_random,coco_POPE_random,1,0,"No,",no,1.734375,0.7369791666666666,11.9375,5.149654897923908,28,1,/mnt/data/ssz/mr/results/Qwen2.5-VL/pope/evo/analysis/coco_POPE_random/2832.pt
1339,1339,coco_POPE_random,coco_POPE_random,0,1,"No,",yes,1.75,0.7523871527777778,11.9375,5.284223361291078,28,2,/mnt/data/ssz/mr/results/Qwen2.5-VL/pope/evo/analysis/coco_POPE_random/1339.pt
2087,2087,coco_POPE_random,coco_POPE_random,0,1,"No,",yes,1.734375,0.744140625,11.9375,5.298735516750043,28,1,/mnt/data/ssz/mr/results/Qwen2.5-VL/pope/evo/analysis/coco_POPE_random/2087.pt
596,596,coco_POPE_random,coco_POPE_random,1,0,"No,",no,1.734375,0.7724971064814815,11.9375,5.231669829565245,28,2,/mnt/data/ssz/mr/results/Qwen2.5-VL/pope/evo/analysis/coco_POPE_random/596.pt
2833,2833,coco_POPE_random,coco_POPE_random,0,1,"No,",yes,1.71875,0.7387152777777778,11.9375,5.209149130031337,28,1,/mnt/data/ssz/mr/results/Qwen2.5-VL/pope/evo/analysis/coco_POPE_random/2833.pt
1340,1340,coco_POPE_random,coco_POPE_random,1,0,"No,",no,1.7421875,0.7515914351851852,11.9375,5.270338757479264,28,1,/mnt/data/ssz/mr/results/Qwen2.5-VL/pope/evo/analysis/coco_POPE_random/1340.pt
2088,2088,coco_POPE_random,coco_POPE_random,1,0,"No,",no,1.734375,0.744140625,11.9375,5.229045019841453,28,1,/mnt/data/ssz/mr/results/Qwen2.5-VL/pope/evo/analysis/coco_POPE_random/2088.pt
597,597,coco_POPE_random,coco_POPE_random,1,0,"Yes,",yes,1.7265625,0.7719907407407407,11.9375,4.978589271283604,28,1,/mnt/data/ssz/mr/results/Qwen2.5-VL/pope/evo/analysis/coco_POPE_random/597.pt
2834,2834,coco_POPE_random,coco_POPE_random,1,0,"No,",no,1.71875,0.7388599537037037,11.9375,5.34177449349603,28,1,/mnt/data/ssz/mr/results/Qwen2.5-VL/pope/evo/analysis/coco_POPE_random/2834.pt
1341,1341,coco_POPE_random,coco_POPE_random,0,1,"No,",yes,1.75,0.7523871527777778,11.9375,5.299318218389469,28,2,/mnt/data/ssz/mr/results/Qwen2.5-VL/pope/evo/analysis/coco_POPE_random/1341.pt
2089,2089,coco_POPE_random,coco_POPE_random,0,1,"No,",yes,1.7109375,0.7514467592592593,11.9375,5.209157075210834,28,1,/mnt/data/ssz/mr/results/Qwen2.5-VL/pope/evo/analysis/coco_POPE_random/2089.pt
598,598,coco_POPE_random,coco_POPE_random,1,0,"No,",no,1.734375,0.7724971064814815,11.9375,5.2022757126532735,28,2,/mnt/data/ssz/mr/results/Qwen2.5-VL/pope/evo/analysis/coco_POPE_random/598.pt
2835,2835,coco_POPE_random,coco_POPE_random,0,1,"No,",yes,1.71875,0.7385706018518519,11.9375,5.316214854072064,28,1,/mnt/data/ssz/mr/results/Qwen2.5-VL/pope/evo/analysis/coco_POPE_random/2835.pt
1342,1342,coco_POPE_random,coco_POPE_random,1,0,"No,",no,1.7421875,0.7515914351851852,11.9375,5.317302143326304,28,1,/mnt/data/ssz/mr/results/Qwen2.5-VL/pope/evo/analysis/coco_POPE_random/1342.pt
2090,2090,coco_POPE_random,coco_POPE_random,1,0,"No,",no,1.7109375,0.7514467592592593,11.9375,5.246898540836724,28,1,/mnt/data/ssz/mr/results/Qwen2.5-VL/pope/evo/analysis/coco_POPE_random/2090.pt
599,599,coco_POPE_random,coco_POPE_random,1,0,"Yes,",yes,1.7265625,0.7719907407407407,11.9375,4.891254547553436,28,1,/mnt/data/ssz/mr/results/Qwen2.5-VL/pope/evo/analysis/coco_POPE_random/599.pt
2836,2836,coco_POPE_random,coco_POPE_random,1,0,"No,",no,1.71875,0.7388599537037037,11.9375,5.3130049591516215,28,1,/mnt/data/ssz/mr/results/Qwen2.5-VL/pope/evo/analysis/coco_POPE_random/2836.pt
1343,1343,coco_POPE_random,coco_POPE_random,1,0,"Yes,",yes,1.7421875,0.7515914351851852,11.9375,4.852968318303629,28,1,/mnt/data/ssz/mr/results/Qwen2.5-VL/pope/evo/analysis/coco_POPE_random/1343.pt
2091,2091,coco_POPE_random,coco_POPE_random,0,1,"No,",yes,1.7109375,0.7514467592592593,11.9375,5.3500138238907935,28,1,/mnt/data/ssz/mr/results/Qwen2.5-VL/pope/evo/analysis/coco_POPE_random/2091.pt
600,600,coco_POPE_random,coco_POPE_random,1,0,"No,",no,1.734375,0.7724971064814815,11.9375,5.31229117115351,28,2,/mnt/data/ssz/mr/results/Qwen2.5-VL/pope/evo/analysis/coco_POPE_random/600.pt
2837,2837,coco_POPE_random,coco_POPE_random,1,0,"Yes,",yes,1.71875,0.7385706018518519,11.9375,4.794025565834788,28,1,/mnt/data/ssz/mr/results/Qwen2.5-VL/pope/evo/analysis/coco_POPE_random/2837.pt
1344,1344,coco_POPE_random,coco_POPE_random,1,0,"No,",no,1.75,0.7531828703703703,11.9375,5.369185804590886,28,1,/mnt/data/ssz/mr/results/Qwen2.5-VL/pope/evo/analysis/coco_POPE_random/1344.pt
2092,2092,coco_POPE_random,coco_POPE_random,1,0,"No,",no,1.7109375,0.7514467592592593,11.9375,5.23886985770986,28,1,/mnt/data/ssz/mr/results/Qwen2.5-VL/pope/evo/analysis/coco_POPE_random/2092.pt
601,601,coco_POPE_random,coco_POPE_random,1,0,"Yes,",yes,1.703125,0.7488425925925926,11.9375,4.691094217300603,28,1,/mnt/data/ssz/mr/results/Qwen2.5-VL/pope/evo/analysis/coco_POPE_random/601.pt
2838,2838,coco_POPE_random,coco_POPE_random,1,0,"No,",no,1.71875,0.7387152777777778,11.9375,5.342735199559934,28,1,/mnt/data/ssz/mr/results/Qwen2.5-VL/pope/evo/analysis/coco_POPE_random/2838.pt
1345,1345,coco_POPE_random,coco_POPE_random,0,1,"No,",yes,1.7109375,0.7495659722222222,11.9375,5.259853056926033,28,1,/mnt/data/ssz/mr/results/Qwen2.5-VL/pope/evo/analysis/coco_POPE_random/1345.pt
2093,2093,coco_POPE_random,coco_POPE_random,1,0,"Yes,",yes,1.7109375,0.7514467592592593,11.9375,4.762610766593095,28,1,/mnt/data/ssz/mr/results/Qwen2.5-VL/pope/evo/analysis/coco_POPE_random/2093.pt
602,602,coco_POPE_random,coco_POPE_random,1,0,"No,",no,1.703125,0.7488425925925926,11.9375,5.158534380851553,28,1,/mnt/data/ssz/mr/results/Qwen2.5-VL/pope/evo/analysis/coco_POPE_random/602.pt
2839,2839,coco_POPE_random,coco_POPE_random,1,0,"Yes,",yes,1.71875,0.7792245370370371,11.9375,4.712449749497151,28,1,/mnt/data/ssz/mr/results/Qwen2.5-VL/pope/evo/analysis/coco_POPE_random/2839.pt
1346,1346,coco_POPE_random,coco_POPE_random,1,0,"No,",no,1.7109375,0.7495659722222222,11.9375,5.277339012289054,28,1,/mnt/data/ssz/mr/results/Qwen2.5-VL/pope/evo/analysis/coco_POPE_random/1346.pt
2094,2094,coco_POPE_random,coco_POPE_random,1,0,"No,",no,1.7109375,0.7514467592592593,11.9375,5.207954703724524,28,1,/mnt/data/ssz/mr/results/Qwen2.5-VL/pope/evo/analysis/coco_POPE_random/2094.pt
603,603,coco_POPE_random,coco_POPE_random,1,0,"Yes,",yes,1.703125,0.7488425925925926,11.9375,4.800468143284464,28,1,/mnt/data/ssz/mr/results/Qwen2.5-VL/pope/evo/analysis/coco_POPE_random/603.pt
2840,2840,coco_POPE_random,coco_POPE_random,1,0,"No,",no,1.71875,0.7805266203703703,11.9375,5.217788659482,28,1,/mnt/data/ssz/mr/results/Qwen2.5-VL/pope/evo/analysis/coco_POPE_random/2840.pt
1347,1347,coco_POPE_random,coco_POPE_random,1,0,"Yes,",yes,1.7109375,0.7495659722222222,11.9375,4.823808864404014,28,1,/mnt/data/ssz/mr/results/Qwen2.5-VL/pope/evo/analysis/coco_POPE_random/1347.pt
2095,2095,coco_POPE_random,coco_POPE_random,0,1,"No,",yes,1.6875,0.7455150462962963,11.9375,5.3966044063935765,28,1,/mnt/data/ssz/mr/results/Qwen2.5-VL/pope/evo/analysis/coco_POPE_random/2095.pt
604,604,coco_POPE_random,coco_POPE_random,1,0,"No,",no,1.703125,0.7488425925925926,11.9375,5.239771118088199,28,1,/mnt/data/ssz/mr/results/Qwen2.5-VL/pope/evo/analysis/coco_POPE_random/604.pt
2841,2841,coco_POPE_random,coco_POPE_random,1,0,"Yes,",yes,1.71875,0.7805266203703703,11.9375,4.868639761164541,28,1,/mnt/data/ssz/mr/results/Qwen2.5-VL/pope/evo/analysis/coco_POPE_random/2841.pt
1348,1348,coco_POPE_random,coco_POPE_random,1,0,"No,",no,1.7109375,0.7495659722222222,11.9375,5.231248002964313,28,1,/mnt/data/ssz/mr/results/Qwen2.5-VL/pope/evo/analysis/coco_POPE_random/1348.pt
2096,2096,coco_POPE_random,coco_POPE_random,1,0,"No,",no,1.6875,0.7455150462962963,11.9375,5.206659099965567,28,1,/mnt/data/ssz/mr/results/Qwen2.5-VL/pope/evo/analysis/coco_POPE_random/2096.pt
605,605,coco_POPE_random,coco_POPE_random,1,0,"Yes,",yes,1.703125,0.7488425925925926,11.9375,4.706371878085114,28,1,/mnt/data/ssz/mr/results/Qwen2.5-VL/pope/evo/analysis/coco_POPE_random/605.pt
2842,2842,coco_POPE_random,coco_POPE_random,1,0,"No,",no,1.71875,0.7805266203703703,11.9375,5.141118842169066,28,1,/mnt/data/ssz/mr/results/Qwen2.5-VL/pope/evo/analysis/coco_POPE_random/2842.pt
1349,1349,coco_POPE_random,coco_POPE_random,1,0,"Yes,",yes,1.7109375,0.7495659722222222,11.9375,4.9011363596498425,28,1,/mnt/data/ssz/mr/results/Qwen2.5-VL/pope/evo/analysis/coco_POPE_random/1349.pt
2097,2097,coco_POPE_random,coco_POPE_random,1,0,"Yes,",yes,1.6875,0.7455150462962963,11.9375,4.839482152526444,28,1,/mnt/data/ssz/mr/results/Qwen2.5-VL/pope/evo/analysis/coco_POPE_random/2097.pt
606,606,coco_POPE_random,coco_POPE_random,1,0,"No,",no,1.703125,0.7488425925925926,11.9375,5.145021835396502,28,1,/mnt/data/ssz/mr/results/Qwen2.5-VL/pope/evo/analysis/coco_POPE_random/606.pt
2843,2843,coco_POPE_random,coco_POPE_random,0,1,"No,",yes,1.71875,0.7805266203703703,11.9375,5.18323793220746,28,1,/mnt/data/ssz/mr/results/Qwen2.5-VL/pope/evo/analysis/coco_POPE_random/2843.pt
1350,1350,coco_POPE_random,coco_POPE_random,1,0,"No,",no,1.7109375,0.7495659722222222,11.9375,5.259341827948014,28,1,/mnt/data/ssz/mr/results/Qwen2.5-VL/pope/evo/analysis/coco_POPE_random/1350.pt
2098,2098,coco_POPE_random,coco_POPE_random,1,0,"No,",no,1.6875,0.7455150462962963,11.9375,5.217643089155398,28,1,/mnt/data/ssz/mr/results/Qwen2.5-VL/pope/evo/analysis/coco_POPE_random/2098.pt
2844,2844,coco_POPE_random,coco_POPE_random,1,0,"No,",no,1.71875,0.7792245370370371,11.9375,5.2840171903783295,28,1,/mnt/data/ssz/mr/results/Qwen2.5-VL/pope/evo/analysis/coco_POPE_random/2844.pt
607,607,coco_POPE_random,coco_POPE_random,1,0,"Yes,",yes,1.71875,0.7530381944444444,11.9375,4.744696446010747,28,1,/mnt/data/ssz/mr/results/Qwen2.5-VL/pope/evo/analysis/coco_POPE_random/607.pt
2099,2099,coco_POPE_random,coco_POPE_random,0,1,"No,",yes,1.6875,0.7456597222222222,11.9375,5.282656595159443,28,1,/mnt/data/ssz/mr/results/Qwen2.5-VL/pope/evo/analysis/coco_POPE_random/2099.pt
1351,1351,coco_POPE_random,coco_POPE_random,0,1,"No,",yes,1.703125,0.7508680555555556,11.9375,5.149419294375423,28,1,/mnt/data/ssz/mr/results/Qwen2.5-VL/pope/evo/analysis/coco_POPE_random/1351.pt
2845,2845,coco_POPE_random,coco_POPE_random,1,0,"Yes,",yes,1.734375,0.7614293981481481,11.9375,4.889439977647286,28,1,/mnt/data/ssz/mr/results/Qwen2.5-VL/pope/evo/analysis/coco_POPE_random/2845.pt
608,608,coco_POPE_random,coco_POPE_random,1,0,"No,",no,1.71875,0.7533275462962963,11.9375,5.18683107469506,28,1,/mnt/data/ssz/mr/results/Qwen2.5-VL/pope/evo/analysis/coco_POPE_random/608.pt
2100,2100,coco_POPE_random,coco_POPE_random,1,0,"No,",no,1.6875,0.7456597222222222,11.9375,5.275523186561697,28,1,/mnt/data/ssz/mr/results/Qwen2.5-VL/pope/evo/analysis/coco_POPE_random/2100.pt
1352,1352,coco_POPE_random,coco_POPE_random,1,0,"No,",no,1.703125,0.7508680555555556,11.9375,5.156413530602331,28,1,/mnt/data/ssz/mr/results/Qwen2.5-VL/pope/evo/analysis/coco_POPE_random/1352.pt
2846,2846,coco_POPE_random,coco_POPE_random,1,0,"No,",no,1.734375,0.7621527777777778,11.9375,5.307417718311438,28,1,/mnt/data/ssz/mr/results/Qwen2.5-VL/pope/evo/analysis/coco_POPE_random/2846.pt
609,609,coco_POPE_random,coco_POPE_random,1,0,"Yes,",yes,1.71875,0.7531828703703703,11.9375,4.750826310440032,28,1,/mnt/data/ssz/mr/results/Qwen2.5-VL/pope/evo/analysis/coco_POPE_random/609.pt
2101,2101,coco_POPE_random,coco_POPE_random,0,1,"No,",yes,1.703125,0.7672164351851852,11.9375,5.250508916799377,28,1,/mnt/data/ssz/mr/results/Qwen2.5-VL/pope/evo/analysis/coco_POPE_random/2101.pt
1353,1353,coco_POPE_random,coco_POPE_random,1,0,"Yes,",yes,1.703125,0.7508680555555556,11.9375,4.723527535404269,28,1,/mnt/data/ssz/mr/results/Qwen2.5-VL/pope/evo/analysis/coco_POPE_random/1353.pt
2847,2847,coco_POPE_random,coco_POPE_random,1,0,"Yes,",yes,1.734375,0.7614293981481481,11.9375,4.688083086813128,28,1,/mnt/data/ssz/mr/results/Qwen2.5-VL/pope/evo/analysis/coco_POPE_random/2847.pt
610,610,coco_POPE_random,coco_POPE_random,1,0,"No,",no,1.71875,0.7531828703703703,11.9375,5.221745981329276,28,1,/mnt/data/ssz/mr/results/Qwen2.5-VL/pope/evo/analysis/coco_POPE_random/610.pt
2102,2102,coco_POPE_random,coco_POPE_random,1,0,"No,",no,1.703125,0.7672164351851852,11.9375,5.285667393257019,28,1,/mnt/data/ssz/mr/results/Qwen2.5-VL/pope/evo/analysis/coco_POPE_random/2102.pt
1354,1354,coco_POPE_random,coco_POPE_random,1,0,"No,",no,1.703125,0.7508680555555556,11.9375,5.276398492511362,28,1,/mnt/data/ssz/mr/results/Qwen2.5-VL/pope/evo/analysis/coco_POPE_random/1354.pt
2848,2848,coco_POPE_random,coco_POPE_random,1,0,"No,",no,1.734375,0.7621527777777778,11.9375,5.217643273417268,28,1,/mnt/data/ssz/mr/results/Qwen2.5-VL/pope/evo/analysis/coco_POPE_random/2848.pt
611,611,coco_POPE_random,coco_POPE_random,0,1,"No,",yes,1.71875,0.7531828703703703,11.9375,5.228783077864452,28,1,/mnt/data/ssz/mr/results/Qwen2.5-VL/pope/evo/analysis/coco_POPE_random/611.pt
2103,2103,coco_POPE_random,coco_POPE_random,1,0,"Yes,",yes,1.703125,0.7664930555555556,11.9375,4.760532560944646,28,1,/mnt/data/ssz/mr/results/Qwen2.5-VL/pope/evo/analysis/coco_POPE_random/2103.pt
1355,1355,coco_POPE_random,coco_POPE_random,1,0,"Yes,",yes,1.703125,0.7508680555555556,11.9375,4.762044455762815,28,1,/mnt/data/ssz/mr/results/Qwen2.5-VL/pope/evo/analysis/coco_POPE_random/1355.pt
2849,2849,coco_POPE_random,coco_POPE_random,1,0,"Yes,",yes,1.734375,0.7621527777777778,11.9375,4.76970597388874,28,1,/mnt/data/ssz/mr/results/Qwen2.5-VL/pope/evo/analysis/coco_POPE_random/2849.pt
612,612,coco_POPE_random,coco_POPE_random,1,0,"No,",no,1.71875,0.7531828703703703,11.9375,5.257721182489996,28,1,/mnt/data/ssz/mr/results/Qwen2.5-VL/pope/evo/analysis/coco_POPE_random/612.pt
2104,2104,coco_POPE_random,coco_POPE_random,1,0,"No,",no,1.703125,0.7672164351851852,11.9375,5.22327890185976,28,1,/mnt/data/ssz/mr/results/Qwen2.5-VL/pope/evo/analysis/coco_POPE_random/2104.pt
1356,1356,coco_POPE_random,coco_POPE_random,1,0,"No,",no,1.703125,0.7508680555555556,11.9375,5.247560888645866,28,1,/mnt/data/ssz/mr/results/Qwen2.5-VL/pope/evo/analysis/coco_POPE_random/1356.pt
2850,2850,coco_POPE_random,coco_POPE_random,1,0,"No,",no,1.734375,0.7621527777777778,11.9375,5.27707265756758,28,1,/mnt/data/ssz/mr/results/Qwen2.5-VL/pope/evo/analysis/coco_POPE_random/2850.pt
613,613,coco_POPE_random,coco_POPE_random,1,0,"Yes,",yes,1.734375,0.7455150462962963,11.9375,4.8777427243315845,28,1,/mnt/data/ssz/mr/results/Qwen2.5-VL/pope/evo/analysis/coco_POPE_random/613.pt
2105,2105,coco_POPE_random,coco_POPE_random,0,1,"No,",yes,1.703125,0.7664930555555556,11.9375,5.343900063331543,28,1,/mnt/data/ssz/mr/results/Qwen2.5-VL/pope/evo/analysis/coco_POPE_random/2105.pt
1357,1357,coco_POPE_random,coco_POPE_random,0,1,"No,",yes,1.703125,0.7569444444444444,11.9375,5.413434017419608,28,1,/mnt/data/ssz/mr/results/Qwen2.5-VL/pope/evo/analysis/coco_POPE_random/1357.pt
2851,2851,coco_POPE_random,coco_POPE_random,0,1,"No,",yes,1.734375,0.7552083333333334,11.9375,5.231411384224414,28,1,/mnt/data/ssz/mr/results/Qwen2.5-VL/pope/evo/analysis/coco_POPE_random/2851.pt
614,614,coco_POPE_random,coco_POPE_random,1,0,"No,",no,1.7265625,0.7453703703703703,11.9375,5.189999920110809,28,1,/mnt/data/ssz/mr/results/Qwen2.5-VL/pope/evo/analysis/coco_POPE_random/614.pt
2106,2106,coco_POPE_random,coco_POPE_random,1,0,"No,",no,1.703125,0.7672164351851852,11.9375,5.1770843156946595,28,1,/mnt/data/ssz/mr/results/Qwen2.5-VL/pope/evo/analysis/coco_POPE_random/2106.pt
1358,1358,coco_POPE_random,coco_POPE_random,1,0,"No,",no,1.703125,0.7569444444444444,11.9375,5.294324213734682,28,1,/mnt/data/ssz/mr/results/Qwen2.5-VL/pope/evo/analysis/coco_POPE_random/1358.pt
2852,2852,coco_POPE_random,coco_POPE_random,1,0,"No,",no,1.734375,0.7552083333333334,11.9375,5.251864839013785,28,1,/mnt/data/ssz/mr/results/Qwen2.5-VL/pope/evo/analysis/coco_POPE_random/2852.pt
615,615,coco_POPE_random,coco_POPE_random,1,0,"Yes,",yes,1.734375,0.7456597222222222,11.9375,4.780533788081436,28,1,/mnt/data/ssz/mr/results/Qwen2.5-VL/pope/evo/analysis/coco_POPE_random/615.pt
2107,2107,coco_POPE_random,coco_POPE_random,1,0,"Yes,",yes,1.71875,0.7446469907407407,11.9375,4.949915838190503,28,1,/mnt/data/ssz/mr/results/Qwen2.5-VL/pope/evo/analysis/coco_POPE_random/2107.pt
1359,1359,coco_POPE_random,coco_POPE_random,1,0,"Yes,",yes,1.703125,0.7566550925925926,11.9375,4.867362180442986,28,1,/mnt/data/ssz/mr/results/Qwen2.5-VL/pope/evo/analysis/coco_POPE_random/1359.pt
2853,2853,coco_POPE_random,coco_POPE_random,1,0,"Yes,",yes,1.734375,0.7552083333333334,11.9375,4.7045728760858845,28,1,/mnt/data/ssz/mr/results/Qwen2.5-VL/pope/evo/analysis/coco_POPE_random/2853.pt
616,616,coco_POPE_random,coco_POPE_random,1,0,"No,",no,1.7265625,0.7454427083333334,11.9375,5.314479817689752,28,1,/mnt/data/ssz/mr/results/Qwen2.5-VL/pope/evo/analysis/coco_POPE_random/616.pt
2108,2108,coco_POPE_random,coco_POPE_random,1,0,"No,",no,1.71875,0.7446469907407407,11.9375,5.245094509127928,28,1,/mnt/data/ssz/mr/results/Qwen2.5-VL/pope/evo/analysis/coco_POPE_random/2108.pt
2854,2854,coco_POPE_random,coco_POPE_random,1,0,"No,",no,1.734375,0.7547743055555556,11.9375,5.2064214485071725,28,1,/mnt/data/ssz/mr/results/Qwen2.5-VL/pope/evo/analysis/coco_POPE_random/2854.pt
1360,1360,coco_POPE_random,coco_POPE_random,1,0,"No,",no,1.703125,0.7569444444444444,11.9375,5.302927853098388,28,1,/mnt/data/ssz/mr/results/Qwen2.5-VL/pope/evo/analysis/coco_POPE_random/1360.pt
617,617,coco_POPE_random,coco_POPE_random,0,1,"No,",yes,1.734375,0.7455150462962963,11.9375,5.264935360874131,28,2,/mnt/data/ssz/mr/results/Qwen2.5-VL/pope/evo/analysis/coco_POPE_random/617.pt
2109,2109,coco_POPE_random,coco_POPE_random,1,0,"Yes,",yes,1.71875,0.7446469907407407,11.9375,4.772800699743579,28,1,/mnt/data/ssz/mr/results/Qwen2.5-VL/pope/evo/analysis/coco_POPE_random/2109.pt
2855,2855,coco_POPE_random,coco_POPE_random,1,0,"Yes,",yes,1.734375,0.7549913194444444,11.9375,4.94562073650065,28,1,/mnt/data/ssz/mr/results/Qwen2.5-VL/pope/evo/analysis/coco_POPE_random/2855.pt
1361,1361,coco_POPE_random,coco_POPE_random,0,1,"No,",yes,1.703125,0.7569444444444444,11.9375,5.344227015412769,28,1,/mnt/data/ssz/mr/results/Qwen2.5-VL/pope/evo/analysis/coco_POPE_random/1361.pt
618,618,coco_POPE_random,coco_POPE_random,1,0,"No,",no,1.734375,0.7455150462962963,11.9375,5.308626815479989,28,1,/mnt/data/ssz/mr/results/Qwen2.5-VL/pope/evo/analysis/coco_POPE_random/618.pt
2110,2110,coco_POPE_random,coco_POPE_random,1,0,"No,",no,1.71875,0.7446469907407407,11.9375,5.393774455045927,28,1,/mnt/data/ssz/mr/results/Qwen2.5-VL/pope/evo/analysis/coco_POPE_random/2110.pt
2856,2856,coco_POPE_random,coco_POPE_random,1,0,"No,",no,1.734375,0.7549913194444444,11.9375,5.242911002079162,28,1,/mnt/data/ssz/mr/results/Qwen2.5-VL/pope/evo/analysis/coco_POPE_random/2856.pt
1362,1362,coco_POPE_random,coco_POPE_random,1,0,"No,",no,1.703125,0.7569444444444444,11.9375,5.329642115093959,28,1,/mnt/data/ssz/mr/results/Qwen2.5-VL/pope/evo/analysis/coco_POPE_random/1362.pt
619,619,coco_POPE_random,coco_POPE_random,0,1,"No,",yes,1.671875,0.7445023148148148,11.9375,5.253937473766077,28,1,/mnt/data/ssz/mr/results/Qwen2.5-VL/pope/evo/analysis/coco_POPE_random/619.pt
2111,2111,coco_POPE_random,coco_POPE_random,1,0,"Yes,",yes,1.71875,0.7446469907407407,11.9375,4.794084569395232,28,1,/mnt/data/ssz/mr/results/Qwen2.5-VL/pope/evo/analysis/coco_POPE_random/2111.pt
2857,2857,coco_POPE_random,coco_POPE_random,1,0,"Yes,",yes,1.75,0.7669270833333334,11.9375,5.011874342066298,28,1,/mnt/data/ssz/mr/results/Qwen2.5-VL/pope/evo/analysis/coco_POPE_random/2857.pt
1363,1363,coco_POPE_random,coco_POPE_random,1,0,"Yes,",yes,1.703125,0.7672164351851852,11.9375,4.908084942738475,28,1,/mnt/data/ssz/mr/results/Qwen2.5-VL/pope/evo/analysis/coco_POPE_random/1363.pt
620,620,coco_POPE_random,coco_POPE_random,1,0,"No,",no,1.671875,0.7445023148148148,11.9375,5.20394034434045,28,1,/mnt/data/ssz/mr/results/Qwen2.5-VL/pope/evo/analysis/coco_POPE_random/620.pt
2112,2112,coco_POPE_random,coco_POPE_random,1,0,"No,",no,1.71875,0.7446469907407407,11.9375,5.30730776340201,28,1,/mnt/data/ssz/mr/results/Qwen2.5-VL/pope/evo/analysis/coco_POPE_random/2112.pt
2858,2858,coco_POPE_random,coco_POPE_random,1,0,"No,",no,1.75,0.7669270833333334,11.9375,5.361746430068613,28,1,/mnt/data/ssz/mr/results/Qwen2.5-VL/pope/evo/analysis/coco_POPE_random/2858.pt
1364,1364,coco_POPE_random,coco_POPE_random,1,0,"No,",no,1.703125,0.7672164351851852,11.9375,5.196571846900796,28,1,/mnt/data/ssz/mr/results/Qwen2.5-VL/pope/evo/analysis/coco_POPE_random/1364.pt
621,621,coco_POPE_random,coco_POPE_random,0,1,"No,",yes,1.671875,0.7445023148148148,11.9375,5.2877861291822095,28,1,/mnt/data/ssz/mr/results/Qwen2.5-VL/pope/evo/analysis/coco_POPE_random/621.pt
2113,2113,coco_POPE_random,coco_POPE_random,1,0,"Yes,",yes,1.6640625,0.7210648148148148,11.9375,4.726614651733818,28,1,/mnt/data/ssz/mr/results/Qwen2.5-VL/pope/evo/analysis/coco_POPE_random/2113.pt
2859,2859,coco_POPE_random,coco_POPE_random,1,0,"Yes,",yes,1.75,0.7669270833333334,11.9375,4.89631601382887,28,1,/mnt/data/ssz/mr/results/Qwen2.5-VL/pope/evo/analysis/coco_POPE_random/2859.pt
1365,1365,coco_POPE_random,coco_POPE_random,1,0,"Yes,",yes,1.703125,0.7672164351851852,11.9375,4.827943237975104,28,1,/mnt/data/ssz/mr/results/Qwen2.5-VL/pope/evo/analysis/coco_POPE_random/1365.pt
622,622,coco_POPE_random,coco_POPE_random,1,0,"No,",no,1.671875,0.7445023148148148,11.9375,5.200980350210463,28,1,/mnt/data/ssz/mr/results/Qwen2.5-VL/pope/evo/analysis/coco_POPE_random/622.pt
2114,2114,coco_POPE_random,coco_POPE_random,1,0,"No,",no,1.6640625,0.7210648148148148,11.9375,5.151910445276058,28,1,/mnt/data/ssz/mr/results/Qwen2.5-VL/pope/evo/analysis/coco_POPE_random/2114.pt
2860,2860,coco_POPE_random,coco_POPE_random,1,0,"No,",no,1.75,0.7669270833333334,11.9375,5.397839538476547,28,1,/mnt/data/ssz/mr/results/Qwen2.5-VL/pope/evo/analysis/coco_POPE_random/2860.pt
1366,1366,coco_POPE_random,coco_POPE_random,1,0,"No,",no,1.703125,0.7672164351851852,11.9375,5.300139059578592,28,1,/mnt/data/ssz/mr/results/Qwen2.5-VL/pope/evo/analysis/coco_POPE_random/1366.pt
623,623,coco_POPE_random,coco_POPE_random,1,0,"Yes,",yes,1.671875,0.7445023148148148,11.9375,4.725590912755346,28,1,/mnt/data/ssz/mr/results/Qwen2.5-VL/pope/evo/analysis/coco_POPE_random/623.pt
2115,2115,coco_POPE_random,coco_POPE_random,0,1,"No,",yes,1.6640625,0.7210648148148148,11.9375,5.199277109294257,28,1,/mnt/data/ssz/mr/results/Qwen2.5-VL/pope/evo/analysis/coco_POPE_random/2115.pt
2861,2861,coco_POPE_random,coco_POPE_random,1,0,"Yes,",yes,1.75,0.7669270833333334,11.9375,4.8733835494013915,28,1,/mnt/data/ssz/mr/results/Qwen2.5-VL/pope/evo/analysis/coco_POPE_random/2861.pt
1367,1367,coco_POPE_random,coco_POPE_random,0,1,"No,",yes,1.703125,0.7672164351851852,11.9375,5.2699098056048115,28,1,/mnt/data/ssz/mr/results/Qwen2.5-VL/pope/evo/analysis/coco_POPE_random/1367.pt
624,624,coco_POPE_random,coco_POPE_random,1,0,"No,",no,1.671875,0.7445023148148148,11.9375,5.113258244597593,28,1,/mnt/data/ssz/mr/results/Qwen2.5-VL/pope/evo/analysis/coco_POPE_random/624.pt
2116,2116,coco_POPE_random,coco_POPE_random,1,0,"No,",no,1.6640625,0.7210648148148148,11.9375,5.258657478122995,28,1,/mnt/data/ssz/mr/results/Qwen2.5-VL/pope/evo/analysis/coco_POPE_random/2116.pt
2862,2862,coco_POPE_random,coco_POPE_random,1,0,"No,",no,1.75,0.7669270833333334,11.9375,5.342792932443965,28,1,/mnt/data/ssz/mr/results/Qwen2.5-VL/pope/evo/analysis/coco_POPE_random/2862.pt
1368,1368,coco_POPE_random,coco_POPE_random,1,0,"No,",no,1.703125,0.7672164351851852,11.9375,5.199281656244772,28,1,/mnt/data/ssz/mr/results/Qwen2.5-VL/pope/evo/analysis/coco_POPE_random/1368.pt
625,625,coco_POPE_random,coco_POPE_random,1,0,"Yes,",yes,1.7265625,0.7453703703703703,11.9375,4.7471654830472465,28,1,/mnt/data/ssz/mr/results/Qwen2.5-VL/pope/evo/analysis/coco_POPE_random/625.pt
2117,2117,coco_POPE_random,coco_POPE_random,1,0,"Yes,",yes,1.6640625,0.7210648148148148,11.9375,4.750821964653558,28,1,/mnt/data/ssz/mr/results/Qwen2.5-VL/pope/evo/analysis/coco_POPE_random/2117.pt
2863,2863,coco_POPE_random,coco_POPE_random,1,0,"Yes,",yes,1.6953125,0.7591145833333334,11.9375,4.75061957948361,28,1,/mnt/data/ssz/mr/results/Qwen2.5-VL/pope/evo/analysis/coco_POPE_random/2863.pt
1369,1369,coco_POPE_random,coco_POPE_random,1,0,"Yes,",yes,1.6875,0.7581018518518519,11.9375,4.808127549858157,28,1,/mnt/data/ssz/mr/results/Qwen2.5-VL/pope/evo/analysis/coco_POPE_random/1369.pt
626,626,coco_POPE_random,coco_POPE_random,1,0,"No,",no,1.7265625,0.7471788194444444,11.9375,5.218948974315497,28,1,/mnt/data/ssz/mr/results/Qwen2.5-VL/pope/evo/analysis/coco_POPE_random/626.pt
2864,2864,coco_POPE_random,coco_POPE_random,1,0,"No,",no,1.6953125,0.7581018518518519,11.9375,5.114752885024214,28,1,/mnt/data/ssz/mr/results/Qwen2.5-VL/pope/evo/analysis/coco_POPE_random/2864.pt
2118,2118,coco_POPE_random,coco_POPE_random,1,0,"No,",no,1.6640625,0.7210648148148148,11.9375,5.186639620639935,28,1,/mnt/data/ssz/mr/results/Qwen2.5-VL/pope/evo/analysis/coco_POPE_random/2118.pt
1370,1370,coco_POPE_random,coco_POPE_random,1,0,"No,",no,1.6875,0.7557870370370371,11.9375,5.256737104855535,28,1,/mnt/data/ssz/mr/results/Qwen2.5-VL/pope/evo/analysis/coco_POPE_random/1370.pt
627,627,coco_POPE_random,coco_POPE_random,0,1,"No,",yes,1.7265625,0.7453703703703703,11.9375,5.143507833231362,28,1,/mnt/data/ssz/mr/results/Qwen2.5-VL/pope/evo/analysis/coco_POPE_random/627.pt
2865,2865,coco_POPE_random,coco_POPE_random,1,0,"Yes,",yes,1.6953125,0.7591145833333334,11.9375,4.648376042236067,28,1,/mnt/data/ssz/mr/results/Qwen2.5-VL/pope/evo/analysis/coco_POPE_random/2865.pt
2119,2119,coco_POPE_random,coco_POPE_random,1,0,"Yes,",yes,1.7265625,0.7526041666666666,11.9375,4.825377252507373,28,1,/mnt/data/ssz/mr/results/Qwen2.5-VL/pope/evo/analysis/coco_POPE_random/2119.pt
1371,1371,coco_POPE_random,coco_POPE_random,0,1,"No,",yes,1.6875,0.7581018518518519,11.9375,5.217329659518735,28,1,/mnt/data/ssz/mr/results/Qwen2.5-VL/pope/evo/analysis/coco_POPE_random/1371.pt
628,628,coco_POPE_random,coco_POPE_random,1,0,"No,",no,1.7265625,0.7471788194444444,11.9375,5.269199088561813,28,1,/mnt/data/ssz/mr/results/Qwen2.5-VL/pope/evo/analysis/coco_POPE_random/628.pt
2866,2866,coco_POPE_random,coco_POPE_random,1,0,"No,",no,1.6953125,0.7591145833333334,11.9375,5.001781064658456,28,1,/mnt/data/ssz/mr/results/Qwen2.5-VL/pope/evo/analysis/coco_POPE_random/2866.pt
2120,2120,coco_POPE_random,coco_POPE_random,1,0,"No,",no,1.7265625,0.7526041666666666,11.9375,5.297370459083767,28,1,/mnt/data/ssz/mr/results/Qwen2.5-VL/pope/evo/analysis/coco_POPE_random/2120.pt
1372,1372,coco_POPE_random,coco_POPE_random,1,0,"No,",no,1.6875,0.7557870370370371,11.9375,5.2173065945142545,28,1,/mnt/data/ssz/mr/results/Qwen2.5-VL/pope/evo/analysis/coco_POPE_random/1372.pt
629,629,coco_POPE_random,coco_POPE_random,1,0,"Yes,",yes,1.7265625,0.7453703703703703,11.9375,4.862499321955975,28,1,/mnt/data/ssz/mr/results/Qwen2.5-VL/pope/evo/analysis/coco_POPE_random/629.pt
2867,2867,coco_POPE_random,coco_POPE_random,1,0,"Yes,",yes,1.6953125,0.7591145833333334,11.9375,4.631116285087178,28,1,/mnt/data/ssz/mr/results/Qwen2.5-VL/pope/evo/analysis/coco_POPE_random/2867.pt
2121,2121,coco_POPE_random,coco_POPE_random,1,0,"Yes,",yes,1.7265625,0.7531105324074074,11.9375,4.721846947621716,28,1,/mnt/data/ssz/mr/results/Qwen2.5-VL/pope/evo/analysis/coco_POPE_random/2121.pt
1373,1373,coco_POPE_random,coco_POPE_random,1,0,"Yes,",yes,1.6875,0.7581018518518519,11.9375,4.78274975663076,28,1,/mnt/data/ssz/mr/results/Qwen2.5-VL/pope/evo/analysis/coco_POPE_random/1373.pt
2868,2868,coco_POPE_random,coco_POPE_random,1,0,"No,",no,1.6953125,0.7586082175925926,11.9375,5.083092944933924,28,1,/mnt/data/ssz/mr/results/Qwen2.5-VL/pope/evo/analysis/coco_POPE_random/2868.pt
630,630,coco_POPE_random,coco_POPE_random,1,0,"No,",no,1.7265625,0.7453703703703703,11.9375,5.268119524246467,28,1,/mnt/data/ssz/mr/results/Qwen2.5-VL/pope/evo/analysis/coco_POPE_random/630.pt
1374,1374,coco_POPE_random,coco_POPE_random,1,0,"No,",no,1.6875,0.7581018518518519,11.9375,5.235771707382371,28,1,/mnt/data/ssz/mr/results/Qwen2.5-VL/pope/evo/analysis/coco_POPE_random/1374.pt
2122,2122,coco_POPE_random,coco_POPE_random,1,0,"No,",no,1.7265625,0.7526041666666666,11.9375,5.255859318150562,28,1,/mnt/data/ssz/mr/results/Qwen2.5-VL/pope/evo/analysis/coco_POPE_random/2122.pt
631,631,coco_POPE_random,coco_POPE_random,0,1,"No,",yes,1.703125,0.7426215277777778,11.9375,5.222911507234475,28,1,/mnt/data/ssz/mr/results/Qwen2.5-VL/pope/evo/analysis/coco_POPE_random/631.pt
2869,2869,coco_POPE_random,coco_POPE_random,1,0,"Yes,",yes,1.75,0.7376302083333334,11.9375,4.770195907258919,28,1,/mnt/data/ssz/mr/results/Qwen2.5-VL/pope/evo/analysis/coco_POPE_random/2869.pt
1375,1375,coco_POPE_random,coco_POPE_random,0,1,"No,",yes,1.6953125,0.7420428240740741,11.9375,5.176990244355708,28,2,/mnt/data/ssz/mr/results/Qwen2.5-VL/pope/evo/analysis/coco_POPE_random/1375.pt
2123,2123,coco_POPE_random,coco_POPE_random,1,0,"Yes,",yes,1.7265625,0.7531105324074074,11.9375,4.754652162113614,28,1,/mnt/data/ssz/mr/results/Qwen2.5-VL/pope/evo/analysis/coco_POPE_random/2123.pt
632,632,coco_POPE_random,coco_POPE_random,1,0,"No,",no,1.703125,0.7426215277777778,11.9375,5.150355156234613,28,1,/mnt/data/ssz/mr/results/Qwen2.5-VL/pope/evo/analysis/coco_POPE_random/632.pt
2870,2870,coco_POPE_random,coco_POPE_random,1,0,"No,",no,1.75,0.7377025462962963,11.9375,5.234912137215048,28,1,/mnt/data/ssz/mr/results/Qwen2.5-VL/pope/evo/analysis/coco_POPE_random/2870.pt
1376,1376,coco_POPE_random,coco_POPE_random,1,0,"No,",no,1.6953125,0.7421875,11.9375,5.165889119678656,28,1,/mnt/data/ssz/mr/results/Qwen2.5-VL/pope/evo/analysis/coco_POPE_random/1376.pt
2124,2124,coco_POPE_random,coco_POPE_random,1,0,"No,",no,1.7265625,0.7531105324074074,11.9375,5.167607004732105,28,1,/mnt/data/ssz/mr/results/Qwen2.5-VL/pope/evo/analysis/coco_POPE_random/2124.pt
633,633,coco_POPE_random,coco_POPE_random,1,0,"Yes,",yes,1.703125,0.7426215277777778,11.9375,4.732712578203189,28,1,/mnt/data/ssz/mr/results/Qwen2.5-VL/pope/evo/analysis/coco_POPE_random/633.pt
2871,2871,coco_POPE_random,coco_POPE_random,1,0,"Yes,",yes,1.75,0.7375578703703703,11.9375,4.703955224271905,28,1,/mnt/data/ssz/mr/results/Qwen2.5-VL/pope/evo/analysis/coco_POPE_random/2871.pt
1377,1377,coco_POPE_random,coco_POPE_random,0,1,"No,",yes,1.6953125,0.7421875,11.9375,5.2002184684104975,28,1,/mnt/data/ssz/mr/results/Qwen2.5-VL/pope/evo/analysis/coco_POPE_random/1377.pt
2125,2125,coco_POPE_random,coco_POPE_random,1,0,"Yes,",yes,1.6796875,0.7689525462962963,11.9375,4.913611195946442,28,1,/mnt/data/ssz/mr/results/Qwen2.5-VL/pope/evo/analysis/coco_POPE_random/2125.pt
634,634,coco_POPE_random,coco_POPE_random,1,0,"No,",no,1.703125,0.7426215277777778,11.9375,5.248828394458761,28,1,/mnt/data/ssz/mr/results/Qwen2.5-VL/pope/evo/analysis/coco_POPE_random/634.pt
2872,2872,coco_POPE_random,coco_POPE_random,1,0,"No,",no,1.75,0.7377025462962963,11.9375,5.194624890548235,28,1,/mnt/data/ssz/mr/results/Qwen2.5-VL/pope/evo/analysis/coco_POPE_random/2872.pt
1378,1378,coco_POPE_random,coco_POPE_random,1,0,"No,",no,1.6953125,0.7421875,11.9375,5.149155065316305,28,1,/mnt/data/ssz/mr/results/Qwen2.5-VL/pope/evo/analysis/coco_POPE_random/1378.pt
2126,2126,coco_POPE_random,coco_POPE_random,1,0,"No,",no,1.6796875,0.7689525462962963,11.9375,5.257542217877175,28,1,/mnt/data/ssz/mr/results/Qwen2.5-VL/pope/evo/analysis/coco_POPE_random/2126.pt
635,635,coco_POPE_random,coco_POPE_random,1,0,"Yes,",yes,1.703125,0.7426215277777778,11.9375,4.739531104883758,28,1,/mnt/data/ssz/mr/results/Qwen2.5-VL/pope/evo/analysis/coco_POPE_random/635.pt
2873,2873,coco_POPE_random,coco_POPE_random,1,0,"Yes,",yes,1.75,0.7375578703703703,11.9375,4.788701747401107,28,1,/mnt/data/ssz/mr/results/Qwen2.5-VL/pope/evo/analysis/coco_POPE_random/2873.pt
1379,1379,coco_POPE_random,coco_POPE_random,1,0,"Yes,",yes,1.6953125,0.7420428240740741,11.9375,4.713339211494752,28,2,/mnt/data/ssz/mr/results/Qwen2.5-VL/pope/evo/analysis/coco_POPE_random/1379.pt
2127,2127,coco_POPE_random,coco_POPE_random,1,0,"Yes,",yes,1.6796875,0.76953125,11.9375,4.709389550900798,28,1,/mnt/data/ssz/mr/results/Qwen2.5-VL/pope/evo/analysis/coco_POPE_random/2127.pt
636,636,coco_POPE_random,coco_POPE_random,1,0,"No,",no,1.703125,0.7426215277777778,11.9375,5.182960216801426,28,1,/mnt/data/ssz/mr/results/Qwen2.5-VL/pope/evo/analysis/coco_POPE_random/636.pt
2874,2874,coco_POPE_random,coco_POPE_random,1,0,"No,",no,1.75,0.7376302083333334,11.9375,5.199298036967567,28,1,/mnt/data/ssz/mr/results/Qwen2.5-VL/pope/evo/analysis/coco_POPE_random/2874.pt
1380,1380,coco_POPE_random,coco_POPE_random,1,0,"No,",no,1.6953125,0.7421875,11.9375,5.168088500295637,28,1,/mnt/data/ssz/mr/results/Qwen2.5-VL/pope/evo/analysis/coco_POPE_random/1380.pt
2128,2128,coco_POPE_random,coco_POPE_random,1,0,"No,",no,1.6796875,0.7692418981481481,11.9375,5.1965239933083005,28,1,/mnt/data/ssz/mr/results/Qwen2.5-VL/pope/evo/analysis/coco_POPE_random/2128.pt
637,637,coco_POPE_random,coco_POPE_random,0,1,"No,",yes,1.671875,0.7611400462962963,11.9375,5.300812157903584,28,1,/mnt/data/ssz/mr/results/Qwen2.5-VL/pope/evo/analysis/coco_POPE_random/637.pt
2875,2875,coco_POPE_random,coco_POPE_random,1,0,"Yes,",yes,1.7109375,0.7498553240740741,11.9375,4.710956758222955,28,1,/mnt/data/ssz/mr/results/Qwen2.5-VL/pope/evo/analysis/coco_POPE_random/2875.pt
1381,1381,coco_POPE_random,coco_POPE_random,1,0,"Yes,",yes,1.7265625,0.7550636574074074,11.9375,4.710933481955698,28,1,/mnt/data/ssz/mr/results/Qwen2.5-VL/pope/evo/analysis/coco_POPE_random/1381.pt
2129,2129,coco_POPE_random,coco_POPE_random,1,0,"Yes,",yes,1.6796875,0.7689525462962963,11.9375,4.81722641157406,28,1,/mnt/data/ssz/mr/results/Qwen2.5-VL/pope/evo/analysis/coco_POPE_random/2129.pt
638,638,coco_POPE_random,coco_POPE_random,1,0,"No,",no,1.671875,0.7612847222222222,11.9375,5.221789688076671,28,1,/mnt/data/ssz/mr/results/Qwen2.5-VL/pope/evo/analysis/coco_POPE_random/638.pt
2876,2876,coco_POPE_random,coco_POPE_random,1,0,"No,",no,1.7109375,0.7510127314814815,11.9375,5.242267786584917,28,1,/mnt/data/ssz/mr/results/Qwen2.5-VL/pope/evo/analysis/coco_POPE_random/2876.pt
1382,1382,coco_POPE_random,coco_POPE_random,1,0,"No,",no,1.7265625,0.7544126157407407,11.9375,5.306934145858295,28,1,/mnt/data/ssz/mr/results/Qwen2.5-VL/pope/evo/analysis/coco_POPE_random/1382.pt
2130,2130,coco_POPE_random,coco_POPE_random,1,0,"No,",no,1.6796875,0.7689525462962963,11.9375,5.199923137946519,28,1,/mnt/data/ssz/mr/results/Qwen2.5-VL/pope/evo/analysis/coco_POPE_random/2130.pt
639,639,coco_POPE_random,coco_POPE_random,1,0,"Yes,",yes,1.671875,0.7611400462962963,11.9375,4.766789831546766,28,1,/mnt/data/ssz/mr/results/Qwen2.5-VL/pope/evo/analysis/coco_POPE_random/639.pt
2877,2877,coco_POPE_random,coco_POPE_random,0,1,"No,",yes,1.7109375,0.7498553240740741,11.9375,5.133529615063614,28,1,/mnt/data/ssz/mr/results/Qwen2.5-VL/pope/evo/analysis/coco_POPE_random/2877.pt
1383,1383,coco_POPE_random,coco_POPE_random,1,0,"Yes,",yes,1.7265625,0.7537615740740741,11.9375,4.9748900172497486,28,1,/mnt/data/ssz/mr/results/Qwen2.5-VL/pope/evo/analysis/coco_POPE_random/1383.pt
2131,2131,coco_POPE_random,coco_POPE_random,1,0,"Yes,",yes,1.71875,0.7407407407407407,11.9375,4.894227427210056,28,1,/mnt/data/ssz/mr/results/Qwen2.5-VL/pope/evo/analysis/coco_POPE_random/2131.pt
640,640,coco_POPE_random,coco_POPE_random,1,0,"No,",no,1.671875,0.7614293981481481,11.9375,5.280543816787722,28,1,/mnt/data/ssz/mr/results/Qwen2.5-VL/pope/evo/analysis/coco_POPE_random/640.pt
2878,2878,coco_POPE_random,coco_POPE_random,1,0,"No,",no,1.7109375,0.7498553240740741,11.9375,5.261503114794951,28,1,/mnt/data/ssz/mr/results/Qwen2.5-VL/pope/evo/analysis/coco_POPE_random/2878.pt
1384,1384,coco_POPE_random,coco_POPE_random,1,0,"No,",no,1.7265625,0.7550636574074074,11.9375,5.2632186919238,28,1,/mnt/data/ssz/mr/results/Qwen2.5-VL/pope/evo/analysis/coco_POPE_random/1384.pt
2132,2132,coco_POPE_random,coco_POPE_random,1,0,"No,",no,1.71875,0.7407407407407407,11.9375,5.1788022397621685,28,1,/mnt/data/ssz/mr/results/Qwen2.5-VL/pope/evo/analysis/coco_POPE_random/2132.pt
641,641,coco_POPE_random,coco_POPE_random,0,1,"No,",yes,1.671875,0.7611400462962963,11.9375,5.296192786778757,28,1,/mnt/data/ssz/mr/results/Qwen2.5-VL/pope/evo/analysis/coco_POPE_random/641.pt
2879,2879,coco_POPE_random,coco_POPE_random,1,0,"Yes,",yes,1.7109375,0.7498553240740741,11.9375,4.725063766001455,28,1,/mnt/data/ssz/mr/results/Qwen2.5-VL/pope/evo/analysis/coco_POPE_random/2879.pt
1385,1385,coco_POPE_random,coco_POPE_random,1,0,"Yes,",yes,1.7265625,0.7537615740740741,11.9375,4.70090607539069,28,1,/mnt/data/ssz/mr/results/Qwen2.5-VL/pope/evo/analysis/coco_POPE_random/1385.pt
2133,2133,coco_POPE_random,coco_POPE_random,1,0,"Yes,",yes,1.71875,0.7414641203703703,11.9375,4.770252118166136,28,1,/mnt/data/ssz/mr/results/Qwen2.5-VL/pope/evo/analysis/coco_POPE_random/2133.pt
642,642,coco_POPE_random,coco_POPE_random,1,0,"No,",no,1.671875,0.7614293981481481,11.9375,5.2270465231383225,28,1,/mnt/data/ssz/mr/results/Qwen2.5-VL/pope/evo/analysis/coco_POPE_random/642.pt
2880,2880,coco_POPE_random,coco_POPE_random,1,0,"No,",no,1.7109375,0.7498553240740741,11.9375,5.1859046248177165,28,1,/mnt/data/ssz/mr/results/Qwen2.5-VL/pope/evo/analysis/coco_POPE_random/2880.pt
1386,1386,coco_POPE_random,coco_POPE_random,1,0,"No,",no,1.7265625,0.7544126157407407,11.9375,5.271417320101295,28,1,/mnt/data/ssz/mr/results/Qwen2.5-VL/pope/evo/analysis/coco_POPE_random/1386.pt
2134,2134,coco_POPE_random,coco_POPE_random,1,0,"No,",no,1.71875,0.7407407407407407,11.9375,5.253223977520598,28,1,/mnt/data/ssz/mr/results/Qwen2.5-VL/pope/evo/analysis/coco_POPE_random/2134.pt
643,643,coco_POPE_random,coco_POPE_random,1,0,"Yes,",yes,1.7109375,0.7342303240740741,11.9375,4.874876464985104,28,1,/mnt/data/ssz/mr/results/Qwen2.5-VL/pope/evo/analysis/coco_POPE_random/643.pt
2881,2881,coco_POPE_random,coco_POPE_random,0,1,"No,",yes,1.71875,0.7364004629629629,11.9375,5.2724295497168425,28,1,/mnt/data/ssz/mr/results/Qwen2.5-VL/pope/evo/analysis/coco_POPE_random/2881.pt
1387,1387,coco_POPE_random,coco_POPE_random,0,1,"No,",yes,1.71875,0.7358940972222222,11.9375,5.184562183715352,28,1,/mnt/data/ssz/mr/results/Qwen2.5-VL/pope/evo/analysis/coco_POPE_random/1387.pt
2135,2135,coco_POPE_random,coco_POPE_random,1,0,"Yes,",yes,1.71875,0.7414641203703703,11.9375,4.730640385687304,28,1,/mnt/data/ssz/mr/results/Qwen2.5-VL/pope/evo/analysis/coco_POPE_random/2135.pt
644,644,coco_POPE_random,coco_POPE_random,1,0,"No,",no,1.7109375,0.7342303240740741,11.9375,5.202396811178037,28,1,/mnt/data/ssz/mr/results/Qwen2.5-VL/pope/evo/analysis/coco_POPE_random/644.pt
2882,2882,coco_POPE_random,coco_POPE_random,1,0,"No,",no,1.71875,0.7364004629629629,11.9375,5.199974136563345,28,1,/mnt/data/ssz/mr/results/Qwen2.5-VL/pope/evo/analysis/coco_POPE_random/2882.pt
1388,1388,coco_POPE_random,coco_POPE_random,1,0,"No,",no,1.71875,0.7362557870370371,11.9375,5.326487162715209,28,1,/mnt/data/ssz/mr/results/Qwen2.5-VL/pope/evo/analysis/coco_POPE_random/1388.pt
2136,2136,coco_POPE_random,coco_POPE_random,1,0,"No,",no,1.71875,0.7407407407407407,11.9375,5.1859414864548254,28,1,/mnt/data/ssz/mr/results/Qwen2.5-VL/pope/evo/analysis/coco_POPE_random/2136.pt
2883,2883,coco_POPE_random,coco_POPE_random,1,0,"Yes,",yes,1.71875,0.7364004629629629,11.9375,4.7519571488833074,28,1,/mnt/data/ssz/mr/results/Qwen2.5-VL/pope/evo/analysis/coco_POPE_random/2883.pt
645,645,coco_POPE_random,coco_POPE_random,1,0,"Yes,",yes,1.7109375,0.7342303240740741,11.9375,4.793621516273028,28,1,/mnt/data/ssz/mr/results/Qwen2.5-VL/pope/evo/analysis/coco_POPE_random/645.pt
1389,1389,coco_POPE_random,coco_POPE_random,1,0,"Yes,",yes,1.71875,0.7362557870370371,11.9375,4.776484407062547,28,1,/mnt/data/ssz/mr/results/Qwen2.5-VL/pope/evo/analysis/coco_POPE_random/1389.pt
2137,2137,coco_POPE_random,coco_POPE_random,1,0,"Yes,",yes,1.71875,0.7678674768518519,11.9375,4.790555496919078,28,1,/mnt/data/ssz/mr/results/Qwen2.5-VL/pope/evo/analysis/coco_POPE_random/2137.pt
2884,2884,coco_POPE_random,coco_POPE_random,1,0,"No,",no,1.71875,0.7364004629629629,11.9375,5.239859001435166,28,1,/mnt/data/ssz/mr/results/Qwen2.5-VL/pope/evo/analysis/coco_POPE_random/2884.pt
646,646,coco_POPE_random,coco_POPE_random,1,0,"No,",no,1.7109375,0.7342303240740741,11.9375,5.224040341020594,28,1,/mnt/data/ssz/mr/results/Qwen2.5-VL/pope/evo/analysis/coco_POPE_random/646.pt
1390,1390,coco_POPE_random,coco_POPE_random,1,0,"No,",no,1.71875,0.7362557870370371,11.9375,5.331850411105451,28,1,/mnt/data/ssz/mr/results/Qwen2.5-VL/pope/evo/analysis/coco_POPE_random/1390.pt
2138,2138,coco_POPE_random,coco_POPE_random,1,0,"No,",no,1.71875,0.7678674768518519,11.9375,5.225687994634365,28,1,/mnt/data/ssz/mr/results/Qwen2.5-VL/pope/evo/analysis/coco_POPE_random/2138.pt
2885,2885,coco_POPE_random,coco_POPE_random,1,0,"Yes,",yes,1.71875,0.7364004629629629,11.9375,4.785301907779864,28,1,/mnt/data/ssz/mr/results/Qwen2.5-VL/pope/evo/analysis/coco_POPE_random/2885.pt
647,647,coco_POPE_random,coco_POPE_random,0,1,"No,",yes,1.7109375,0.7342303240740741,11.9375,5.254725027879093,28,1,/mnt/data/ssz/mr/results/Qwen2.5-VL/pope/evo/analysis/coco_POPE_random/647.pt
2139,2139,coco_POPE_random,coco_POPE_random,1,0,"Yes,",yes,1.71875,0.7678674768518519,11.9375,4.703142240675742,28,1,/mnt/data/ssz/mr/results/Qwen2.5-VL/pope/evo/analysis/coco_POPE_random/2139.pt
1391,1391,coco_POPE_random,coco_POPE_random,1,0,"Yes,",yes,1.71875,0.7355324074074074,11.9375,4.809613462605827,28,1,/mnt/data/ssz/mr/results/Qwen2.5-VL/pope/evo/analysis/coco_POPE_random/1391.pt
2886,2886,coco_POPE_random,coco_POPE_random,1,0,"No,",no,1.71875,0.7364004629629629,11.9375,5.201641363867159,28,1,/mnt/data/ssz/mr/results/Qwen2.5-VL/pope/evo/analysis/coco_POPE_random/2886.pt
2140,2140,coco_POPE_random,coco_POPE_random,1,0,"No,",no,1.71875,0.7678674768518519,11.9375,5.207495402097391,28,1,/mnt/data/ssz/mr/results/Qwen2.5-VL/pope/evo/analysis/coco_POPE_random/2140.pt
648,648,coco_POPE_random,coco_POPE_random,1,0,"No,",no,1.7109375,0.7342303240740741,11.9375,5.2537845637915765,28,1,/mnt/data/ssz/mr/results/Qwen2.5-VL/pope/evo/analysis/coco_POPE_random/648.pt
1392,1392,coco_POPE_random,coco_POPE_random,1,0,"No,",no,1.71875,0.7362557870370371,11.9375,5.189673382681389,28,1,/mnt/data/ssz/mr/results/Qwen2.5-VL/pope/evo/analysis/coco_POPE_random/1392.pt
2141,2141,coco_POPE_random,coco_POPE_random,0,1,"No,",yes,1.71875,0.7678674768518519,11.9375,5.222577981251913,28,1,/mnt/data/ssz/mr/results/Qwen2.5-VL/pope/evo/analysis/coco_POPE_random/2141.pt
2887,2887,coco_POPE_random,coco_POPE_random,0,1,"No,",yes,1.734375,0.7252604166666666,11.9375,5.2478279261408325,28,1,/mnt/data/ssz/mr/results/Qwen2.5-VL/pope/evo/analysis/coco_POPE_random/2887.pt
649,649,coco_POPE_random,coco_POPE_random,1,0,"Yes,",yes,1.71875,0.7498553240740741,11.9375,4.98639743944945,28,1,/mnt/data/ssz/mr/results/Qwen2.5-VL/pope/evo/analysis/coco_POPE_random/649.pt
1393,1393,coco_POPE_random,coco_POPE_random,1,0,"Yes,",yes,1.734375,0.7456597222222222,11.9375,4.898133933335602,28,1,/mnt/data/ssz/mr/results/Qwen2.5-VL/pope/evo/analysis/coco_POPE_random/1393.pt
2142,2142,coco_POPE_random,coco_POPE_random,1,0,"No,",no,1.71875,0.7678674768518519,11.9375,5.148265003287446,28,1,/mnt/data/ssz/mr/results/Qwen2.5-VL/pope/evo/analysis/coco_POPE_random/2142.pt
2888,2888,coco_POPE_random,coco_POPE_random,1,0,"No,",no,1.734375,0.7252604166666666,11.9375,5.3147154207676826,28,1,/mnt/data/ssz/mr/results/Qwen2.5-VL/pope/evo/analysis/coco_POPE_random/2888.pt
650,650,coco_POPE_random,coco_POPE_random,1,0,"No,",no,1.71875,0.7498553240740741,11.9375,5.229249890750437,28,1,/mnt/data/ssz/mr/results/Qwen2.5-VL/pope/evo/analysis/coco_POPE_random/650.pt
1394,1394,coco_POPE_random,coco_POPE_random,1,0,"No,",no,1.734375,0.7456597222222222,11.9375,5.375730268594484,28,1,/mnt/data/ssz/mr/results/Qwen2.5-VL/pope/evo/analysis/coco_POPE_random/1394.pt
2143,2143,coco_POPE_random,coco_POPE_random,1,0,"Yes,",yes,1.6875,0.7462384259259259,11.9375,4.988119391103265,28,1,/mnt/data/ssz/mr/results/Qwen2.5-VL/pope/evo/analysis/coco_POPE_random/2143.pt
2889,2889,coco_POPE_random,coco_POPE_random,1,0,"Yes,",yes,1.734375,0.7252604166666666,11.9375,4.97874965497849,28,1,/mnt/data/ssz/mr/results/Qwen2.5-VL/pope/evo/analysis/coco_POPE_random/2889.pt
651,651,coco_POPE_random,coco_POPE_random,0,1,"No,",yes,1.71875,0.75,11.9375,5.260762109633955,28,1,/mnt/data/ssz/mr/results/Qwen2.5-VL/pope/evo/analysis/coco_POPE_random/651.pt
1395,1395,coco_POPE_random,coco_POPE_random,1,0,"Yes,",yes,1.734375,0.7469618055555556,11.9375,4.824968399512205,28,1,/mnt/data/ssz/mr/results/Qwen2.5-VL/pope/evo/analysis/coco_POPE_random/1395.pt
2144,2144,coco_POPE_random,coco_POPE_random,1,0,"No,",no,1.6875,0.7447916666666666,11.9375,5.273294679393515,28,1,/mnt/data/ssz/mr/results/Qwen2.5-VL/pope/evo/analysis/coco_POPE_random/2144.pt
2890,2890,coco_POPE_random,coco_POPE_random,1,0,"No,",no,1.734375,0.7252604166666666,11.9375,5.322496322307165,28,1,/mnt/data/ssz/mr/results/Qwen2.5-VL/pope/evo/analysis/coco_POPE_random/2890.pt
652,652,coco_POPE_random,coco_POPE_random,1,0,"No,",no,1.71875,0.7498553240740741,11.9375,5.321709257720017,28,1,/mnt/data/ssz/mr/results/Qwen2.5-VL/pope/evo/analysis/coco_POPE_random/652.pt
1396,1396,coco_POPE_random,coco_POPE_random,1,0,"No,",no,1.734375,0.7465277777777778,11.9375,5.255078342069565,28,1,/mnt/data/ssz/mr/results/Qwen2.5-VL/pope/evo/analysis/coco_POPE_random/1396.pt
2145,2145,coco_POPE_random,coco_POPE_random,1,0,"Yes,",yes,1.6875,0.7458043981481481,11.9375,4.786553825680337,28,1,/mnt/data/ssz/mr/results/Qwen2.5-VL/pope/evo/analysis/coco_POPE_random/2145.pt
2891,2891,coco_POPE_random,coco_POPE_random,1,0,"Yes,",yes,1.734375,0.7252604166666666,11.9375,4.862204419540808,28,1,/mnt/data/ssz/mr/results/Qwen2.5-VL/pope/evo/analysis/coco_POPE_random/2891.pt
653,653,coco_POPE_random,coco_POPE_random,0,1,"No,",yes,1.71875,0.7498553240740741,11.9375,5.350437329066445,28,1,/mnt/data/ssz/mr/results/Qwen2.5-VL/pope/evo/analysis/coco_POPE_random/653.pt
2146,2146,coco_POPE_random,coco_POPE_random,1,0,"No,",no,1.6875,0.7447916666666666,11.9375,5.234588648702412,28,1,/mnt/data/ssz/mr/results/Qwen2.5-VL/pope/evo/analysis/coco_POPE_random/2146.pt
1397,1397,coco_POPE_random,coco_POPE_random,1,0,"Yes,",yes,1.734375,0.7469618055555556,11.9375,4.721511479047715,28,1,/mnt/data/ssz/mr/results/Qwen2.5-VL/pope/evo/analysis/coco_POPE_random/1397.pt
2892,2892,coco_POPE_random,coco_POPE_random,1,0,"No,",no,1.734375,0.7252604166666666,11.9375,5.287675669271267,28,1,/mnt/data/ssz/mr/results/Qwen2.5-VL/pope/evo/analysis/coco_POPE_random/2892.pt
654,654,coco_POPE_random,coco_POPE_random,1,0,"No,",no,1.71875,0.75,11.9375,5.303566642440149,28,1,/mnt/data/ssz/mr/results/Qwen2.5-VL/pope/evo/analysis/coco_POPE_random/654.pt
2147,2147,coco_POPE_random,coco_POPE_random,0,1,"No,",yes,1.6875,0.7452980324074074,11.9375,5.233886248304144,28,1,/mnt/data/ssz/mr/results/Qwen2.5-VL/pope/evo/analysis/coco_POPE_random/2147.pt
1398,1398,coco_POPE_random,coco_POPE_random,1,0,"No,",no,1.734375,0.7469618055555556,11.9375,5.312171377235245,28,1,/mnt/data/ssz/mr/results/Qwen2.5-VL/pope/evo/analysis/coco_POPE_random/1398.pt
2893,2893,coco_POPE_random,coco_POPE_random,0,1,"No,",yes,1.6875,0.7826967592592593,11.9375,5.185936084938571,28,1,/mnt/data/ssz/mr/results/Qwen2.5-VL/pope/evo/analysis/coco_POPE_random/2893.pt
655,655,coco_POPE_random,coco_POPE_random,1,0,"Yes,",yes,1.703125,0.7505787037037037,11.9375,4.646418883860986,28,1,/mnt/data/ssz/mr/results/Qwen2.5-VL/pope/evo/analysis/coco_POPE_random/655.pt
2148,2148,coco_POPE_random,coco_POPE_random,1,0,"No,",no,1.6875,0.7447916666666666,11.9375,5.308467786924479,28,1,/mnt/data/ssz/mr/results/Qwen2.5-VL/pope/evo/analysis/coco_POPE_random/2148.pt
1399,1399,coco_POPE_random,coco_POPE_random,1,0,"Yes,",yes,1.734375,0.7476851851851852,11.9375,4.701668012311906,28,1,/mnt/data/ssz/mr/results/Qwen2.5-VL/pope/evo/analysis/coco_POPE_random/1399.pt
2894,2894,coco_POPE_random,coco_POPE_random,1,0,"No,",no,1.6875,0.7818287037037037,11.9375,5.126444751356884,28,1,/mnt/data/ssz/mr/results/Qwen2.5-VL/pope/evo/analysis/coco_POPE_random/2894.pt
656,656,coco_POPE_random,coco_POPE_random,1,0,"No,",no,1.703125,0.7505787037037037,11.9375,5.13440876976303,28,1,/mnt/data/ssz/mr/results/Qwen2.5-VL/pope/evo/analysis/coco_POPE_random/656.pt
2149,2149,coco_POPE_random,coco_POPE_random,1,0,"Yes,",yes,1.71875,0.7361111111111112,11.9375,4.699342424315305,28,1,/mnt/data/ssz/mr/results/Qwen2.5-VL/pope/evo/analysis/coco_POPE_random/2149.pt
1400,1400,coco_POPE_random,coco_POPE_random,1,0,"No,",no,1.734375,0.7476851851851852,11.9375,5.113023791843552,28,1,/mnt/data/ssz/mr/results/Qwen2.5-VL/pope/evo/analysis/coco_POPE_random/1400.pt
2895,2895,coco_POPE_random,coco_POPE_random,1,0,"Yes,",yes,1.6875,0.7826967592592593,11.9375,4.825529759650424,28,1,/mnt/data/ssz/mr/results/Qwen2.5-VL/pope/evo/analysis/coco_POPE_random/2895.pt
657,657,coco_POPE_random,coco_POPE_random,1,0,"Yes,",yes,1.6953125,0.7497106481481481,11.9375,4.815972240899641,28,1,/mnt/data/ssz/mr/results/Qwen2.5-VL/pope/evo/analysis/coco_POPE_random/657.pt
2150,2150,coco_POPE_random,coco_POPE_random,1,0,"No,",no,1.71875,0.7361111111111112,11.9375,5.186025732504466,28,1,/mnt/data/ssz/mr/results/Qwen2.5-VL/pope/evo/analysis/coco_POPE_random/2150.pt
1401,1401,coco_POPE_random,coco_POPE_random,1,0,"Yes,",yes,1.734375,0.7476851851851852,11.9375,4.878850450506539,28,1,/mnt/data/ssz/mr/results/Qwen2.5-VL/pope/evo/analysis/coco_POPE_random/1401.pt
2896,2896,coco_POPE_random,coco_POPE_random,1,0,"No,",no,1.6875,0.7818287037037037,11.9375,5.165593279169492,28,1,/mnt/data/ssz/mr/results/Qwen2.5-VL/pope/evo/analysis/coco_POPE_random/2896.pt
658,658,coco_POPE_random,coco_POPE_random,1,0,"No,",no,1.703125,0.7505787037037037,11.9375,5.17085001820293,28,1,/mnt/data/ssz/mr/results/Qwen2.5-VL/pope/evo/analysis/coco_POPE_random/658.pt
2151,2151,coco_POPE_random,coco_POPE_random,1,0,"Yes,",yes,1.71875,0.7361111111111112,11.9375,4.816610029927952,28,1,/mnt/data/ssz/mr/results/Qwen2.5-VL/pope/evo/analysis/coco_POPE_random/2151.pt
1402,1402,coco_POPE_random,coco_POPE_random,1,0,"No,",no,1.734375,0.7476851851851852,11.9375,5.163244123456716,28,1,/mnt/data/ssz/mr/results/Qwen2.5-VL/pope/evo/analysis/coco_POPE_random/1402.pt
659,659,coco_POPE_random,coco_POPE_random,1,0,"Yes,",yes,1.703125,0.7505787037037037,11.9375,4.70893057366739,28,1,/mnt/data/ssz/mr/results/Qwen2.5-VL/pope/evo/analysis/coco_POPE_random/659.pt
2897,2897,coco_POPE_random,coco_POPE_random,1,0,"Yes,",yes,1.6875,0.7826967592592593,11.9375,4.660474088364129,28,1,/mnt/data/ssz/mr/results/Qwen2.5-VL/pope/evo/analysis/coco_POPE_random/2897.pt
2152,2152,coco_POPE_random,coco_POPE_random,1,0,"No,",no,1.71875,0.7361111111111112,11.9375,5.1613851278691145,28,1,/mnt/data/ssz/mr/results/Qwen2.5-VL/pope/evo/analysis/coco_POPE_random/2152.pt
660,660,coco_POPE_random,coco_POPE_random,1,0,"No,",no,1.703125,0.7505787037037037,11.9375,5.197696897836479,28,1,/mnt/data/ssz/mr/results/Qwen2.5-VL/pope/evo/analysis/coco_POPE_random/660.pt
1403,1403,coco_POPE_random,coco_POPE_random,1,0,"Yes,",yes,1.734375,0.7476851851851852,11.9375,4.807873125844506,28,1,/mnt/data/ssz/mr/results/Qwen2.5-VL/pope/evo/analysis/coco_POPE_random/1403.pt
2898,2898,coco_POPE_random,coco_POPE_random,1,0,"No,",no,1.6875,0.7818287037037037,11.9375,5.127973389341072,28,1,/mnt/data/ssz/mr/results/Qwen2.5-VL/pope/evo/analysis/coco_POPE_random/2898.pt
2153,2153,coco_POPE_random,coco_POPE_random,0,1,"No,",yes,1.71875,0.7361111111111112,11.9375,5.2490726780357395,28,1,/mnt/data/ssz/mr/results/Qwen2.5-VL/pope/evo/analysis/coco_POPE_random/2153.pt
661,661,coco_POPE_random,coco_POPE_random,1,0,"Yes,",yes,1.71875,0.7452256944444444,11.9375,4.869838419478748,28,1,/mnt/data/ssz/mr/results/Qwen2.5-VL/pope/evo/analysis/coco_POPE_random/661.pt
2899,2899,coco_POPE_random,coco_POPE_random,0,1,"No,",yes,1.703125,0.7588252314814815,11.9375,5.252163147269288,28,1,/mnt/data/ssz/mr/results/Qwen2.5-VL/pope/evo/analysis/coco_POPE_random/2899.pt
1404,1404,coco_POPE_random,coco_POPE_random,1,0,"No,",no,1.734375,0.7476851851851852,11.9375,5.226227866119785,28,1,/mnt/data/ssz/mr/results/Qwen2.5-VL/pope/evo/analysis/coco_POPE_random/1404.pt
2154,2154,coco_POPE_random,coco_POPE_random,1,0,"No,",no,1.71875,0.7361111111111112,11.9375,5.202848784380406,28,1,/mnt/data/ssz/mr/results/Qwen2.5-VL/pope/evo/analysis/coco_POPE_random/2154.pt
662,662,coco_POPE_random,coco_POPE_random,1,0,"No,",no,1.71875,0.7452256944444444,11.9375,5.208299761141022,28,1,/mnt/data/ssz/mr/results/Qwen2.5-VL/pope/evo/analysis/coco_POPE_random/662.pt
2900,2900,coco_POPE_random,coco_POPE_random,1,0,"No,",no,1.703125,0.7588252314814815,11.9375,5.206761449762843,28,1,/mnt/data/ssz/mr/results/Qwen2.5-VL/pope/evo/analysis/coco_POPE_random/2900.pt
1405,1405,coco_POPE_random,coco_POPE_random,1,0,"Yes,",yes,1.734375,0.7335069444444444,11.9375,4.79746186826446,28,1,/mnt/data/ssz/mr/results/Qwen2.5-VL/pope/evo/analysis/coco_POPE_random/1405.pt
2155,2155,coco_POPE_random,coco_POPE_random,0,1,"No,",yes,1.734375,0.7518807870370371,11.9375,5.390040236602528,28,1,/mnt/data/ssz/mr/results/Qwen2.5-VL/pope/evo/analysis/coco_POPE_random/2155.pt
663,663,coco_POPE_random,coco_POPE_random,1,0,"Yes,",yes,1.71875,0.7452256944444444,11.9375,4.7786831841804585,28,1,/mnt/data/ssz/mr/results/Qwen2.5-VL/pope/evo/analysis/coco_POPE_random/663.pt
2901,2901,coco_POPE_random,coco_POPE_random,1,0,"Yes,",yes,1.703125,0.7588252314814815,11.9375,4.789683093277589,28,1,/mnt/data/ssz/mr/results/Qwen2.5-VL/pope/evo/analysis/coco_POPE_random/2901.pt
1406,1406,coco_POPE_random,coco_POPE_random,1,0,"No,",no,1.734375,0.7335069444444444,11.9375,5.17397958750923,28,1,/mnt/data/ssz/mr/results/Qwen2.5-VL/pope/evo/analysis/coco_POPE_random/1406.pt
2156,2156,coco_POPE_random,coco_POPE_random,1,0,"No,",no,1.734375,0.7516637731481481,11.9375,5.301987961544691,28,1,/mnt/data/ssz/mr/results/Qwen2.5-VL/pope/evo/analysis/coco_POPE_random/2156.pt
2902,2902,coco_POPE_random,coco_POPE_random,1,0,"No,",no,1.703125,0.7588252314814815,11.9375,5.173583523631508,28,1,/mnt/data/ssz/mr/results/Qwen2.5-VL/pope/evo/analysis/coco_POPE_random/2902.pt
664,664,coco_POPE_random,coco_POPE_random,1,0,"No,",no,1.71875,0.7452256944444444,11.9375,5.3415950195483,28,1,/mnt/data/ssz/mr/results/Qwen2.5-VL/pope/evo/analysis/coco_POPE_random/664.pt
1407,1407,coco_POPE_random,coco_POPE_random,1,0,"Yes,",yes,1.734375,0.7335069444444444,11.9375,4.944237065715338,28,1,/mnt/data/ssz/mr/results/Qwen2.5-VL/pope/evo/analysis/coco_POPE_random/1407.pt
2157,2157,coco_POPE_random,coco_POPE_random,1,0,"Yes,",yes,1.734375,0.7516637731481481,11.9375,4.876932051090036,28,1,/mnt/data/ssz/mr/results/Qwen2.5-VL/pope/evo/analysis/coco_POPE_random/2157.pt
2903,2903,coco_POPE_random,coco_POPE_random,1,0,"Yes,",yes,1.703125,0.7588252314814815,11.9375,4.906117954033498,28,1,/mnt/data/ssz/mr/results/Qwen2.5-VL/pope/evo/analysis/coco_POPE_random/2903.pt
665,665,coco_POPE_random,coco_POPE_random,1,0,"Yes,",yes,1.71875,0.7452256944444444,11.9375,4.937007461652436,28,1,/mnt/data/ssz/mr/results/Qwen2.5-VL/pope/evo/analysis/coco_POPE_random/665.pt
2158,2158,coco_POPE_random,coco_POPE_random,1,0,"No,",no,1.7265625,0.7514467592592593,11.9375,5.225386657173157,28,1,/mnt/data/ssz/mr/results/Qwen2.5-VL/pope/evo/analysis/coco_POPE_random/2158.pt
1408,1408,coco_POPE_random,coco_POPE_random,1,0,"No,",no,1.734375,0.7335069444444444,11.9375,5.272184390101569,28,1,/mnt/data/ssz/mr/results/Qwen2.5-VL/pope/evo/analysis/coco_POPE_random/1408.pt
2904,2904,coco_POPE_random,coco_POPE_random,1,0,"No,",no,1.703125,0.7588252314814815,11.9375,5.206006814675274,28,1,/mnt/data/ssz/mr/results/Qwen2.5-VL/pope/evo/analysis/coco_POPE_random/2904.pt
666,666,coco_POPE_random,coco_POPE_random,1,0,"No,",no,1.71875,0.7452256944444444,11.9375,5.228491905007105,28,1,/mnt/data/ssz/mr/results/Qwen2.5-VL/pope/evo/analysis/coco_POPE_random/666.pt
2159,2159,coco_POPE_random,coco_POPE_random,0,1,"No,",yes,1.734375,0.7518807870370371,11.9375,5.210982442156317,28,1,/mnt/data/ssz/mr/results/Qwen2.5-VL/pope/evo/analysis/coco_POPE_random/2159.pt
1409,1409,coco_POPE_random,coco_POPE_random,1,0,"Yes,",yes,1.734375,0.7335069444444444,11.9375,4.864084487334006,28,1,/mnt/data/ssz/mr/results/Qwen2.5-VL/pope/evo/analysis/coco_POPE_random/1409.pt
2905,2905,coco_POPE_random,coco_POPE_random,0,1,"No,",yes,1.671875,0.7767650462962963,11.9375,5.132225061340721,28,1,/mnt/data/ssz/mr/results/Qwen2.5-VL/pope/evo/analysis/coco_POPE_random/2905.pt
667,667,coco_POPE_random,coco_POPE_random,0,1,"No,",yes,1.71875,0.7602719907407407,11.9375,5.1966557681908165,28,1,/mnt/data/ssz/mr/results/Qwen2.5-VL/pope/evo/analysis/coco_POPE_random/667.pt
2160,2160,coco_POPE_random,coco_POPE_random,1,0,"No,",no,1.734375,0.7518807870370371,11.9375,5.318578922596693,28,1,/mnt/data/ssz/mr/results/Qwen2.5-VL/pope/evo/analysis/coco_POPE_random/2160.pt
1410,1410,coco_POPE_random,coco_POPE_random,1,0,"No,",no,1.734375,0.7335069444444444,11.9375,5.262876081534819,28,1,/mnt/data/ssz/mr/results/Qwen2.5-VL/pope/evo/analysis/coco_POPE_random/1410.pt
2906,2906,coco_POPE_random,coco_POPE_random,1,0,"No,",no,1.671875,0.7777777777777778,11.9375,5.129726041120538,28,1,/mnt/data/ssz/mr/results/Qwen2.5-VL/pope/evo/analysis/coco_POPE_random/2906.pt
2161,2161,coco_POPE_random,coco_POPE_random,1,0,"Yes,",yes,1.71875,0.7703993055555556,11.9375,4.802407185193801,28,1,/mnt/data/ssz/mr/results/Qwen2.5-VL/pope/evo/analysis/coco_POPE_random/2161.pt
668,668,coco_POPE_random,coco_POPE_random,1,0,"No,",no,1.71875,0.7604166666666666,11.9375,5.125196980627371,28,1,/mnt/data/ssz/mr/results/Qwen2.5-VL/pope/evo/analysis/coco_POPE_random/668.pt
2907,2907,coco_POPE_random,coco_POPE_random,1,0,"Yes,",yes,1.671875,0.7772714120370371,11.9375,4.711548669075809,28,1,/mnt/data/ssz/mr/results/Qwen2.5-VL/pope/evo/analysis/coco_POPE_random/2907.pt
1411,1411,coco_POPE_random,coco_POPE_random,1,0,"Yes,",yes,1.703125,0.7324942129629629,11.9375,4.7138047730725825,28,1,/mnt/data/ssz/mr/results/Qwen2.5-VL/pope/evo/analysis/coco_POPE_random/1411.pt
2162,2162,coco_POPE_random,coco_POPE_random,1,0,"No,",no,1.71875,0.7703993055555556,11.9375,5.144466660485862,28,1,/mnt/data/ssz/mr/results/Qwen2.5-VL/pope/evo/analysis/coco_POPE_random/2162.pt
669,669,coco_POPE_random,coco_POPE_random,1,0,"Yes,",yes,1.71875,0.7605613425925926,11.9375,4.645767545867981,28,1,/mnt/data/ssz/mr/results/Qwen2.5-VL/pope/evo/analysis/coco_POPE_random/669.pt
2908,2908,coco_POPE_random,coco_POPE_random,1,0,"No,",no,1.671875,0.7777777777777778,11.9375,5.121741680206814,28,1,/mnt/data/ssz/mr/results/Qwen2.5-VL/pope/evo/analysis/coco_POPE_random/2908.pt
1412,1412,coco_POPE_random,coco_POPE_random,1,0,"No,",no,1.703125,0.7324942129629629,11.9375,5.237763938476089,28,1,/mnt/data/ssz/mr/results/Qwen2.5-VL/pope/evo/analysis/coco_POPE_random/1412.pt
2163,2163,coco_POPE_random,coco_POPE_random,1,0,"Yes,",yes,1.71875,0.7703993055555556,11.9375,4.62743608839258,28,1,/mnt/data/ssz/mr/results/Qwen2.5-VL/pope/evo/analysis/coco_POPE_random/2163.pt
2909,2909,coco_POPE_random,coco_POPE_random,1,0,"Yes,",yes,1.671875,0.7767650462962963,11.9375,4.715932177011335,28,1,/mnt/data/ssz/mr/results/Qwen2.5-VL/pope/evo/analysis/coco_POPE_random/2909.pt
670,670,coco_POPE_random,coco_POPE_random,1,0,"No,",no,1.71875,0.7604166666666666,11.9375,5.136414438695581,28,1,/mnt/data/ssz/mr/results/Qwen2.5-VL/pope/evo/analysis/coco_POPE_random/670.pt
1413,1413,coco_POPE_random,coco_POPE_random,0,1,"No,",yes,1.703125,0.7324942129629629,11.9375,5.21537484531617,28,1,/mnt/data/ssz/mr/results/Qwen2.5-VL/pope/evo/analysis/coco_POPE_random/1413.pt
2164,2164,coco_POPE_random,coco_POPE_random,1,0,"No,",no,1.71875,0.7703993055555556,11.9375,5.199075341344223,28,1,/mnt/data/ssz/mr/results/Qwen2.5-VL/pope/evo/analysis/coco_POPE_random/2164.pt
2910,2910,coco_POPE_random,coco_POPE_random,1,0,"No,",no,1.671875,0.7777777777777778,11.9375,5.1701777416364765,28,1,/mnt/data/ssz/mr/results/Qwen2.5-VL/pope/evo/analysis/coco_POPE_random/2910.pt
671,671,coco_POPE_random,coco_POPE_random,1,0,"Yes,",yes,1.71875,0.7602719907407407,11.9375,4.693849406033262,28,1,/mnt/data/ssz/mr/results/Qwen2.5-VL/pope/evo/analysis/coco_POPE_random/671.pt
1414,1414,coco_POPE_random,coco_POPE_random,1,0,"No,",no,1.703125,0.7324942129629629,11.9375,5.2026315858979775,28,1,/mnt/data/ssz/mr/results/Qwen2.5-VL/pope/evo/analysis/coco_POPE_random/1414.pt
2165,2165,coco_POPE_random,coco_POPE_random,1,0,"Yes,",yes,1.71875,0.7703993055555556,11.9375,4.572012513905568,28,1,/mnt/data/ssz/mr/results/Qwen2.5-VL/pope/evo/analysis/coco_POPE_random/2165.pt
2911,2911,coco_POPE_random,coco_POPE_random,0,1,"No,",yes,1.6953125,0.7443576388888888,11.9375,5.375978393802088,28,1,/mnt/data/ssz/mr/results/Qwen2.5-VL/pope/evo/analysis/coco_POPE_random/2911.pt
1415,1415,coco_POPE_random,coco_POPE_random,0,1,"No,",yes,1.703125,0.7324942129629629,11.9375,5.30113823366904,28,1,/mnt/data/ssz/mr/results/Qwen2.5-VL/pope/evo/analysis/coco_POPE_random/1415.pt
672,672,coco_POPE_random,coco_POPE_random,1,0,"No,",no,1.71875,0.7605613425925926,11.9375,5.038708189045291,28,1,/mnt/data/ssz/mr/results/Qwen2.5-VL/pope/evo/analysis/coco_POPE_random/672.pt
2166,2166,coco_POPE_random,coco_POPE_random,1,0,"No,",no,1.71875,0.7703993055555556,11.9375,5.148453176192185,28,1,/mnt/data/ssz/mr/results/Qwen2.5-VL/pope/evo/analysis/coco_POPE_random/2166.pt
2912,2912,coco_POPE_random,coco_POPE_random,1,0,"No,",no,1.6953125,0.7444299768518519,11.9375,5.256856426176894,28,1,/mnt/data/ssz/mr/results/Qwen2.5-VL/pope/evo/analysis/coco_POPE_random/2912.pt
1416,1416,coco_POPE_random,coco_POPE_random,1,0,"No,",no,1.703125,0.7324942129629629,11.9375,5.2572146776248525,28,1,/mnt/data/ssz/mr/results/Qwen2.5-VL/pope/evo/analysis/coco_POPE_random/1416.pt
673,673,coco_POPE_random,coco_POPE_random,0,1,"No,",yes,1.671875,0.7559317129629629,11.9375,5.284829588668048,28,1,/mnt/data/ssz/mr/results/Qwen2.5-VL/pope/evo/analysis/coco_POPE_random/673.pt
2167,2167,coco_POPE_random,coco_POPE_random,0,1,"No,",yes,1.703125,0.7615740740740741,11.9375,5.353061494321202,28,1,/mnt/data/ssz/mr/results/Qwen2.5-VL/pope/evo/analysis/coco_POPE_random/2167.pt
2913,2913,coco_POPE_random,coco_POPE_random,1,0,"Yes,",yes,1.6953125,0.7445023148148148,11.9375,4.807363837924392,28,1,/mnt/data/ssz/mr/results/Qwen2.5-VL/pope/evo/analysis/coco_POPE_random/2913.pt
1417,1417,coco_POPE_random,coco_POPE_random,1,0,"Yes,",yes,1.6875,0.7514467592592593,11.9375,4.778562573376335,28,1,/mnt/data/ssz/mr/results/Qwen2.5-VL/pope/evo/analysis/coco_POPE_random/1417.pt
674,674,coco_POPE_random,coco_POPE_random,1,0,"No,",no,1.671875,0.7559317129629629,11.9375,5.27133174590914,28,1,/mnt/data/ssz/mr/results/Qwen2.5-VL/pope/evo/analysis/coco_POPE_random/674.pt
2168,2168,coco_POPE_random,coco_POPE_random,1,0,"No,",no,1.703125,0.7615740740740741,11.9375,5.233336204793887,28,1,/mnt/data/ssz/mr/results/Qwen2.5-VL/pope/evo/analysis/coco_POPE_random/2168.pt
2914,2914,coco_POPE_random,coco_POPE_random,1,0,"No,",no,1.6953125,0.7444299768518519,11.9375,5.1540688003614346,28,1,/mnt/data/ssz/mr/results/Qwen2.5-VL/pope/evo/analysis/coco_POPE_random/2914.pt
1418,1418,coco_POPE_random,coco_POPE_random,1,0,"No,",no,1.6875,0.7505063657407407,11.9375,5.230148846661466,28,1,/mnt/data/ssz/mr/results/Qwen2.5-VL/pope/evo/analysis/coco_POPE_random/1418.pt
675,675,coco_POPE_random,coco_POPE_random,1,0,"Yes,",yes,1.671875,0.7559317129629629,11.9375,4.955375142315218,28,1,/mnt/data/ssz/mr/results/Qwen2.5-VL/pope/evo/analysis/coco_POPE_random/675.pt
2169,2169,coco_POPE_random,coco_POPE_random,1,0,"Yes,",yes,1.703125,0.7615740740740741,11.9375,4.8962172094402865,28,1,/mnt/data/ssz/mr/results/Qwen2.5-VL/pope/evo/analysis/coco_POPE_random/2169.pt
2915,2915,coco_POPE_random,coco_POPE_random,0,1,"No,",yes,1.6953125,0.7444299768518519,11.9375,5.220286305458637,28,1,/mnt/data/ssz/mr/results/Qwen2.5-VL/pope/evo/analysis/coco_POPE_random/2915.pt
1419,1419,coco_POPE_random,coco_POPE_random,1,0,"Yes,",yes,1.6875,0.7505063657407407,11.9375,4.81992751754749,28,1,/mnt/data/ssz/mr/results/Qwen2.5-VL/pope/evo/analysis/coco_POPE_random/1419.pt
2170,2170,coco_POPE_random,coco_POPE_random,1,0,"No,",no,1.703125,0.7615740740740741,11.9375,5.18646814856967,28,1,/mnt/data/ssz/mr/results/Qwen2.5-VL/pope/evo/analysis/coco_POPE_random/2170.pt
676,676,coco_POPE_random,coco_POPE_random,1,0,"No,",no,1.671875,0.7559317129629629,11.9375,5.3552614564973275,28,1,/mnt/data/ssz/mr/results/Qwen2.5-VL/pope/evo/analysis/coco_POPE_random/676.pt
2916,2916,coco_POPE_random,coco_POPE_random,1,0,"No,",no,1.6953125,0.7443576388888888,11.9375,5.200609411838741,28,1,/mnt/data/ssz/mr/results/Qwen2.5-VL/pope/evo/analysis/coco_POPE_random/2916.pt
1420,1420,coco_POPE_random,coco_POPE_random,1,0,"No,",no,1.6796875,0.7496383101851852,11.9375,5.241549158025197,28,1,/mnt/data/ssz/mr/results/Qwen2.5-VL/pope/evo/analysis/coco_POPE_random/1420.pt
2171,2171,coco_POPE_random,coco_POPE_random,1,0,"Yes,",yes,1.703125,0.7615740740740741,11.9375,4.806824056740859,28,1,/mnt/data/ssz/mr/results/Qwen2.5-VL/pope/evo/analysis/coco_POPE_random/2171.pt
677,677,coco_POPE_random,coco_POPE_random,1,0,"Yes,",yes,1.671875,0.7559317129629629,11.9375,4.954489933158248,28,1,/mnt/data/ssz/mr/results/Qwen2.5-VL/pope/evo/analysis/coco_POPE_random/677.pt
2917,2917,coco_POPE_random,coco_POPE_random,0,1,"No,",yes,1.734375,0.7513020833333334,11.9375,5.3037536874670055,28,1,/mnt/data/ssz/mr/results/Qwen2.5-VL/pope/evo/analysis/coco_POPE_random/2917.pt
1421,1421,coco_POPE_random,coco_POPE_random,0,1,"No,",yes,1.6875,0.7505063657407407,11.9375,5.352062087116723,28,1,/mnt/data/ssz/mr/results/Qwen2.5-VL/pope/evo/analysis/coco_POPE_random/1421.pt
2172,2172,coco_POPE_random,coco_POPE_random,1,0,"No,",no,1.703125,0.7615740740740741,11.9375,5.278418576831585,28,1,/mnt/data/ssz/mr/results/Qwen2.5-VL/pope/evo/analysis/coco_POPE_random/2172.pt
678,678,coco_POPE_random,coco_POPE_random,1,0,"No,",no,1.671875,0.7565827546296297,11.9375,5.2321170937101416,28,1,/mnt/data/ssz/mr/results/Qwen2.5-VL/pope/evo/analysis/coco_POPE_random/678.pt
2918,2918,coco_POPE_random,coco_POPE_random,1,0,"No,",no,1.734375,0.7513020833333334,11.9375,5.128122076466941,28,1,/mnt/data/ssz/mr/results/Qwen2.5-VL/pope/evo/analysis/coco_POPE_random/2918.pt
1422,1422,coco_POPE_random,coco_POPE_random,1,0,"No,",no,1.6796875,0.7495659722222222,11.9375,5.231263328679578,28,1,/mnt/data/ssz/mr/results/Qwen2.5-VL/pope/evo/analysis/coco_POPE_random/1422.pt
2173,2173,coco_POPE_random,coco_POPE_random,0,1,"No,",yes,1.703125,0.7381365740740741,11.9375,5.330087930273546,28,1,/mnt/data/ssz/mr/results/Qwen2.5-VL/pope/evo/analysis/coco_POPE_random/2173.pt
1423,1423,coco_POPE_random,coco_POPE_random,0,1,"No,",yes,1.65625,0.7682291666666666,11.9375,5.134271933371754,28,1,/mnt/data/ssz/mr/results/Qwen2.5-VL/pope/evo/analysis/coco_POPE_random/1423.pt
2919,2919,coco_POPE_random,coco_POPE_random,1,0,"Yes,",yes,1.734375,0.7512297453703703,11.9375,4.73876872520455,28,1,/mnt/data/ssz/mr/results/Qwen2.5-VL/pope/evo/analysis/coco_POPE_random/2919.pt
679,679,coco_POPE_random,coco_POPE_random,1,0,"Yes,",yes,1.703125,0.7256944444444444,11.9375,4.819616577356948,28,1,/mnt/data/ssz/mr/results/Qwen2.5-VL/pope/evo/analysis/coco_POPE_random/679.pt
2174,2174,coco_POPE_random,coco_POPE_random,1,0,"No,",no,1.703125,0.7381365740740741,11.9375,5.2739466701146,28,1,/mnt/data/ssz/mr/results/Qwen2.5-VL/pope/evo/analysis/coco_POPE_random/2174.pt
1424,1424,coco_POPE_random,coco_POPE_random,1,0,"No,",no,1.65625,0.7682291666666666,11.9375,5.195786704955747,28,1,/mnt/data/ssz/mr/results/Qwen2.5-VL/pope/evo/analysis/coco_POPE_random/1424.pt
2920,2920,coco_POPE_random,coco_POPE_random,1,0,"No,",no,1.734375,0.7513020833333334,11.9375,5.249194577196878,28,1,/mnt/data/ssz/mr/results/Qwen2.5-VL/pope/evo/analysis/coco_POPE_random/2920.pt
680,680,coco_POPE_random,coco_POPE_random,1,0,"No,",no,1.703125,0.7262731481481481,11.9375,5.368319309179586,28,1,/mnt/data/ssz/mr/results/Qwen2.5-VL/pope/evo/analysis/coco_POPE_random/680.pt
2921,2921,coco_POPE_random,coco_POPE_random,1,0,"Yes,",yes,1.734375,0.7513020833333334,11.9375,4.629952145039516,28,1,/mnt/data/ssz/mr/results/Qwen2.5-VL/pope/evo/analysis/coco_POPE_random/2921.pt
1425,1425,coco_POPE_random,coco_POPE_random,1,0,"Yes,",yes,1.65625,0.7680844907407407,11.9375,4.771571972964772,28,1,/mnt/data/ssz/mr/results/Qwen2.5-VL/pope/evo/analysis/coco_POPE_random/1425.pt
2175,2175,coco_POPE_random,coco_POPE_random,1,0,"Yes,",yes,1.703125,0.7381365740740741,11.9375,4.896868449658008,28,1,/mnt/data/ssz/mr/results/Qwen2.5-VL/pope/evo/analysis/coco_POPE_random/2175.pt
681,681,coco_POPE_random,coco_POPE_random,1,0,"Yes,",yes,1.703125,0.7252604166666666,11.9375,4.804124884018106,28,1,/mnt/data/ssz/mr/results/Qwen2.5-VL/pope/evo/analysis/coco_POPE_random/681.pt
2922,2922,coco_POPE_random,coco_POPE_random,1,0,"No,",no,1.734375,0.7513020833333334,11.9375,5.171883207379574,28,1,/mnt/data/ssz/mr/results/Qwen2.5-VL/pope/evo/analysis/coco_POPE_random/2922.pt
1426,1426,coco_POPE_random,coco_POPE_random,1,0,"No,",no,1.65625,0.7682291666666666,11.9375,5.215912634155694,28,1,/mnt/data/ssz/mr/results/Qwen2.5-VL/pope/evo/analysis/coco_POPE_random/1426.pt
2176,2176,coco_POPE_random,coco_POPE_random,1,0,"No,",no,1.703125,0.7381365740740741,11.9375,5.248238538231316,28,1,/mnt/data/ssz/mr/results/Qwen2.5-VL/pope/evo/analysis/coco_POPE_random/2176.pt
682,682,coco_POPE_random,coco_POPE_random,1,0,"No,",no,1.703125,0.7252604166666666,11.9375,5.254529939539084,28,1,/mnt/data/ssz/mr/results/Qwen2.5-VL/pope/evo/analysis/coco_POPE_random/682.pt
2923,2923,coco_POPE_random,coco_POPE_random,1,0,"Yes,",yes,1.765625,0.7353877314814815,11.9375,4.746830496020893,28,1,/mnt/data/ssz/mr/results/Qwen2.5-VL/pope/evo/analysis/coco_POPE_random/2923.pt
1427,1427,coco_POPE_random,coco_POPE_random,0,1,"No,",yes,1.65625,0.7681568287037037,11.9375,5.166299372922932,28,1,/mnt/data/ssz/mr/results/Qwen2.5-VL/pope/evo/analysis/coco_POPE_random/1427.pt
2177,2177,coco_POPE_random,coco_POPE_random,1,0,"Yes,",yes,1.703125,0.7381365740740741,11.9375,4.813093943894769,28,1,/mnt/data/ssz/mr/results/Qwen2.5-VL/pope/evo/analysis/coco_POPE_random/2177.pt
683,683,coco_POPE_random,coco_POPE_random,1,0,"Yes,",yes,1.703125,0.7256944444444444,11.9375,4.85236443712623,28,1,/mnt/data/ssz/mr/results/Qwen2.5-VL/pope/evo/analysis/coco_POPE_random/683.pt
1428,1428,coco_POPE_random,coco_POPE_random,1,0,"No,",no,1.65625,0.7680844907407407,11.9375,5.125455144649786,28,1,/mnt/data/ssz/mr/results/Qwen2.5-VL/pope/evo/analysis/coco_POPE_random/1428.pt
2924,2924,coco_POPE_random,coco_POPE_random,1,0,"No,",no,1.765625,0.7353877314814815,11.9375,5.232274194637911,28,1,/mnt/data/ssz/mr/results/Qwen2.5-VL/pope/evo/analysis/coco_POPE_random/2924.pt
2178,2178,coco_POPE_random,coco_POPE_random,1,0,"No,",no,1.703125,0.7377748842592593,11.9375,5.183098680291584,28,1,/mnt/data/ssz/mr/results/Qwen2.5-VL/pope/evo/analysis/coco_POPE_random/2178.pt
684,684,coco_POPE_random,coco_POPE_random,1,0,"No,",no,1.703125,0.7252604166666666,11.9375,5.37216986943782,28,1,/mnt/data/ssz/mr/results/Qwen2.5-VL/pope/evo/analysis/coco_POPE_random/684.pt
1429,1429,coco_POPE_random,coco_POPE_random,1,0,"Yes,",yes,1.6796875,0.7596932870370371,11.9375,4.72750171475516,28,1,/mnt/data/ssz/mr/results/Qwen2.5-VL/pope/evo/analysis/coco_POPE_random/1429.pt
2925,2925,coco_POPE_random,coco_POPE_random,1,0,"Yes,",yes,1.765625,0.7351707175925926,11.9375,4.778991254191592,28,1,/mnt/data/ssz/mr/results/Qwen2.5-VL/pope/evo/analysis/coco_POPE_random/2925.pt
2179,2179,coco_POPE_random,coco_POPE_random,0,1,"No,",yes,1.6796875,0.7554253472222222,11.9375,5.146752126969542,28,1,/mnt/data/ssz/mr/results/Qwen2.5-VL/pope/evo/analysis/coco_POPE_random/2179.pt
685,685,coco_POPE_random,coco_POPE_random,1,0,"Yes,",yes,1.6796875,0.7654803240740741,11.9375,4.803126244870381,28,1,/mnt/data/ssz/mr/results/Qwen2.5-VL/pope/evo/analysis/coco_POPE_random/685.pt
1430,1430,coco_POPE_random,coco_POPE_random,1,0,"No,",no,1.6796875,0.7598379629629629,11.9375,5.32097275738024,28,1,/mnt/data/ssz/mr/results/Qwen2.5-VL/pope/evo/analysis/coco_POPE_random/1430.pt
2926,2926,coco_POPE_random,coco_POPE_random,1,0,"No,",no,1.765625,0.7353877314814815,11.9375,5.193296890460072,28,1,/mnt/data/ssz/mr/results/Qwen2.5-VL/pope/evo/analysis/coco_POPE_random/2926.pt
2180,2180,coco_POPE_random,coco_POPE_random,1,0,"No,",no,1.6796875,0.7553530092592593,11.9375,5.125757731253167,28,1,/mnt/data/ssz/mr/results/Qwen2.5-VL/pope/evo/analysis/coco_POPE_random/2180.pt
686,686,coco_POPE_random,coco_POPE_random,1,0,"No,",no,1.6796875,0.7654803240740741,11.9375,5.153221088675968,28,1,/mnt/data/ssz/mr/results/Qwen2.5-VL/pope/evo/analysis/coco_POPE_random/686.pt
1431,1431,coco_POPE_random,coco_POPE_random,1,0,"Yes,",yes,1.6796875,0.7596932870370371,11.9375,4.876285718928063,28,1,/mnt/data/ssz/mr/results/Qwen2.5-VL/pope/evo/analysis/coco_POPE_random/1431.pt
2927,2927,coco_POPE_random,coco_POPE_random,0,1,"No,",yes,1.765625,0.7353877314814815,11.9375,5.398458864572486,28,1,/mnt/data/ssz/mr/results/Qwen2.5-VL/pope/evo/analysis/coco_POPE_random/2927.pt
2181,2181,coco_POPE_random,coco_POPE_random,1,0,"Yes,",yes,1.6796875,0.7554976851851852,11.9375,4.888994087116879,28,1,/mnt/data/ssz/mr/results/Qwen2.5-VL/pope/evo/analysis/coco_POPE_random/2181.pt
687,687,coco_POPE_random,coco_POPE_random,1,0,"Yes,",yes,1.6796875,0.7654803240740741,11.9375,4.976408208236668,28,1,/mnt/data/ssz/mr/results/Qwen2.5-VL/pope/evo/analysis/coco_POPE_random/687.pt
1432,1432,coco_POPE_random,coco_POPE_random,1,0,"No,",no,1.6796875,0.7598379629629629,11.9375,5.308308448918602,28,1,/mnt/data/ssz/mr/results/Qwen2.5-VL/pope/evo/analysis/coco_POPE_random/1432.pt
2928,2928,coco_POPE_random,coco_POPE_random,1,0,"No,",no,1.765625,0.7353877314814815,11.9375,5.290754611573559,28,1,/mnt/data/ssz/mr/results/Qwen2.5-VL/pope/evo/analysis/coco_POPE_random/2928.pt
2182,2182,coco_POPE_random,coco_POPE_random,1,0,"No,",no,1.6796875,0.7549189814814815,11.9375,5.239681028432799,28,1,/mnt/data/ssz/mr/results/Qwen2.5-VL/pope/evo/analysis/coco_POPE_random/2182.pt
688,688,coco_POPE_random,coco_POPE_random,1,0,"No,",no,1.6796875,0.7654803240740741,11.9375,5.2669633688624184,28,1,/mnt/data/ssz/mr/results/Qwen2.5-VL/pope/evo/analysis/coco_POPE_random/688.pt
1433,1433,coco_POPE_random,coco_POPE_random,0,1,"No,",yes,1.6796875,0.7598379629629629,11.9375,5.371502719389889,28,1,/mnt/data/ssz/mr/results/Qwen2.5-VL/pope/evo/analysis/coco_POPE_random/1433.pt
2929,2929,coco_POPE_random,coco_POPE_random,1,0,"Yes,",yes,1.6796875,0.7679398148148148,11.9375,4.776439332402248,28,1,/mnt/data/ssz/mr/results/Qwen2.5-VL/pope/evo/analysis/coco_POPE_random/2929.pt
2183,2183,coco_POPE_random,coco_POPE_random,1,0,"Yes,",yes,1.6796875,0.7553530092592593,11.9375,4.739711773538331,28,1,/mnt/data/ssz/mr/results/Qwen2.5-VL/pope/evo/analysis/coco_POPE_random/2183.pt
689,689,coco_POPE_random,coco_POPE_random,1,0,"Yes,",yes,1.6796875,0.7654803240740741,11.9375,4.767621353528677,28,1,/mnt/data/ssz/mr/results/Qwen2.5-VL/pope/evo/analysis/coco_POPE_random/689.pt
2930,2930,coco_POPE_random,coco_POPE_random,1,0,"No,",no,1.6796875,0.7686631944444444,11.9375,5.187372071661355,28,1,/mnt/data/ssz/mr/results/Qwen2.5-VL/pope/evo/analysis/coco_POPE_random/2930.pt
1434,1434,coco_POPE_random,coco_POPE_random,1,0,"No,",no,1.6796875,0.7598379629629629,11.9375,5.209359640448133,28,1,/mnt/data/ssz/mr/results/Qwen2.5-VL/pope/evo/analysis/coco_POPE_random/1434.pt
2184,2184,coco_POPE_random,coco_POPE_random,1,0,"No,",no,1.6796875,0.7553530092592593,11.9375,5.24440410814513,28,1,/mnt/data/ssz/mr/results/Qwen2.5-VL/pope/evo/analysis/coco_POPE_random/2184.pt
2931,2931,coco_POPE_random,coco_POPE_random,0,1,"No,",yes,1.6796875,0.7682291666666666,11.9375,5.296225261993979,28,1,/mnt/data/ssz/mr/results/Qwen2.5-VL/pope/evo/analysis/coco_POPE_random/2931.pt
690,690,coco_POPE_random,coco_POPE_random,1,0,"No,",no,1.6796875,0.7661313657407407,11.9375,5.162051836534312,28,1,/mnt/data/ssz/mr/results/Qwen2.5-VL/pope/evo/analysis/coco_POPE_random/690.pt
1435,1435,coco_POPE_random,coco_POPE_random,1,0,"Yes,",yes,1.7265625,0.7446469907407407,11.9375,4.826452271011271,28,1,/mnt/data/ssz/mr/results/Qwen2.5-VL/pope/evo/analysis/coco_POPE_random/1435.pt
2185,2185,coco_POPE_random,coco_POPE_random,1,0,"Yes,",yes,1.6640625,0.7411747685185185,11.9375,4.85180530512524,28,1,/mnt/data/ssz/mr/results/Qwen2.5-VL/pope/evo/analysis/coco_POPE_random/2185.pt
2932,2932,coco_POPE_random,coco_POPE_random,1,0,"No,",no,1.6796875,0.7685185185185185,11.9375,5.160651347153519,28,1,/mnt/data/ssz/mr/results/Qwen2.5-VL/pope/evo/analysis/coco_POPE_random/2932.pt
691,691,coco_POPE_random,coco_POPE_random,1,0,"Yes,",yes,1.6953125,0.7495659722222222,11.9375,4.693990821920784,28,1,/mnt/data/ssz/mr/results/Qwen2.5-VL/pope/evo/analysis/coco_POPE_random/691.pt
1436,1436,coco_POPE_random,coco_POPE_random,1,0,"No,",no,1.7265625,0.7446469907407407,11.9375,5.270053622795817,28,1,/mnt/data/ssz/mr/results/Qwen2.5-VL/pope/evo/analysis/coco_POPE_random/1436.pt
2186,2186,coco_POPE_random,coco_POPE_random,1,0,"No,",no,1.6640625,0.7408130787037037,11.9375,5.340940204065191,28,1,/mnt/data/ssz/mr/results/Qwen2.5-VL/pope/evo/analysis/coco_POPE_random/2186.pt
2933,2933,coco_POPE_random,coco_POPE_random,1,0,"Yes,",yes,1.6796875,0.7682291666666666,11.9375,4.746442229122922,28,1,/mnt/data/ssz/mr/results/Qwen2.5-VL/pope/evo/analysis/coco_POPE_random/2933.pt
692,692,coco_POPE_random,coco_POPE_random,1,0,"No,",no,1.6953125,0.7495659722222222,11.9375,5.257517933432108,28,1,/mnt/data/ssz/mr/results/Qwen2.5-VL/pope/evo/analysis/coco_POPE_random/692.pt
1437,1437,coco_POPE_random,coco_POPE_random,0,1,"No,",yes,1.7265625,0.7446469907407407,11.9375,5.369154876513268,28,1,/mnt/data/ssz/mr/results/Qwen2.5-VL/pope/evo/analysis/coco_POPE_random/1437.pt
2187,2187,coco_POPE_random,coco_POPE_random,0,1,"No,",yes,1.6640625,0.7411747685185185,11.9375,5.258024177459323,28,1,/mnt/data/ssz/mr/results/Qwen2.5-VL/pope/evo/analysis/coco_POPE_random/2187.pt
2934,2934,coco_POPE_random,coco_POPE_random,1,0,"No,",no,1.6796875,0.7685185185185185,11.9375,5.125992985387836,28,1,/mnt/data/ssz/mr/results/Qwen2.5-VL/pope/evo/analysis/coco_POPE_random/2934.pt
693,693,coco_POPE_random,coco_POPE_random,1,0,"Yes,",yes,1.6953125,0.7495659722222222,11.9375,4.7712974691753995,28,1,/mnt/data/ssz/mr/results/Qwen2.5-VL/pope/evo/analysis/coco_POPE_random/693.pt
1438,1438,coco_POPE_random,coco_POPE_random,1,0,"No,",no,1.7265625,0.7446469907407407,11.9375,5.25452642484291,28,1,/mnt/data/ssz/mr/results/Qwen2.5-VL/pope/evo/analysis/coco_POPE_random/1438.pt
2188,2188,coco_POPE_random,coco_POPE_random,1,0,"No,",no,1.6640625,0.7413194444444444,11.9375,5.340921631435916,28,1,/mnt/data/ssz/mr/results/Qwen2.5-VL/pope/evo/analysis/coco_POPE_random/2188.pt
2935,2935,coco_POPE_random,coco_POPE_random,1,0,"Yes,",yes,1.6875,0.7473234953703703,11.9375,4.764525047454613,28,1,/mnt/data/ssz/mr/results/Qwen2.5-VL/pope/evo/analysis/coco_POPE_random/2935.pt
694,694,coco_POPE_random,coco_POPE_random,1,0,"No,",no,1.6953125,0.7491319444444444,11.9375,5.140802285098572,28,1,/mnt/data/ssz/mr/results/Qwen2.5-VL/pope/evo/analysis/coco_POPE_random/694.pt
1439,1439,coco_POPE_random,coco_POPE_random,1,0,"Yes,",yes,1.7265625,0.7446469907407407,11.9375,4.928936409008172,28,1,/mnt/data/ssz/mr/results/Qwen2.5-VL/pope/evo/analysis/coco_POPE_random/1439.pt
2189,2189,coco_POPE_random,coco_POPE_random,0,1,"No,",yes,1.6640625,0.7411747685185185,11.9375,5.259059867976498,28,1,/mnt/data/ssz/mr/results/Qwen2.5-VL/pope/evo/analysis/coco_POPE_random/2189.pt
2936,2936,coco_POPE_random,coco_POPE_random,1,0,"No,",no,1.6875,0.7465277777777778,11.9375,5.130278170653112,28,1,/mnt/data/ssz/mr/results/Qwen2.5-VL/pope/evo/analysis/coco_POPE_random/2936.pt
695,695,coco_POPE_random,coco_POPE_random,0,1,"No,",yes,1.6953125,0.7493489583333334,11.9375,5.183632525463857,28,1,/mnt/data/ssz/mr/results/Qwen2.5-VL/pope/evo/analysis/coco_POPE_random/695.pt
1440,1440,coco_POPE_random,coco_POPE_random,1,0,"No,",no,1.7265625,0.7446469907407407,11.9375,5.21464066181918,28,1,/mnt/data/ssz/mr/results/Qwen2.5-VL/pope/evo/analysis/coco_POPE_random/1440.pt
2190,2190,coco_POPE_random,coco_POPE_random,1,0,"No,",no,1.6640625,0.7408130787037037,11.9375,5.303220932266037,28,1,/mnt/data/ssz/mr/results/Qwen2.5-VL/pope/evo/analysis/coco_POPE_random/2190.pt
2937,2937,coco_POPE_random,coco_POPE_random,0,1,"No,",yes,1.6875,0.7473234953703703,11.9375,5.285687299873815,28,1,/mnt/data/ssz/mr/results/Qwen2.5-VL/pope/evo/analysis/coco_POPE_random/2937.pt
696,696,coco_POPE_random,coco_POPE_random,1,0,"No,",no,1.6953125,0.7486255787037037,11.9375,5.235605271061199,28,1,/mnt/data/ssz/mr/results/Qwen2.5-VL/pope/evo/analysis/coco_POPE_random/696.pt
1441,1441,coco_POPE_random,coco_POPE_random,0,1,"No,",yes,1.671875,0.7396556712962963,11.9375,5.215669104890461,28,1,/mnt/data/ssz/mr/results/Qwen2.5-VL/pope/evo/analysis/coco_POPE_random/1441.pt
2191,2191,coco_POPE_random,coco_POPE_random,1,0,"Yes,",yes,1.703125,0.7256944444444444,11.9375,4.839504106132894,28,1,/mnt/data/ssz/mr/results/Qwen2.5-VL/pope/evo/analysis/coco_POPE_random/2191.pt
2938,2938,coco_POPE_random,coco_POPE_random,1,0,"No,",no,1.6875,0.7465277777777778,11.9375,5.2148433074273335,28,1,/mnt/data/ssz/mr/results/Qwen2.5-VL/pope/evo/analysis/coco_POPE_random/2938.pt
697,697,coco_POPE_random,coco_POPE_random,1,0,"Yes,",yes,1.71875,0.7317708333333334,11.9375,4.904098935570809,28,1,/mnt/data/ssz/mr/results/Qwen2.5-VL/pope/evo/analysis/coco_POPE_random/697.pt
1442,1442,coco_POPE_random,coco_POPE_random,1,0,"No,",no,1.671875,0.7391493055555556,11.9375,5.146214562483159,28,1,/mnt/data/ssz/mr/results/Qwen2.5-VL/pope/evo/analysis/coco_POPE_random/1442.pt
2192,2192,coco_POPE_random,coco_POPE_random,1,0,"No,",no,1.703125,0.7256944444444444,11.9375,5.1264474273734315,28,1,/mnt/data/ssz/mr/results/Qwen2.5-VL/pope/evo/analysis/coco_POPE_random/2192.pt
2939,2939,coco_POPE_random,coco_POPE_random,1,0,"Yes,",yes,1.6875,0.7473234953703703,11.9375,4.642732278538268,28,1,/mnt/data/ssz/mr/results/Qwen2.5-VL/pope/evo/analysis/coco_POPE_random/2939.pt
698,698,coco_POPE_random,coco_POPE_random,1,0,"No,",no,1.71875,0.7317708333333334,11.9375,5.263324571152974,28,1,/mnt/data/ssz/mr/results/Qwen2.5-VL/pope/evo/analysis/coco_POPE_random/698.pt
1443,1443,coco_POPE_random,coco_POPE_random,0,1,"No,",yes,1.671875,0.7396556712962963,11.9375,5.27675440973125,28,1,/mnt/data/ssz/mr/results/Qwen2.5-VL/pope/evo/analysis/coco_POPE_random/1443.pt
2193,2193,coco_POPE_random,coco_POPE_random,1,0,"Yes,",yes,1.703125,0.7256944444444444,11.9375,4.821675828381579,28,1,/mnt/data/ssz/mr/results/Qwen2.5-VL/pope/evo/analysis/coco_POPE_random/2193.pt
2940,2940,coco_POPE_random,coco_POPE_random,1,0,"No,",no,1.6875,0.7465277777777778,11.9375,5.163478081038445,28,1,/mnt/data/ssz/mr/results/Qwen2.5-VL/pope/evo/analysis/coco_POPE_random/2940.pt
699,699,coco_POPE_random,coco_POPE_random,1,0,"Yes,",yes,1.71875,0.7317708333333334,11.9375,4.701625518054402,28,1,/mnt/data/ssz/mr/results/Qwen2.5-VL/pope/evo/analysis/coco_POPE_random/699.pt
1444,1444,coco_POPE_random,coco_POPE_random,1,0,"No,",no,1.671875,0.7396556712962963,11.9375,5.2646949459009695,28,1,/mnt/data/ssz/mr/results/Qwen2.5-VL/pope/evo/analysis/coco_POPE_random/1444.pt
2194,2194,coco_POPE_random,coco_POPE_random,1,0,"No,",no,1.703125,0.7261284722222222,11.9375,5.221828932924836,28,1,/mnt/data/ssz/mr/results/Qwen2.5-VL/pope/evo/analysis/coco_POPE_random/2194.pt
2941,2941,coco_POPE_random,coco_POPE_random,1,0,"Yes,",yes,1.734375,0.7583912037037037,11.9375,4.728337383797285,28,1,/mnt/data/ssz/mr/results/Qwen2.5-VL/pope/evo/analysis/coco_POPE_random/2941.pt
700,700,coco_POPE_random,coco_POPE_random,1,0,"No,",no,1.71875,0.7317708333333334,11.9375,5.226435478747088,28,1,/mnt/data/ssz/mr/results/Qwen2.5-VL/pope/evo/analysis/coco_POPE_random/700.pt
2195,2195,coco_POPE_random,coco_POPE_random,1,0,"Yes,",yes,1.703125,0.7256944444444444,11.9375,4.718846720453165,28,1,/mnt/data/ssz/mr/results/Qwen2.5-VL/pope/evo/analysis/coco_POPE_random/2195.pt
1445,1445,coco_POPE_random,coco_POPE_random,0,1,"No,",yes,1.671875,0.7391493055555556,11.9375,5.240440373438421,28,1,/mnt/data/ssz/mr/results/Qwen2.5-VL/pope/evo/analysis/coco_POPE_random/1445.pt
2942,2942,coco_POPE_random,coco_POPE_random,1,0,"No,",no,1.734375,0.7582465277777778,11.9375,5.135725618206537,28,1,/mnt/data/ssz/mr/results/Qwen2.5-VL/pope/evo/analysis/coco_POPE_random/2942.pt
701,701,coco_POPE_random,coco_POPE_random,0,1,"No,",yes,1.71875,0.7317708333333334,11.9375,5.218366564824778,28,1,/mnt/data/ssz/mr/results/Qwen2.5-VL/pope/evo/analysis/coco_POPE_random/701.pt
2196,2196,coco_POPE_random,coco_POPE_random,1,0,"No,",no,1.703125,0.7261284722222222,11.9375,5.259030876215484,28,1,/mnt/data/ssz/mr/results/Qwen2.5-VL/pope/evo/analysis/coco_POPE_random/2196.pt
1446,1446,coco_POPE_random,coco_POPE_random,1,0,"No,",no,1.671875,0.7391493055555556,11.9375,5.244079399453704,28,1,/mnt/data/ssz/mr/results/Qwen2.5-VL/pope/evo/analysis/coco_POPE_random/1446.pt
2943,2943,coco_POPE_random,coco_POPE_random,1,0,"Yes,",yes,1.734375,0.7581018518518519,11.9375,4.888817034258339,28,1,/mnt/data/ssz/mr/results/Qwen2.5-VL/pope/evo/analysis/coco_POPE_random/2943.pt
2197,2197,coco_POPE_random,coco_POPE_random,1,0,"Yes,",yes,1.71875,0.7489872685185185,11.9375,4.796892021271882,28,1,/mnt/data/ssz/mr/results/Qwen2.5-VL/pope/evo/analysis/coco_POPE_random/2197.pt
702,702,coco_POPE_random,coco_POPE_random,1,0,"No,",no,1.71875,0.7317708333333334,11.9375,5.168675266614974,28,1,/mnt/data/ssz/mr/results/Qwen2.5-VL/pope/evo/analysis/coco_POPE_random/702.pt
1447,1447,coco_POPE_random,coco_POPE_random,0,1,"No,",yes,1.75,0.7311921296296297,11.9375,5.2913446303488145,28,1,/mnt/data/ssz/mr/results/Qwen2.5-VL/pope/evo/analysis/coco_POPE_random/1447.pt
2944,2944,coco_POPE_random,coco_POPE_random,1,0,"No,",no,1.734375,0.7581018518518519,11.9375,5.22360416948981,28,1,/mnt/data/ssz/mr/results/Qwen2.5-VL/pope/evo/analysis/coco_POPE_random/2944.pt
2198,2198,coco_POPE_random,coco_POPE_random,1,0,"No,",no,1.71875,0.7489872685185185,11.9375,5.226165219440363,28,1,/mnt/data/ssz/mr/results/Qwen2.5-VL/pope/evo/analysis/coco_POPE_random/2198.pt
703,703,coco_POPE_random,coco_POPE_random,1,0,"Yes,",yes,1.640625,0.7570891203703703,11.9375,4.84872224838847,28,1,/mnt/data/ssz/mr/results/Qwen2.5-VL/pope/evo/analysis/coco_POPE_random/703.pt
1448,1448,coco_POPE_random,coco_POPE_random,1,0,"No,",no,1.75,0.7311197916666666,11.9375,5.2466841114876,28,1,/mnt/data/ssz/mr/results/Qwen2.5-VL/pope/evo/analysis/coco_POPE_random/1448.pt
2199,2199,coco_POPE_random,coco_POPE_random,1,0,"Yes,",yes,1.71875,0.7489872685185185,11.9375,4.783230785330151,28,1,/mnt/data/ssz/mr/results/Qwen2.5-VL/pope/evo/analysis/coco_POPE_random/2199.pt
2945,2945,coco_POPE_random,coco_POPE_random,0,1,"No,",yes,1.734375,0.7581018518518519,11.9375,5.21016606634608,28,1,/mnt/data/ssz/mr/results/Qwen2.5-VL/pope/evo/analysis/coco_POPE_random/2945.pt
704,704,coco_POPE_random,coco_POPE_random,1,0,"No,",no,1.640625,0.7570891203703703,11.9375,5.312507253139977,28,1,/mnt/data/ssz/mr/results/Qwen2.5-VL/pope/evo/analysis/coco_POPE_random/704.pt
1449,1449,coco_POPE_random,coco_POPE_random,0,1,"No,",yes,1.75,0.7311921296296297,11.9375,5.215222789078952,28,1,/mnt/data/ssz/mr/results/Qwen2.5-VL/pope/evo/analysis/coco_POPE_random/1449.pt
2200,2200,coco_POPE_random,coco_POPE_random,1,0,"No,",no,1.71875,0.7489872685185185,11.9375,5.163466878272543,28,1,/mnt/data/ssz/mr/results/Qwen2.5-VL/pope/evo/analysis/coco_POPE_random/2200.pt
2946,2946,coco_POPE_random,coco_POPE_random,1,0,"No,",no,1.734375,0.7581018518518519,11.9375,5.155684217636016,28,1,/mnt/data/ssz/mr/results/Qwen2.5-VL/pope/evo/analysis/coco_POPE_random/2946.pt
705,705,coco_POPE_random,coco_POPE_random,0,1,"No,",yes,1.640625,0.7570891203703703,11.9375,5.405335039976723,28,1,/mnt/data/ssz/mr/results/Qwen2.5-VL/pope/evo/analysis/coco_POPE_random/705.pt
1450,1450,coco_POPE_random,coco_POPE_random,1,0,"No,",no,1.75,0.7310474537037037,11.9375,5.281457407447934,28,1,/mnt/data/ssz/mr/results/Qwen2.5-VL/pope/evo/analysis/coco_POPE_random/1450.pt
2201,2201,coco_POPE_random,coco_POPE_random,0,1,"No,",yes,1.71875,0.7489872685185185,11.9375,5.123564457063718,28,1,/mnt/data/ssz/mr/results/Qwen2.5-VL/pope/evo/analysis/coco_POPE_random/2201.pt
2947,2947,coco_POPE_random,coco_POPE_random,1,0,"Yes,",yes,1.734375,0.7323495370370371,11.9375,4.84200681238665,28,1,/mnt/data/ssz/mr/results/Qwen2.5-VL/pope/evo/analysis/coco_POPE_random/2947.pt
706,706,coco_POPE_random,coco_POPE_random,1,0,"No,",no,1.640625,0.7570891203703703,11.9375,5.274462965385816,28,1,/mnt/data/ssz/mr/results/Qwen2.5-VL/pope/evo/analysis/coco_POPE_random/706.pt
2202,2202,coco_POPE_random,coco_POPE_random,1,0,"No,",no,1.71875,0.7489872685185185,11.9375,5.179698116937602,28,1,/mnt/data/ssz/mr/results/Qwen2.5-VL/pope/evo/analysis/coco_POPE_random/2202.pt
1451,1451,coco_POPE_random,coco_POPE_random,1,0,"Yes,",yes,1.75,0.7311921296296297,11.9375,4.725418925898404,28,1,/mnt/data/ssz/mr/results/Qwen2.5-VL/pope/evo/analysis/coco_POPE_random/1451.pt
2948,2948,coco_POPE_random,coco_POPE_random,1,0,"No,",no,1.734375,0.7323495370370371,11.9375,5.171732445845856,28,1,/mnt/data/ssz/mr/results/Qwen2.5-VL/pope/evo/analysis/coco_POPE_random/2948.pt
2203,2203,coco_POPE_random,coco_POPE_random,1,0,"Yes,",yes,1.6796875,0.7474681712962963,11.9375,4.78151705187432,28,1,/mnt/data/ssz/mr/results/Qwen2.5-VL/pope/evo/analysis/coco_POPE_random/2203.pt
707,707,coco_POPE_random,coco_POPE_random,1,0,"Yes,",yes,1.640625,0.7570891203703703,11.9375,4.839496322471968,28,1,/mnt/data/ssz/mr/results/Qwen2.5-VL/pope/evo/analysis/coco_POPE_random/707.pt
1452,1452,coco_POPE_random,coco_POPE_random,1,0,"No,",no,1.75,0.7311921296296297,11.9375,5.237621740544928,28,1,/mnt/data/ssz/mr/results/Qwen2.5-VL/pope/evo/analysis/coco_POPE_random/1452.pt
2949,2949,coco_POPE_random,coco_POPE_random,1,0,"Yes,",yes,1.734375,0.7320601851851852,11.9375,4.746574518835181,28,1,/mnt/data/ssz/mr/results/Qwen2.5-VL/pope/evo/analysis/coco_POPE_random/2949.pt
2204,2204,coco_POPE_random,coco_POPE_random,1,0,"No,",no,1.671875,0.7479745370370371,11.9375,5.113003745524299,28,1,/mnt/data/ssz/mr/results/Qwen2.5-VL/pope/evo/analysis/coco_POPE_random/2204.pt
708,708,coco_POPE_random,coco_POPE_random,1,0,"No,",no,1.640625,0.7570891203703703,11.9375,5.3094900080961525,28,1,/mnt/data/ssz/mr/results/Qwen2.5-VL/pope/evo/analysis/coco_POPE_random/708.pt
1453,1453,coco_POPE_random,coco_POPE_random,1,0,"Yes,",yes,1.671875,0.7585358796296297,11.9375,4.778764209517425,28,1,/mnt/data/ssz/mr/results/Qwen2.5-VL/pope/evo/analysis/coco_POPE_random/1453.pt
2950,2950,coco_POPE_random,coco_POPE_random,1,0,"No,",no,1.734375,0.7323495370370371,11.9375,5.288276591535422,28,1,/mnt/data/ssz/mr/results/Qwen2.5-VL/pope/evo/analysis/coco_POPE_random/2950.pt
2205,2205,coco_POPE_random,coco_POPE_random,0,1,"No,",yes,1.6796875,0.7474681712962963,11.9375,5.1419270036692915,28,1,/mnt/data/ssz/mr/results/Qwen2.5-VL/pope/evo/analysis/coco_POPE_random/2205.pt
709,709,coco_POPE_random,coco_POPE_random,1,0,"Yes,",yes,1.734375,0.7358217592592593,11.9375,4.841948241981803,28,1,/mnt/data/ssz/mr/results/Qwen2.5-VL/pope/evo/analysis/coco_POPE_random/709.pt
1454,1454,coco_POPE_random,coco_POPE_random,1,0,"No,",no,1.671875,0.7581741898148148,11.9375,5.238005306376902,28,1,/mnt/data/ssz/mr/results/Qwen2.5-VL/pope/evo/analysis/coco_POPE_random/1454.pt
2206,2206,coco_POPE_random,coco_POPE_random,1,0,"No,",no,1.6796875,0.7474681712962963,11.9375,5.138058112750827,28,1,/mnt/data/ssz/mr/results/Qwen2.5-VL/pope/evo/analysis/coco_POPE_random/2206.pt
2951,2951,coco_POPE_random,coco_POPE_random,0,1,"No,",yes,1.734375,0.7323495370370371,11.9375,5.154734710432516,28,1,/mnt/data/ssz/mr/results/Qwen2.5-VL/pope/evo/analysis/coco_POPE_random/2951.pt
710,710,coco_POPE_random,coco_POPE_random,1,0,"No,",no,1.734375,0.7356047453703703,11.9375,5.2364240921813,28,1,/mnt/data/ssz/mr/results/Qwen2.5-VL/pope/evo/analysis/coco_POPE_random/710.pt
1455,1455,coco_POPE_random,coco_POPE_random,1,0,"Yes,",yes,1.671875,0.7585358796296297,11.9375,4.802401888992069,28,1,/mnt/data/ssz/mr/results/Qwen2.5-VL/pope/evo/analysis/coco_POPE_random/1455.pt
2207,2207,coco_POPE_random,coco_POPE_random,1,0,"Yes,",yes,1.6796875,0.7474681712962963,11.9375,4.630351532689334,28,1,/mnt/data/ssz/mr/results/Qwen2.5-VL/pope/evo/analysis/coco_POPE_random/2207.pt
2952,2952,coco_POPE_random,coco_POPE_random,1,0,"No,",no,1.734375,0.7323495370370371,11.9375,5.290193600227839,28,1,/mnt/data/ssz/mr/results/Qwen2.5-VL/pope/evo/analysis/coco_POPE_random/2952.pt
711,711,coco_POPE_random,coco_POPE_random,1,0,"Yes,",yes,1.734375,0.7358217592592593,11.9375,4.766104664824155,28,1,/mnt/data/ssz/mr/results/Qwen2.5-VL/pope/evo/analysis/coco_POPE_random/711.pt
1456,1456,coco_POPE_random,coco_POPE_random,1,0,"No,",no,1.671875,0.7581741898148148,11.9375,5.275277183575311,28,1,/mnt/data/ssz/mr/results/Qwen2.5-VL/pope/evo/analysis/coco_POPE_random/1456.pt
2208,2208,coco_POPE_random,coco_POPE_random,1,0,"No,",no,1.6796875,0.7474681712962963,11.9375,5.0585607825589,28,1,/mnt/data/ssz/mr/results/Qwen2.5-VL/pope/evo/analysis/coco_POPE_random/2208.pt
2953,2953,coco_POPE_random,coco_POPE_random,1,0,"Yes,",yes,1.71875,0.7508680555555556,11.9375,4.879544470439842,28,1,/mnt/data/ssz/mr/results/Qwen2.5-VL/pope/evo/analysis/coco_POPE_random/2953.pt
712,712,coco_POPE_random,coco_POPE_random,1,0,"No,",no,1.734375,0.7352430555555556,11.9375,5.286138476476104,28,1,/mnt/data/ssz/mr/results/Qwen2.5-VL/pope/evo/analysis/coco_POPE_random/712.pt
1457,1457,coco_POPE_random,coco_POPE_random,0,1,"No,",yes,1.671875,0.7585358796296297,11.9375,5.289250873044411,28,1,/mnt/data/ssz/mr/results/Qwen2.5-VL/pope/evo/analysis/coco_POPE_random/1457.pt
2209,2209,coco_POPE_random,coco_POPE_random,1,0,"Yes,",yes,1.71875,0.7317708333333334,11.9375,4.726962926526665,28,1,/mnt/data/ssz/mr/results/Qwen2.5-VL/pope/evo/analysis/coco_POPE_random/2209.pt
2954,2954,coco_POPE_random,coco_POPE_random,1,0,"No,",no,1.71875,0.7510127314814815,11.9375,5.191382932980183,28,1,/mnt/data/ssz/mr/results/Qwen2.5-VL/pope/evo/analysis/coco_POPE_random/2954.pt
713,713,coco_POPE_random,coco_POPE_random,1,0,"Yes,",yes,1.734375,0.7358217592592593,11.9375,4.783313042151538,28,1,/mnt/data/ssz/mr/results/Qwen2.5-VL/pope/evo/analysis/coco_POPE_random/713.pt
1458,1458,coco_POPE_random,coco_POPE_random,1,0,"No,",no,1.671875,0.7581741898148148,11.9375,5.181481915009515,28,1,/mnt/data/ssz/mr/results/Qwen2.5-VL/pope/evo/analysis/coco_POPE_random/1458.pt
2210,2210,coco_POPE_random,coco_POPE_random,1,0,"No,",no,1.71875,0.7311921296296297,11.9375,5.250635655066836,28,1,/mnt/data/ssz/mr/results/Qwen2.5-VL/pope/evo/analysis/coco_POPE_random/2210.pt
2955,2955,coco_POPE_random,coco_POPE_random,0,1,"No,",yes,1.71875,0.7510127314814815,11.9375,5.236386084690013,28,1,/mnt/data/ssz/mr/results/Qwen2.5-VL/pope/evo/analysis/coco_POPE_random/2955.pt
714,714,coco_POPE_random,coco_POPE_random,1,0,"No,",no,1.734375,0.7355324074074074,11.9375,5.212275482093468,28,1,/mnt/data/ssz/mr/results/Qwen2.5-VL/pope/evo/analysis/coco_POPE_random/714.pt
1459,1459,coco_POPE_random,coco_POPE_random,1,0,"Yes,",yes,1.71875,0.7391493055555556,11.9375,4.837001341368362,28,1,/mnt/data/ssz/mr/results/Qwen2.5-VL/pope/evo/analysis/coco_POPE_random/1459.pt
2211,2211,coco_POPE_random,coco_POPE_random,1,0,"Yes,",yes,1.71875,0.7311921296296297,11.9375,4.859251881195948,28,1,/mnt/data/ssz/mr/results/Qwen2.5-VL/pope/evo/analysis/coco_POPE_random/2211.pt
2956,2956,coco_POPE_random,coco_POPE_random,1,0,"No,",no,1.71875,0.7510127314814815,11.9375,5.25602631641859,28,1,/mnt/data/ssz/mr/results/Qwen2.5-VL/pope/evo/analysis/coco_POPE_random/2956.pt
715,715,coco_POPE_random,coco_POPE_random,0,1,"No,",yes,1.703125,0.7634548611111112,11.9375,5.259194800683872,28,1,/mnt/data/ssz/mr/results/Qwen2.5-VL/pope/evo/analysis/coco_POPE_random/715.pt
1460,1460,coco_POPE_random,coco_POPE_random,1,0,"No,",no,1.71875,0.7391493055555556,11.9375,5.2993920920491995,28,1,/mnt/data/ssz/mr/results/Qwen2.5-VL/pope/evo/analysis/coco_POPE_random/1460.pt
2212,2212,coco_POPE_random,coco_POPE_random,1,0,"No,",no,1.71875,0.7311921296296297,11.9375,5.192605642006223,28,1,/mnt/data/ssz/mr/results/Qwen2.5-VL/pope/evo/analysis/coco_POPE_random/2212.pt
2957,2957,coco_POPE_random,coco_POPE_random,1,0,"Yes,",yes,1.71875,0.7510127314814815,11.9375,4.702137770227575,28,1,/mnt/data/ssz/mr/results/Qwen2.5-VL/pope/evo/analysis/coco_POPE_random/2957.pt
716,716,coco_POPE_random,coco_POPE_random,1,0,"No,",no,1.703125,0.7634548611111112,11.9375,5.19230244048833,28,1,/mnt/data/ssz/mr/results/Qwen2.5-VL/pope/evo/analysis/coco_POPE_random/716.pt
1461,1461,coco_POPE_random,coco_POPE_random,1,0,"Yes,",yes,1.71875,0.7391493055555556,11.9375,4.754444525217878,28,1,/mnt/data/ssz/mr/results/Qwen2.5-VL/pope/evo/analysis/coco_POPE_random/1461.pt
2213,2213,coco_POPE_random,coco_POPE_random,0,1,"No,",yes,1.71875,0.7311921296296297,11.9375,5.234160803716065,28,1,/mnt/data/ssz/mr/results/Qwen2.5-VL/pope/evo/analysis/coco_POPE_random/2213.pt
2958,2958,coco_POPE_random,coco_POPE_random,1,0,"No,",no,1.71875,0.7510127314814815,11.9375,5.240732681044581,28,1,/mnt/data/ssz/mr/results/Qwen2.5-VL/pope/evo/analysis/coco_POPE_random/2958.pt
717,717,coco_POPE_random,coco_POPE_random,0,1,"No,",yes,1.703125,0.7634548611111112,11.9375,5.1631032159448615,28,1,/mnt/data/ssz/mr/results/Qwen2.5-VL/pope/evo/analysis/coco_POPE_random/717.pt
1462,1462,coco_POPE_random,coco_POPE_random,1,0,"No,",no,1.71875,0.7391493055555556,11.9375,5.2218445683391685,28,1,/mnt/data/ssz/mr/results/Qwen2.5-VL/pope/evo/analysis/coco_POPE_random/1462.pt
2959,2959,coco_POPE_random,coco_POPE_random,0,1,"No,",yes,1.734375,0.7468894675925926,11.9375,5.204014579005788,28,1,/mnt/data/ssz/mr/results/Qwen2.5-VL/pope/evo/analysis/coco_POPE_random/2959.pt
2214,2214,coco_POPE_random,coco_POPE_random,1,0,"No,",no,1.71875,0.7322048611111112,11.9375,5.223260973414091,28,1,/mnt/data/ssz/mr/results/Qwen2.5-VL/pope/evo/analysis/coco_POPE_random/2214.pt
718,718,coco_POPE_random,coco_POPE_random,1,0,"No,",no,1.703125,0.7634548611111112,11.9375,5.1922972212858705,28,1,/mnt/data/ssz/mr/results/Qwen2.5-VL/pope/evo/analysis/coco_POPE_random/718.pt
1463,1463,coco_POPE_random,coco_POPE_random,0,1,"No,",yes,1.71875,0.7391493055555556,11.9375,5.300760347010776,28,1,/mnt/data/ssz/mr/results/Qwen2.5-VL/pope/evo/analysis/coco_POPE_random/1463.pt
2960,2960,coco_POPE_random,coco_POPE_random,1,0,"No,",no,1.734375,0.7471064814814815,11.9375,5.212763517562242,28,1,/mnt/data/ssz/mr/results/Qwen2.5-VL/pope/evo/analysis/coco_POPE_random/2960.pt
2215,2215,coco_POPE_random,coco_POPE_random,1,0,"Yes,",yes,1.734375,0.7478298611111112,11.9375,4.8255758478053234,28,1,/mnt/data/ssz/mr/results/Qwen2.5-VL/pope/evo/analysis/coco_POPE_random/2215.pt
719,719,coco_POPE_random,coco_POPE_random,0,1,"No,",yes,1.703125,0.7634548611111112,11.9375,5.175344113249719,28,1,/mnt/data/ssz/mr/results/Qwen2.5-VL/pope/evo/analysis/coco_POPE_random/719.pt
2961,2961,coco_POPE_random,coco_POPE_random,1,0,"Yes,",yes,1.734375,0.7466724537037037,11.9375,4.828955436193894,28,1,/mnt/data/ssz/mr/results/Qwen2.5-VL/pope/evo/analysis/coco_POPE_random/2961.pt
1464,1464,coco_POPE_random,coco_POPE_random,1,0,"No,",no,1.71875,0.7391493055555556,11.9375,5.181306562364562,28,1,/mnt/data/ssz/mr/results/Qwen2.5-VL/pope/evo/analysis/coco_POPE_random/1464.pt
2216,2216,coco_POPE_random,coco_POPE_random,1,0,"No,",no,1.734375,0.7478298611111112,11.9375,5.285220547316801,28,1,/mnt/data/ssz/mr/results/Qwen2.5-VL/pope/evo/analysis/coco_POPE_random/2216.pt
720,720,coco_POPE_random,coco_POPE_random,1,0,"No,",no,1.703125,0.7634548611111112,11.9375,5.182543797456361,28,1,/mnt/data/ssz/mr/results/Qwen2.5-VL/pope/evo/analysis/coco_POPE_random/720.pt
2962,2962,coco_POPE_random,coco_POPE_random,1,0,"No,",no,1.734375,0.7467447916666666,11.9375,5.2876975229843595,28,1,/mnt/data/ssz/mr/results/Qwen2.5-VL/pope/evo/analysis/coco_POPE_random/2962.pt
1465,1465,coco_POPE_random,coco_POPE_random,1,0,"Yes,",yes,1.7109375,0.7484085648148148,11.9375,4.745891910308533,28,1,/mnt/data/ssz/mr/results/Qwen2.5-VL/pope/evo/analysis/coco_POPE_random/1465.pt
2217,2217,coco_POPE_random,coco_POPE_random,1,0,"Yes,",yes,1.734375,0.7478298611111112,11.9375,4.970293241746714,28,1,/mnt/data/ssz/mr/results/Qwen2.5-VL/pope/evo/analysis/coco_POPE_random/2217.pt
721,721,coco_POPE_random,coco_POPE_random,1,0,"Yes,",yes,1.734375,0.7457320601851852,11.9375,4.87802853658324,28,1,/mnt/data/ssz/mr/results/Qwen2.5-VL/pope/evo/analysis/coco_POPE_random/721.pt
2963,2963,coco_POPE_random,coco_POPE_random,1,0,"Yes,",yes,1.734375,0.7468894675925926,11.9375,4.72175764490159,28,1,/mnt/data/ssz/mr/results/Qwen2.5-VL/pope/evo/analysis/coco_POPE_random/2963.pt
1466,1466,coco_POPE_random,coco_POPE_random,1,0,"No,",no,1.703125,0.7479745370370371,11.9375,5.272183795867121,28,1,/mnt/data/ssz/mr/results/Qwen2.5-VL/pope/evo/analysis/coco_POPE_random/1466.pt
2218,2218,coco_POPE_random,coco_POPE_random,1,0,"No,",no,1.734375,0.7478298611111112,11.9375,5.217626346619943,28,1,/mnt/data/ssz/mr/results/Qwen2.5-VL/pope/evo/analysis/coco_POPE_random/2218.pt
722,722,coco_POPE_random,coco_POPE_random,1,0,"No,",no,1.734375,0.7456597222222222,11.9375,5.411828120192427,28,1,/mnt/data/ssz/mr/results/Qwen2.5-VL/pope/evo/analysis/coco_POPE_random/722.pt
2964,2964,coco_POPE_random,coco_POPE_random,1,0,"No,",no,1.734375,0.7471064814814815,11.9375,5.252052584481307,28,1,/mnt/data/ssz/mr/results/Qwen2.5-VL/pope/evo/analysis/coco_POPE_random/2964.pt
1467,1467,coco_POPE_random,coco_POPE_random,0,1,"No,",yes,1.703125,0.7501446759259259,11.9375,5.3215427210189254,28,1,/mnt/data/ssz/mr/results/Qwen2.5-VL/pope/evo/analysis/coco_POPE_random/1467.pt
2219,2219,coco_POPE_random,coco_POPE_random,1,0,"Yes,",yes,1.734375,0.7478298611111112,11.9375,4.82463276898561,28,1,/mnt/data/ssz/mr/results/Qwen2.5-VL/pope/evo/analysis/coco_POPE_random/2219.pt
2965,2965,coco_POPE_random,coco_POPE_random,1,0,"Yes,",yes,1.71875,0.7728587962962963,11.9375,4.8257303299053715,28,1,/mnt/data/ssz/mr/results/Qwen2.5-VL/pope/evo/analysis/coco_POPE_random/2965.pt
723,723,coco_POPE_random,coco_POPE_random,1,0,"Yes,",yes,1.734375,0.7458043981481481,11.9375,4.979895386388128,28,1,/mnt/data/ssz/mr/results/Qwen2.5-VL/pope/evo/analysis/coco_POPE_random/723.pt
1468,1468,coco_POPE_random,coco_POPE_random,1,0,"No,",no,1.703125,0.7479745370370371,11.9375,5.264724120816857,28,1,/mnt/data/ssz/mr/results/Qwen2.5-VL/pope/evo/analysis/coco_POPE_random/1468.pt
2220,2220,coco_POPE_random,coco_POPE_random,1,0,"No,",no,1.734375,0.7478298611111112,11.9375,5.186081995730186,28,1,/mnt/data/ssz/mr/results/Qwen2.5-VL/pope/evo/analysis/coco_POPE_random/2220.pt
2966,2966,coco_POPE_random,coco_POPE_random,1,0,"No,",no,1.71875,0.7730034722222222,11.9375,5.3373826924530325,28,1,/mnt/data/ssz/mr/results/Qwen2.5-VL/pope/evo/analysis/coco_POPE_random/2966.pt
724,724,coco_POPE_random,coco_POPE_random,1,0,"No,",no,1.734375,0.7456597222222222,11.9375,5.293540278919331,28,1,/mnt/data/ssz/mr/results/Qwen2.5-VL/pope/evo/analysis/coco_POPE_random/724.pt
1469,1469,coco_POPE_random,coco_POPE_random,1,0,"Yes,",yes,1.7109375,0.7484085648148148,11.9375,4.9287144870079445,28,1,/mnt/data/ssz/mr/results/Qwen2.5-VL/pope/evo/analysis/coco_POPE_random/1469.pt
2221,2221,coco_POPE_random,coco_POPE_random,1,0,"Yes,",yes,1.734375,0.7644675925925926,11.9375,4.678879532639942,28,1,/mnt/data/ssz/mr/results/Qwen2.5-VL/pope/evo/analysis/coco_POPE_random/2221.pt
2967,2967,coco_POPE_random,coco_POPE_random,1,0,"Yes,",yes,1.71875,0.7728587962962963,11.9375,5.071109061892127,28,1,/mnt/data/ssz/mr/results/Qwen2.5-VL/pope/evo/analysis/coco_POPE_random/2967.pt
725,725,coco_POPE_random,coco_POPE_random,1,0,"Yes,",yes,1.734375,0.7457320601851852,11.9375,4.912875256966736,28,1,/mnt/data/ssz/mr/results/Qwen2.5-VL/pope/evo/analysis/coco_POPE_random/725.pt
1470,1470,coco_POPE_random,coco_POPE_random,1,0,"No,",no,1.7109375,0.7484085648148148,11.9375,5.232391887431488,28,1,/mnt/data/ssz/mr/results/Qwen2.5-VL/pope/evo/analysis/coco_POPE_random/1470.pt
2222,2222,coco_POPE_random,coco_POPE_random,1,0,"No,",no,1.734375,0.7644675925925926,11.9375,5.20492886937678,28,1,/mnt/data/ssz/mr/results/Qwen2.5-VL/pope/evo/analysis/coco_POPE_random/2222.pt
2968,2968,coco_POPE_random,coco_POPE_random,1,0,"No,",no,1.71875,0.7728587962962963,11.9375,5.231971165565232,28,1,/mnt/data/ssz/mr/results/Qwen2.5-VL/pope/evo/analysis/coco_POPE_random/2968.pt
726,726,coco_POPE_random,coco_POPE_random,1,0,"No,",no,1.734375,0.7458043981481481,11.9375,5.271981534511599,28,1,/mnt/data/ssz/mr/results/Qwen2.5-VL/pope/evo/analysis/coco_POPE_random/726.pt
1471,1471,coco_POPE_random,coco_POPE_random,1,0,"Yes,",yes,1.734375,0.7650462962962963,11.9375,4.806098039625637,28,1,/mnt/data/ssz/mr/results/Qwen2.5-VL/pope/evo/analysis/coco_POPE_random/1471.pt
2223,2223,coco_POPE_random,coco_POPE_random,1,0,"Yes,",yes,1.734375,0.7644675925925926,11.9375,4.967856015235297,28,1,/mnt/data/ssz/mr/results/Qwen2.5-VL/pope/evo/analysis/coco_POPE_random/2223.pt
2969,2969,coco_POPE_random,coco_POPE_random,0,1,"No,",yes,1.71875,0.7730758101851852,11.9375,5.248498141957788,28,1,/mnt/data/ssz/mr/results/Qwen2.5-VL/pope/evo/analysis/coco_POPE_random/2969.pt
727,727,coco_POPE_random,coco_POPE_random,1,0,"Yes,",yes,1.734375,0.7207754629629629,11.9375,4.800361381515071,28,1,/mnt/data/ssz/mr/results/Qwen2.5-VL/pope/evo/analysis/coco_POPE_random/727.pt
1472,1472,coco_POPE_random,coco_POPE_random,1,0,"No,",no,1.734375,0.7646122685185185,11.9375,5.278523605238613,28,1,/mnt/data/ssz/mr/results/Qwen2.5-VL/pope/evo/analysis/coco_POPE_random/1472.pt
2224,2224,coco_POPE_random,coco_POPE_random,1,0,"No,",no,1.734375,0.7644675925925926,11.9375,5.106691683731273,28,1,/mnt/data/ssz/mr/results/Qwen2.5-VL/pope/evo/analysis/coco_POPE_random/2224.pt
2970,2970,coco_POPE_random,coco_POPE_random,1,0,"No,",no,1.71875,0.7731481481481481,11.9375,5.381818729025773,28,1,/mnt/data/ssz/mr/results/Qwen2.5-VL/pope/evo/analysis/coco_POPE_random/2970.pt
728,728,coco_POPE_random,coco_POPE_random,1,0,"No,",no,1.734375,0.7219328703703703,11.9375,5.224226845636215,28,1,/mnt/data/ssz/mr/results/Qwen2.5-VL/pope/evo/analysis/coco_POPE_random/728.pt
1473,1473,coco_POPE_random,coco_POPE_random,1,0,"Yes,",yes,1.734375,0.7650462962962963,11.9375,5.002416021491673,28,1,/mnt/data/ssz/mr/results/Qwen2.5-VL/pope/evo/analysis/coco_POPE_random/1473.pt
2225,2225,coco_POPE_random,coco_POPE_random,1,0,"Yes,",yes,1.734375,0.7644675925925926,11.9375,4.868109263434548,28,1,/mnt/data/ssz/mr/results/Qwen2.5-VL/pope/evo/analysis/coco_POPE_random/2225.pt
2971,2971,coco_POPE_random,coco_POPE_random,1,0,"Yes,",yes,1.71875,0.7508680555555556,11.9375,4.929841629476494,28,1,/mnt/data/ssz/mr/results/Qwen2.5-VL/pope/evo/analysis/coco_POPE_random/2971.pt
729,729,coco_POPE_random,coco_POPE_random,1,0,"Yes,",yes,1.734375,0.7207754629629629,11.9375,4.840415447068231,28,1,/mnt/data/ssz/mr/results/Qwen2.5-VL/pope/evo/analysis/coco_POPE_random/729.pt
1474,1474,coco_POPE_random,coco_POPE_random,1,0,"No,",no,1.734375,0.7650462962962963,11.9375,5.244778403417199,28,1,/mnt/data/ssz/mr/results/Qwen2.5-VL/pope/evo/analysis/coco_POPE_random/1474.pt
2226,2226,coco_POPE_random,coco_POPE_random,1,0,"No,",no,1.734375,0.7647569444444444,11.9375,5.195384654238297,28,1,/mnt/data/ssz/mr/results/Qwen2.5-VL/pope/evo/analysis/coco_POPE_random/2226.pt
2972,2972,coco_POPE_random,coco_POPE_random,1,0,"No,",no,1.71875,0.7508680555555556,11.9375,5.428857774963224,28,1,/mnt/data/ssz/mr/results/Qwen2.5-VL/pope/evo/analysis/coco_POPE_random/2972.pt
730,730,coco_POPE_random,coco_POPE_random,1,0,"No,",no,1.734375,0.7219328703703703,11.9375,5.189744645611552,28,1,/mnt/data/ssz/mr/results/Qwen2.5-VL/pope/evo/analysis/coco_POPE_random/730.pt
1475,1475,coco_POPE_random,coco_POPE_random,0,1,"No,",yes,1.734375,0.7650462962962963,11.9375,5.265228718441441,28,1,/mnt/data/ssz/mr/results/Qwen2.5-VL/pope/evo/analysis/coco_POPE_random/1475.pt
2227,2227,coco_POPE_random,coco_POPE_random,1,0,"Yes,",yes,1.734375,0.7531828703703703,11.9375,4.923370753175076,28,1,/mnt/data/ssz/mr/results/Qwen2.5-VL/pope/evo/analysis/coco_POPE_random/2227.pt
2973,2973,coco_POPE_random,coco_POPE_random,1,0,"Yes,",yes,1.71875,0.7508680555555556,11.9375,4.794346337683363,28,1,/mnt/data/ssz/mr/results/Qwen2.5-VL/pope/evo/analysis/coco_POPE_random/2973.pt
731,731,coco_POPE_random,coco_POPE_random,1,0,"Yes,",yes,1.734375,0.7219328703703703,11.9375,4.878988293490632,28,1,/mnt/data/ssz/mr/results/Qwen2.5-VL/pope/evo/analysis/coco_POPE_random/731.pt
2228,2228,coco_POPE_random,coco_POPE_random,1,0,"No,",no,1.734375,0.7531828703703703,11.9375,5.280907632274492,28,1,/mnt/data/ssz/mr/results/Qwen2.5-VL/pope/evo/analysis/coco_POPE_random/2228.pt
1476,1476,coco_POPE_random,coco_POPE_random,1,0,"No,",no,1.734375,0.7650462962962963,11.9375,5.241779805790413,28,1,/mnt/data/ssz/mr/results/Qwen2.5-VL/pope/evo/analysis/coco_POPE_random/1476.pt
2974,2974,coco_POPE_random,coco_POPE_random,1,0,"No,",no,1.71875,0.7507957175925926,11.9375,5.3238492443994865,28,1,/mnt/data/ssz/mr/results/Qwen2.5-VL/pope/evo/analysis/coco_POPE_random/2974.pt
732,732,coco_POPE_random,coco_POPE_random,1,0,"No,",no,1.734375,0.7213541666666666,11.9375,5.207424261635086,28,1,/mnt/data/ssz/mr/results/Qwen2.5-VL/pope/evo/analysis/coco_POPE_random/732.pt
2229,2229,coco_POPE_random,coco_POPE_random,0,1,"No,",yes,1.734375,0.7531828703703703,11.9375,5.355460378062885,28,1,/mnt/data/ssz/mr/results/Qwen2.5-VL/pope/evo/analysis/coco_POPE_random/2229.pt
1477,1477,coco_POPE_random,coco_POPE_random,0,1,"No,",yes,1.671875,0.7621527777777778,11.9375,5.1877139329645825,28,1,/mnt/data/ssz/mr/results/Qwen2.5-VL/pope/evo/analysis/coco_POPE_random/1477.pt
2975,2975,coco_POPE_random,coco_POPE_random,1,0,"Yes,",yes,1.71875,0.7508680555555556,11.9375,4.7267623403258145,28,1,/mnt/data/ssz/mr/results/Qwen2.5-VL/pope/evo/analysis/coco_POPE_random/2975.pt
733,733,coco_POPE_random,coco_POPE_random,1,0,"Yes,",yes,1.71875,0.7518084490740741,11.9375,4.764779761473796,28,1,/mnt/data/ssz/mr/results/Qwen2.5-VL/pope/evo/analysis/coco_POPE_random/733.pt
2230,2230,coco_POPE_random,coco_POPE_random,1,0,"No,",no,1.734375,0.7531828703703703,11.9375,5.284600590354565,28,1,/mnt/data/ssz/mr/results/Qwen2.5-VL/pope/evo/analysis/coco_POPE_random/2230.pt
1478,1478,coco_POPE_random,coco_POPE_random,1,0,"No,",no,1.671875,0.7621527777777778,11.9375,5.236242664984557,28,1,/mnt/data/ssz/mr/results/Qwen2.5-VL/pope/evo/analysis/coco_POPE_random/1478.pt
2976,2976,coco_POPE_random,coco_POPE_random,1,0,"No,",no,1.71875,0.7508680555555556,11.9375,5.332943179002103,28,1,/mnt/data/ssz/mr/results/Qwen2.5-VL/pope/evo/analysis/coco_POPE_random/2976.pt
734,734,coco_POPE_random,coco_POPE_random,1,0,"No,",no,1.71875,0.7523148148148148,11.9375,5.248466040924793,28,1,/mnt/data/ssz/mr/results/Qwen2.5-VL/pope/evo/analysis/coco_POPE_random/734.pt
2231,2231,coco_POPE_random,coco_POPE_random,0,1,"No,",yes,1.734375,0.7531828703703703,11.9375,5.232447186085509,28,1,/mnt/data/ssz/mr/results/Qwen2.5-VL/pope/evo/analysis/coco_POPE_random/2231.pt
1479,1479,coco_POPE_random,coco_POPE_random,1,0,"Yes,",yes,1.671875,0.7621527777777778,11.9375,4.7873802842941275,28,1,/mnt/data/ssz/mr/results/Qwen2.5-VL/pope/evo/analysis/coco_POPE_random/1479.pt
2977,2977,coco_POPE_random,coco_POPE_random,1,0,"Yes,",yes,1.7109375,0.7443576388888888,11.9375,4.900280662234955,28,1,/mnt/data/ssz/mr/results/Qwen2.5-VL/pope/evo/analysis/coco_POPE_random/2977.pt
735,735,coco_POPE_random,coco_POPE_random,1,0,"Yes,",yes,1.71875,0.7513020833333334,11.9375,4.673637040138491,28,1,/mnt/data/ssz/mr/results/Qwen2.5-VL/pope/evo/analysis/coco_POPE_random/735.pt
2232,2232,coco_POPE_random,coco_POPE_random,1,0,"No,",no,1.734375,0.7531828703703703,11.9375,5.225300190916171,28,1,/mnt/data/ssz/mr/results/Qwen2.5-VL/pope/evo/analysis/coco_POPE_random/2232.pt
1480,1480,coco_POPE_random,coco_POPE_random,1,0,"No,",no,1.671875,0.7621527777777778,11.9375,5.187573775734376,28,1,/mnt/data/ssz/mr/results/Qwen2.5-VL/pope/evo/analysis/coco_POPE_random/1480.pt
2978,2978,coco_POPE_random,coco_POPE_random,1,0,"No,",no,1.7109375,0.7445023148148148,11.9375,5.342103376226141,28,1,/mnt/data/ssz/mr/results/Qwen2.5-VL/pope/evo/analysis/coco_POPE_random/2978.pt
736,736,coco_POPE_random,coco_POPE_random,1,0,"No,",no,1.71875,0.7523148148148148,11.9375,5.182222973501134,28,1,/mnt/data/ssz/mr/results/Qwen2.5-VL/pope/evo/analysis/coco_POPE_random/736.pt
2233,2233,coco_POPE_random,coco_POPE_random,1,0,"Yes,",yes,1.7421875,0.7430555555555556,11.9375,4.988231061231169,28,1,/mnt/data/ssz/mr/results/Qwen2.5-VL/pope/evo/analysis/coco_POPE_random/2233.pt
1481,1481,coco_POPE_random,coco_POPE_random,1,0,"Yes,",yes,1.671875,0.7621527777777778,11.9375,4.912990468257237,28,1,/mnt/data/ssz/mr/results/Qwen2.5-VL/pope/evo/analysis/coco_POPE_random/1481.pt
2979,2979,coco_POPE_random,coco_POPE_random,1,0,"Yes,",yes,1.7109375,0.7444299768518519,11.9375,4.964742047946402,28,1,/mnt/data/ssz/mr/results/Qwen2.5-VL/pope/evo/analysis/coco_POPE_random/2979.pt
737,737,coco_POPE_random,coco_POPE_random,1,0,"Yes,",yes,1.71875,0.7513020833333334,11.9375,4.725571928527769,28,1,/mnt/data/ssz/mr/results/Qwen2.5-VL/pope/evo/analysis/coco_POPE_random/737.pt
2234,2234,coco_POPE_random,coco_POPE_random,1,0,"No,",no,1.7421875,0.7430555555555556,11.9375,5.286857164330412,28,1,/mnt/data/ssz/mr/results/Qwen2.5-VL/pope/evo/analysis/coco_POPE_random/2234.pt
1482,1482,coco_POPE_random,coco_POPE_random,1,0,"No,",no,1.671875,0.7621527777777778,11.9375,5.243310663999654,28,1,/mnt/data/ssz/mr/results/Qwen2.5-VL/pope/evo/analysis/coco_POPE_random/1482.pt
2980,2980,coco_POPE_random,coco_POPE_random,1,0,"No,",no,1.7109375,0.7444299768518519,11.9375,5.332549435174864,28,1,/mnt/data/ssz/mr/results/Qwen2.5-VL/pope/evo/analysis/coco_POPE_random/2980.pt
738,738,coco_POPE_random,coco_POPE_random,1,0,"No,",no,1.71875,0.7518084490740741,11.9375,5.198376831977243,28,1,/mnt/data/ssz/mr/results/Qwen2.5-VL/pope/evo/analysis/coco_POPE_random/738.pt
2235,2235,coco_POPE_random,coco_POPE_random,1,0,"Yes,",yes,1.7421875,0.7430555555555556,11.9375,4.810060566002287,28,1,/mnt/data/ssz/mr/results/Qwen2.5-VL/pope/evo/analysis/coco_POPE_random/2235.pt
1483,1483,coco_POPE_random,coco_POPE_random,1,0,"Yes,",yes,1.71875,0.7627314814814815,11.9375,4.93465347143879,28,1,/mnt/data/ssz/mr/results/Qwen2.5-VL/pope/evo/analysis/coco_POPE_random/1483.pt
2981,2981,coco_POPE_random,coco_POPE_random,1,0,"Yes,",yes,1.7109375,0.7444299768518519,11.9375,4.814576717126456,28,1,/mnt/data/ssz/mr/results/Qwen2.5-VL/pope/evo/analysis/coco_POPE_random/2981.pt
739,739,coco_POPE_random,coco_POPE_random,1,0,"Yes,",yes,1.7265625,0.7495659722222222,11.9375,4.957425555335107,28,1,/mnt/data/ssz/mr/results/Qwen2.5-VL/pope/evo/analysis/coco_POPE_random/739.pt
2236,2236,coco_POPE_random,coco_POPE_random,1,0,"No,",no,1.7421875,0.7430555555555556,11.9375,5.337039938600732,28,1,/mnt/data/ssz/mr/results/Qwen2.5-VL/pope/evo/analysis/coco_POPE_random/2236.pt
1484,1484,coco_POPE_random,coco_POPE_random,1,0,"No,",no,1.71875,0.7630208333333334,11.9375,5.220748941278827,28,1,/mnt/data/ssz/mr/results/Qwen2.5-VL/pope/evo/analysis/coco_POPE_random/1484.pt
2982,2982,coco_POPE_random,coco_POPE_random,1,0,"No,",no,1.7109375,0.7444299768518519,11.9375,5.342478876451111,28,1,/mnt/data/ssz/mr/results/Qwen2.5-VL/pope/evo/analysis/coco_POPE_random/2982.pt
740,740,coco_POPE_random,coco_POPE_random,1,0,"No,",no,1.7265625,0.7495659722222222,11.9375,5.240121773626267,28,1,/mnt/data/ssz/mr/results/Qwen2.5-VL/pope/evo/analysis/coco_POPE_random/740.pt
1485,1485,coco_POPE_random,coco_POPE_random,1,0,"Yes,",yes,1.71875,0.7627314814814815,11.9375,4.801122976753042,28,1,/mnt/data/ssz/mr/results/Qwen2.5-VL/pope/evo/analysis/coco_POPE_random/1485.pt
2237,2237,coco_POPE_random,coco_POPE_random,0,1,"No,",yes,1.7421875,0.7430555555555556,11.9375,5.485616980412596,28,1,/mnt/data/ssz/mr/results/Qwen2.5-VL/pope/evo/analysis/coco_POPE_random/2237.pt
2983,2983,coco_POPE_random,coco_POPE_random,1,0,"Yes,",yes,1.6953125,0.7365451388888888,11.9375,4.7561012800631906,28,1,/mnt/data/ssz/mr/results/Qwen2.5-VL/pope/evo/analysis/coco_POPE_random/2983.pt
741,741,coco_POPE_random,coco_POPE_random,1,0,"Yes,",yes,1.7265625,0.7496383101851852,11.9375,4.811164713597201,28,1,/mnt/data/ssz/mr/results/Qwen2.5-VL/pope/evo/analysis/coco_POPE_random/741.pt
1486,1486,coco_POPE_random,coco_POPE_random,1,0,"No,",no,1.71875,0.7633101851851852,11.9375,5.301054872345363,28,1,/mnt/data/ssz/mr/results/Qwen2.5-VL/pope/evo/analysis/coco_POPE_random/1486.pt
2238,2238,coco_POPE_random,coco_POPE_random,1,0,"No,",no,1.7421875,0.7430555555555556,11.9375,5.2873256174869585,28,1,/mnt/data/ssz/mr/results/Qwen2.5-VL/pope/evo/analysis/coco_POPE_random/2238.pt
2984,2984,coco_POPE_random,coco_POPE_random,1,0,"No,",no,1.6953125,0.7365451388888888,11.9375,5.158611182769227,28,1,/mnt/data/ssz/mr/results/Qwen2.5-VL/pope/evo/analysis/coco_POPE_random/2984.pt
1487,1487,coco_POPE_random,coco_POPE_random,1,0,"Yes,",yes,1.71875,0.7630208333333334,11.9375,4.848626358601216,28,1,/mnt/data/ssz/mr/results/Qwen2.5-VL/pope/evo/analysis/coco_POPE_random/1487.pt
742,742,coco_POPE_random,coco_POPE_random,1,0,"No,",no,1.7265625,0.7495659722222222,11.9375,5.206175838282121,28,1,/mnt/data/ssz/mr/results/Qwen2.5-VL/pope/evo/analysis/coco_POPE_random/742.pt
2239,2239,coco_POPE_random,coco_POPE_random,1,0,"Yes,",yes,1.71875,0.7349537037037037,11.9375,4.699263972880576,28,1,/mnt/data/ssz/mr/results/Qwen2.5-VL/pope/evo/analysis/coco_POPE_random/2239.pt
2985,2985,coco_POPE_random,coco_POPE_random,1,0,"Yes,",yes,1.6953125,0.7365451388888888,11.9375,4.892770901736226,28,1,/mnt/data/ssz/mr/results/Qwen2.5-VL/pope/evo/analysis/coco_POPE_random/2985.pt
1488,1488,coco_POPE_random,coco_POPE_random,1,0,"No,",no,1.71875,0.7633101851851852,11.9375,5.256027765734588,28,1,/mnt/data/ssz/mr/results/Qwen2.5-VL/pope/evo/analysis/coco_POPE_random/1488.pt
743,743,coco_POPE_random,coco_POPE_random,1,0,"Yes,",yes,1.7265625,0.7495659722222222,11.9375,4.819424541354343,28,1,/mnt/data/ssz/mr/results/Qwen2.5-VL/pope/evo/analysis/coco_POPE_random/743.pt
2240,2240,coco_POPE_random,coco_POPE_random,0,1,"Yes,",no,1.71875,0.7340856481481481,11.9375,4.867181555337787,28,1,/mnt/data/ssz/mr/results/Qwen2.5-VL/pope/evo/analysis/coco_POPE_random/2240.pt
2986,2986,coco_POPE_random,coco_POPE_random,1,0,"No,",no,1.6953125,0.7365451388888888,11.9375,5.24519384430284,28,1,/mnt/data/ssz/mr/results/Qwen2.5-VL/pope/evo/analysis/coco_POPE_random/2986.pt
1489,1489,coco_POPE_random,coco_POPE_random,1,0,"Yes,",yes,1.703125,0.7612847222222222,11.9375,4.741554940669355,28,1,/mnt/data/ssz/mr/results/Qwen2.5-VL/pope/evo/analysis/coco_POPE_random/1489.pt
744,744,coco_POPE_random,coco_POPE_random,1,0,"No,",no,1.7265625,0.7494212962962963,11.9375,5.244276469157911,28,1,/mnt/data/ssz/mr/results/Qwen2.5-VL/pope/evo/analysis/coco_POPE_random/744.pt
2241,2241,coco_POPE_random,coco_POPE_random,1,0,"Yes,",yes,1.71875,0.7340856481481481,11.9375,4.766111691581877,28,1,/mnt/data/ssz/mr/results/Qwen2.5-VL/pope/evo/analysis/coco_POPE_random/2241.pt
2987,2987,coco_POPE_random,coco_POPE_random,0,1,"No,",yes,1.6953125,0.7365451388888888,11.9375,5.181760870055752,28,1,/mnt/data/ssz/mr/results/Qwen2.5-VL/pope/evo/analysis/coco_POPE_random/2987.pt
1490,1490,coco_POPE_random,coco_POPE_random,1,0,"No,",no,1.7109375,0.7621527777777778,11.9375,5.217462496034292,28,1,/mnt/data/ssz/mr/results/Qwen2.5-VL/pope/evo/analysis/coco_POPE_random/1490.pt
745,745,coco_POPE_random,coco_POPE_random,1,0,"Yes,",yes,1.7421875,0.7385706018518519,11.9375,4.990927443854671,28,1,/mnt/data/ssz/mr/results/Qwen2.5-VL/pope/evo/analysis/coco_POPE_random/745.pt
2242,2242,coco_POPE_random,coco_POPE_random,1,0,"No,",no,1.7109375,0.7339409722222222,11.9375,5.267442277670546,28,1,/mnt/data/ssz/mr/results/Qwen2.5-VL/pope/evo/analysis/coco_POPE_random/2242.pt
2988,2988,coco_POPE_random,coco_POPE_random,1,0,"No,",no,1.6953125,0.7365451388888888,11.9375,5.1523271921733516,28,1,/mnt/data/ssz/mr/results/Qwen2.5-VL/pope/evo/analysis/coco_POPE_random/2988.pt
1491,1491,coco_POPE_random,coco_POPE_random,1,0,"Yes,",yes,1.703125,0.7612847222222222,11.9375,4.767949300868952,28,1,/mnt/data/ssz/mr/results/Qwen2.5-VL/pope/evo/analysis/coco_POPE_random/1491.pt
746,746,coco_POPE_random,coco_POPE_random,1,0,"No,",no,1.7421875,0.7385706018518519,11.9375,5.213946495303523,28,1,/mnt/data/ssz/mr/results/Qwen2.5-VL/pope/evo/analysis/coco_POPE_random/746.pt
2243,2243,coco_POPE_random,coco_POPE_random,0,1,"No,",yes,1.71875,0.7340856481481481,11.9375,5.193613667501456,28,1,/mnt/data/ssz/mr/results/Qwen2.5-VL/pope/evo/analysis/coco_POPE_random/2243.pt
2989,2989,coco_POPE_random,coco_POPE_random,0,1,"No,",yes,1.71875,0.7581018518518519,11.9375,5.246798346775465,28,1,/mnt/data/ssz/mr/results/Qwen2.5-VL/pope/evo/analysis/coco_POPE_random/2989.pt
1492,1492,coco_POPE_random,coco_POPE_random,1,0,"No,",no,1.703125,0.7612847222222222,11.9375,5.2713433496097295,28,1,/mnt/data/ssz/mr/results/Qwen2.5-VL/pope/evo/analysis/coco_POPE_random/1492.pt
747,747,coco_POPE_random,coco_POPE_random,1,0,"Yes,",yes,1.7421875,0.7379195601851852,11.9375,4.71367097371268,28,1,/mnt/data/ssz/mr/results/Qwen2.5-VL/pope/evo/analysis/coco_POPE_random/747.pt
2244,2244,coco_POPE_random,coco_POPE_random,1,0,"No,",no,1.7109375,0.7339409722222222,11.9375,5.252404722944103,28,1,/mnt/data/ssz/mr/results/Qwen2.5-VL/pope/evo/analysis/coco_POPE_random/2244.pt
1493,1493,coco_POPE_random,coco_POPE_random,1,0,"Yes,",yes,1.703125,0.7612847222222222,11.9375,4.862044024945331,28,1,/mnt/data/ssz/mr/results/Qwen2.5-VL/pope/evo/analysis/coco_POPE_random/1493.pt
2990,2990,coco_POPE_random,coco_POPE_random,1,0,"No,",no,1.71875,0.7577401620370371,11.9375,5.287685200257894,28,1,/mnt/data/ssz/mr/results/Qwen2.5-VL/pope/evo/analysis/coco_POPE_random/2990.pt
748,748,coco_POPE_random,coco_POPE_random,1,0,"No,",no,1.7421875,0.7385706018518519,11.9375,5.28929247301632,28,1,/mnt/data/ssz/mr/results/Qwen2.5-VL/pope/evo/analysis/coco_POPE_random/748.pt
2245,2245,coco_POPE_random,coco_POPE_random,0,1,"No,",yes,1.7265625,0.7379918981481481,11.9375,5.136984806633276,28,1,/mnt/data/ssz/mr/results/Qwen2.5-VL/pope/evo/analysis/coco_POPE_random/2245.pt
1494,1494,coco_POPE_random,coco_POPE_random,1,0,"No,",no,1.7109375,0.7621527777777778,11.9375,5.161663532812563,28,1,/mnt/data/ssz/mr/results/Qwen2.5-VL/pope/evo/analysis/coco_POPE_random/1494.pt
2991,2991,coco_POPE_random,coco_POPE_random,1,0,"Yes,",yes,1.71875,0.7581018518518519,11.9375,4.862294359738819,28,1,/mnt/data/ssz/mr/results/Qwen2.5-VL/pope/evo/analysis/coco_POPE_random/2991.pt
2246,2246,coco_POPE_random,coco_POPE_random,1,0,"No,",no,1.7265625,0.7379918981481481,11.9375,5.267641304945975,28,1,/mnt/data/ssz/mr/results/Qwen2.5-VL/pope/evo/analysis/coco_POPE_random/2246.pt
749,749,coco_POPE_random,coco_POPE_random,1,0,"Yes,",yes,1.7421875,0.7385706018518519,11.9375,4.801155108352329,28,1,/mnt/data/ssz/mr/results/Qwen2.5-VL/pope/evo/analysis/coco_POPE_random/749.pt
1495,1495,coco_POPE_random,coco_POPE_random,1,0,"Yes,",yes,1.71875,0.7536168981481481,11.9375,4.707991175961704,28,1,/mnt/data/ssz/mr/results/Qwen2.5-VL/pope/evo/analysis/coco_POPE_random/1495.pt
2992,2992,coco_POPE_random,coco_POPE_random,1,0,"No,",no,1.71875,0.7581018518518519,11.9375,5.2394050002022325,28,1,/mnt/data/ssz/mr/results/Qwen2.5-VL/pope/evo/analysis/coco_POPE_random/2992.pt
2247,2247,coco_POPE_random,coco_POPE_random,0,1,"No,",yes,1.7265625,0.7379918981481481,11.9375,5.30245811585031,28,1,/mnt/data/ssz/mr/results/Qwen2.5-VL/pope/evo/analysis/coco_POPE_random/2247.pt
750,750,coco_POPE_random,coco_POPE_random,1,0,"No,",no,1.7421875,0.7385706018518519,11.9375,5.120126930445245,28,1,/mnt/data/ssz/mr/results/Qwen2.5-VL/pope/evo/analysis/coco_POPE_random/750.pt
1496,1496,coco_POPE_random,coco_POPE_random,1,0,"No,",no,1.71875,0.7536168981481481,11.9375,5.19787362642493,28,1,/mnt/data/ssz/mr/results/Qwen2.5-VL/pope/evo/analysis/coco_POPE_random/1496.pt
2993,2993,coco_POPE_random,coco_POPE_random,0,1,"No,",yes,1.71875,0.7581018518518519,11.9375,5.240550582840272,28,1,/mnt/data/ssz/mr/results/Qwen2.5-VL/pope/evo/analysis/coco_POPE_random/2993.pt
2248,2248,coco_POPE_random,coco_POPE_random,1,0,"No,",no,1.7265625,0.7379918981481481,11.9375,5.200116378642621,28,1,/mnt/data/ssz/mr/results/Qwen2.5-VL/pope/evo/analysis/coco_POPE_random/2248.pt
1497,1497,coco_POPE_random,coco_POPE_random,1,0,"Yes,",yes,1.71875,0.7536168981481481,11.9375,4.9363792224115794,28,1,/mnt/data/ssz/mr/results/Qwen2.5-VL/pope/evo/analysis/coco_POPE_random/1497.pt
2994,2994,coco_POPE_random,coco_POPE_random,1,0,"No,",no,1.71875,0.7581018518518519,11.9375,5.195923421048881,28,1,/mnt/data/ssz/mr/results/Qwen2.5-VL/pope/evo/analysis/coco_POPE_random/2994.pt
2249,2249,coco_POPE_random,coco_POPE_random,0,1,"No,",yes,1.7265625,0.7385706018518519,11.9375,5.246442167724663,28,1,/mnt/data/ssz/mr/results/Qwen2.5-VL/pope/evo/analysis/coco_POPE_random/2249.pt
1498,1498,coco_POPE_random,coco_POPE_random,1,0,"No,",no,1.71875,0.7536168981481481,11.9375,5.278009619673459,28,1,/mnt/data/ssz/mr/results/Qwen2.5-VL/pope/evo/analysis/coco_POPE_random/1498.pt
2995,2995,coco_POPE_random,coco_POPE_random,1,0,"Yes,",yes,1.71875,0.7455150462962963,11.9375,4.747976316191665,28,1,/mnt/data/ssz/mr/results/Qwen2.5-VL/pope/evo/analysis/coco_POPE_random/2995.pt
2250,2250,coco_POPE_random,coco_POPE_random,1,0,"No,",no,1.7265625,0.7379918981481481,11.9375,5.273582403023942,28,1,/mnt/data/ssz/mr/results/Qwen2.5-VL/pope/evo/analysis/coco_POPE_random/2250.pt
1499,1499,coco_POPE_random,coco_POPE_random,0,1,"No,",yes,1.71875,0.7536168981481481,11.9375,5.200416774848274,28,1,/mnt/data/ssz/mr/results/Qwen2.5-VL/pope/evo/analysis/coco_POPE_random/1499.pt
2996,2996,coco_POPE_random,coco_POPE_random,1,0,"No,",no,1.71875,0.7462384259259259,11.9375,5.265865098998519,28,1,/mnt/data/ssz/mr/results/Qwen2.5-VL/pope/evo/analysis/coco_POPE_random/2996.pt
1500,1500,coco_POPE_random,coco_POPE_random,1,0,"No,",no,1.71875,0.7536168981481481,11.9375,5.264278996613312,28,1,/mnt/data/ssz/mr/results/Qwen2.5-VL/pope/evo/analysis/coco_POPE_random/1500.pt
2997,2997,coco_POPE_random,coco_POPE_random,0,1,"No,",yes,1.71875,0.7455150462962963,11.9375,5.224913041805599,28,1,/mnt/data/ssz/mr/results/Qwen2.5-VL/pope/evo/analysis/coco_POPE_random/2997.pt
2998,2998,coco_POPE_random,coco_POPE_random,1,0,"No,",no,1.71875,0.7455150462962963,11.9375,5.369054342124747,28,1,/mnt/data/ssz/mr/results/Qwen2.5-VL/pope/evo/analysis/coco_POPE_random/2998.pt
2999,2999,coco_POPE_random,coco_POPE_random,1,0,"Yes,",yes,1.71875,0.7455150462962963,11.9375,4.856569925416847,28,1,/mnt/data/ssz/mr/results/Qwen2.5-VL/pope/evo/analysis/coco_POPE_random/2999.pt
3000,3000,coco_POPE_random,coco_POPE_random,1,0,"No,",no,1.71875,0.7455150462962963,11.9375,5.293123634276941,28,1,/mnt/data/ssz/mr/results/Qwen2.5-VL/pope/evo/analysis/coco_POPE_random/3000.pt
